patent_type,composition_subtype,cmc_subtype,clinical_indications,clinical_population,reasoning_short,lens_id,error
CMC,,Process/Scale-Up,[],[],"The patent's broadest independent claim focuses on methods for producing a compound, CL2A-SN-38, with specific reaction conditions and optimizations for large-scale manufacturing. This indicates a focus on manufacturing optimization and yield improvement, classifying it under 'Process/Scale-Up' in the CMC category.",001-164-692-658-169,
Composition,Unconjugated Antibody,,[],[],"The patent claims a multivalent antibody with specific binding sites, focusing on the structure and binding characteristics of the antibody itself. There is no mention of a linker or payload, indicating it is an unconjugated antibody composition.",039-300-232-515-637,
Composition,Full ADC,,[],[],"The primary claim is directed to an antibody-drug conjugate (ADC) with a specified antibody, linker, and payload, which classifies it as a 'Full ADC' under the composition category. The method of treatment claim is not the broadest claim, so it does not determine the primary classification.",094-825-731-979-424,
Clinical,,,['proliferative disease'],[],The primary claim is directed towards a method of treating a mammal with a proliferative disease using a specific conjugate. This indicates a focus on clinical application rather than the composition of the conjugate itself.,165-451-121-516-190,
Composition,Full ADC,,[],[],"The patent's broadest independent claim is directed to a Ligand Drug Conjugate (LDC) compound, which includes an antibody (Ligand Unit), a linker, and a payload (Drug Unit). This indicates a full ADC composition, as all three components are specified in the claims.",064-424-066-709-583,
Clinical,,,['cancer'],[],"The primary focus of the patent is on a method of treating cancer by using an ADC, as indicated by the broadest independent claim. The claims detail the process of producing and using the ADC to target cancer cells, classifying it under clinical use.",135-017-760-816-800,
Composition,Full ADC,,[],[],"The primary claim of the patent is directed towards an antibody-drug conjugate (ADC) that specifies the antibody, linker, and payload components. This indicates a 'Full ADC' composition subtype as all three components are defined in the claims.",186-558-921-944-814,
Composition,,Formulation/Stability,[],[],"The primary focus of the claims is on a pharmaceutical composition comprising a specific formulation of the compound of Formula (I) in a softgel capsule. This indicates a focus on formulation and stability aspects, classifying it under CMC with a subtype of Formulation/Stability.",075-145-950-118-300,
Clinical,,,"['cancer', 'adrenocortical cancer', 'anal cancer', 'cholangiocarcinoma', 'bladder cancer', 'bone cancer', 'bone metastasis cancer', 'adult brain/central nervous system tumor', 'childhood brain/central nervous system tumor', 'breast cancer', 'male breast cancer', 'childhood cancer', 'primary cancer unknown cancer', 'Castleman disease', 'Merkel cell carcinoma', 'cervical cancer', 'colon cancer', 'colorectal cancer', 'endometrial cancer', 'esophageal cancer', ""Ewing's sarcoma family tumor"", 'eye cancer', 'gallbladder cancer', 'digestive tract cancer', 'gastrointestinal stromal tumor', 'trophoblastic cancer', 'head and neck cancer', ""Kaposi's sarcoma"", 'renal cancer', 'renal cell cancer', 'laryngeal and hypopharyngeal cancer', 'leukemia', 'liver cancer', 'lung cancer', 'lymphoma', 'cutaneous lymphoma', 'malignant mesothelioma', 'multiple myeloma', 'myelodysplastic syndrome', 'nasal and nasalsinus cancer', 'nasopharyngeal cancer', 'neuroblastoma', ""Hodgkin's lymphoma"", ""non-Hodgkin's lymphoma"", ""childhood non-Hodgkin's lymphoma"", 'oral and oropharyngeal cancer', 'osteosarcoma', 'ovarian cancer', 'pancreatic cancer', 'penile cancer', 'malignant pituitary tumor', 'prostate cancer', 'retinoblastoma', 'rhabdomyosarcoma', 'salivary gland cancer', 'sarcoma', 'skin cancer', 'small intestinal cancer', 'testicular cancer', 'thymic cancer', 'thyroid cancer', 'vaginal cancer', 'vulvar cancer', 'Waldenstrom macroglobulinemia', 'Wilms tumor', 'urothelial cancer', 'microsatellite instability solid tumor', 'choriocarcinoma']","['refractory cancer', 'recurrent cancer', 'resistant cancer']","The patent's broadest independent claim is directed to a method of treating cancer using a combination of an IAP inhibitor, an immune checkpoint modulator, and optionally a tubulin inhibitor. This indicates a focus on clinical applications, specifically combination therapies for various cancer types and patient populations.",029-613-240-920-346,
Composition,Full ADC,,[],[],"The patent claims a conjugate represented by a specific formula, which includes a targeting moiety, linker, and bioactive molecule, indicating a full ADC construct. The claims focus on the composition of the ADC rather than methods of treatment or manufacturing processes.",040-122-149-214-59X,
Composition,Full ADC,,[],[],"The primary claim is directed to a compound that includes a maytansinoid derivative linked to an antigen binding unit, which constitutes a full ADC. The claims specify the structure of the linker, payload, and antibody, indicating a complete ADC construct.",079-324-326-110-937,
CMC,,Formulation/Stability,[],[],"The patent's primary focus is on the formulation of the FL118 compound with cyclodextrins and various solvents, which falls under formulation and stability aspects of CMC. The claims detail the composition and preparation of the formulation rather than treatment methods or clinical applications.",106-587-702-968-526,
Composition,Conjugated Antibody,,[],[],"The primary focus of the patent is on a complex where an anti-cotinine antibody is bound to a conjugate of cotinine and a binding material. The claims primarily describe the composition of this complex, with the antibody being a specified component, while the binding material is broadly defined.",107-703-317-876-109,
Composition,Conjugated Antibody,,[],[],"The primary claim focuses on a specific binding member (antibody) that binds to EGFR, with potential conjugation to various agents. The claims detail the structure of the antibody, making it a 'Conjugated Antibody' as the linker and payload are broadly defined.",152-059-136-452-443,
Composition,Unconjugated Payload,,[],[],"The primary focus of the patent is on compositions comprising a DNA demethylating agent and specific benzamide compounds. The claims detail the chemical structure of these compounds, indicating that the patent is primarily about the composition of these unconjugated payloads rather than their clinical application or manufacturing process.",011-388-852-098-320,
Composition,Unconjugated Payload,,[],[],"The primary focus of the claims is on novel benzodiazepine derivatives, which are payloads with antiproliferative activity. The claims do not specify a complete ADC construct, but rather the payload component itself.",032-455-867-002-052,
Composition,Full ADC,,[],[],"The primary claim of the patent is directed towards an antibody-drug conjugate (ADC) of a specific formula, which includes an antibody, a linker, and a splicing modulator payload. This indicates a 'Full ADC' composition subtype as all three components are specified in the claims.",139-361-532-934-31X,
Clinical,,,['cancer'],[],"The primary focus of the patent is on methods of treatment using natural killer cells and antibody-recruiting molecules, specifically for conditions like cancer. The claims are centered around therapeutic methods rather than the composition of the molecules themselves.",168-351-691-230-523,
Composition,Full ADC,,[],[],"The patent primarily claims a ligand drug conjugate of formula XV, which includes a targeting moiety (antibody), a linker, and a bioactive molecule (payload). This indicates a full ADC composition as the main inventive concept.",159-685-043-084-12X,
Composition,,,[],[],"The primary focus of the patent is on a liposomal composition containing alpha polyglutamated pralatrexate. The claims are centered around the composition itself, rather than specific methods of treatment or manufacturing processes.",012-610-528-009-526,
Composition,Conjugated Antibody,,[],[],"The primary focus of the patent is on the conjugate structure involving an anti-CD22 antibody with a maytansine payload. The claims detail the specific modifications to the antibody, indicating that the antibody is the most defined component, while the linker and payload are broadly defined.",093-295-273-454-628,
Composition,Conjugated Payload,,[],[],"The primary focus of the patent is on cytotoxic benzodiazepine derivatives and their conjugates with cell-binding agents, which indicates a focus on the payload component of an ADC. The claims detail the structure of the cytotoxic compound and its conjugation to a cell-binding agent, but do not specify the antibody or linker in detail.",116-872-710-656-827,
Clinical,,,['cancer'],[],"The patent's broadest independent claim focuses on a method of treating cancer using a combination of therapies, including an immune modulator and engineered cells. This indicates a primary focus on clinical applications rather than composition or manufacturing aspects.",129-506-605-984-660,
Clinical,,,"['lung cancer', 'urothelial cancer', 'colorectal cancer', 'prostate cancer', 'ovarian cancer', 'pancreatic cancer', 'breast cancer', 'bladder cancer', 'gastric cancer', 'gastrointestinal stromal tumor', 'uterine cervix cancer', 'esophageal cancer', 'squamous cell carcinoma', 'peritoneal cancer', 'liver cancer', 'hepatocellular cancer', 'colon cancer', 'rectal cancer', 'endometrial cancer', 'uterine cancer', 'salivary gland cancer', 'kidney cancer', 'vulval cancer', 'thyroid cancer', 'penis cancer', 'leukemia', 'malignant lymphoma', 'plasmacytoma', 'myeloma', 'sarcoma']",[],"The patent's broadest independent claim is directed towards a method of treating cancer using an anti-HER2 antibody-drug conjugate. It specifies various cancer types as indications, making it primarily a clinical patent.",178-966-101-043-896,
Composition,Full ADC,,[],[],"The primary focus of the patent is on the composition of an antibody-drug conjugate (ADC) that includes a specific antibody, linker, and payload. The claims detail the structure of the ADC, making it a 'Full ADC' composition subtype.",040-070-331-678-815,
Composition,Conjugated Linker,,[],[],"The patent primarily claims a disaccharide linker and its use in forming antibody-drug conjugates. The focus is on the linker structure and its conjugation to antibodies, with the payloads being broadly defined, indicating a 'Conjugated Linker' subtype.",191-512-782-583-533,
Composition,Conjugated Payload,,[],[],"The primary claim of the patent is directed towards a ligand-drug conjugate with a specified payload structure, focusing on the exatecan analogue. The antibody and linker components are broadly defined, making the composition subtype 'Conjugated Payload'.",045-874-388-992-261,
Composition,Full ADC,,[],[],"The primary claim of the patent is directed towards an antibody-drug conjugate (ADC) comprising an antibody capable of binding to human B7H3 and a cytotoxic agent. This indicates a 'Full ADC' composition as it specifies the antibody, linker, and payload components.",056-606-472-237-507,
Composition,Full ADC,,[],[],"The primary claim of the patent is directed towards a conjugate of an antibody with a specific drug molecule, which includes an anti-CD123 antibody, a linker, and a KSP inhibitor payload. This indicates a 'Full ADC' composition subtype as it specifies all three components: antibody, linker, and payload.",018-400-967-156-379,
Composition,Full ADC,,[],[],"The primary focus of the patent is on the drug conjugate of Formula I, which includes an antibody, linker, and payload, fitting the definition of a full ADC. The claims detail the structure of the conjugate, indicating a composition patent type with a full ADC subtype.",132-370-947-693-650,
Composition,Full ADC,,[],[],"The primary claim of the patent is directed towards an antibody-drug conjugate (ADC) represented by formula I, which specifies the antibody, linker, and payload components. This indicates a 'Full ADC' composition subtype as all three components are defined in the claims.",186-065-986-278-175,
Clinical,,,"['breast cancer', 'carcinoid cancer', 'cervical cancer', 'colorectal cancer', 'endometrial cancer', 'glioma', 'head and neck cancer', 'liver cancer', 'lung cancer', 'melanoma', 'ovarian cancer', 'pancreatic cancer', 'prostate cancer', 'renal cancer', 'gastric cancer', 'thyroid cancer', 'urothelial cancer', 'solid tumor']",[],"The primary focus of the patent is on a method of treating cancer using a combination of an A2A inhibitor and a checkpoint inhibitor, which classifies it under 'Clinical'. The claims specify various cancer types as indications for treatment.",067-509-241-872-735,
Composition,Conjugated Linker,,[],[],"The primary claim of the patent is directed towards a compound of Formula (I), which includes a divalent linker. The claims focus on the chemical structure of the linker, with the antibody and payload being broadly defined, classifying it as a 'Conjugated Linker'.",031-585-595-777-709,
Composition,Unconjugated Antibody,,[],[],"The primary focus of the claims is on isolated nucleic acids encoding specific anti-IGF-1R antibodies, which are intermediates for antibody production. There are no claims directed to a method of treatment or a full ADC construct.",005-927-242-002-144,
Composition,Full ADC,,[],[],"The primary claim of the patent is directed towards a ligand-drug conjugate with a specific structure, which includes a ligand, linker, and drug unit. This indicates a full ADC composition as all three components are specified in the claims.",003-991-167-855-385,
Clinical,,,['small cell lung cancer'],"['metastatic SCLC', 'first-line therapy', 'second-line or later therapy', 'refractory or relapsed from irinotecan or topotecan']","The patent's primary focus is on a method of treating small cell lung cancer using an ADC targeting Trop-2. The claims detail specific treatment regimens, patient populations, and combination therapies, indicating a clinical focus.",013-003-881-661-920,
Clinical,,,['breast cancer'],['metastatic'],"The patent's broadest independent claim focuses on a method of treating breast cancer using a transdermal formulation. The claims detail the treatment of metastatic breast cancer, indicating a clinical focus.",001-636-915-618-993,
Composition,Full ADC,,[],[],"The primary focus of the patent is on the composition of antibody-drug conjugates (ADCs) that include a specific anti-CD22 antibody, linker, and payload. The claims detail the structure and components of the ADC, classifying it as a 'Full ADC' under composition claims.",042-184-371-832-31X,
Clinical,,,['colorectal cancer'],"['relapsed or refractory', 'metastatic']","The primary focus of the patent is on a method of treating relapsed or refractory colorectal cancer using an immunoconjugate. The claims detail specific dosing regimens and patient populations, indicating a clinical application rather than a composition or manufacturing process.",047-356-504-792-64X,
CMC,,Formulation/Stability,[],[],"The primary focus of the patent is on the method of preparing an adalimumab formulation with specific characteristics, particularly related to cathepsin L activity. This indicates a focus on formulation and stability aspects of the drug product.",047-136-605-890-658,
CMC,,Formulation/Stability,[],[],"The patent primarily claims a lyophilized formulation of a specific compound, focusing on the composition of the formulation, including buffers and bulking agents. This indicates a focus on formulation and stability aspects, classifying it under CMC with a subtype of Formulation/Stability.",044-550-013-013-189,
Composition,Full ADC,,[],[],"The primary claim of the patent is directed towards an antibody-drug conjugate (ADC) that includes a modified antibody, a linker, and a drug payload. This indicates a 'Full ADC' composition as all three components are specified in the claims.",015-287-030-286-851,
Composition,Conjugated Antibody,,[],[],"The patent primarily claims a phototoxic pharmaceutical composition comprising an IR700 molecule conjugated to a specific antibody, pertuzumab. The focus is on the conjugated antibody, as the payload (IR700) is specified, but the linker is not detailed, fitting the 'Conjugated Antibody' subtype.",022-405-589-002-854,
Composition,Conjugated Payload,,[],[],"The primary focus of the patent is on a modified mitochondrion comprising an anticancer agent, which is a type of payload. The claims emphasize the composition of the mitochondrion with the anticancer agent, making it a 'Conjugated Payload' under the composition category.",022-153-350-704-661,
Composition,Conjugated Antibody,,[],[],"The patent primarily claims a composition involving a non-covalent complex of a 3E10 antibody or its fragment with an mRNA. The focus is on the antibody component, making it a 'Conjugated Antibody' subtype, as the payload (mRNA) is broadly defined.",018-388-239-013-661,
Composition,Full ADC,,[],[],"The primary claim of the patent is directed towards a compound of Formula (II), which specifies an antibody-drug conjugate (ADC) with defined antibody, linker, and payload components. This indicates a 'Full ADC' composition subtype as all three components are specified.",040-216-635-368-073,
Composition,Unconjugated Antibody,,[],[],"The primary focus of the patent is on the antibody that specifically binds to claudin 18A2, as evidenced by the broadest independent claim. The claims detail the sequences and characteristics of the antibody, classifying it as an unconjugated antibody composition.",050-728-509-862-70X,
Composition,Unconjugated Antibody,,[],[],"The broadest independent claim is directed to an anti-LY6H antibody, which is an unconjugated antibody. Although there are method-of-treatment claims, the primary inventive concept is the antibody itself.",065-446-278-530-060,
Clinical,,,"['FOLR1-expressing cancer', 'ovarian cancer', 'cancer of the peritoneum']","['platinum resistant', 'relapsed', 'refractory']","The patent primarily claims methods of treatment using an anti-FOLR1 immunoconjugate, focusing on dosing regimens and specific cancer indications. The broadest independent claims are directed towards clinical applications rather than the composition of the ADC itself.",053-345-036-289-042,
Composition,Unconjugated Antibody,,[],[],"The primary focus of the patent is on a pharmaceutical composition comprising an anti-CD38 antibody and hyaluronidase. The claims detail the specific sequences and formulation components, indicating it is an unconjugated antibody composition rather than a method of treatment or CMC-related invention.",060-037-976-715-880,
Clinical,,,"['lung cancer', 'non-small cell lung cancer (NSCLC)']","['EGFR and HER2 expressing', 'refractory to chemotherapy', 'metastatic', 'poor-risk stage II or stage III']","The patent's broadest independent claim focuses on a method of treating lung tumors expressing EGFR and HER2 using a combination of HER2-dimerization inhibitors and EGFR inhibitors. The claims detail specific patient populations and treatment scenarios, indicating a clinical focus.",087-106-345-784-376,
Composition,Unconjugated Linker,,[],[],"The patent claims a core construct that serves as a linker intermediate, which can be conjugated with various functional elements. The claims focus on the structure and components of the core construct, without specifying a complete ADC or therapeutic use.",082-138-874-995-835,
Composition,Conjugated Antibody,,[],[],"The primary claim is directed to a lyophilized nanoparticle composition comprising antibodies, paclitaxel, and albumin. The composition specifies antibodies but does not detail the linker or payload, classifying it as a 'Conjugated Antibody' subtype.",061-514-222-611-810,
Composition,Unconjugated Antibody,,[],[],"The primary focus of the patent is on polypeptides that bind to LRP5, specifically immunoglobulin single variable domains (ISVDs). These are described in detail, indicating that the invention is centered around the composition of these unconjugated antibody constructs.",065-857-609-188-156,
Composition,Conjugated Antibody,,[],[],"The primary focus of the patent is on a drug delivery nanoparticle composition that includes an Fn14 targeting moiety, specifically an anti-Fn14 antibody or its fragments. The claims primarily describe the composition of the nanoparticle, making it a 'Composition' patent with a 'Conjugated Antibody' subtype.",069-121-664-813-894,
Composition,Conjugated Payload,,[],[],"The primary focus of the patent is on the composition of an immunostimulatory nanoparticle, specifically a TLR agonist conjugated to a polymer. The claims detail the structure and components of the nanoparticle, indicating a 'Conjugated Payload' subtype as the TLR agonist is the specified payload.",069-089-711-105-886,
Composition,Conjugated Antibody,,[],[],"The patent primarily claims fibroblast binding agents targeting fibroblast activation protein (FAP), which are specified in detail, including their complementarity determining regions (CDRs). The claims focus on the composition of these binding agents, making it a 'Conjugated Antibody' subtype.",071-543-401-882-478,
Clinical,,,['cancer characterized by cancer cells expressing CLDN6'],"['cancer resistant to chemotherapy', 'cancer resistant to paclitaxel monotherapy']","The patent's broadest independent claims focus on methods of treating cancer by administering an anti-CLDN6 antibody in combination with chemotherapeutic agents. The claims specify treatment of cancers expressing CLDN6, including those resistant to certain chemotherapies.",068-055-035-665-113,
Clinical,,,"['bladder cancer', 'breast cancer', 'non-small cell lung cancer', 'colorectal cancer', 'renal cell carcinoma', 'hepatocellular carcinoma', 'melanoma']","['advanced RCC', 'metastatic RCC', 'advanced melanoma', 'metastatic melanoma']","The patent's broadest independent claim is directed towards a method of treating cancer using a combination of specific antagonists and lenvatinib. The focus is on treatment methods and specific cancer indications, classifying it as a 'Clinical' patent.",072-164-950-801-817,
Composition,Unconjugated Antibody,,[],[],"The claims focus on an anti-CD25 antibody with specific sequences and modifications, without detailing the conjugation to a payload or linker. Therefore, it is classified as an 'Unconjugated Antibody'.",073-729-770-707-235,
Clinical,,,"['acute lymphoblastic leukemia', 'acute myelogenous leukemia', 'biliary cancer', 'B-cell leukemia', 'B-cell lymphoma', 'bone cancer', 'brain cancer', 'breast cancer', 'cervical cancer', 'chronic lymphocytic leukemia', 'chronic myelogenous leukemia', 'colorectal cancer', 'endometrial cancer', 'esophageal cancer', 'gastric cancer', 'hairy cell leukemia', 'head and neck cancer', ""Hodgkin's lymphoma"", 'liver cancer', 'lung cancer', 'medullary thyroid cancer', 'multiple myeloma', 'ovarian cancer', ""non-Hodgkin's lymphoma"", 'pancreatic cancer', 'prostate cancer', 'renal cancer', 'sarcoma', 'skin cancer', 'testicular cancer', 'urothelial cancer']",[],"The broadest independent claim is a method of treating cancer using an anti-PD-1 antibody, indicating a focus on clinical applications. The claims specify various cancer types as indications for treatment.",085-753-012-966-209,
Clinical,,,"['autoimmune disorder', 'cancer', 'viral infection', 'bacterial infection', 'fungal infection', 'parasitic infection']",[],The broadest independent claim is a method of treating various diseases using an antibody-drug conjugate. This indicates the patent's primary focus is on clinical applications rather than the composition or manufacturing of the ADC.,099-619-707-473-137,
Composition,Conjugated Antibody,,[],[],"The primary focus of the patent is on a bispecific antibody that binds to HER2 and CD3, with detailed claims on the antibody's structure and sequence. There are no claims specifying a linker or payload, indicating the patent is centered on the antibody component of a potential ADC.",107-441-200-646-417,
Clinical,,,"['cancer', 'solid tumor', 'hematologic malignancy', 'bladder cancer', 'breast cancer', 'colorectal cancer', 'endometrial cancer', 'esophageal cancer', 'glioblastoma multiforme', 'head and neck cancer', 'kidney cancer', 'lung cancer', 'ovarian cancer', 'pancreatic cancer', 'prostate cancer', 'thyroid cancer', 'skin cancer', 'acute myeloid leukemia', 'CLL', 'DLBCL', 'multiple myeloma']",[],"The primary claim is a method for treating cancer using a specific composition, making the patent type 'Clinical'. The claims specify various cancer types as indications for treatment.",111-070-242-841-442,
Composition,Conjugated Antibody,,[],[],"The broadest independent claim is directed to an antibody that specifically binds to GPC3, with subsequent claims detailing its conjugation to cytotoxic agents. The focus is on the antibody itself, with the conjugation aspect being secondary, classifying it as a 'Conjugated Antibody'.",116-679-293-113-404,
Clinical,,,"['lymphoma', 'non-Hodgkins lymphoma', 'aggressive NHL', 'relapsed aggressive NHL', 'relapsed indolent NHL', 'refractory NHL', 'refractory indolent NHL', 'chronic lymphocytic leukemia', 'small lymphocytic lymphoma', 'leukemia', 'hairy cell leukemia', 'acute lymphocytic leukemia', 'mantle cell lymphoma']",[],"The patent's broadest independent claims focus on methods of treating cancer using anti-CD79b antibodies, including ADCs. The claims specify various hematological cancers, indicating a clinical focus.",112-297-429-248-457,
Composition,,,[],[],"The primary focus of the patent is on a nanoparticle composition comprising nucleoside-modified mRNA, a lipid component, and an α-GalCer compound. The broadest independent claim is directed to the composition of the nanoparticle itself, making it a 'Composition' patent.",127-940-157-394-147,
Clinical,,,"['breast cancer', 'B-cell disorder', 'EGFR-expressing metastatic colorectal carcinoma', 'EGFR-expressing head and neck cancer', 'KRAS mutant cancer']","['subjects with FcγR polymorphism', 'subjects with KRAS mutation', 'subjects unresponsive to therapeutic antibody treatment', 'subjects with impaired ADCC function']",The primary focus of the patent is on methods of treatment using therapeutic monoclonal antibodies in combination with an ADCC enhancer molecule. The claims are centered around increasing ADCC and clinical effectiveness in specific patient populations and disease indications.,130-418-204-880-612,
Composition,,,[],[],The patent primarily claims a composition involving killed bacterial cells containing functional nucleic acids and bispecific ligands for targeted delivery. The focus is on the composition itself rather than a specific method of treatment or manufacturing process.,120-824-529-557-523,
Composition,Full ADC,,[],[],"The patent's broadest independent claims focus on compounds that include an antibody, linker, and payload, which classifies it as a 'Full ADC'. The claims detail the structure and components of the ADC, including specific recognition sequences and payload options.",137-296-639-298-834,
Composition,Full ADC,,[],[],"The patent's broadest independent claim is directed to an antibody-drug conjugate (ADC) comprising a therapeutic agent covalently conjugated to an antibody or antigen-binding fragment that binds SSEA-4. This indicates a 'Full ADC' composition as it specifies the antibody, linker, and payload components.",134-190-910-290-131,
Composition,Full ADC,,[],[],"The patent's broadest independent claim is directed to an antibody-drug conjugate (ADC) comprising a specific antibody, linker, and payload. This indicates a 'Full ADC' composition subtype as it specifies all three components of the ADC construct.",140-471-414-302-066,
Composition,Conjugated Antibody,,[],[],"The patent's broadest independent claim focuses on antibodies or antigen-binding fragments that bind to CD123, which are specified in detail. The claims also include immunoconjugates, but the primary inventive concept is the specific antibody binding to CD123, making it a 'Conjugated Antibody' subtype.",143-244-898-006-616,
Composition,Dual Combination,,[],[],"The patent primarily claims small-molecule immune agonists and immune-targeted compounds formed by conjugating these agonists with targeted drugs or antibodies. The claims focus on the composition of these conjugated compounds, specifying both the small-molecule agonists and the targeted drugs or antibodies, fitting the 'Dual Combination' subtype.",129-641-850-758-132,
Composition,Conjugated Antibody,,[],[],"The primary claim is directed to a polypeptide-albumin nanoparticle complex with a polypeptide having VEGF binding specificity, which is a characteristic of an antibody. The claims focus on the composition of the complex, specifically the antibody component, rather than a full ADC construct.",129-960-712-673-278,
Clinical,,,['stage III-IV ovarian cancer'],"['BRCA-wild type', 'platinum-sensitive', 'recurrent']","The patent's primary focus is on a method of treatment involving a specific combination of chemotherapeutic agents and monoclonal antibodies for stage III-IV ovarian cancer. The claims detail a dosing regimen and patient population, indicating a clinical focus.",134-115-117-065-908,
Composition,Unconjugated Antibody,,[],[],"The broadest independent claim is directed to a nucleic acid encoding a chimeric antigen receptor (CAR) with an anti-fluorescein scFv, which is an unconjugated antibody intermediate. The claims focus on the genetic and cellular components rather than a method of treatment or a full ADC composition.",178-296-017-814-774,
Composition,Conjugated Antibody,,[],[],"The primary claim of the patent is directed towards an immune agonist complex consisting of a natural immune agonist and a targeted liposome, where the targeting is achieved using a nanobody. This indicates a focus on the conjugated antibody aspect, as the nanobody is specified while the other components are broadly defined.",146-059-244-678-952,
Composition,Conjugated Antibody,,[],[],"The primary focus of the patent is on antibodies that bind to the KIT antigen, with claims directed to the antibody itself and its conjugation to agents like toxins. The broadest independent claim is for the isolated antibody, making it a 'Conjugated Antibody' under the composition category.",140-272-188-599-065,
Composition,Unconjugated Payload,,[],[],"The patent primarily claims a crystalline form of a specific chemical compound, AL3818, which is an unconjugated payload. The claims focus on the composition of this compound and its crystalline forms, rather than on methods of treatment or manufacturing processes.",163-105-265-282-405,
Composition,Full ADC,,[],[],"The primary claim is directed to a conjugate comprising a specific antibody that binds to CD19, linked to a pyrrolobenzodiazepine (PBD) dimer, which constitutes a full ADC. The method-of-treatment claims are dependent on the composition claims, making the composition the broadest independent claim.",139-535-353-853-802,
Composition,Full ADC,,[],[],"The primary claim is directed to a compound of formula (I), which specifies an antibody (anti-CCR2), a linker, and a payload (STING modulator), indicating a full ADC composition. The method claims are secondary to the composition claims.",172-085-990-068-621,
CMC,,Conjugation Method,[],[],"The primary focus of the patent is on methods for producing re-oxidized antibodies and antibody drug conjugates, which involves specific steps of reduction and oxidation. This indicates a focus on the conjugation process, classifying it under 'Conjugation Method' within CMC.",166-251-041-006-051,
Composition,Full ADC,,[],[],"The patent's broadest independent claim is directed to an antibody-drug conjugate (ADC) comprising a specific anti-GPR20 antibody and a drug-linker structure. This indicates the primary focus is on the full ADC composition, including the antibody, linker, and payload components.",185-742-808-084-860,
Composition,Unconjugated Antibody,,[],[],"The primary focus of the patent is on a novel masked antibody molecule that binds to a target antigen, with claims detailing its structure and components. The claims do not specify a complete ADC construct, but rather focus on the antibody component, making it an unconjugated antibody composition.",191-775-706-620-288,
Composition,Full ADC,,[],[],"The patent's broadest independent claims focus on the composition of activatable antibodies and conjugated activatable antibodies targeting CD166, which include an antibody, a masking moiety, a cleavable moiety, and a conjugated agent. This indicates a 'Full ADC' composition subtype as it specifies all three components: antibody, linker, and payload.",160-963-639-940-188,
Composition,Full ADC,,[],[],"The primary claim of the patent is directed towards an antibody-drug conjugate (ADC) that includes a specific antibody, linker, and drug moiety. This indicates a 'Full ADC' composition subtype as all three components are specified in the claims.",172-863-076-640-866,
Composition,,,[],[],"The primary focus of the patent is on the engineered vaccinia virus, which is a composition of matter. The claims detail the structure and components of the virus, including mutated and heterologous sequences, making it a composition patent.",168-368-059-224-278,
Composition,Conjugated Antibody,,[],[],"The primary claim focuses on a composition comprising albumin-containing nanoparticles complexed with specific humanized antibodies. The antibodies are specified, but the linker and payload are not, classifying it as a 'Conjugated Antibody' subtype.",190-220-156-727-738,
Composition,Conjugated Payload,,[],[],"The primary focus of the patent is on nucleic acid molecules encoding random coil polypeptides that can be conjugated to drugs, including small molecule drugs and biologically active proteins. The claims emphasize the composition of these conjugates, particularly the payload aspect, rather than specific methods of treatment or manufacturing processes.",184-816-667-112-022,
Composition,Conjugated Antibody,,[],[],"The patent's broadest independent claim is directed to an isolated antibody, which can be conjugated to a cytotoxic agent. The claims specify the antibody sequences and mention conjugation to agents, but do not detail the linker or payload, classifying it as a 'Conjugated Antibody'.",189-233-064-695-73X,
Clinical,,,"['acute lymphoblastic leukemia', 'acute myelogenous leukemia', 'chronic lymphocytic leukemia', 'small lymphocytic lymphoma', 'chronic myelogenous leukemia', 'acute monocytic leukemia', ""Hodgkin's lymphomas"", ""Non-Hodgkin's lymphomas"", ""Burkitt's lymphoma"", 'diffuse large B-cell lymphoma', 'Mantle cell lymphoma', 'multiple myeloma', 'prostate cancer', 'breast cancer', 'brain cancer', 'kidney cancer', 'lung cancer', 'colon cancer', 'bladder cancer', 'skin cancer', 'thyroid cancer', 'ovary tumors', 'mesothelioma']",[],"The primary focus of the patent is on a method of treating various malignancies using an immunoconjugate, which classifies it under 'Clinical'. The claims specify a wide range of hematological and epithelial malignancies as treatment indications.",198-285-438-051-914,
Composition,Unconjugated Antibody,,[],[],"The claims focus on isolated polynucleotides encoding specific antibody variable domains, which are intermediates for producing antibodies. There are no claims directed to a full ADC or specific conjugation components, making it an 'Unconjugated Antibody' composition.",199-323-715-704-110,
Composition,Conjugated Antibody,,[],[],"The primary focus of the patent is on the composition of a conjugate involving a biomolecule, specifically an antibody with a cleavable linker and functional moieties. The claims detail the structure and components of the conjugate, with emphasis on the antibody and its modifications, fitting the 'Conjugated Antibody' subtype.",148-515-645-112-879,
Composition,Conjugated Payload,,[],[],"The patent primarily claims compounds with a specific structure where the payload is defined, but the targeting moiety is a polypeptide or hormone, not an antibody. The focus is on the conjugated payload, making it a 'Conjugated Payload' subtype.",182-312-373-752-524,
Composition,Conjugated Payload,,[],[],"The primary focus of the patent is on a dendrimer composition that includes a camptothecin active as a payload. The claims detail the structure of the dendrimer and its components, with specific emphasis on the payload, making it a 'Conjugated Payload' subtype.",131-116-703-254-512,
Composition,Conjugated Antibody,,[],[],"The primary focus of the patent is on a composition comprising a CD38-binding fusion protein, which includes an anti-CD38 antibody fused to an attenuated interferon alpha-2b. The claims detail the specific sequences and components of the fusion protein, indicating a focus on the antibody component of the ADC.",198-989-501-679-591,
Composition,Full ADC,,[],[],"The patent claims a compound that includes an antibody, a linker, and a payload, which classifies it as a 'Full ADC'. The primary focus is on the composition of the antibody-drug conjugate rather than its clinical application or manufacturing process.",002-788-259-135-676,
Composition,Full ADC,,[],[],"The patent's broadest independent claim is for an antibody-drug conjugate comprising an anti-Claudin 6 monoclonal antibody, a linking structure, and a drug. This indicates a 'Full ADC' composition as it specifies all three components: antibody, linker, and payload.",193-043-611-661-14X,
Composition,Full ADC,,[],[],"The primary claim of the patent is directed towards an antibody-drug conjugate (ADC) that specifies the antibody, linker, and payload components. This indicates a 'Full ADC' composition subtype as it encompasses all three essential components of an ADC.",010-952-565-564-016,
Composition,Full ADC,,[],[],"The primary claim is directed to a conjugate comprising an antibody capable of binding to MUC1, a linker, and a cytotoxic agent, which classifies it as a 'Full ADC'. The claims focus on the specific structure and components of the ADC rather than methods of treatment or manufacturing processes.",189-353-655-579-550,
Composition,Unconjugated Antibody,,[],[],"The primary focus of the patent is on isolated antibodies that bind to ICOS, with detailed claims on the antibody sequences and structures. Although there are method-of-treatment claims, the broadest independent claims are directed towards the composition of the antibodies themselves, classifying it as an 'Unconjugated Antibody'.",164-003-353-468-153,
Composition,Full ADC,,[],[],"The patent claims a ligand drug conjugate with a specified structure, including a monoclonal or polyclonal antibody, a PEG linker, and a drug payload. This indicates a full ADC composition as all three components are defined in the claims.",189-990-917-959-855,
Composition,Full ADC,,[],[],"The primary claim of the patent is directed towards a myeloid cell agonist conjugate, which includes an anti-Nectin-4 antibody, a linker, and a TLR8 agonist payload. This indicates a full ADC composition, as all three components are specified in the claims.",007-082-582-098-198,
Composition,Unconjugated Payload,,[],[],"The primary focus of the patent is on the crystalline forms of a specific chemical compound and its salts, which are intermediates. The claims are centered around the composition of these crystalline forms, making it a composition patent with an unconjugated payload subtype.",008-658-197-665-673,
Clinical,,,['breast cancer'],['drug-resistant breast cancer cells'],"The broadest independent claims focus on the use of a monoclonal antibody and exosome combination for treating breast cancer, specifically targeting drug-resistant cells. This indicates a primary focus on clinical application rather than composition or manufacturing.",023-756-890-459-723,
Clinical,,,"['bladder cancer', 'breast cancer', 'head and neck cancer', 'lung cancer', 'ovarian cancer', 'pancreatic cancer', 'prostate cancer', 'colorectal cancer']","['head and neck squamous cell carcinoma', 'non-small cell lung cancer', 'metastatic castration-resistant prostate cancer']","The patent's broadest independent claim is directed towards a method of treating cancer using a combination of A2A/A2B and PD-1/PD-L1 inhibitors. The claims focus on specific cancer types and patient populations, indicating a clinical focus.",009-718-642-595-406,
Composition,Conjugated Antibody,,[],[],"The primary focus of the claims is on an isolated molecule comprising a targeting moiety that specifically binds to EGFR and an immunomodulatory moiety. This indicates a conjugated antibody, as the claims specify the antibody and the immunomodulatory component, but do not detail a linker or payload.",010-178-776-513-462,
Composition,Full ADC,,[],[],"The primary claim of the patent is directed towards an antibody-drug conjugate (ADC) that specifies the antibody, linker, and payload components. This indicates a 'Full ADC' composition subtype as all three components are defined in the claims.",017-206-772-271-216,
Clinical,,,"['melanoma', 'non-small cell lung cancer', 'head and neck cancer', 'urothelial cancer', 'breast cancer', 'gastrointestinal cancer', 'multiple myeloma', 'hepatocellular cancer', 'non-Hodgkin lymphoma', 'renal cancer', 'Hodgkin lymphoma', 'mesothelioma', 'ovarian cancer', 'small cell lung cancer', 'esophageal cancer', 'anal cancer', 'biliary tract cancer', 'colorectal cancer', 'cervical cancer', 'thyroid cancer', 'endometrial cancer', 'squamous cell carcinoma', 'salivary cancer', 'gastric cancer', 'gastroesophageal junction adenocarcinoma', 'primary mediastinal large B-cell lymphoma', 'Merkel cell carcinoma']","['tumor with a high mutational burden', 'microsatellite instability-high (MSI-H) or mismatch repair deficient solid tumor', 'unresectable or metastatic melanoma', 'metastatic non-small cell lung cancer', 'recurrent or metastatic head and neck squamous cell cancer', 'refractory classical Hodgkin lymphoma', 'relapsed after 3 or more lines of therapy for cHL', 'locally advanced or metastatic urothelial carcinoma', 'resected high-risk stage III melanoma', 'recurrent, locally advanced or metastatic Merkel cell carcinoma']","The patent's broadest independent claim focuses on a method of treating cancer using an anti-PD-1 antibody, specifically detailing dosing regimens and patient populations. Therefore, it is classified under 'Clinical' with various cancer indications and specific patient populations explicitly claimed.",019-331-652-130-780,
Composition,Unconjugated Payload,,[],[],"The primary focus of the patent is on a compound that inhibits SUV39H1 methyltransferase activity, which is a small molecule drug. The claims are centered around the chemical structure and composition of this compound, classifying it as an unconjugated payload.",021-060-011-334-724,
Clinical,,,['epilepsy'],"['medically refractory epilepsy', 'surgically refractory epilepsy']","The patent's broadest independent claim focuses on a method of treating CNS disorders, specifically epilepsy, using a composition of nanoparticles with an mTOR inhibitor and albumin. The claims detail dosing regimens and combination therapies, indicating a clinical focus.",024-187-221-008-297,
Clinical,,,"['cancer', 'metastases', 'hypoxic cancer']",[],"The primary focus of the patent is on methods of treating cancer using a combination of a loop diuretic and an angiogenesis inhibitor. The broadest independent claim is a method of treatment, indicating a clinical patent type.",035-560-970-653-949,
Clinical,,,"['cancer', 'metastatic cancer']",[],The primary focus of the patent is on methods of treating cancer through intraoperative administration of a biomaterial and an activator of innate immunity at a tumor resection site. The claims emphasize treatment methods rather than the composition of the drug delivery system itself.,034-882-384-891-456,
Composition,Full ADC,,[],[],"The primary claim is directed to an antibody-drug conjugate compound, specifying the antibody, linker, and payload components. This indicates a 'Full ADC' composition subtype as all three components are defined in the claims.",056-076-863-940-675,
Composition,Conjugated Antibody,,[],[],"The broadest independent claim focuses on an anti-Claudin 18.2 antibody and its antigen-binding fragments, which are used in an antibody-drug conjugate. The claims specify the antibody component, while the linker and payload are broadly defined, classifying it as a 'Conjugated Antibody'.",059-014-251-292-254,
Composition,Dual Combination,,[],[],"The primary claim is directed to a kit comprising a combination of an albumin-bound chemotherapeutic/anti-VEGF antibody complex and a sub-therapeutic dose of an anti-VEGF antibody. This indicates a focus on the composition of these components, specifically the combination of the antibody and chemotherapeutic agent.",051-131-444-531-962,
Composition,Full ADC,,[],[],"The patent's broadest independent claim is directed to an antibody-drug conjugate (ADC) comprising a specific antibody, linker, and payload. This indicates a 'Full ADC' composition subtype as it specifies all three components of the ADC construct.",068-972-311-459-198,
Composition,Full ADC,,[],[],"The primary focus of the patent is on the composition of an anti-folate receptor alpha (FRA) antibody-drug conjugate, which includes a specified antibody, linker, and payload. The claims detail the structure of the full ADC, making it a 'Full ADC' composition subtype.",066-751-809-915-179,
Clinical,,,"['gastric cancer', 'esophageal cancer', 'pancreatic cancer', 'lung cancer', 'breast cancer', 'ovarian cancer', 'colon cancer', 'hepatic cancer', 'head-neck cancer', 'cancer of the gallbladder', 'adenocarcinoma', 'non small cell lung cancer (NSCLC)']",[],"The broadest independent claim is a method of treating cancer using an anti-CLDN18.2 ADC, focusing on clinical applications rather than the composition of the ADC itself.",077-605-236-174-265,
Clinical,,,"['solid tumor', 'melanoma', 'ovarian cancer', 'lung cancer', 'colon cancer', 'rectal cancer', 'colorectal cancer', 'head and neck cancer', 'gastric cancer', 'breast cancer', 'renal cancer', 'urothelial cancer', 'bladder cancer', 'esophageal cancer', 'prostate cancer', 'pancreatic cancer', 'hepatic cancer', 'thymoma', 'thymic carcinoma', 'brain cancer', 'glioma', 'adrenocortical carcinoma', 'thyroid cancer', 'skin cancer', 'sarcoma', 'multiple myeloma', 'leukemia', 'lymphoma', 'myelodysplastic syndromes', 'endometrial cancer', 'ureteral cancer', 'penile cancer', 'cervical cancer', ""Hodgkin's lymphoma"", ""non-Hodgkin's lymphoma"", 'Merkel cell carcinoma', 'malignant solitary fibrous tumor', 'mesothelioma']",['chemotherapy-naïve'],"The patent's broadest independent claim is directed towards a method of treating cancer using a specific compound, indicating a focus on clinical applications. The claims specify various cancer types and a patient population of chemotherapy-naïve individuals.",075-643-087-706-313,
Composition,Full ADC,,[],[],"The patent claims an immunoconjugate comprising an anti-CLL-1 antibody, a linker, and a cytotoxic drug, which classifies it as a full ADC. The claims focus on the composition of the antibody-drug conjugate rather than methods of treatment or manufacturing processes.",089-256-932-841-095,
Composition,Unconjugated Antibody,,[],[],"The primary focus of the patent is on isolated nucleic acids encoding antibodies that bind to B7-H4, which are intermediates in the development of antibody-based therapeutics. The claims do not specify a complete ADC construct, linker, or payload, thus classifying it as 'Unconjugated Antibody'.",089-892-075-936-694,
Clinical,,,['cancer'],[],"The primary claim is a method of treating cancer using a combination of a PD-1 axis binding antagonist and a taxane, which falls under the 'Clinical' category. The patent focuses on treatment methods rather than the composition of the drugs themselves.",091-698-694-638-146,
Composition,Conjugated Antibody,,[],[],"The primary focus of the patent is on the antibody or antigen-binding portion that binds to PSMA, with claims detailing its sequence and potential modifications. While there are claims related to conjugates and their uses, the broadest independent claim is centered on the antibody itself, making it a 'Conjugated Antibody' under the composition category.",102-557-112-312-129,
Composition,Unconjugated Antibody,,[],[],"The primary focus of the patent is on a stable aqueous pharmaceutical composition comprising a bispecific EGFR/c-Met antibody. The claims detail the specific sequences and formulation components, indicating an unconjugated antibody composition rather than a method of treatment or CMC process.",088-594-064-628-344,
Composition,Full ADC,,[],[],"The primary claim of the patent is directed towards an antibody conjugate that includes a specific antibody, linker, and payload, which classifies it as a 'Full ADC'. The claims focus on the composition of the ADC rather than methods of treatment or manufacturing processes.",098-449-773-396-445,
Clinical,,,"['cancer', 'melanoma', 'cancer associated with a papillomavirus']",[],"The primary focus of the patent is on a method of generating an immune response using a combination of agents, which is a clinical application. The claims specifically mention treatment or prevention of diseases such as cancer, melanoma, and cancers associated with papillomavirus.",108-994-571-528-782,
Composition,Conjugated Antibody,,[],[],"The primary focus of the patent is on the isolated antibodies that bind to mesothelin and their conjugation to drugs, with detailed claims on the antibody sequences and characteristics. The broadest independent claim is for the antibody itself, making it a 'Conjugated Antibody' subtype.",110-542-693-373-787,
Clinical,,,['non-small cell lung cancer'],"['EGFR-TKI-resistant', 'EGFR mutated']","The primary focus of the patent is on methods of treating non-small cell lung cancer using an antibody-drug conjugate, as evidenced by the independent claims. The claims specify treatment for specific patient populations, including those with EGFR-TKI resistance and EGFR mutations.",108-359-866-788-204,
Clinical,,,['HER2-positive solid tumor'],[],"The patent's broadest independent claim focuses on a method for treating HER2-positive solid tumors using an antibody-drug conjugate. The claims detail the administration of the ADC, making the primary focus clinical treatment methods.",104-309-978-377-927,
Composition,Unconjugated Antibody,,[],[],"The primary focus of the patent is on the composition of anti-CD4 antibodies, as evidenced by the detailed claims on the antibody's variable regions and sequences. There is no specific mention of a linker or payload, indicating it is an unconjugated antibody composition.",134-274-499-319-851,
Clinical,,,"['cancer', 'heme cancer', 'colorectum cancer', 'ovarian cancer', 'breast cancer', 'cervical cancer', 'lung cancer', 'liver cancer', 'pancreatic cancer', 'cancer of the lymph nodes', 'colon cancer', 'prostate cancer', 'brain cancer', 'cancer of the head and neck', 'bone cancer', ""Ewing's sarcoma"", 'skin cancer', 'kidney cancer', 'cancer of the heart', 'homologous recombination (HR) dependent double strand break (DSB) repair deficient cancer', 'non-homologous end joining (NHEJ) DSB repair deficient cancer']",[],"The patent's broadest independent claim focuses on a pharmaceutical combination for treating cancer, indicating a clinical focus. The claims specify various cancer types and genetic deficiencies as treatment indications.",131-024-101-294-412,
Composition,Conjugated Payload,,[],[],"The patent's broadest independent claim is directed to benzodiazepine derivatives and their conjugates with cell-binding agents, indicating a focus on the payload component of an ADC. The claims specify the payload structure, while the antibody and linker are broadly defined.",131-346-997-179-848,
Composition,Conjugated Antibody,,[],[],"The primary claim is directed to an isolated antibody that binds to C10orf54, with additional claims covering its conjugation to therapeutic agents. The focus is on the antibody itself, making it a 'Conjugated Antibody' under the composition category.",143-198-377-353-028,
Clinical,,,['non-squamous non-small cell lung cancer'],"['c-Met high expression', 'c-Met positive expression', 'non-mutated EGFR gene']","The patent claims focus on methods of treating non-squamous non-small cell lung cancer using telisotuzumab vedotin, specifying patient populations based on c-Met expression and EGFR mutation status. The claims do not cover the composition of the drug itself, but rather its clinical application.",144-526-443-356-005,
Clinical,,,"['head and neck cancer', 'esophagus cancer', 'sarcoma', 'multiple myeloma', 'ovarian cancer', 'breast cancer', 'kidney cancer', 'stomach cancer', 'hematopoietic cancers', 'lymphoma', 'leukemia', 'lung carcinoma', 'melanoma', 'glioblastoma', 'hepatocarcinoma', 'prostate cancer', 'pancreatic cancer', 'colon cancer']","['tumor resistant to anti-PD-1 and/or anti-PD-L1', 'cancer patient receiving or candidate for anti-PD-1 and/or anti-PD-L1 immunotherapy']","The patent's broadest independent claim focuses on a pharmaceutical combination for treating cancer, indicating a clinical application. The claims specify various cancer types and patient populations, such as those resistant to certain immunotherapies, highlighting its clinical focus.",168-391-923-617-863,
Composition,Conjugated Antibody,,[],[],"The patent primarily claims an anti-CD3 antibody conjugated to folate, focusing on the specific antibody structure and its conjugation to a biologically active molecule. The claims detail the antibody's sequence and the conjugation to folate, fitting the 'Conjugated Antibody' subtype.",153-351-632-098-732,
Clinical,,,"['melanoma cancer', 'renal cancer', 'prostate cancer', 'breast cancer', 'colon cancer', 'lung cancer', 'bone cancer', 'pancreatic cancer', 'skin cancer', 'cancer of the head or neck', 'cutaneous or intraocular malignant melanoma', 'uterine cancer', 'ovarian cancer', 'rectal cancer', 'cancer of the anal region', 'stomach cancer', 'testicular cancer', 'carcinoma of the fallopian tubes', 'carcinoma of the endometrium', 'carcinoma of the cervix', 'carcinoma of the vagina', 'carcinoma of the vulva', ""Hodgkin's Disease"", ""non-Hodgkin's lymphoma"", 'cancer of the esophagus', 'cancer of the small intestine', 'cancer of the endocrine system', 'cancer of the thyroid gland', 'cancer of the parathyroid gland', 'cancer of the adrenal gland', 'sarcoma of soft tissue', 'cancer of the urethra', 'cancer of the penis', 'chronic or acute leukemias', 'acute myeloid leukemia', 'chronic myeloid leukemia', 'acute lymphoblastic leukemia', 'chronic lymphocytic leukemia', 'solid tumors of childhood', 'lymphocytic lymphoma', 'cancer of the bladder', 'cancer of the kidney or ureter', 'carcinoma of the renal pelvis', 'neoplasm of the central nervous system', 'primary CNS lymphoma', 'tumor angiogenesis', 'spinal axis tumor', 'brain stem glioma', 'pituitary adenoma', ""Kaposi's sarcoma"", 'epidermoid cancer', 'squamous cell cancer', 'T-cell lymphoma', 'environmentally induced cancers']",[],"The patent primarily claims methods of treating cancer using a combination of immunotherapeutic agents and glutamate modulators. The claims focus on treatment methods, making it a clinical patent with a broad range of cancer indications explicitly mentioned.",162-862-346-271-590,
Clinical,,,"['cancer', 'breast cancer', 'bladder cancer', 'cervical cancer', 'colon cancer', 'colorectal cancer', 'endometrial cancer', 'gastric cancer', 'head and neck cancer', 'liver cancer', 'melanoma', 'mesothelioma', 'non-small cell lung cancer', 'ovarian cancer', 'pancreatic cancer', 'prostate cancer', 'renal cell cancer', 'skin cancer', 'hematopoietic cancer']",[],"The patent's broadest independent claims focus on methods of treating cancer using a superantigen conjugate in combination with a B-cell depleting agent. The claims specify various cancer types, indicating a clinical focus on treatment methods and disease indications.",161-762-649-766-289,
Clinical,,,['bladder cancer'],"['HER2 expressing', 'HER2 positive', 'IHC 3+']","The broadest independent claim focuses on a method of treating bladder cancer using a duocarmycin-containing ADC. The claims specify treatment for HER2 expressing and HER2 positive bladder cancer, indicating a clinical focus.",183-150-985-048-535,
Composition,Unconjugated Antibody,,[],[],"The primary focus of the patent is on isolated antibodies that specifically bind to human CTLA-4. The claims detail the structure and characteristics of these antibodies, without specifying a linker or payload, indicating it is an unconjugated antibody composition.",173-666-061-383-987,
Composition,Unconjugated Antibody,,[],[],"The primary claim is directed to an anti-hSEZ6L2 antibody, specifying its variable regions and CDR sequences. This indicates the patent is focused on the antibody itself, without specifying a linker or payload, classifying it as an 'Unconjugated Antibody'.",182-740-741-073-084,
Composition,Full ADC,,[],[],"The primary claim is directed to a compound of formula (I), which includes an anti-PTK7 antibody conjugated with a drug unit, indicating a full ADC. The claims specify the antibody, linker, and payload components, classifying it as a 'Full ADC'.",088-272-852-215-178,
Clinical,,,"['gastric cancer', 'esophagus cancer', 'pancreatic cancer', 'liver cancer']",[],"The primary focus of the patent is on methods of treating CLDN18.2 expressing cancers using specific antibodies. The claims are centered around treatment methods, making it a clinical patent.",108-023-542-408-544,
Clinical,,,"['hematopoietic stem cell transplant', 'stem cell disorder', 'hemoglobinopathy disorder', 'autoimmune disorder', 'myelodysplastic disorder', 'immunodeficiency disorder', 'metabolic disorder', 'cancer']",[],The patent's broadest independent claim focuses on a method of treatment using an anti-CD45 ADC to deplete CD45+ cells in preparation for hematopoietic stem cell transplantation. The claims are centered around clinical applications rather than the composition of the ADC itself.,004-462-157-477-440,
Clinical,,,['non-Hodgkin lymphoma'],"['relapsed or refractory NHL', 'newly diagnosed NHL', 'DLBCL refractory to doxorubicin']","The patent's broadest independent claim focuses on a method of treating non-Hodgkin lymphoma using a specific compound. The claims detail various treatment regimens and patient populations, indicating a clinical focus.",062-518-658-215-661,
Composition,Full ADC,,[],[],"The patent's broadest independent claim is directed to an antibody-drug conjugate (ADC) with specified antibody sequences, indicating a full ADC composition. The claims do not focus on manufacturing or clinical methods, but rather on the ADC structure itself.",064-055-927-955-33X,
Composition,Conjugated Antibody,,[],[],"The primary focus of the patent is on the antibody molecule that binds to Nectin-4, which is specified in detail. Although there are claims related to ADCs, the broadest independent claim is for the antibody itself, making it a 'Conjugated Antibody' under the composition category.",139-013-485-729-565,
Clinical,,,['glioblastoma multiforme'],[],The primary focus of the patent is on a method of treating glioblastoma multiforme using a composition comprising extracellular vesicles and a STING agonist. The claims are centered around the therapeutic application rather than the composition itself.,164-379-450-018-58X,
Composition,Full ADC,,[],[],"The broadest independent claim is directed to an antibody drug conjugate (ADC) comprising a humanized anti-PSMA antibody conjugated to a drug-linker. This indicates the patent primarily claims a full ADC composition, specifying the antibody, linker, and payload components.",043-593-666-799-055,
Composition,Full ADC,,[],[],"The primary claim of the patent is directed towards an antibody-drug conjugate (ADC) that specifies the antibody, linker, and payload components. This indicates a 'Full ADC' composition subtype as it encompasses all three components of the ADC construct.",022-243-630-441-607,
Composition,Full ADC,,[],[],"The primary claim of the patent is directed towards a conjugate of formula I, which specifies a modified antibody with a linker and a payload, fitting the definition of a full ADC. The claims focus on the structure and components of the ADC rather than methods of treatment or manufacturing processes.",003-901-992-275-362,
Clinical,,,"['neuropathy', 'cancer', 'gastrointestinal cancer']","['patients with chemotherapy-induced peripheral neuropathy', 'patients with gastrointestinal cancer']","The patent primarily claims methods of treatment for reducing neuropathy and treating cancer using saposin C-phospholipid compositions. The broadest independent claims focus on treatment methods, making it a clinical patent.",025-081-060-934-10X,
Clinical,,,"['cancer', 'rheumatoid arthritis', 'granulomatosis with polyangiitis', 'microscopic polyangiitis']",[],"The patent primarily claims methods of treatment using combinations of a Bcl-2 inhibitor with other agents. The focus is on therapeutic applications for specific diseases, making it a clinical patent.",019-405-412-778-683,
Clinical,,,"[""non-Hodgkin's lymphoma""]",[],"The primary focus of the patent is on methods of inducing apoptosis in cells, particularly in the context of treating non-Hodgkin's lymphoma. The claims are centered around the therapeutic application rather than the composition of the complexes used.",013-494-193-581-109,
Clinical,,,"['cancer', 'tumor', 'metastasis', 'carcinoma', 'sarcoma', 'lymphoma', 'leukemia', 'adenoma', 'adenocarcinoma', 'melanoma', 'glioma', 'glioblastoma', 'meningioma', 'neuroblastoma', 'retinoblastoma', 'astrocytoma', 'oligodendrocytoma', 'mesothelioma', 'reticuloendothelial', 'lymphatic', 'lung', 'haematopoietic', 'myeloma']",[],The patent's broadest independent claim focuses on a method of treatment involving the administration of specific monocytes to control or decrease tumor metastasis. This indicates a primary focus on clinical applications rather than composition or manufacturing aspects.,054-277-083-630-412,
Composition,Full ADC,,[],[],"The primary claim of the patent is directed towards an antibody-cytotoxic agent conjugate, specifying the antibody, linker, and payload components. This indicates a 'Full ADC' composition subtype as all three components are defined in the claims.",049-691-315-132-790,
Clinical,,,"['CD38-expressing B-cell lymphoma', 'multiple myeloma', 'early stage multiple myeloma', 'pre-multiple myeloma', ""Waldenström's macroglobulinemia"", ""non-Hodgkin's lymphoma"", 'chronic myelogenous leukemia', 'chronic lymphocytic leukemia', 'acute lymphocytic leukemia']",[],The primary focus of the patent is on a method of treatment using a combination of lenalidomide or pomalidomide with an anti-CD38 antibody-attenuated IFN alpha-2b fusion protein for specific cancer indications. The claims are centered around clinical applications rather than the composition of the drug itself.,053-270-772-538-189,
Composition,Conjugated Antibody,,[],[],"The patent primarily claims a biparatopic antibody that binds to folate receptor alpha (FRα) and includes immunoconjugates. The broadest independent claim focuses on the antibody itself, with the conjugation details being secondary, classifying it as a 'Conjugated Antibody'.",040-088-872-110-777,
Composition,Full ADC,,[],[],"The primary claim of the patent is directed towards an antibody-drug conjugate (ADC) that includes a specific antibody, linker, and payload. This indicates a 'Full ADC' composition as it specifies all three components of the ADC construct.",033-705-830-419-554,
Composition,Conjugated Antibody,,[],[],"The broadest independent claim is directed to an anti-TMEFF1 antibody, which is specified in detail. Although there are method-of-treatment claims, the primary focus is on the composition of the antibody itself, making it a 'Conjugated Antibody' under the 'Composition' category.",043-326-402-553-100,
Composition,Unconjugated Antibody,,[],[],"The primary focus of the claims is on nucleic acids encoding specific antibody variable regions, which are components of antibodies. The claims do not specify a complete ADC construct, linker, or payload, thus classifying it as an 'Unconjugated Antibody'.",042-113-079-230-938,
Composition,Unconjugated Antibody,,[],[],"The primary focus of the patent is on isolated nucleic acids encoding specific polypeptides that form the basis for CD27L antigen binding proteins, which are antibodies. The claims are centered around the sequences and characteristics of these antibodies, without specifying a complete ADC construct.",092-658-156-568-718,
Clinical,,,"['cancer', 'neurodegenerative disorder', 'viral disease', 'autoimmune disease', 'inflammatory disorder', 'immunodeficiency disorders', 'proliferative disorder', 'infectious disease']",[],The broadest independent claim is directed to a method of treating various disorders by engaging CD16a expressing immune effector cells. The claims focus on clinical applications rather than the composition of the compounds.,068-886-576-415-317,
Clinical,,,['AL amyloidosis'],[],"The patent's broadest independent claim focuses on a method of treating AL amyloidosis using a specific antibody formulation. The claims detail the treatment regimen and combination therapies, indicating a clinical focus.",071-075-775-479-654,
Composition,Unconjugated Antibody,,[],[],"The primary focus of the patent is on isolated antibodies or antigen-binding fragments that specifically bind to osteopontin. The broadest independent claim is directed to the composition of these antibodies, without specifying a conjugated payload or linker, classifying it as an 'Unconjugated Antibody'.",064-079-231-388-900,
Composition,Conjugated Payload,,[],[],"The primary claim is directed to a lyophilized nanoparticle composition that includes a carrier protein, binding agents, and a specific payload, paclitaxel. The focus on the payload, with the antibody and linker being broadly defined, classifies it as a 'Conjugated Payload'.",068-618-927-140-108,
Composition,Full ADC,,[],[],"The primary claim of the patent is directed towards a conjugate comprising a binder (such as an antibody) linked to a kinesin spindle protein inhibitor via a linker, which constitutes a full ADC. The claims detail the structure of the ADC, including the antibody, linker, and payload components, making it a 'Full ADC' composition subtype.",064-618-110-303-763,
Composition,Unconjugated Antibody,,[],[],"The broadest independent claim is directed to an isolated antibody that specifically binds to human TIGIT. The claims focus on the structure and characteristics of the antibody itself, without specifying a linker or payload, classifying it as an 'Unconjugated Antibody'.",073-759-822-275-946,
Clinical,,,['breast cancer'],[],The broadest independent claims focus on methods of treating breast cancer using antibodies or ADCs targeting PRLR. The claims specify treatment methods rather than the composition of the ADCs themselves.,094-177-720-621-547,
Composition,Conjugated Payload,,[],[],"The primary claim is a composition of nanoparticles with a carrier polypeptide and a double-stranded oligonucleotide, where the oligonucleotide is conjugated to a chemotherapeutic drug. This indicates a focus on the payload being conjugated to the oligonucleotide within the nanoparticle composition.",092-276-731-897-013,
Clinical,,,['uterine serous carcinoma'],['HER2 expressing'],"The patent's primary focus is on a method of treating uterine serous carcinoma using a duocarmycin-containing ADC. The claims are centered around treatment methods, dosing regimens, and specific patient populations, indicating a clinical classification.",107-557-545-110-970,
Clinical,,,"['cancer', 'kidney cancer', 'colon cancer', 'lung cancer', 'liposarcomas', 'brain cancer', 'breast cancer', 'melanoma', 'liver cancer', 'head and neck cancer', 'prostate cancer']",[],"The primary focus of the patent is on methods of treating diseases, specifically cancer, using a combination of molecularly targeted agents and monoclonal antibodies. The claims are centered around treatment methods rather than the composition of the drugs themselves.",109-515-367-713-222,
Clinical,,,"['urinary tract cancer', 'bladder cancer']",[],"The patent's broadest independent claims focus on methods for treating urinary tract and bladder cancer using a pharmaceutical composition. The claims detail the administration and treatment regimen, indicating a clinical focus.",116-014-224-852-979,
Composition,Conjugated Antibody,,[],[],"The primary claim is directed to an antibody that binds to VEGFR-2, with additional claims covering its conjugation with therapeutic agents. The broadest independent claim focuses on the antibody itself, making it a 'Conjugated Antibody' under the composition category.",105-081-047-325-326,
Composition,Conjugated Antibody,,[],[],"The primary focus of the patent is on compositions comprising isolated peptides that bind to ABCB5, with claims specifying conjugation to therapeutic agents. The broadest independent claim is a composition claim, and the conjugation of the antibody to therapeutic agents indicates a 'Conjugated Antibody' subtype.",122-741-154-901-816,
Composition,Conjugated Antibody,,[],[],"The primary focus of the patent is on a fusion protein comprising a recombinant monobody that specifically binds to calreticulin, linked to L-asparaginase. This indicates a 'Conjugated Antibody' as the monobody is specified, while the payload (L-asparaginase) is also defined, but the linker is not a traditional ADC linker.",123-092-740-689-714,
Composition,Conjugated Antibody,,[],[],"The primary focus of the patent is on the isolated recombinant human antibody that specifically binds CD46, which is used in various immunoconjugates. The claims detail the antibody sequences and their use in conjugates, but the linker and payload are broadly defined, making it a 'Conjugated Antibody' subtype.",115-976-644-659-199,
Clinical,,,['cancer'],[],The primary focus of the patent is on a method of treating cancer using a combination of local and systemic administration of therapeutic agents. The claims are centered around the treatment method rather than the composition of the drugs themselves.,125-274-263-582-796,
Composition,Conjugated Antibody,,[],[],"The patent claims an anti-c-Met antibody drug conjugate, specifying the antibody structure in detail while the linker and payload are not defined. This indicates a focus on the conjugated antibody component of the ADC.",125-074-268-729-543,
Composition,,,[],[],"The primary claim is directed to an immunotherapeutic construct, which is a composition of matter. The claims focus on the specific components and structure of the nanoparticle-based construct, rather than on methods of treatment or clinical applications.",112-592-627-996-626,
Composition,Conjugated Antibody,,[],[],"The patent claims focus on antibodies and bispecific antigen-binding molecules that bind MET, with ADCs comprising these antibodies linked to a cytotoxic agent. The primary inventive concept is the conjugated antibody, as the claims specify the antibody component while the linker and payload are broadly defined.",138-235-494-063-870,
Clinical,,,"['non-Hodgkin’s Lymphoma', 'diffuse large B-cell lymphoma (DLBCL)', 'follicular lymphoma (FL)', 'Mantle Cell lymphoma (MCL)', 'chronic lymphatic lymphoma (CLL)', 'Marginal Zone B-cell lymphoma (MZBL)', 'Hairy cell leukemia (HCL)', 'Hairy cell leukemia variant (HCL-v)', 'Acute Lymphoblastic Leukaemia (ALL)', 'Philadelphia chromosome-positive ALL (Ph+ALL)', 'Philadelphia chromosome-negative ALL (Ph-ALL)']","['relapsed or refractory DLBCL', 'cancer which expresses CD19 or CD19+ tumour-associated non-tumour cells']","The patent's broadest independent claim is a method of treatment using an ADC in combination with a BTKi, focusing on clinical applications. It specifies various cancer types and patient populations, indicating a clinical focus.",130-965-791-501-826,
Clinical,,,['cancer'],[],The primary focus of the patent is on a method of treating cancer using a combination of an ADC and a secondary agent. The claims are centered around therapeutic methods rather than the composition of the ADC itself.,139-088-310-535-917,
Composition,Full ADC,,[],[],"The primary claim is directed to a pharmaceutical combination that includes an anti-LY75 antibody conjugated with a drug, specifically a maytansinoid, which classifies it as a Full ADC. The claims focus on the composition of the ADC and its combination with another anti-cancer agent, ibrutinib.",158-278-726-449-613,
Clinical,,,"['Barretts esophageal cancer', 'esophageal squamous-cell carcinoma (ESCC)']",[],"The primary focus of the patent claims is on methods of treating disorders characterized by increased levels of HER3 expression, specifically targeting esophageal cancers. The claims detail the use of specific antibodies for therapeutic purposes, indicating a clinical application.",153-393-355-181-313,
Composition,Unconjugated Antibody,,[],[],"The primary focus of the patent is on an antibody or antigen-binding fragment that specifically binds to CLDN18.2. The claims detail the sequences and characteristics of the antibody, indicating it is an unconjugated antibody composition.",149-603-662-876-690,
Composition,Conjugated Antibody,,[],[],"The primary focus of the patent is on an isolated anti-EGFR antibody, which is specified in detail. Although there are claims related to conjugation with a cytotoxic agent, the broadest independent claim is for the unconjugated antibody itself, making it a 'Conjugated Antibody' subtype.",137-980-154-003-154,
Clinical,,,"['tumor', 'cancer']",[],"The primary focus of the patent is on methods for removing suppression of anti-tumor immunity, which is a treatment method. The claims are centered around modulating gene expression and protein activity to enhance anti-tumor effects, indicating a clinical application.",163-692-406-267-663,
Composition,Full ADC,,[],[],"The primary claim is a composition claim for an antibody-drug conjugate (ADC) with a specified antibody, linker, and payload. The ADC is defined by its structure, including the antibody binding to CD22, making it a 'Full ADC' composition subtype.",161-515-677-187-876,
CMC,,Conjugation Method,[],[],"The primary focus of the patent is on a process for preparing antibody-drug conjugates using a dual conjugation method involving engineered cysteines. The claims detail the steps of the conjugation process, indicating a focus on the method of conjugation rather than the composition of the ADC itself.",166-224-606-769-272,
Composition,Conjugated Antibody,,[],[],"The primary claim focuses on a cytotoxic particle with variable domains (antibody fragments) targeting P2X7 receptors, which is indicative of a conjugated antibody. The claims specify the antibody fragments but do not detail the linker or payload, fitting the 'Conjugated Antibody' subtype.",157-498-205-301-857,
Composition,Conjugated Antibody,,[],[],"The broadest independent claim is a composition claim for a therapeutic antibody conjugated to β-1,6-glucan oligomers. The claims specify the antibody component, while the linker and payload are broadly defined, classifying it as a 'Conjugated Antibody'.",199-104-367-722-506,
Composition,Conjugated Antibody,,[],[],"The primary claim focuses on a compound comprising bispecific antibodies with unnatural amino acids, which suggests a focus on the antibody component. The linker and payload are not specified, indicating a 'Conjugated Antibody' subtype.",177-422-520-351-023,
Composition,Conjugated Antibody,,[],[],"The primary focus of the patent is on a humanized antibody targeting ROR1, with claims detailing the specific sequences of the antibody. While there are claims related to Immunoligand-Drug Conjugates, the broadest independent claim is centered on the antibody itself, making it a 'Conjugated Antibody' subtype.",185-295-194-553-754,
Composition,Dual Combination,,[],[],"The primary claim is a composition claim for a combination of an anti-CD19 antibody and Ibrutinib, a BTK inhibitor. This combination involves two specified components, making it a 'Dual Combination' under the composition category.",000-259-952-256-760,
Composition,Conjugated Antibody,,[],[],"The patent claims a radioactive antitumor agent comprising a 225 Ac-labeled anti-MUC5AC humanized antibody. The primary focus is on the specific antibody conjugated with Actinium-225, with the linker and payload being broadly defined, classifying it as a 'Conjugated Antibody'.",076-878-489-132-482,
Composition,Dual Combination,,[],[],"The primary focus of the patent is on a pharmaceutical combination comprising a PI3K inhibitor and a PD-L1/TGFβ dual inhibitor. The claims detail the specific components of the combination, making it a 'Dual Combination' of two therapeutic agents.",005-078-836-941-321,
CMC,,Process/Scale-Up,[],[],"The primary focus of the patent is on the method of producing a bispecific tetravalent antibody, which involves culturing host cells and purifying the antibodies. This aligns with the 'Process/Scale-Up' category under CMC, as it pertains to manufacturing optimization and production processes.",150-495-023-028-273,
Clinical,,,"['hematological cancer', 'lymphoid cancer', 'Hodgkin lymphoma', 'anaplastic large cell lymphoma', 'peripheral T cell lymphoma', 'cutaneous T-cell lymphoma', 'mantle cell lymphoma', 'systemic anaplastic large cell lymphoma']","['non-adult human', 'relapsed or refractory Hodgkin lymphoma']","The patent's main focus is on methods of treating specific cancers in non-adult human subjects using an anti-CD30 ADC, specifically brentuximab vedotin. The claims are centered around treatment regimens and patient populations, classifying it as a clinical patent.",095-914-118-405-917,
Composition,Unconjugated Antibody,,[],[],"The primary claim of the patent is directed towards a bispecific antibody that binds to CD3 and BCMA. There are no claims related to linkers or payloads, indicating that the invention is focused on the antibody itself, classifying it as an 'Unconjugated Antibody'.",037-129-257-632-979,
Clinical,,,['multiple myeloma'],[],The primary focus of the patent is on a method for treating multiple myeloma using a CD38 antibody-drug conjugate. The claims are centered around the therapeutic application rather than the composition of the ADC itself.,162-671-130-527-997,
Composition,Full ADC,,[],[],"The primary focus of the patent is on the composition of anti-HER2 ADCs, specifically detailing the antibody, linker, and payload components. The broadest independent claim is directed to the compound itself, indicating a 'Full ADC' composition subtype.",070-564-003-001-619,
Composition,Conjugated Antibody,,[],[],"The primary focus of the patent is on the antibody targeting CLDN18.2, which is specified in detail. While there are claims related to ADCs and other constructs, the broadest independent claim is directed towards the antibody itself, making it a 'Conjugated Antibody' subtype.",020-949-631-241-828,
Composition,Full ADC,,[],[],"The primary claim of the patent is directed towards an antibody-drug conjugate (ADC) that includes a specific antibody construct targeting folate receptor alpha, a linker, and a camptothecin analogue payload. This indicates a 'Full ADC' composition subtype as all three components are specified.",057-797-165-124-343,
Composition,Unconjugated Antibody,,[],[],"The patent primarily claims fusion proteins and complexes involving specific peptide sequences and adaptor modules, which are components of bioactive assemblies. These claims focus on the composition of these assemblies rather than their use in treatment, indicating an 'Unconjugated Antibody' subtype.",184-680-918-532-102,
Clinical,,,"['bladder cancer', 'non-muscle invasive bladder cancer']","['BCG refractive', 'BCG resistant', 'previously treated with BCG and/or interferon']","The patent's primary focus is on a method of treating bladder cancer using a specific dosing regimen of an immunoconjugate. The claims detail the treatment method, including specific patient populations and dosing schedules, which aligns with a clinical classification.",195-197-393-788-939,
Clinical,,,"['bladder cancer', 'hepatocellular cancer', 'breast cancer', 'cervical cancer', 'colorectal cancer', 'endometrial cancer', 'anal cancer', 'Merkel cell carcinoma', 'gastric cancer', 'head and neck cancer', 'kidney cancer', 'liver cancer', 'lung cancer', 'ovarian cancer', 'prostate cancer', 'esophageal cancer', 'gall bladder cancer', 'pancreatic cancer', 'thyroid cancer', 'skin cancer', 'leukemia', 'multiple myeloma', 'chronic lymphocytic lymphoma', 'adult T cell leukemia', 'B-cell lymphoma', 'acute myelogenous leukemia', ""Hodgkin's lymphoma"", ""non-Hodgkin's lymphoma"", ""Waldenstrom's Macroglubulinemia"", 'hairy cell lymphoma', ""Burkett's lymphoma"", 'glioblastoma', 'melanoma', 'rhabdosarcoma', 'adenocarcinoma', 'sarcoma', 'non-small cell lung cancer', 'cholangiocarcinoma', 'myeloid/lymphoid neoplasms', '8p11 myeloproliferative syndrome', 'urogenital cancer']",[],"The patent's primary focus is on a method of treating cancer using a combination of an FGFR inhibitor and enfortumab vedotin, which classifies it under 'Clinical'. The claims specify various cancer types as indications for treatment.",156-647-575-171-041,
Composition,Conjugated Payload,,[],[],"The primary focus of the patent is on a liposomal composition encapsulating gamma polyglutamated lometrexol, which is a specific payload. The claims primarily describe the composition of the liposome and its components, rather than methods of treatment or manufacturing processes.",117-668-079-160-587,
Clinical,,,"['myelodysplastic syndrome', 'acute myeloid leukemia']","['CD70-expressing cancer', 'relapsed or refractory MDS', 'relapsed or refractory AML']","The primary focus of the patent is on methods of treating specific cancers using nonfucosylated anti-CD70 antibodies. The claims detail treatment methods, including specific patient populations and combination therapies, which aligns with a clinical classification.",139-793-905-181-71X,
Composition,Conjugated Antibody,,[],[],"The primary focus of the patent is on a modified Pseudomonas exotoxin A (PE) and its use in chimeric molecules, specifically conjugated with targeting moieties like monoclonal antibodies. The claims emphasize the composition of these chimeric molecules, making it a 'Conjugated Antibody' subtype.",014-272-143-498-473,
Composition,Unconjugated Antibody,,[],[],"The primary focus of the patent is on a monoclonal antibody that binds CD22, with detailed claims on its structure and characteristics. Although there are method-of-treatment claims, the broadest independent claim is directed to the antibody itself, classifying it as an 'Unconjugated Antibody'.",009-862-902-039-809,
Composition,Unconjugated Antibody,,[],[],"The primary focus of the patent is on the composition of humanized and deimmunized anti-endoglin antibodies. The claims detail specific sequences and modifications of these antibodies, classifying it as an 'Unconjugated Antibody' composition.",026-745-412-095-860,
Composition,Conjugated Antibody,,[],[],"The primary claim focuses on an anti-EGFR antibody drug conjugate with specific sequences for the antibody component. The linker and payload are not specified, making it a 'Conjugated Antibody' subtype.",029-097-024-529-723,
Clinical,,,"['B-cell lymphomas', 'leukemias', 'autoimmune disease', 'immune dysfunction disease', 'diabetes']",[],The primary focus of the patent is on a method of treatment using a combination of anti-CD74 and anti-CD20 antibodies to kill B cells. The claims emphasize the therapeutic application rather than the composition of the antibodies or constructs.,028-124-622-227-72X,
Clinical,,,"['cancer', 'hematological malignancy', 'B-cell malignancy', 'follicular lymphoma', 'large B cell lymphoma', 'chronic lymphocytic leukemia', 'small lymphocytic lymphoma', 'marginal zone B cell lymphoma', 'diffuse large B-cell lymphoma', ""high grade non-Hodgkin's lymphoma"", ""relapsed B-cell non-Hodgkin's lymphoma""]",[],"The primary focus of the patent is on methods of treating cancer using a combination therapy involving a PI3K inhibitor and a CD20 inhibitor. The claims are centered around treatment methods, making it a clinical patent.",047-226-111-682-372,
Composition,Full ADC,,[],[],"The primary focus of the patent is on the composition of an antibody-drug conjugate (ADC) that includes a specific anti-DLL3 antibody, a linker, and a pyrrolobenzodiazepine derivative payload. The broadest independent claim is directed to the ADC construct, classifying it as a 'Full ADC'.",046-950-089-236-464,
Composition,,,[],[],"The primary focus of the patent is on a thermosensitive mucoadhesive polymeric hydrogel composition. The broadest independent claim is directed to the composition itself, which includes specific components like a thermosensitive copolymer, immunostimulatory adjuvants, cytokines, chemokines, and heat shock proteins.",059-389-953-396-753,
Clinical,,,"['melanoma', 'leukemia', 'neuroblastoma']",[],"The primary claim is directed towards a method of detecting cancer using an antibody, which falls under clinical applications. The patent specifies cancer types such as melanoma, leukemia, and neuroblastoma as indications.",080-446-787-790-788,
Composition,Unconjugated Payload,,[],[],"The primary claim of the patent is directed towards a compound of Formula I, which is a TLR7 agonist. This indicates that the patent is focused on the composition of a specific chemical entity, classifying it as an 'Unconjugated Payload'.",080-854-610-698-401,
Composition,Unconjugated Antibody,,[],[],"The primary focus of the patent is on a fusion protein that includes an anti-KRas protein nanobody, which is a type of antibody. The claims primarily describe the composition of this fusion protein, making it a composition patent with an unconjugated antibody subtype.",066-479-140-629-591,
Composition,Conjugated Antibody,,[],[],"The primary focus of the patent is on a dry powder formulation comprising antibodies or angiogenesis inhibitors, which are specified in the claims. The broadest independent claim is a composition claim, making it a 'Composition' patent with a 'Conjugated Antibody' subtype due to the specification of antibodies in the formulation.",067-423-162-424-080,
Composition,Conjugated Antibody,,[],[],"The primary focus of the patent is on antibodies against the CD155 receptor, with claims covering their conjugation to various drugs and therapeutic nucleic acids. The broadest independent claim is directed to the antibody itself, making it a 'Conjugated Antibody' under the composition category.",064-890-130-757-183,
Composition,Dual Combination,,[],[],"The patent's broadest independent claim is a composition claim that specifies a combination of a topoisomerase inhibitor and a monoclonal antibody targeting TEM8. This indicates a dual combination of a small molecule drug and an antibody, classifying it as a 'Dual Combination' composition subtype.",068-325-212-511-21X,
Clinical,,,"['cancer', 'metastasis']",[],The broadest independent claim is a method of treating cancer using an antibody or antigen-binding fragment. The claims focus on treatment methods rather than the composition of the antibody-drug conjugate itself.,074-003-490-426-651,
Composition,,,[],[],"The primary focus of the patent is on a micelle composition comprising a TLR7 agonist and an amphiphilic micelle-forming agent. The claims are centered around the composition itself, rather than specific methods of treatment or clinical applications.",073-945-854-696-912,
Composition,Full ADC,,[],[],"The primary claim is directed to a binding agent-drug conjugate, specifying the antibody, linker, and payload components, which classifies it as a 'Full ADC'. The method-of-treatment claims are secondary to the composition claims.",082-819-114-028-125,
Clinical,,,"['prostate cancer', 'cancer of the urinary tract', 'pancreatic cancer', 'lung cancer', 'breast cancer', 'colon cancer', 'ovarian cancer']",[],"The broadest independent claim is a method of treating cancer using an antibody-drug conjugate, focusing on clinical applications. The patent specifies various cancer types as indications for treatment.",082-577-408-318-575,
Clinical,,,"['breast cancer', 'ovarian cancer', 'teratoma']",[],"The primary claim of the patent is a method of treating cancer using an antigen-binding protein targeting annexin A2. The focus is on the therapeutic application, making it a clinical patent with specific cancer indications.",103-661-428-262-54X,
Composition,Full ADC,,[],[],"The primary claim of the patent is directed towards a conjugate represented by a general formula that includes an antibody, linker, and payload, which classifies it as a 'Full ADC'. The claims focus on the structure and components of the ADC rather than methods of treatment or manufacturing processes.",109-890-753-711-887,
CMC,,Formulation/Stability,[],[],"The primary focus of the patent is on the formulation of a benzodiazepine ADC with cyclodextrin, which falls under formulation and stability aspects. The claims detail the specific components and concentrations of the formulation, indicating a CMC focus rather than composition or clinical use.",104-736-996-093-537,
Composition,Full ADC,,[],[],"The primary claim is directed to a conjugate comprising an antibody, linker, and payload, which classifies it as a 'Full ADC'. The method of treatment claim is dependent on the composition claim, making the composition the broadest independent claim.",112-489-575-603-652,
Composition,Dual Combination,,[],[],"The primary claim is directed to a pharmaceutical composition comprising an antibody-drug conjugate and an anti-SIRPα antibody administered in combination. This indicates a dual combination of two components, specifically the ADC and the anti-SIRPα antibody, which fits the 'Dual Combination' subtype.",143-816-995-026-29X,
Composition,Full ADC,,[],[],"The primary claim of the patent is directed towards a conjugate of an antibody linked to benzodiazepine, which constitutes a full ADC. The claims specify the antibody, linker, and payload components, classifying it as a 'Full ADC' under the composition category.",131-224-382-578-986,
Composition,Conjugated Antibody,,[],[],"The primary focus of the patent is on the anti-CLDN18.2 antibody or antigen-binding fragment thereof, which is specified in detail. Although there are claims related to ADCs and methods of treatment, the broadest independent claim is directed towards the antibody itself, making it a 'Conjugated Antibody' under the 'Composition' category.",138-111-265-326-943,
Composition,Conjugated Antibody,,[],[],"The primary claim of the patent is directed towards an immunoconjugate, specifically a proteinaceous heterodimer involving a targeting moiety and SIRPα. The claims focus on the structure and composition of the immunoconjugate, which includes an anti-PD-L1 antibody, making it a 'Conjugated Antibody' subtype.",138-522-042-963-255,
Composition,Unconjugated Payload,,[],[],"The primary focus of the patent is on tricyclic PI3K inhibitor compounds, which are chemical entities. The claims are centered around the structure and composition of these compounds, indicating an unconjugated payload classification.",147-692-663-657-398,
Composition,Full ADC,,[],[],"The primary claims focus on the structure of an anti-hB7-H3 antibody drug conjugate, specifying both the antibody and its conjugation to a payload. This indicates a 'Full ADC' composition subtype as the main inventive concept involves the complete ADC construct.",154-115-537-305-15X,
Composition,Conjugated Payload,,[],[],"The primary claim of the patent is directed towards an mRNA-mannose conjugate, which is a type of conjugated payload. The claims focus on the structure and components of the mRNA-mannose conjugate, rather than methods of treatment or manufacturing processes.",156-153-957-148-12X,
Composition,Full ADC,,[],[],"The patent's broadest independent claim is directed to an antibody-drug conjugate compound, specifying the antibody, linker, and payload components. This indicates a 'Full ADC' composition subtype, as it encompasses all three components of an ADC construct.",153-855-779-884-323,
Composition,,,[],[],"The patent primarily claims a cryogel scaffold composition that includes a drug for modulating immunosuppressive action in a solid tumor microenvironment. The focus is on the composition of the scaffold and its components, rather than a specific method of treatment or clinical application.",150-363-946-402-310,
Composition,Conjugated Payload,,[],[],"The patent claims focus on specific compounds of maytansinoid conjugates, which are payloads linked to a cell-binding agent via a non-cleavable linker. The claims detail the chemical structure of these conjugated payloads, indicating the primary inventive concept is the payload component of the ADC.",164-829-646-566-137,
Composition,Conjugated Linker,,[],[],"The primary focus of the patent is on the compound of Formula (I), which includes a divalent linker and its various configurations. The claims detail the structure of the linker, making it a 'Conjugated Linker' subtype, as the antibody and payload are not specifically defined.",167-682-597-616-294,
Clinical,,,"['brain tumor', 'glioma']",[],"The primary focus of the patent is on methods of treating brain tumors, specifically gliomas, using a TNFα immunoconjugate in combination with chemotherapy and radiotherapy. The claims are centered around treatment methods rather than the composition of the immunoconjugate itself.",182-618-115-393-444,
Clinical,,,['cancer'],[],"The primary claim is a method of treatment using a monoclonal antibody to inhibit the PTHrP1-173 isoform, which is a clinical application. The patent specifically claims the treatment of diseases, including cancer, through this method.",171-779-132-510-874,
Clinical,,,"['diffuse large B-cell lymphoma', 'relapsed or refractory diffuse large B-cell lymphoma']","['patients with relapsed or refractory DLBCL', 'patients who have received at least one prior therapy for DLBCL']","The patent's broadest independent claim focuses on a method of treating diffuse large B-cell lymphoma using a combination of an anti-CD79b immunoconjugate, rituximab, and chemotherapeutic agents. The claims detail specific treatment regimens and patient populations, indicating a clinical focus.",180-950-924-075-587,
Clinical,,,['cancer'],[],"The primary claim is a method of treating cancer using a specific antibody-drug conjugate. The focus is on the clinical application of the ADC for cancer treatment, making it a clinical patent.",199-816-945-878-138,
Composition,Conjugated Payload,,[],[],"The primary claim is directed to an antisense oligonucleotide conjugate, which specifies the payload (oligonucleotide) and its conjugation to a GalNAc cluster. This fits the 'Conjugated Payload' subtype as the payload is specified, while the rest of the components are broadly defined.",162-435-071-624-273,
Composition,Dual Combination,,[],[],"The primary claim is directed to a therapeutic combination of an anti-PD-1 antibody and a tyrosine kinase inhibitor, which constitutes a dual combination of two active components. The method claims are secondary to the composition claims.",160-379-545-412-939,
Composition,Conjugated Antibody,,[],[],"The primary claim is directed to an anti-ABCG2 monoclonal antibody, which is specified in terms of its CDR sequences. Although there are method-of-treatment claims, the broadest independent claim focuses on the antibody composition itself, making it a 'Conjugated Antibody' subtype.",039-150-075-191-112,
Clinical,,,"['tumor', 'disease characterized by the involvement of cells expressing CCR8']",[],The patent's broadest independent claims focus on methods for treating tumors or diseases involving CCR8-expressing cells using anti-CCR8 antibodies. This indicates a primary focus on clinical applications rather than the composition of the antibodies themselves.,066-482-866-728-422,
Clinical,,,"['pancreatic cancer', 'breast cancer', 'prostate cancer', 'bladder cancer', 'gastric cancer', 'mesothelioma', 'NSCLC', 'colon cancer']",[],"The primary focus of the patent is on a method of treating cancer using a combination of a soluble hyaluronidase and an immune checkpoint inhibitor. The claims are centered around treatment methods, making it a clinical patent.",021-088-927-317-814,
Composition,Unconjugated Antibody,,[],[],"The primary focus of the claims is on isolated antibodies that bind to human Tissue Factor (TF), without specifying a linker or payload. Therefore, the patent is classified as 'Composition' with a subtype of 'Unconjugated Antibody'.",048-244-074-866-505,
Clinical,,,"['cancer', 'viral infection', 'immunosuppression']",[],"The patent's broadest independent claims focus on methods of treating diseases, particularly cancer and viral infections, using the disclosed compounds. Although there are composition claims, the primary inventive concept is the therapeutic application of these compounds.",198-318-365-299-30X,
Composition,Full ADC,,[],[],"The primary focus of the patent is on the composition of an antibody-drug conjugate (ADC) that targets Nectin-4. The claims detail the specific sequences of the antibody and the conjugation with various drugs, indicating a full ADC composition.",170-811-211-004-989,
Clinical,,,"['follicular lymphoma', 'diffuse large B-cell lymphoma']",[],"The patent's broadest independent claims focus on methods of treating specific B-cell proliferative disorders using a combination of an anti-CD79b immunoconjugate, a Bcl-2 inhibitor, and an anti-CD20 antibody. The claims are centered around clinical treatment methods rather than the composition of the immunoconjugate itself.",016-215-495-767-632,
Composition,Conjugated Payload,,[],[],"The primary focus of the patent is on a liposomal composition containing gamma polyglutamated raltitrexed, which is a specific payload. The claims detail the composition of the liposome and its characteristics, making it a 'Conjugated Payload' under the 'Composition' category.",143-312-453-346-230,
Clinical,,,"['prostate cancer', 'liver cancer', 'colorectal cancer', 'ovarian cancer', 'endometrial cancer', 'breast cancer', 'pancreatic cancer', 'stomach cancer', 'cervical cancer', 'head and neck cancer', 'thyroid cancer', 'testis cancer', 'urothelial cancer', 'lung cancer', 'melanoma', 'non-melanoma skin cancer', 'glioma', 'renal cell cancer', 'lymphoma', 'acute myeloid leukemia', 'T cell acute lymphoblastic leukemia', 'diffuse large B cell lymphoma', 'testicular germ cell tumors', 'mesothelioma', 'esophageal cancer', 'triple negative breast cancer', 'Merkel Cells cancer', 'MSI-high cancer', 'KRAS mutant tumors', 'adult T-cell leukemia/lymphoma', 'pleural mesothelioma', 'anal SCC', 'neuroendocrine lung cancer', 'NSCLC', 'adenoid cystic cancer', 'primary peritoneal cancer', 'myelodysplastic syndromes']",[],"The patent's broadest independent claim is directed to a method of treatment for cancer using a combination of anti-PVRIG and anti-PD-1 antibodies. The claims focus on the therapeutic application, specifying various cancer types as indications.",010-749-431-020-132,
Clinical,,,"['B-cell lymphomas', ""non-Hodgkin's lymphoma"", 'precursor B-cell lymphoblastic leukemia/lymphoma', 'mature B-cell neoplasms', 'B-cell chronic lymphocytic leukemia', 'small lymphocytic lymphoma', 'B-cell prolymphocytic leukemia', 'lymphoplasmacytic lymphoma', 'mantle cell lymphoma', 'follicular lymphoma', 'cutaneous follicle center lymphoma', 'marginal zone B-cell lymphoma', 'hairy cell leukemia', 'diffuse large B-cell lymphoma', 'activated B cell like diffuse large B-cell lymphoma', 'germinal center B cell like diffuse B-cell lymphoma', ""Burkitt's lymphoma"", 'plasmacytoma', 'plasma cell myeloma', 'post-transplant lymphoproliferative disorder', ""Waldenstrom's macroglobulinemia"", 'anaplastic large-cell lymphoma', 'primary mediastinal large B-cell lymphoma']",[],"The patent's broadest independent claims focus on methods of treating cancer using an anti-CD37 immunoconjugate, specifically targeting various B-cell malignancies. The claims detail the treatment process, including patient selection based on gene expression, indicating a clinical focus.",025-543-035-994-550,
Clinical,,,"['bladder cancer', 'urinary tract cancer', 'upper urinary tract cancer', 'renal cancer', 'gastrointestinal cancer', 'colon cancer', 'rectal cancer', 'female reproductive system cancer']",[],The primary focus of the patent is on methods of treatment for cancers of internal body cavities using a combination of immunomodulatory agents. The claims are centered around the therapeutic application rather than the composition itself.,036-428-421-491-842,
Clinical,,,"['hematopoietic diseases', 'metabolic disorders', 'cancers', 'autoimmune diseases']",[],"The primary claim is a method of depleting CD45+ cells in a human patient using an ADC, which falls under clinical use. The patent specifies treatment of various diseases, including hematopoietic diseases, metabolic disorders, cancers, and autoimmune diseases.",042-715-645-747-850,
Composition,Unconjugated Antibody,,[],[],"The broadest independent claim is directed to an isolated monoclonal antibody that specifically binds to IL-7Rα. While there are claims related to ADCs and methods of treatment, the primary inventive concept is the unconjugated antibody itself.",041-580-009-012-800,
Clinical,,,"['nonsquamous non-small cell lung cancer', 'colorectal cancer', 'gastric cancer', 'gastroesophageal junction cancer', 'esophageal cancer', 'lung cancer', 'uterine cervix cancer', 'pancreatic cancer', 'ovarian cancer', 'thyroid cancer', 'bladder cancer', 'endometrial cancer', 'breast cancer', 'liver cancer', 'biliary tract cancer', 'prostate cancer', 'skin cancer']","['advanced or metastatic NSQ NSCLC', 'NSQ NSCLC with no EGFR sensitizing mutation or BRAF mutation or ALK/ROS alterations', 'subjects with no prior systemic chemotherapy']","The patent's broadest independent claim focuses on a method of treatment using a combination of an ADC and an anti-PD-1/PD-L1 antibody for various cancers. It specifies clinical indications and patient populations, making it a 'Clinical' patent.",037-972-056-734-353,
Clinical,,,"['HER2 positive cancer', 'HER2 positive breast cancer', 'HER2 positive gastric cancer']","['HER2 positive', 'resistant to treatment', 'sensitive to treatment']","The patent's broadest independent claims focus on methods of treating cancer using a combination of an anti-HER2 ADC and a Bcl-2 inhibitor. The claims specify treatment of HER2 positive cancers, including breast and gastric cancers, and address patient populations based on treatment resistance or sensitivity.",058-205-640-421-078,
Clinical,,,['multiple myeloma'],['relapsed/refractory multiple myeloma'],"The patent's broadest independent claim focuses on a method of treating multiple myeloma using a combination therapy involving an anti-BCMA ADC, bortezomib, and dexamethasone. The claims specify treatment regimens and patient populations, indicating a clinical focus.",057-644-787-426-058,
Clinical,,,"['cancer', 'tumor', 'glioblastoma multiforme', 'colon cancer', 'prostate cancer', 'lung cancer']",[],The primary focus of the patent is on methods of treating or preventing cancer using a combination of anti-cancer agents. The claims are centered around treatment methods rather than the composition of the drugs themselves.,070-848-197-935-368,
Clinical,,,['multiple myeloma'],"['individuals with renal impairment', 'individuals with chronic obstructive pulmonary disorder (COPD)', 'individuals with asthma', 'individuals with bronchospasms', 'individuals who received at least two prior therapies', 'individuals under 75 years of age', 'individuals 75 years of age or older', 'individuals with cytogenetic abnormalities', 'individuals refractory to prior therapy', 'individuals with minimal residual disease (MRD) negative']","The patent's primary focus is on methods of treating multiple myeloma, specifically targeting patient populations with renal impairment and those who have undergone prior therapies. The claims detail specific dosing regimens and patient characteristics, indicating a clinical focus.",076-497-710-944-617,
Clinical,,,"['inflammatory disease', 'chronic inflammation', 'age-related inflammation', 'inflammatory peripheral GnRH', 'rheumatoid arthritis', 'inflammatory bowel disease', 'spondyloarthritis', 'systemic sclerosis', 'psoriasis', 'nephritis', 'multiple sclerosis', 'osteoarthritis', 'ankylosing spondylitis', 'colitis', ""Crohn's disease"", 'osteoporosis', 'cardiovascular disease', 'metabolic syndrome', 'cancer inflammation']",[],"The patent's broadest independent claim focuses on the use of a GnRH antagonist for the treatment or prevention of various inflammatory conditions, indicating a clinical focus. The claims specify a range of inflammatory diseases and conditions as treatment targets.",090-088-952-789-197,
Composition,Unconjugated Antibody,,[],[],"The broadest independent claim is directed to an anti-VTCN1 antibody, specifying its variable regions and CDR sequences. This indicates the patent primarily claims an unconjugated antibody, rather than a full ADC or method of treatment.",092-526-463-933-100,
Clinical,,,['blastic plasmacytoid dendritic cell neoplasm (BPDCN)'],"['adult human patients', 'patients with CNS involvement', 'patients with relapsed or refractory BPDCN', 'patients with prior systemic therapies', 'patients with prior or concomitant hematological malignancy']","The patent's broadest independent claim focuses on methods of treating BPDCN using pivekimab sunirine, indicating a clinical focus. The claims detail specific dosing regimens and patient populations, reinforcing the classification as a clinical patent.",119-709-735-467-888,
Composition,Full ADC,,[],[],"The primary focus of the patent is on the composition of an antibody-drug conjugate (ADC) targeting mesothelin, as evidenced by the broadest independent claim. The claims specify the antibody, linker, and payload components, classifying it as a 'Full ADC'.",113-174-130-402-647,
Clinical,,,"['cancer', 'metastatic cancer']",[],The primary focus of the patent is on a method of treatment involving the intraoperative administration of a composition at a tumor resection site. The claims are centered around the clinical application of this method for treating cancer and metastatic cancer.,118-374-393-332-351,
Composition,Full ADC,,[],[],"The broadest independent claim (claim 116) describes an antibody-drug conjugate (ADC) comprising an antibody, a cleavable linker, and the payload eribulin. This indicates the patent primarily claims a full ADC composition, specifying all three components: antibody, linker, and payload.",132-954-207-567-084,
Composition,Conjugated Antibody,,[],[],"The patent claims a lyophilized nanoparticle composition comprising antibodies bound to albumin and paclitaxel, with the antibodies specified to bind to various targets. The focus is on the composition of the nanoparticles, particularly the antibodies, making it a 'Conjugated Antibody' subtype.",130-037-283-456-06X,
Composition,Full ADC,,[],[],"The primary focus of the patent is on a pharmaceutical composition comprising a specific anti-Claudin18.2 antibody-drug conjugate, which includes details of the antibody, linker, and payload. The claims are centered around the composition of the full ADC, making it a 'Full ADC' under the composition category.",150-345-314-609-293,
Composition,Conjugated Linker,,[],[],"The primary focus of the patent is on the composition of heterobifunctional molecules, specifically detailing the structure of linkers that can bind to target proteins and antibodies. The claims are centered around the chemical structure of these linkers, making it a 'Conjugated Linker' subtype.",159-520-538-582-790,
Composition,Conjugated Antibody,,[],[],"The primary focus of the patent is on an isolated antibody that binds specifically to human neurotensin receptor 1 (hNTSR1). Although there are claims related to antibody-drug conjugates, the broadest independent claim is for the isolated antibody itself, making it a 'Conjugated Antibody' under the composition category.",161-330-076-048-562,
Composition,Conjugated Antibody,,[],[],"The primary focus of the patent is on isolated antibodies and their derivatives, which are specified in detail. The claims include compositions where these antibodies are conjugated to various active agents, indicating a 'Conjugated Antibody' subtype.",166-367-378-523-534,
Clinical,,,"['prostate cancer', 'ovarian cancer', 'malignant brain tumors', 'melanoma', 'breast cancer', 'lung cancer', 'triple negative breast cancer']",[],"The patent primarily claims methods of treating cancer using compositions with ultrasmall nanoparticles in combination with various therapies. The focus is on treatment methods rather than the composition itself, classifying it as a clinical patent.",168-524-728-171-057,
Clinical,,,"['FOLR1-expressing cancer', 'ovarian cancer', 'peritoneal cancer', 'fallopian cancer', 'endometrial cancer', 'lung cancer', 'platinum-resistant epithelial ovarian cancer']","['platinum-resistant', 'platinum-sensitive', 'primary platinum refractory']","The patent's broadest independent claim focuses on a method of treating FOLR1-expressing cancers using a combination of an immunoconjugate and bevacizumab. The claims detail specific dosing regimens and patient populations, indicating a clinical focus.",183-751-098-765-451,
Clinical,,,"['diffuse large B-cell lymphoma', 'follicular lymphoma Grade 3B']","['previously untreated', 'histologically confirmed CD20+', 'high-grade B cell lymphoma with MYC and Bcl-2 and/or Bcl-6 translocations', 'International Prognostic Index (IPI) score of 2-5']","The patent's primary focus is on a method of treating diffuse large B-cell lymphoma using a bispecific antibody in combination with other drugs. The claims detail specific dosing regimens and patient populations, indicating a clinical focus.",056-868-587-527-23X,
Composition,Full ADC,,[],[],"The primary claim of the patent is directed towards an antibody-drug conjugate (ADC) with a specific formula targeting Claudin18.2, which includes the antibody, linker, and payload components. This indicates a 'Full ADC' composition subtype as all three components are specified in the claims.",074-782-747-823-421,
Clinical,,,"['hematopoietic cancer', 'B-cell lymphoma', 'B-cell leukemia', 'myeloid leukemia', 'multiple myeloma', 'cancers of the skin', 'esophagus', 'stomach', 'colon', 'rectum', 'pancreas', 'lung', 'breast', 'ovary', 'bladder', 'endometrium', 'cervix', 'testes', 'kidney', 'liver', 'melanoma', 'HLA-DR-producing tumors']","['metastatic', 'refractory']","The primary focus of the patent is on a method of treating hematopoietic cancers using a combination of ADCs and kinase inhibitors. The claims are centered around clinical applications, including specific cancer types and patient populations, such as metastatic and refractory cases.",118-892-093-901-743,
Clinical,,,"['hematopoietic stem cell transplant', 'stem cell disorder', 'hemoglobinopathy disorder', 'autoimmune disorder', 'myelodysplastic disorder', 'immunodeficiency disorder', 'metabolic disorder', 'cancer']",[],The patent's broadest independent claims focus on methods of treatment involving the use of antibody-drug conjugates for depleting specific cell populations in preparation for hematopoietic stem cell transplantation. The claims are centered around clinical applications rather than the composition of the ADCs themselves.,095-229-424-650-27X,
Composition,Full ADC,,[],[],"The patent's broadest independent claim is directed to a ligand-drug conjugate, specifically an anti-B7H3 antibody-exatecan analog conjugate, which includes all three components: antibody, linker, and payload. Therefore, it is classified as a 'Full ADC' under the 'Composition' category.",174-918-957-251-746,
Clinical,,,"['acute and/or chronic infection', 'sepsis', 'cancer', 'immunosenescence in aging']",[],"The primary focus of the patent is on methods of treating diseases associated with immune suppression using a specific antibody composition. The claims are centered around treatment methods, making it a clinical patent.",197-739-138-071-304,
Composition,Full ADC,,[],[],"The primary claim of the patent is directed towards an antibody-drug conjugate (ADC) comprising a specific anti-B7-H4 antibody, linker, and cytotoxic drug. This indicates a 'Full ADC' composition as it specifies all three components of the ADC construct.",095-835-886-391-671,
Clinical,,,"['cancer', 'hematological cancer', 'solid tumor', 'lymphoma', 'leukemia', 'myeloma', 'multiple myeloma', 'breast cancer', 'lung cancer', 'hepatocellular carcinoma']",['relapsed or refractory lymphoma'],"The patent's broadest independent claims focus on methods for treating cancer by administering a combination of CXCR4 and ADRB2 inhibitors. The claims specify various cancer types and patient populations, indicating a clinical focus.",135-963-008-140-102,
Clinical,,,"['endocrine cancer', 'head and neck cancer', 'hepatobiliary cancer', 'ovarian cancer', 'renal cancer', 'thyroid cancer', 'carcinoma', 'sarcoma', 'blastoma', 'papilloma', 'adenoma', 'metastatic cancer']",[],The primary focus of the patent is on a method for treating various types of cancer using a specific antibody-polynucleotide complex. The claims are centered around the therapeutic application rather than the composition itself.,060-572-776-599-023,
Composition,Conjugated Payload,,[],[],"The patent primarily claims novel camptothecin derivatives and their conjugates, focusing on the payload aspect of ADCs. The claims detail the structure of the payload and its conjugation possibilities, with less emphasis on the specific antibodies or linkers used.",061-775-600-756-669,
Clinical,,,['multiple myeloma'],"['newly diagnosed', 'ineligible for autologous stem cell transplant']","The primary focus of the patent is on methods of treating multiple myeloma using a combination of an anti-CD38 antibody with other drugs. The claims are centered around treatment regimens and specific patient populations, indicating a clinical patent type.",010-793-233-013-116,
Clinical,,,"['melanoma', 'pancreatic cancer', 'lung cancer', 'ocular melanoma', 'oral melanoma', 'intestinal melanoma', 'Burkitt lymphoma', 'leukemia', 'sarcoma', 'lymphoma', 'multiple myeloma', 'brain cancer', 'neuroblastoma', 'medulloblastoma', 'astrocytoma', 'glioblastoma', 'ovarian cancer', 'cervix cancer', 'uterine cancer', 'colorectal cancer', 'breast cancer', 'stomach cancer', 'thyroid cancer', 'liver cancer', 'prostate cancer', 'esophagus cancer', 'kidney cancer', 'bladder cancer', 'gall bladder cancer']",[],"The patent's broadest independent claims focus on methods of treating cancers using a GPER-specific agonist and a PD-1 checkpoint inhibitor. The claims specify various cancer types, indicating a clinical focus on treatment methods rather than composition or manufacturing processes.",013-277-040-183-731,
Clinical,,,"['B-cell proliferative disorder', 'Follicular Lymphoma', 'Diffuse Large B-Cell Lymphoma']",[],"The patent's broadest independent claim focuses on a method of treating B-cell proliferative disorders using an immunoconjugate in combination with other therapeutic agents. The claims detail specific treatment regimens and combinations, indicating a clinical focus.",012-414-448-219-453,
Clinical,,,['cancer'],[],"The patent's main focus is on methods of treatment using arctigenin to enhance anticancer effects and alleviate side effects, which classifies it under 'Clinical'. The claims specifically address methods for normalizing blood vessels, enhancing drug delivery, and alleviating side effects in cancer treatment.",017-271-610-160-135,
Clinical,,,"['cancer that expresses human B-cell maturation antigen (BCMA)', 'hematological cancer', 'myeloma', 'leukemia', 'lymphoma', 'multiple myeloma', ""non-Hodgkin's lymphoma"", ""Hodgkin's lymphoma""]",[],"The patent's broadest independent claims focus on methods for treating cancers expressing BCMA using specific antibodies. The claims detail treatment methods rather than the composition of the antibodies themselves, classifying it as a clinical patent.",019-379-378-561-512,
Composition,Conjugated Payload,,[],[],"The primary claim is directed to a nanoparticle composition that includes a binding agent, a carrier protein, and a specific payload, paclitaxel. This indicates a focus on the payload within the composition, classifying it as a 'Conjugated Payload'.",028-292-264-050-76X,
Clinical,,,"['urothelial cancer', 'metastatic urothelial cancer']","['patients previously treated with platinum-containing chemotherapy', 'patients relapsed from or refractory to PD-1 or PD-L1 inhibitor treatment']","The patent's claims focus on methods of treating urothelial cancer using the ADC sacituzumab govitecan, specifying dosing regimens and patient populations. The primary inventive concept is the clinical application of the ADC for specific cancer treatments.",032-026-305-214-090,
Clinical,,,['biliary tract cancer'],"['HER2-positive', 'unresectable', 'metastatic']","The patent's primary focus is on a method of treating HER2-positive biliary tract cancer using a bispecific antigen-binding construct. The claims detail specific treatment regimens and patient populations, indicating a clinical focus.",060-627-551-865-138,
Composition,Conjugated Linker,,[],[],"The primary claim of the patent is directed towards a fusion polypeptide comprising a COF1/CRBN-binding polypeptide and a heterologous polypeptide, which suggests a focus on a conjugated linker. The claims do not specify a complete ADC construct, but rather emphasize the linker component in the context of protein degradation.",060-903-973-741-862,
Composition,Dual Combination,,[],[],"The primary claim is directed to a controlled-release pharmaceutical implant comprising specific therapeutic agents (tocilizumab, fenretinide, and 2-methoxyestradiol) in a defined polymeric structure. This indicates a composition patent, specifically a dual combination of therapeutic agents within a delivery system.",068-320-733-008-334,
Composition,Full ADC,,[],[],"The broadest independent claim (claim 55) describes an antibody conjugate with specific CDRs linked to a payload moiety, indicating a full ADC construct. The claims focus on the composition of the ADC, specifying both the antibody and the payload, which classifies it as a 'Full ADC'.",085-228-483-767-868,
Clinical,,,['cancer'],[],"The patent's broadest independent claims focus on methods of treating cancer using fluorochemical compositions. The claims detail the administration of these compositions in combination with secondary therapies, indicating a clinical focus.",099-621-498-786-569,
Composition,Full ADC,,[],[],"The primary focus of the patent is on the composition of an anti-CD123 antibody-drug conjugate, specifying the antibody, linker, and payload components. The broadest independent claim is directed towards the ADC compound itself, making it a 'Full ADC' composition.",116-731-074-054-630,
Clinical,,,['urothelial cancer'],"['metastatic', 'refractory']","The patent's broadest independent claim focuses on a method of treating urothelial cancer using the ADC sacituzumab govitecan, specifying dosing regimens and patient populations, such as metastatic and refractory cases. This indicates a primary focus on clinical application.",109-540-019-111-684,
Composition,Full ADC,,[],[],"The primary claim is directed to an antibody-drug conjugate (ADC) comprising a specific antibody, linker, and cytotoxic drug, which fits the 'Full ADC' subtype. The method of treatment claims are secondary to the composition claims.",105-742-629-897-688,
Composition,,,[],[],"The primary claim is directed to a composition comprising inhibitory nucleic acids targeting CX3CL1, encapsulated in specific delivery vehicles. The method claims are dependent on the composition, making 'Composition' the appropriate classification.",124-669-891-894-555,
Clinical,,,"['oral squamous cell carcinoma', 'prostate cancer', 'breast cancer']",[],"The patent's broadest independent claims focus on methods of chemoprevention using controlled-release formulations, which are clinical treatment methods. The claims specify indications such as oral squamous cell carcinoma, prostate cancer, and breast cancer.",148-014-647-882-548,
Composition,Conjugated Antibody,,[],[],"The primary claim is directed to a composition comprising an anti-metabolite agent and a monoclonal antibody targeting TEM8. The antibody is specified by its variable regions, making it a 'Conjugated Antibody' as the payload and linker are not specified.",151-262-483-237-921,
Composition,Full ADC,,[],[],"The primary claim of the patent is directed towards an anti-huLRRC15 antibody drug conjugate (ADC) that specifies the antibody, linker, and payload components. This indicates a 'Full ADC' composition subtype as it details the complete ADC construct.",150-578-881-102-090,
Composition,Dual Combination,,[],[],"The primary claim is directed to a pharmaceutical combination product comprising a liposomal formulation with a bacterial lipopolysaccharide and a cytotoxic compound. This indicates a dual combination of components, focusing on the composition of the product rather than its clinical application.",148-964-819-330-379,
Clinical,,,"['ovarian cancer', 'metastatic breast cancer', 'adenocarcinoma of the pancreas', 'gastrointestinal cancer', 'bladder cancer', 'cervical cancer', 'lung cancer', 'non-small cell lung cancer', 'renal cell carcinoma']",[],"The patent primarily claims methods of treating cancer using a specific compound, focusing on clinical applications and treatment regimens. The claims detail specific cancer types being treated, indicating a clinical focus.",175-486-487-503-100,
Composition,Unconjugated Antibody,,[],[],"The primary focus of the patent is on the isolated monoclonal antibody that binds to Claudin 18.2, as evidenced by the broadest independent claim. The claims detail the specific sequences of the antibody, indicating it is an unconjugated antibody composition.",173-986-406-863-744,
Composition,Conjugated Antibody,,[],[],"The primary focus of the patent is on the composition of bispecific antibodies, with claims detailing the structure and specificity of the antibodies. Although there are method-of-treatment claims, the broadest independent claims are related to the antibody composition, specifically with conjugation to cytotoxic moieties, making it a 'Conjugated Antibody' subtype.",094-761-945-332-431,
Composition,Conjugated Antibody,,[],[],"The primary claim of the patent is directed towards a conjugate comprising an anti-EGFR1 antibody and a dextran derivative. The focus is on the specific antibody and its conjugation, with the linker and payload being broadly defined, classifying it as a 'Conjugated Antibody'.",185-929-779-571-781,
Composition,Conjugated Antibody,,[],[],"The primary claim is directed to a composition comprising a non-covalent complex of an antibody or its variant and a therapeutic polynucleotide. The antibody is specified with particular CDR sequences, making it a 'Conjugated Antibody' subtype.",107-109-893-912-196,
Clinical,,,"['hematologic malignancy', 'acute myeloid leukemia', 'myelodysplastic syndrome', 'B-cell acute lymphoblastic leukemia', 'chronic myeloid leukemia in blast crisis/phase', 'blastic plasmacytoid dendritic cell neoplasm']","['relapsed and/or refractory AML', 'relapsed BPDCN and/or refractory BPDCN', 'front line BPDCN', 'relapsed ALL and/or refractory ALL', 'CD123-expressing hematological malignancy']","The patent's broadest independent claim focuses on a method of treatment using an anti-CD123 immunoconjugate for various hematologic malignancies. The claims detail specific dosing regimens and patient populations, indicating a primary focus on clinical applications.",193-836-559-125-699,
Composition,,,[],[],"The primary focus of the patent is on a pharmaceutical composition comprising a lipid mixture, an active agent, and a biocompatible hydrogel for reducing ocular side effects. The claims are centered around the composition itself rather than specific methods of treatment or clinical applications.",070-546-591-028-025,
Clinical,,,['cancer'],[],"The primary focus of the patent is on a method of generating macrophages with enhanced cancer phagocytosis, which is a treatment method. The claims are centered around the clinical application of these macrophages for cancer treatment.",043-925-136-348-909,
Clinical,,,"[""B-cell lineage non-Hodgkin's Lymphoma"", 'diffuse large B-cell lymphoma', 'follicular lymphoma', 'Mantle Cell lymphoma', 'chronic lymphatic lymphoma', 'Waldenstrom macroglobulinemia', 'Marginal Zone B-cell lymphoma']",[],"The patent's primary focus is on a method of treating B-cell lineage non-Hodgkin's Lymphoma using a specific dosing regimen of a CD19-ADC. The claims are centered around treatment methods and dosing regimens, classifying it as a 'Clinical' patent.",033-065-210-086-602,
Composition,,,[],[],"The primary focus of the patent is on a lipid nanoparticle composition that includes a nucleic acid encoding a chimeric antigen receptor or an exogenous T cell receptor. The broadest independent claim is directed to the composition of the lipid nanoparticle itself, making it a 'Composition' patent.",168-023-754-109-606,
CMC,,Conjugation Method,[],[],"The primary focus of the patent is on the method for preparing an antibody-drug conjugate, detailing the steps involved in the conjugation process. The claims emphasize the reaction conditions and steps for synthesizing the ADC, which aligns with the 'Conjugation Method' subtype under CMC.",005-062-533-970-049,
Composition,Full ADC,,[],[],"The patent's broadest independent claim is focused on an antibody or antigen-binding fragment that specifically binds to c-Met, and it includes claims for an antibody-cytotoxic drug conjugate. This indicates a composition type with a full ADC, as it specifies the antibody, linker, and payload components.",007-796-574-636-683,
Clinical,,,"['cancer', 'kidney cancer', 'colon cancer', 'lung cancer', 'liposarcomas', 'brain cancer', 'breast cancer', 'melanoma', 'liver cancer', 'head and neck cancer', 'prostate cancer']",[],"The patent's broadest independent claim is a method of treatment involving the administration of an alkylating agent and a monoclonal antibody. The claims focus on treating various cancers, indicating a clinical focus.",040-691-208-777-617,
Composition,Full ADC,,[],[],"The primary claim is directed to a conjugate of an antibody that binds to PSMA with a specified payload, indicating a full ADC. The claims focus on the composition of the ADC, including the antibody and drug loading, without detailing manufacturing or clinical methods.",033-358-881-331-399,
Composition,Full ADC,,[],[],"The primary claim is directed to an antibody drug conjugate comprising a bispecific antibody and a drug conjugate, which specifies the antibody, linker, and payload components. This classifies it as a 'Full ADC' under the composition category.",042-986-153-017-813,
Clinical,,,"['malignant tumor', 'epithelial cancer', 'mesothelioma', 'sarcoma', 'hematopoietic tumor', 'tumors of the central nervous system', 'retinoblastoma', 'tumors of the peripheral nervous system']",[],"The patent's broadest independent claim focuses on a method of treating tumors using a combination of compounds, indicating a clinical focus. The claims specify various types of cancers as indications for treatment.",056-403-052-615-882,
Composition,Unconjugated Payload,,[],[],"The primary focus of the patent is on the compounds of Formula (Ib) as kinase inhibitors, which are chemical entities. The claims are centered around the chemical structure and variations of these compounds, indicating that the patent is primarily about the composition of these compounds as potential drugs.",088-394-273-868-532,
Composition,Full ADC,,[],[],"The patent claims a full antibody-drug conjugate (ADC) construct, including a cell-binding agent (antibody), a cytotoxic agent (payload), and a linker. The broadest independent claim focuses on the composition of these conjugates, classifying it as a 'Full ADC'.",102-879-620-947-528,
Composition,Dual Combination,,[],[],"The broadest independent claim is a pharmaceutical composition comprising seviteronel and dexamethasone. This indicates a 'Composition' patent type, specifically a 'Dual Combination' as it involves two active components.",102-812-332-777-919,
Composition,Unconjugated Antibody,,[],[],"The primary focus of the patent is on a protein that recognizes a drug moiety of an antibody-drug conjugate, specifically detailing the sequences of antibodies that can bind to the drug moiety. This indicates the invention is centered around an unconjugated antibody component.",122-453-230-476-406,
Composition,Unconjugated Antibody,,[],[],"The primary focus of the patent is on the composition of an antibody that binds to CXCL16, as evidenced by the broadest independent claim. The claims detail the specific sequences and variants of the antibody, indicating it is an unconjugated antibody composition.",126-861-271-508-521,
Composition,Conjugated Antibody,,[],[],"The primary claim is directed to a composition comprising a taxane and a monoclonal antibody with specific variable regions and ADCC capability. The antibody is specified, while the linker and payload are not, classifying it as a 'Conjugated Antibody'.",111-008-785-280-752,
Composition,Conjugated Payload,,[],[],"The primary claim is directed to a pharmaceutical composition comprising a specific compound and at least one therapeutic agent, including chemotherapeutic or biological agents. The focus is on the payload component of the composition, with the compound being specified in detail, while the other components are broadly defined.",106-162-813-048-382,
Composition,Dual Combination,,[],[],"The primary claim is directed to a pharmaceutical combination comprising an FGFR4 inhibitor and an antibody against human DLK-1. This indicates a dual combination of two therapeutic agents, rather than a full ADC or a single component specification.",119-104-710-826-619,
Clinical,,,"['ovarian cancer', 'esophageal cancer', 'head and neck squamous cell carcinoma', 'pancreatic cancer', 'pancreatic ductal adenocarcinoma']",[],"The primary focus of the claims is on methods of treating cancer using specific antibodies and anti-cancer agents. The claims detail treatment methods for specific cancer types, indicating a clinical focus.",150-715-407-782-699,
Clinical,,,"['hematologic cancer', 'classical Hodgkin Lymphoma', 'non-Hodgkin Lymphoma', 'cutaneous T-cell lymphoma', 'anaplastic large cell lymphoma']","['adult patients', 'subjects with CD30-expressing cancer', 'subjects with PD-L1 or PD-L2 expressing cancer', 'subjects with stage IIA with bulky disease, stage IIB, stage III or stage IV classical Hodgkin Lymphoma', 'subjects with systemic anaplastic large cell lymphoma', 'subjects with mycosis fungoides', 'subjects with primary cutaneous anaplastic large cell lymphoma']","The patent's primary focus is on a method of treating hematologic cancers using a combination of an anti-CD30 ADC, an anti-PD-1 antibody, and chemotherapeutics. The claims detail specific treatment regimens and patient populations, indicating a clinical focus.",127-723-024-159-724,
Composition,Full ADC,,[],[],"The primary focus of the patent is on the composition of anthracycline derivative conjugates, specifically detailing the structure of the full ADC, including the antibody, linker, and payload. The claims are centered around the chemical structure and components of the ADC, making it a 'Full ADC' composition patent.",131-629-447-436-272,
Clinical,,,"['solid tumor', 'non-small cell lung cancer', 'squamous cell carcinoma of the head and neck']","['PD-L1 positive', 'relapsed or refractory to treatment', 'HLA: A*02 haplotype']","The patent's broadest independent claim focuses on a method of treating solid tumors using a PD-L1 binding molecule, indicating a clinical focus. The claims detail specific dosing regimens and patient populations, such as PD-L1 positive and relapsed or refractory patients.",138-493-424-883-779,
Composition,Full ADC,,[],[],"The primary claim of the patent is directed towards an antibody-drug conjugate (ADC) that includes a specific antibody, linker, and anthracycline-based payload. This indicates a 'Full ADC' composition subtype as all three components are specified in the claims.",140-531-952-715-206,
Clinical,,,"['cancer', 'lung cancer', 'non-small cell lung cancer']",[],"The primary focus of the patent is on a method of treating cancer using a specific compound, with claims detailing its use in combination with immunotherapeutic agents. The broadest independent claim is a method of treatment, classifying it under 'Clinical'.",197-994-295-133-28X,
Composition,Unconjugated Antibody,,[],[],"The primary focus of the patent is on the composition of fixed-dose HER2 antibody formulations for subcutaneous administration. The claims detail the specific antibody sequences and formulations, indicating it is an unconjugated antibody composition.",180-227-039-415-574,
Clinical,,,"['endometrial cancer', 'metastatic endometrial cancer']","['relapsed', 'refractory']","The patent's broadest independent claim focuses on a method of treating endometrial cancer using an ADC, specifically sacituzumab govitecan. The claims detail specific dosing regimens and patient populations, indicating a clinical focus.",177-881-285-189-435,
Composition,Conjugated Antibody,,[],[],"The patent's broadest independent claim is directed to an isolated antibody or antigen-binding fragment that specifically binds to human CD8. The claims focus on the antibody as a targeting moiety for lipid nanoparticles, indicating a 'Conjugated Antibody' subtype.",185-660-032-044-677,
Composition,Full ADC,,[],[],"The primary claim is directed to a medicament comprising an ADC and a proteasome inhibitor, which indicates a composition focus. The ADC is specified with an antibody targeting BCMA, a nucleic acid cross-linking agent, and a proteasome inhibitor, classifying it as a 'Full ADC'.",060-584-010-362-880,
Clinical,,,"['hematopoietic stem cell transplant rejection', 'hemoglobinopathy disorder', 'autoimmune disorder', 'stem cell disorder', 'myelodysplastic disorder', 'immunodeficiency disorder', 'cancer', 'metabolic disorder']",[],"The primary focus of the patent is on methods of treatment using anti-CD5 antibody-drug conjugates to deplete CD5+ cells in various clinical settings. The claims are centered around therapeutic applications, indicating a 'Clinical' classification.",134-681-721-274-438,
Composition,Full ADC,,[],[],"The primary claim of the patent is directed towards an antibody-drug conjugate (ADC) comprising a PD-L1 antibody and a TLR7 agonist, which specifies the antibody, linker, and payload components. This classifies it as a 'Full ADC' under the composition category.",130-524-430-110-148,
Composition,Conjugated Antibody,,[],[],"The primary focus of the patent is on anti-TROP2 antibodies and their use in ADCs, with detailed claims on the antibody sequences. The claims specify the antibody component, while the linker and payload are broadly defined, classifying it as a 'Conjugated Antibody'.",154-963-898-241-907,
Clinical,,,"['cancer', 'autoimmune disease', 'CD20 positive cancer', 'hematological malignancy', 'lymphoma', 'leukemia', 'chronic lymphocytic leukemia', ""non-Hodgkin's lymphoma"", 'follicular lymphoma', 'marginal zone lymphoma', 'mantle cell lymphoma', 'Diffuse large B-cell lymphoma', 'Burkitt lymphoma', 'Rheumatoid Arthritis', 'Granulomatosis with Polyangiitis', 'Microscopic Polyangiitis', 'pemphigus vulgaris', 'thrombotic thrombocytopenic purpura', 'Rasmussen encephalitis']",[],"The patent's broadest independent claim focuses on a method of treating cancer or autoimmune diseases using a combination of a SUMO-activating enzyme inhibitor and an anti-CD20 antibody. Therefore, it is classified under 'Clinical' with specific indications extracted from the claims.",048-451-572-092-583,
Clinical,,,"['multiple myeloma', 'cancer']","['relapsed multiple myeloma', 'refractory multiple myeloma']","The patent's broadest independent claims focus on methods of treating multiple myeloma and cancer using a bispecific antibody. The claims detail specific dosing regimens and combination therapies, indicating a clinical focus.",101-504-411-124-675,
Composition,Unconjugated Antibody,,[],[],"The primary focus of the patent is on the anti-HER2 affibody, which is an unconjugated antibody intermediate. The claims detail the specific amino acid sequences of the affibody, indicating it as the main inventive concept.",003-906-692-220-477,
Clinical,,,['multiple myeloma'],[],The patent's broadest independent claims focus on methods of killing multiple myeloma cells using an ADC targeting BCMA. This indicates a primary focus on clinical applications rather than the composition of the ADC itself.,021-687-538-518-692,
Composition,Conjugated Linker,,[],[],"The primary focus of the patent is on a compound that includes a conjugated linker, which connects an antibody binding moiety, a cell binding moiety, and a Toll-like receptor agonist. The claims detail the chemical structure of the linker and its connections, indicating a 'Conjugated Linker' subtype.",023-086-043-191-762,
Composition,Conjugated Antibody,,[],[],"The primary focus of the patent is on isolated antibodies that bind to CD74 and their conjugation to therapeutic moieties. The broadest independent claims are directed towards the antibodies themselves, with specific sequences and binding properties, and their potential conjugation, making it a 'Conjugated Antibody' composition.",025-916-184-405-392,
Clinical,,,['head and neck squamous cell carcinoma'],"['recurrent and/or metastatic', 'platinum-refractory']","The patent's primary focus is on methods of treating head and neck squamous cell carcinoma using a combination of IL-2 conjugates and cetuximab. The claims detail specific patient populations, such as those with recurrent, metastatic, or platinum-refractory HNSCC.",049-026-041-812-00X,
Composition,Conjugated Payload,,[],[],"The primary claim is directed to a composition comprising a prodrug with a cytotoxic agent conjugated to a hydrophilic moiety, along with an immunomodulator. The focus is on the payload (cytotoxic agent) being conjugated, while the other components are broadly defined.",071-394-537-940-984,
Clinical,,,['ovarian cancer'],[],The primary claim is a method of treating ovarian cancer using a combination of chemotherapeutic agents and an anti-STn antibody. This indicates a focus on clinical treatment methods rather than composition or manufacturing aspects.,083-162-311-862-066,
CMC,,Formulation/Stability,[],[],"The primary focus of the patent is on the formulation of an aqueous composition containing an antibody-drug conjugate. The claims detail specific components and conditions of the formulation, indicating a focus on formulation and stability aspects rather than the composition of the ADC itself or clinical applications.",095-013-072-758-654,
Composition,,,[],[],"The primary focus of the patent is on a pharmaceutical composition comprising a hyaluronic acid derivative and an antigen for use with lymphocytes. The broadest independent claim is directed to the composition itself, rather than a specific method of treatment or clinical application.",082-192-942-664-649,
Clinical,,,"['squamous cell carcinoma of the head and neck', 'lung cancer', 'esophageal cancer']","['recurrent and/or metastatic SCCHN', 'subjects with detectable expression level of PD-L1', 'subjects previously treated with a platinum-based chemotherapeutic agent and a non-platinum-based chemotherapeutic agent']","The patent's broadest independent claim focuses on methods of treating specific cancers using an anti-TIGIT antagonist antibody in combination with a PD-1 axis binding antagonist. The claims detail specific dosing regimens and patient populations, indicating a clinical focus.",095-818-220-815-197,
Composition,Conjugated Antibody,,[],[],"The primary claim is directed to an antibody or antigen-binding fragment that binds to BCMA, with a specific mention of conjugation with an anti-cancer drug. This indicates a focus on the antibody component of an ADC, making it a 'Conjugated Antibody' subtype.",093-214-768-613-11X,
Composition,Unconjugated Antibody,,[],[],"The patent primarily claims compositions comprising RNA encoding antibody chains, focusing on the production of assembled antibodies. The claims do not specify a linker or payload, indicating an unconjugated antibody composition.",137-670-001-159-242,
Composition,Full ADC,,[],[],"The primary claim of the patent is directed towards an antibody-polymer-drug conjugate, which includes a targeting antibody, a polymer, and a therapeutic agent. This indicates a full ADC composition as it specifies all three components: antibody, linker (polymer), and payload (therapeutic agent).",149-294-063-356-435,
Composition,Unconjugated Payload,,[],[],"The patent claims focus on novel macrocyclic compounds and their salts, which are described as having therapeutic effects. The claims do not specify any conjugation with antibodies or linkers, indicating that the primary inventive concept is an unconjugated payload.",157-270-927-298-337,
Composition,Full ADC,,[],[],"The primary claim is directed to an immunoconjugate comprising an anti-EGFR antibody and a kinase inhibitor, which specifies the antibody, linker, and payload components. This classifies the patent as a 'Full ADC' under the 'Composition' category.",179-698-917-483-710,
Composition,Full ADC,,[],[],"The primary claim of the patent is directed towards an antibody-drug conjugate (ADC) that specifies the antibody, linker, and payload components. This indicates a 'Full ADC' composition subtype as all three components are defined in the claims.",188-423-393-345-213,
Composition,Dual Combination,,[],[],"The primary claim is directed to a combined pharmaceutical composition comprising an anti-PD-L1 antibody and a c-Met kinase inhibitor. This indicates a dual combination of two active components, which fits the 'Dual Combination' subtype under 'Composition'.",195-706-932-323-368,
Composition,Conjugated Antibody,,[],[],"The primary focus of the patent is on the anti-CD3 antibody with non-natural amino acids, which is conjugated to a folate moiety. The claims detail the specific sequences and modifications of the antibody, indicating a 'Conjugated Antibody' subtype.",143-412-544-585-390,
Composition,Conjugated Antibody,,[],[],"The patent primarily claims an antibody and its conjugation to a drug, with specific focus on the antibody's variable regions and its ability to bind CD73. The claims detail the antibody structure and its conjugation, but the linker and payload are broadly defined, making it a 'Conjugated Antibody' subtype.",076-443-207-661-325,
Composition,Full ADC,,[],[],"The primary focus of the patent is on a cytotoxic conjugate comprising a specific antibody that binds to the CA6 glycotope and a cytotoxic agent, which fits the definition of a full ADC. The claims detail the antibody, linker, and payload components, indicating a complete ADC construct.",005-140-052-551-100,
Composition,Conjugated Antibody,,[],[],"The primary focus of the patent is on antibodies and antigen-binding fragments that specifically bind to c-Met, which are used in various forms including immunoconjugates. The claims detail the structure of these antibodies, indicating a 'Conjugated Antibody' subtype as the linker and payload are broadly defined.",022-254-208-574-272,
Composition,Full ADC,,[],[],"The primary claim of the patent is directed towards an antibody-drug conjugate (ADC) composition, specifying the antibody, linker, and payload components. The claims detail the structure of the ADC, including the anti-CD19 antibody, the linker, and the active agents, which classifies it as a 'Full ADC'.",028-171-626-197-013,
Composition,Unconjugated Antibody,,[],[],"The primary focus of the claims is on the specific sequences of an antibody that binds to CD79b. The claims detail the structure of the antibody, indicating it is an unconjugated antibody composition.",036-921-102-342-857,
Clinical,,,"['metastatic cancer', 'cardiovascular disease', 'central nervous system disease', 'multiple sclerosis', 'pain']","['metastatic breast cancer', 'metastatic prostate cancer', 'metastatic bone cancer']","The patent's broadest independent claims focus on methods of treating various diseases using the specified compounds. The claims include specific disease indications and patient populations, indicating a clinical focus.",039-240-885-909-72X,
Composition,Conjugated Linker,,[],[],"The primary focus of the patent is on the composition of heterobifunctional molecules, specifically the linker component that connects a target cell-surface protein to an exogenous antibody. The claims detail various linker structures, making it a 'Conjugated Linker' subtype.",049-509-258-293-614,
Clinical,,,"['MUC16-positive cancer', 'ovarian cancer', 'endometrial cancer', 'triple-negative breast cancer', 'pancreatic cancer', 'non-small cell lung cancer', 'platinum-resistant ovarian cancer']",[],The patent's broadest independent claim focuses on a method of treating MUC16-positive cancers by monitoring HE4 expression and administering a MUC16 antagonist. The claims are centered around clinical treatment methods rather than the composition of the drug or its manufacturing process.,041-991-305-746-899,
Composition,Full ADC,,[],[],"The primary claim of the patent is directed towards an antibody-drug conjugate (ADC) that includes a specific antibody targeting NaPi2b, a linker, and a camptothecin analogue payload. This indicates a 'Full ADC' composition subtype as all three components are specified in the claims.",075-283-417-251-117,
Composition,Full ADC,,[],[],"The primary claim is directed to a pharmaceutical composition comprising an antibody-drug conjugate with specific components, including a drug-linker conjugated to an antibody. This indicates a 'Full ADC' as it specifies the antibody, linker, and payload components together.",056-249-744-615-207,
Clinical,,,['breast cancer'],"['HER2-positive', 'HR-positive', 'resectable', 'partially resectable', 'unresectable', 'locally advanced', 'metastatic']","The patent's main focus is on a method of treating breast cancer using a bispecific anti-HER2 antigen-binding construct in combination with other therapies. The claims detail specific dosing regimens and patient populations, indicating a clinical focus.",057-558-265-613-314,
Clinical,,,"['ErbB-2 positive tumor', 'ErbB-3 positive tumor', 'ErbB-2/ErbB-3 positive tumor']","['brain tumor', 'metastasis of a breast tumor']","The broadest independent claims focus on methods of treating individuals with ErbB-2, ErbB-3, or ErbB-2/ErbB-3 positive tumors, including specific populations such as those with brain tumors or metastasis of breast tumors. The claims emphasize clinical applications rather than the composition of the antibodies or drug conjugates.",075-965-808-977-634,
Composition,Conjugated Antibody,,[],[],"The primary focus of the patent is on a bi-specific antibody that binds to digoxigenin and a target protein. The claims detail the specific sequences and structures of the antibody, indicating it is a conjugated antibody with a defined binding specificity, but do not specify a linker or payload.",087-043-608-940-049,
Clinical,,,"['cancer', 'multiple myeloma']","['relapsed and/or refractory multiple myeloma', 'patients with at least one prior line of cancer treatment', 'patients with at least 3 prior lines of cancer treatment including an immunomodulatory drug, a proteasome inhibitor, and anti-CD38 treatment']","The primary focus of the patent is on a method of treating cancer using a combination therapy involving an anti-BCMA antibody and a gamma-secretase inhibitor. The claims detail specific dosing regimens and patient populations, indicating a clinical focus.",073-255-551-715-014,
Composition,Conjugated Antibody,,[],[],"The primary focus of the patent is on binding molecules, specifically antibodies, that bind to L1CAM. The claims detail the structure of these antibodies and their potential conjugation to therapeutic or diagnostic agents, indicating a 'Conjugated Antibody' subtype.",087-198-537-832-185,
Clinical,,,"['cancer', 'breast cancer', 'prostate cancer', 'ovarian cancer', 'endometrial cancer', 'pancreatic cancer', 'lung cancer', 'cervical cancer', 'melanoma', 'squamous cell carcinoma']","['triple negative breast cancer', 'triple positive breast cancer', 'HER2-positive breast cancer', 'hormone receptor positive cancer']","The patent's broadest independent claim focuses on a method of treating cancer using a LIV-1 ADC in combination with a chemotherapeutic, indicating a clinical focus. The claims specify various cancer types and specific breast cancer subtypes, highlighting the clinical indications and populations targeted.",096-422-756-004-806,
Composition,Full ADC,,[],[],"The primary claim is directed to a conjugate of formula (Ia), which includes an antibody, linker, and payload, indicating a full ADC composition. The method of treatment claim is dependent on the composition claim, making the composition the broadest independent claim.",108-174-859-155-766,
Clinical,,,"['myelodysplastic syndrome', 'acute myeloid leukemia']","['relapsed or refractory MDS', 'relapsed or refractory AML']","The primary focus of the patent is on methods of treating specific cancers using a combination of a nonfucosylated anti-CD70 antibody and a CD47 antagonist. The claims detail treatment regimens and outcomes, indicating a clinical focus.",130-206-196-362-617,
Clinical,,,"['cancer', 'mesothelioma', 'breast cancer', 'head and neck cancer', 'leukocytic cancer', 'liver cancer', 'ovarian cancer', 'bladder cancer', 'prostatic cancer', 'skin cancer', 'bone cancer', 'brain cancer', 'leukemia cancer', 'lung cancer', 'colon cancer', 'anal cancer', 'CNS cancer', 'melanoma cancer', 'renal cancer', 'cervical cancer', 'esophageal cancer', 'testicular cancer', 'splenic cancer', 'kidney cancer', 'lymphatic cancer', 'pancreatic cancer', 'stomach cancer', 'leukemia', 'lymphoma', 'myeloma', 'gastrointestinal cancer', 'thyroid cancer']",[],"The primary claim is a method of treating cancer using a fusion protein and an anti-chemorepellant agent, indicating a focus on clinical application. The patent lists various types of cancers as indications for treatment.",121-401-879-896-324,
Clinical,,,"['lymphoma', 'Hodgkin lymphoma', 'mature B-cell neoplasm', 'mature T cell neoplasm']",[],"The patent's broadest independent claims focus on methods for treating lymphomas using a specific composition. The claims detail the treatment of various types of lymphomas, indicating a clinical focus.",132-182-982-888-375,
Clinical,,,"['cancer', 'ovarian cancer', 'brain cancer', 'breast cancer', 'uterine cancer', 'endometrial cancer', 'pancreatic cancer', 'renal cancer', 'lung cancer', 'non small cell lung cancer', 'bronchioloalveolar carcinoma', 'epithelial ovarian cancer']","['platinum resistant', 'relapsed', 'refractory']","The patent's primary focus is on methods of treatment using an anti-FOLR1 immunoconjugate, specifically detailing dosing regimens for various cancers. The claims are centered around clinical applications rather than the composition of the immunoconjugate itself.",139-563-449-686-349,
Clinical,,,"['neuroendocrine cancer', 'pancreatic cancer']",[],The primary focus of the patent is on methods of treating provasopressin-expressing cancers using specific antibodies. The claims are centered around therapeutic methods rather than the composition of the antibodies themselves.,138-334-140-897-45X,
Clinical,,,"['CLD18A2-positive tumor', 'breast cancer', 'colon cancer', 'rectal cancer', 'renal cell carcinoma', 'liver cancer', 'lung cancer', 'gastric cancer', 'small bowel cancer', 'esophageal cancer', 'melanoma', 'bone cancer', 'pancreatic cancer', 'skin cancer', 'head and neck cancer', 'ovarian cancer', 'anal cancer', 'testicular cancer', 'uterine cancer', 'fallopian tube cancer', 'endometrial cancer', 'cervical cancer', 'vaginal cancer', ""Hodgkin's lymphoma"", ""non-Hodgkin's lymphoma"", 'endocrine system cancer', 'thyroid cancer', 'parathyroid cancer', 'adrenal cancer', 'soft tissue sarcoma', 'urethral cancer', 'penile cancer', 'bladder cancer', 'kidney cancer', 'ureter cancer', 'renal pelvis cancer', 'central nervous system tumor', 'primary CNS lymphoma', 'spinal tumor', 'brain stem glioma', 'pituitary adenoma', ""Kaposi's sarcoma"", 'epidermoid carcinoma', 'squamous cell carcinoma', 'digestive tract tumor', 'adenocarcinoma']",[],"The primary focus of the patent is on a method for treating CLD18A2-positive tumors using immune effector cells, which is indicative of a clinical application. The claims detail a treatment regimen involving specific dosing and pretreatment, emphasizing the clinical aspect over composition.",144-133-024-464-127,
Composition,Conjugated Antibody,,[],[],"The primary focus of the patent is on polypeptides that specifically bind to CXCR6, which are conjugated to therapeutic or diagnostic agents. The claims emphasize the antibody component, making it a 'Conjugated Antibody' subtype.",147-646-446-954-110,
Clinical,,,"[""Hodgkin's Lymphoma"", ""non-Hodgkin's Lymphoma"", 'diffuse large B-cell lymphoma', 'follicular lymphoma', 'Mantle Cell lymphoma', 'chronic lymphatic lymphoma', 'Marginal Zone B-cell lymphoma', 'Hairy cell leukemia', 'Hairy cell leukemia variant', 'Acute Myeloid Leukaemia', 'Acute Lymphoblastic Leukaemia', 'Philadelphia chromosome-positive ALL', 'Philadelphia chromosome-negative ALL', 'pancreatic cancer', 'breast cancer', 'colorectal cancer', 'gastric cancer', 'oesophageal cancer', 'melanoma', 'non-small cell lung cancer', 'ovarian cancer', 'hepatocellular carcinoma', 'renal cell carcinoma', 'head and neck cancer']",[],"The patent's primary focus is on a method of treating cancer using an ADC in combination with a secondary agent, which classifies it under 'Clinical'. The claims specify various cancer types as indications for the treatment method.",165-930-486-335-307,
Composition,Full ADC,,[],[],"The primary claim is directed to an immunoconjugate comprising an antibody covalently attached to aminobenzazepine moieties via a linker, which constitutes a full ADC. The method of treatment claims are secondary to the composition claims.",173-348-652-693-852,
Composition,Unconjugated Antibody,,[],[],"The primary focus of the claims is on isolated antibodies that specifically bind to human CD96. The claims detail the structure of these antibodies, but do not specify any conjugation with linkers or payloads, making it an 'Unconjugated Antibody' composition.",170-682-824-984-299,
Clinical,,,['platinum refractory cancer'],[],"The primary claim is a method of treating platinum refractory cancer using an antibody-drug conjugate. The focus is on the clinical application of the ADC for specific cancer types, making it a clinical patent.",179-930-627-655-215,
Clinical,,,"['ovarian cancer', 'colorectal cancer', 'breast cancer', 'lung cancer', 'kidney cancer', 'pancreatic cancer', 'mesothelioma', 'lymphoma', 'liver cancer', 'urothelial cancer', 'stomach cancer', 'glioblastoma multiforme', 'glioma', 'neuroblastoma', 'head and neck cancer', 'cervical cancer']",[],"The primary focus of the patent is on a method of treating cancer using a combination therapy, which classifies it under 'Clinical'. The claims specify various cancer types as indications for the treatment method.",056-941-238-874-645,
Composition,Full ADC,,[],[],"The primary claim of the patent is directed towards a ligand-drug conjugate of a specific formula, which includes an anti-TROP-2 antibody, a linker, and a payload (exatecan analog). This indicates that the patent is focused on the composition of a full ADC, specifying all three components: antibody, linker, and payload.",191-566-993-315-874,
Clinical,,,['metastatic brain tumor'],[],The primary focus of the patent is on a method of treating metastatic brain tumors using an antibody-drug conjugate. The claims are centered around the therapeutic application rather than the composition of the ADC itself.,123-293-914-814-580,
Composition,Full ADC,,[],[],"The primary focus of the patent is on the composition of an anti-CD79B antibody-drug conjugate, which includes a specified antibody, linker, and payload. The claims detail the structure and components of the ADC, making it a 'Full ADC' composition subtype.",170-572-078-603-759,
Clinical,,,"['hematologic malignancy', 'non-Hodgkin lymphoma', 'diffuse large B cell lymphoma']",['relapsed/refractory DLBCL'],"The patent's broadest independent claim focuses on a method of treating hematologic malignancies, specifically targeting diffuse large B cell lymphoma (DLBCL) using a combination of PD-L1/PD-1 inhibitors and T cell activation therapeutics. It includes specific patient populations such as relapsed/refractory DLBCL.",127-177-073-119-408,
Composition,Full ADC,,[],[],"The primary focus of the patent is on the drug conjugate structure, which includes an antibody, linker, and payload. The broadest independent claim describes a full ADC construct, making it a composition patent with a 'Full ADC' subtype.",028-694-161-976-860,
CMC,,Conjugation Method,[],[],"The patent primarily focuses on a method for producing an antibody-drug conjugate, detailing steps for conjugation and purification. The claims emphasize the process of conjugating a drug-linker to an antibody, which aligns with the 'Conjugation Method' subtype under CMC.",005-820-494-457-161,
Composition,Unconjugated Antibody,,[],[],"The primary focus of the patent is on a bispecific antibody composition targeting ICD markers and dendritic cell markers. The claims detail the structure and binding domains of the antibody, classifying it as an unconjugated antibody composition.",017-700-283-338-321,
Clinical,,,"['cancers', 'bacterial infections', 'viral infections', 'HIV infection', 'sepsis']",[],"The primary focus of the patent is on methods of treatment using combinations of T-cell checkpoint inhibitors with other inhibitors. The claims are centered around therapeutic methods rather than specific compositions, indicating a clinical patent type.",026-075-834-972-878,
Composition,Full ADC,,[],[],"The patent's broadest independent claim is directed to an antibody that binds to GP73, and the claims include immunoconjugates comprising this antibody and a cytotoxic agent. This indicates a focus on a full ADC construct, specifying the antibody, linker, and payload components.",057-041-992-529-782,
Composition,Full ADC,,[],[],"The primary claim is directed to a binder-drug conjugate comprising a cell binding moiety, a drug moiety, and a linker moiety, which together form a complete ADC construct. The claims specify the components of the ADC, including the antibody, linker, and payload, indicating a 'Full ADC' composition subtype.",066-716-730-964-433,
Clinical,,,"['cancer associated with HER-3', 'breast cancer', 'ovarian cancer', 'prostate cancer', 'colon cancer', 'renal cancer', 'lung cancer', 'pancreatic cancer', 'epidermoid carcinoma', 'fibrosarcoma', 'melanoma', 'head and neck cancer', 'nasopharyngeal carcinoma', 'squamous cell carcinoma']",[],"The primary focus of the patent is on methods of treating HER-3 associated cancers using a combination of agents, which classifies it under 'Clinical'. The claims detail specific cancer types being treated, indicating the clinical indications.",101-926-049-002-981,
Composition,,,[],[],"The primary focus of the patent is on engineered immune cells, which are compositions comprising prodrug converting enzymes and receptors for adoptive cell therapy. The broadest independent claim is directed to the composition of these engineered immune cells, making it a 'Composition' patent.",109-199-829-112-519,
Clinical,,,"['cancer', 'kidney cancer', 'melanoma', 'squamous cell cancer', 'basal cell cancer', 'conjunctival cancer', 'oral cancer', 'larynx cancer', 'throat cancer', 'thyroid cancer', 'lung cancer', 'breast cancer', 'esophageal cancer', 'stomach cancer', 'duodenum cancer', 'small intestine cancer', 'large intestine cancer', 'rectal cancer', 'appendix cancer', 'anus cancer', 'liver cancer', 'gallbladder cancer', 'bile duct cancer', 'pancreatic cancer', 'adrenal cancer', 'urinary bladder cancer', 'prostate cancer', 'uterine cancer', 'vaginal cancer', 'liposarcoma', 'angiosarcoma', 'chondrosarcoma', 'rhabdomyosarcoma', ""Ewing's sarcoma"", 'osteosarcoma', 'undifferentiated pleomorphic sarcoma', 'myxofibrosarcoma', 'malignant peripheral nerve sheath tumor', 'retroperitoneal sarcoma', 'synovial sarcoma', 'uterine sarcoma', 'gastrointestinal stromal tumor', 'leiomyosarcoma', 'epithelioid sarcoma', 'B cell lymphoma', 'T/NK cell lymphoma', ""Hodgkin's lymphoma"", 'myeloid leukemia', 'lymphoid leukemia', 'myeloproliferative disease', 'myelodysplastic syndrome', 'multiple myeloma', 'testicle cancer', 'ovary cancer']",[],"The patent's broadest independent claim focuses on a pharmaceutical composition for treating or preventing cancer using a combination of a multispecific antibody and an immune checkpoint inhibitor or chemotherapeutic. This indicates a primary focus on clinical applications, specifically combination therapies for various cancer types.",127-460-418-642-987,
Composition,Unconjugated Payload,,[],[],"The primary focus of the patent is on a benzamide derivative compound, which is a small molecule drug, as indicated by the composition claims. The claims do not specify an antibody or linker, thus classifying it as an 'Unconjugated Payload'.",126-592-483-016-120,
Clinical,,,"['unresectable solid tumor', 'recurrent solid tumor', 'advanced solid tumor', 'head and neck squamous cell carcinoma', 'colorectal cancer', 'non-small-cell lung cancer', 'esophageal adenocarcinoma', 'triple-negative breast cancer', 'renal cell carcinoma', 'gastric cancer', 'pancreatic cancer']","['intolerant of standard therapies', 'previously received anti-PD-1 or anti-PD-L1 therapy', 'recurrent or progressive disease during or after platinum doublet-based chemotherapy', 'recurrent or progressive disease within 6 months after completing platinum-based chemotherapy for local disease', 'relapsed or metastatic', 'radiographic disease progression while on or after having received pembrolizumab and platinum/5FU, pembrolizumab monotherapy, or platinum/5FU and cetuximab', 'does not have high mismatch repair/microsatellite instability', 'not had prior treatment with an anti-PD-1 or an anti-PD-L1 therapy']","The patent primarily claims methods of treating various cancers using a multi-specific binding protein. The claims focus on specific cancer indications and patient populations, indicating a clinical focus rather than composition or CMC aspects.",154-251-415-879-709,
Composition,Unconjugated Antibody,,[],[],"The patent primarily claims compounds for treating diseases by inhibiting specific proteins, with a focus on monoclonal antibodies targeting growth hormone receptors. The broadest independent claim is for a compound, indicating a composition patent, specifically for unconjugated antibodies.",156-267-373-886-335,
Clinical,,,['multiple myeloma'],"['relapsed or refractory', 'adult patients', 'patients who have received at least four prior therapies']","The patent primarily focuses on methods of treating relapsed or refractory multiple myeloma using an approved product, teclistamab-cqyv. The claims detail specific dosing regimens and patient populations, indicating a clinical focus.",192-523-252-235-400,
Composition,Full ADC,,[],[],"The primary claim of the patent is directed towards an antibody-drug conjugate (ADC) comprising an anti-CEA antibody, a linker, and a payload (exatecan analog). This indicates a 'Full ADC' composition subtype as it specifies all three components of the ADC construct.",156-245-853-160-499,
Composition,Full ADC,,[],[],"The primary claim of the patent is directed to an immunoconjugate of Formula (I), which specifies an antibody, linker, and drug payload, indicating a full ADC composition. The method-of-treatment claims are secondary to the composition claims.",055-600-880-125-842,
Clinical,,,"['glioblastoma multiform', 'myelodysplastic syndrome', 'metastatic adenocarcinoma', 'metastatic carcinoma of the colon or rectum', 'small cell lung cancer', 'non-small cell lung cancer', 'soft tissue sarcoma', 'squamous cell cancer of head and neck', ""non-Hodgkin's lymphoma"", 'colorectal cancer', 'bladder cancer', 'prostate cancer', 'duodenal cancer', 'esophageal cancer', 'pancreatic cancer', 'multiple myeloma', 'gynecologic tumors']",[],"The primary focus of the patent is on a method of treating cancer using AR-67, which is a clinical application. The claims specify various cancer types as indications for treatment, making it a 'Clinical' patent type.",039-123-740-442-302,
Clinical,,,"['cancer resistant to immunotherapy', 'lung cancer', 'breast cancer']","['non-small cell lung cancer (NSCLC)', 'triple-negative breast cancer (TNBC)']","The patent's broadest independent claims focus on methods of treating cancer using castalagin or its analogs, particularly in cases resistant to immunotherapy. The claims specify treatment of specific cancer types and patient populations, indicating a clinical focus.",032-240-698-890-336,
Composition,,,[],[],The patent primarily claims a stealth lipid nanoparticle (LNP) composition containing a therapeutic nucleic acid and various lipid components. The claims focus on the composition of the LNP rather than methods of treatment or manufacturing processes.,068-230-383-052-01X,
Composition,Full ADC,,[],[],"The primary claim is directed to a conjugate comprising an antibody conjugated with one or more drug molecules, specifying the antibody, linker, and payload components. This indicates a 'Full ADC' composition subtype as all three components are defined in the claims.",104-344-649-646-237,
Composition,Conjugated Antibody,,[],[],"The broadest independent claim (claim 183) focuses on an isolated antibody that binds to specific C10orf54 proteins. The patent also includes claims for an antibody-drug conjugate, but the primary inventive concept is the specific antibody, making it a 'Conjugated Antibody' subtype.",096-631-061-251-385,
Clinical,,,"['CD30+ cancer', 'Hodgkin lymphoma', 'non-Hodgkin lymphoma', 'peripheral T-cell lymphoma', 'cutaneous T cell lymphoma', 'anaplastic large-cell lymphoma', 'CD30+B-cell lymphoma', 'multiple myeloma', 'leukemia']","['relapsed after treatment with or refractory to an anti-CD30 antibody', 'experienced disease progression after treatment with autologous stem cell transplant or CAR-T']","The primary focus of the patent is on methods for treating CD30+ cancers using NK cells and bispecific antibodies, which falls under the 'Clinical' category. The claims detail specific cancer indications and patient populations, such as those relapsed or refractory to certain treatments.",091-374-489-017-120,
Composition,Conjugated Payload,,[],[],"The primary focus of the patent is on a cytotoxic compound, which is a payload component of an ADC. The claims detail the structure and variations of this payload, while the antibody and linker components are not specifically defined, indicating a 'Conjugated Payload' subtype.",098-175-696-421-524,
Clinical,,,"['breast cancer', 'lung cancer', 'colorectal cancer', 'neuroblastoma', 'pancreatic cancer', 'brain cancer', 'stomach cancer', 'skin cancer', 'testicular cancer', 'prostate cancer', 'ovarian cancer', 'liver cancer', 'esophageal cancer', 'cervical cancer', 'head and neck cancer', 'melanoma', 'glioblastoma']",['patients with NRG1 fusion'],"The patent primarily claims methods of treating cancer patients with NRG1 fusions using quinazoline-based TKIs, alone or in combination with anti-HER2/HER3 antibodies. The focus is on clinical treatment methods, making it a 'Clinical' patent type.",110-247-915-376-587,
Composition,Full ADC,,[],[],"The primary claim of the patent is directed towards an antibody-drug conjugate (ADC) comprising an anti-TROP-2 antibody, a linker, and an exitecan derivative payload. This indicates a 'Full ADC' composition as it specifies all three components of the ADC construct.",116-618-348-914-745,
Composition,Conjugated Payload,,[],[],"The patent's broadest independent claim focuses on anthracycline derivatives, which are payloads for ADCs. The claims detail the structure of these derivatives and their conjugation to target-binding molecules, indicating a focus on the payload component of ADCs.",123-092-805-602-828,
Composition,Dual Combination,,[],[],"The primary claim is directed to a pharmaceutical combination comprising an anti-LY75 antibody and Venetoclax, with the antibody potentially conjugated to a drug. This indicates a dual combination of an antibody and a payload, fitting the 'Dual Combination' subtype.",144-771-471-401-183,
Clinical,,,"['cancer', 'HER2-overexpressing gastric cancer', 'triple-negative breast cancer']",['cancer with low or moderate HER2 expression level'],"The patent's broadest independent claims focus on methods of treating cancer using multi-specific binding proteins, indicating a clinical focus. Specific cancer types and patient populations are claimed, such as HER2-overexpressing gastric cancer and triple-negative breast cancer.",167-828-992-892-116,
Composition,Conjugated Antibody,,[],[],"The primary focus of the patent is on a targeted carrier comprising an extracellular vesicle with a human leukocyte antigen-G antibody on its surface. This indicates a composition claim centered around the conjugated antibody, as the antibody is specified while the payload is broadly defined.",169-588-763-455-863,
Composition,Full ADC,,[],[],"The primary claim is directed to an immunoconjugate comprising an anti-ROR1 antibody, a linker, and an exatecan moiety, which classifies it as a 'Full ADC'. The method of treatment claims are dependent and not the broadest claims.",075-288-061-475-912,
Clinical,,,['cancer'],[],The patent's broadest independent claims focus on methods of treating cancer using a TLR2 agonist and an immunostimulant. The claims are centered around clinical applications rather than specific compositions or manufacturing processes.,018-719-038-477-105,
Clinical,,,"['allograft tolerance', 'GvHD']",[],The primary focus of the patent is on methods of inducing allograft tolerance and treating GvHD using a combination of anti-CD3 immunotoxin and donor peripheral blood cells. The claims are centered around treatment methods rather than the composition itself.,053-807-865-739-075,
Clinical,,,"['cancer', 'HER2+ cancer', 'solid tumor', 'bladder cancer', 'breast adenocarcinoma', 'colorectal adenocarcinoma', 'non-small cell lung cancer', 'esophageal cancer', 'cervix squamous cancer', 'stomach adenocarcinoma', 'cholangiocarcinoma', 'ovary cancer', 'renal papillary cell carcinoma', 'breast cancer', 'gastric cancer', 'ovarian cancer', 'gastroesophageal cancer', 'lung cancer']","['HER2+ patients', 'refractory patients', 'patients with recurrence', 'metastatic patients', 'patients with HER2 activating mutation']","The patent primarily claims methods of administering NK cells with a HER2 CAR for treating various cancers, focusing on clinical applications. The claims detail specific patient populations and cancer types, indicating a clinical focus.",119-331-807-667-642,
Clinical,,,"['melanoma', 'non-small cell lung cancer', 'head and neck cancer', 'urothelial cancer', 'breast cancer', 'gastric cancer', 'gastroesophageal junction adenocarcinoma', 'multiple myeloma', 'hepatocellular cancer', 'merkel cell carcinoma', 'renal cell carcinoma', 'endometrial carcinoma', 'cutaneous squamous cell carcinoma', 'non-Hodgkin lymphoma', 'Hodgkin lymphoma', 'mesothelioma', 'ovarian cancer', 'small cell lung cancer', 'esophageal cancer', 'anal cancer', 'biliary tract cancer', 'colorectal cancer', 'cervical cancer', 'thyroid cancer', 'salivary cancer', 'prostate cancer', 'glioblastoma']","['unresectable or metastatic melanoma', 'resected stage IIB, IIC, or III melanoma', 'metastatic non-small cell lung cancer', 'recurrent or metastatic head and neck squamous cell cancer', 'recurrent or metastatic cervical cancer', 'relapsed or refractory classical Hodgkin lymphoma', 'pediatric refractory classical Hodgkin lymphoma', 'locally advanced or metastatic urothelial carcinoma', 'locally advanced or metastatic gastric cancer', 'locally advanced or metastatic gastroesophageal junction adenocarcinoma', 'refractory or relapsed primary mediastinal large B-cell lymphoma', 'advanced renal cell carcinoma', 'triple negative breast cancer']","The patent's broadest independent claims focus on methods of treating cancer using subcutaneous administration of anti-PD-1 antibodies. The claims specify various cancer types and patient populations, indicating a clinical focus.",059-024-685-530-44X,
Clinical,,,['multiple myeloma'],"['refractory multiple myeloma', 'relapsed multiple myeloma', 'refractory and relapsed multiple myeloma']","The primary focus of the patent is on methods of treating multiple myeloma using BCMA CAR-T cells, with specific dosing regimens and patient populations. The claims are centered around clinical applications rather than the composition of the CAR-T cells themselves.",001-627-444-112-683,
Composition,Full ADC,,[],[],"The primary claim of the patent is directed towards a specific anti-EGFR antibody drug conjugate (ADC) that includes an antibody, linker, and a Bcl-xL inhibitor payload. This indicates a 'Full ADC' composition as all three components are specified in the claims.",023-216-022-836-771,
Clinical,,,"['brain cancer', 'skin cancer', 'eye cancer', 'breast cancer', 'prostate cancer', 'pancreatic cancer', 'lung cancer', 'esophageal cancer', 'head and neck cancer', 'cervical cancer', 'liver cancer', 'colorectal cancer', 'bone cancer', 'uterine cancer', 'ovarian cancer', 'bladder cancer', 'endometrial cancer', 'stomach cancer', 'gastric cancer', 'oral cancer', 'thyroid cancer', 'kidney cancer', 'testicular cancer', 'leukemia', 'lymphoma', 'mesothelioma']","['patients who had previously received immunotherapy', 'patients with cancer refractory to immunotherapy', 'patients with immunologically cold tumors', 'patients with tumors with a low tumor mutational burden', 'patients with microsatellite stable tumors', 'patients with tumors with low microsatellite instability', 'patients with tumors with a low tumor immune cell infiltrate']","The patent's broadest independent claim focuses on a method of treating cancer using negatively charged particles, indicating a clinical focus. The claims specify various cancer types and patient populations, emphasizing treatment methods and patient characteristics.",046-465-025-281-97X,
Clinical,,,"['CA19-9-positive cancer', 'pancreatic cancer']","['patients with CA19-9-positive cancer', 'patients with pancreatic cancer', 'patients with advanced or metastatic pancreatic ductal carcinoma (PDAC)', 'patients with precancerous pancreatic lesions', 'patients post-surgery for CA19-9-positive cancer', 'patients with circulating levels of CA19-9 less than 4000 U/mL']","The primary focus of the patent is on a method of treating CA19-9-positive cancers, particularly pancreatic cancer, using a combination of an anti-CA19-9 antibody and FOLFIRINOX. The claims are centered around treatment regimens and patient populations, indicating a clinical patent type.",087-374-805-650-784,
Clinical,,,"['cancer', 'EGFR-expressing cancer']",[],"The patent primarily claims methods for treating cancer using antibody-IR700 conjugates and irradiation, focusing on clinical applications rather than the composition of the conjugates themselves. The claims detail treatment regimens and combinations, indicating a clinical focus.",072-908-709-478-311,
Clinical,,,['HER2 positive breast cancer'],"['subjects with brain metastasis', 'subjects previously treated with anticancer therapy', 'subjects refractory to previous anticancer therapy']","The patent primarily claims methods of treating HER2 positive breast cancer using a combination of tucatinib and an anti-HER2 ADC. The claims focus on treatment regimens, patient outcomes, and specific patient populations, indicating a clinical focus.",096-027-685-779-734,
Clinical,,,['cancer'],[],The patent primarily claims methods for treating cancer by administering compositions that promote immune surveillance. The focus is on the therapeutic application rather than the composition itself.,095-689-773-758-577,
Composition,Conjugated Antibody,,[],[],"The primary focus of the claims is on the specific antibody structure and its site-specific conjugation to a drug moiety. The claims detail the antibody's sequence and modifications, indicating a 'Conjugated Antibody' subtype, as the linker and payload are broadly defined.",098-180-022-563-178,
Composition,Unconjugated Payload,,[],[],"The patent's broadest independent claim is directed to a compound with a specific structure, which is a payload that binds phosphatidylserine. The claims focus on the compound itself rather than a full ADC or method of treatment, classifying it as an 'Unconjugated Payload'.",125-224-255-162-403,
Composition,Conjugated Linker,,[],[],"The patent primarily claims a ligand conjugate with a specified linker structure, while the antibody and payload are broadly defined. This indicates a focus on the conjugated linker component of an ADC.",136-225-603-355-302,
Composition,Full ADC,,[],[],"The primary claim of the patent is directed towards an antibody-drug conjugate (ADC) that includes a PD-L1 nanobody, a TLR7 agonist, and a linker, which classifies it as a 'Full ADC'. The claims focus on the structure and components of the ADC rather than specific treatment methods or manufacturing processes.",133-346-064-512-496,
Composition,Full ADC,,[],[],"The primary claim of the patent is directed towards an antibody-drug conjugate (ADC) comprising an antibody, linker, and payload. The claims specify the structure of the ADC, including the antibody and the small molecule drug, indicating a 'Full ADC' composition subtype.",161-271-424-803-02X,
Composition,Conjugated Antibody,,[],[],"The primary claim is directed to a composition comprising an exosome with a fusion protein that includes an anti-HLA-G protein, which is a targeting protein. This indicates a focus on the conjugated antibody aspect of the composition.",173-016-091-190-057,
Clinical,,,"['herpes simplex virus (HSV) infection', 'human immunodeficiency virus (HIV) infection', 'Epstein-Barr virus (EBV) infection', 'human T-lymphotropic virus (HTLV) infection', 'toxoplasma gondii infection', 'prion disease', 'breast cancer', 'chronic myelogenous leukemia', 'colon cancer', 'gastric cancer', 'germ cell tumor', 'germinogenic tongue tumor', 'gonadoblastoma', 'hepatocellular carcinoma', 'adenocarcinoma', 'epithloid carcinoma', 'Acute T-cell leukemia', 'leukemia', 'lymphoma', 'T-cell lymphoma', ""Burkitt's lymphoma"", 'neuroepithelioma', 'melanoma', 'myelodysplastic syndrome', 'nasopharyngeal carcinoma', 'ovarian cancer', 'pancreatic cancer', 'prostate cancer', 'testicular cancer', 'lung cancer', 'stomach cancer', 'skin cancer', 'trophoblastic tumor', 'tumorigenesis', 'thyroid adenoma']",[],"The patent's broadest independent claims focus on methods for treating or preventing conditions associated with CTXLP, specifically targeting infectious diseases and various cancers. Therefore, it is classified under 'Clinical' with detailed indications listed in the claims.",167-101-208-662-791,
Composition,Full ADC,,[],[],"The primary claim of the patent is directed towards a pharmaceutical composition comprising a full antibody-drug conjugate (ADC) with a specified anti-CD79b antibody, linker, and payload. The claims detail the components of the ADC, including the antibody and the drug, which are essential for classifying it as a 'Full ADC'.",194-484-920-289-29X,
Clinical,,,"['cancer', 'breast cancer', 'lung cancer', 'colorectal cancer', 'gastric cancer', 'pancreatic cancer', 'ovarian cancer', 'prostate cancer', 'kidney cancer']","['triple negative breast cancer', 'hormone receptor (HR)-positive, HER2-negative breast cancer', 'non-small cell lung cancer', 'non-small cell lung cancer with actionable genomic alterations', 'non-small cell lung cancer without actionable genomic alterations']","The primary focus of the patent is on the method of treating cancer using a combination of an anti-TROP2 antibody-drug conjugate and an ATR inhibitor. The claims detail specific cancer types and patient populations, indicating a clinical application focus.",178-230-520-595-490,
Composition,Full ADC,,[],[],"The primary claim is directed to a compound that includes a binding agent (antibody), a linker, and a payload, which classifies it as a full ADC. The claims focus on the structure and composition of the ADC, rather than methods of treatment or manufacturing processes.",143-948-018-111-852,
Clinical,,,"['adrenal cancer', 'acinic cell carcinoma', 'acoustic neuroma', 'acral lentigious melanoma', 'acrospiroma', 'acute eosinophilic leukemia', 'acute erythroid leukemia', 'acute lymphoblastic leukemia', 'acute megakaryoblastic leukemia', 'acute monocytic leukemia', 'acute promyelocytic leukemia', 'adenocarcinoma', 'adenoid cystic carcinoma', 'adenoma', 'adenomatoid odontogenic tumor', 'adenosquamous carcinoma', 'adipose tissue neoplasm', 'adrenocortical carcinoma', 'adult T-cell leukemia/lymphoma', 'aggressive NK-cell leukemia', 'AIDS-related lymphoma', 'alveolar rhabdomyosarcoma', 'alveolar soft part sarcoma', 'ameloblastic fibroma', 'anaplastic large cell lymphoma', 'anaplastic thyroid cancer', 'angioimmunoblastic T-cell lymphoma', 'angiomyolipoma', 'angiosarcoma', 'astrocytoma', 'atypical teratoid rhabdoid tumor', 'B-cell chronic lymphocytic leukemia', 'B-cell prolymphocytic leukemia', 'B-cell lymphoma', 'basal cell carcinoma', 'biliary tract cancer', 'bladder cancer', 'blastoma', 'bone cancer', 'Brenner tumor', 'Brown tumor', ""Burkitt's lymphoma"", 'breast cancer', 'brain cancer', 'carcinoma', 'carcinoma in situ', 'carcinosarcoma', 'cartilage tumor', 'cementoma', 'myeloid sarcoma', 'chondroma', 'chordoma', 'choriocarcinoma', 'choroid plexus papilloma', 'clear-cell sarcoma of the kidney', 'craniopharyngioma', 'cutaneous T-cell lymphoma', 'cervical cancer', 'colorectal cancer', 'Degos disease', 'desmoplastic small round cell tumor', 'diffuse large B-cell lymphoma', 'dysembryoplastic neuroepithelial tumor', 'dysgerminoma', 'embryonal carcinoma', 'endocrine gland neoplasm', 'endodermal sinus tumor', 'enteropathy-associated T-cell lymphoma', 'esophageal cancer', 'fetus in fetu', 'fibroma', 'fibrosarcoma', 'follicular lymphoma', 'follicular thyroid cancer', 'ganglioneuroma', 'gastrointestinal cancer', 'germ cell tumor', 'gestational choriocarcinoma', 'giant cell fibroblastoma', 'giant cell tumor of the bone', 'glial tumor', 'glioblastoma', 'glioma', 'gliomatosis cerebri', 'glucagonoma', 'gonadoblastoma', 'granulosa cell tumor', 'gynandroblastoma', 'gallbladder cancer', 'gastric cancer', 'hairy cell leukemia', 'hemangioblastoma', 'head and neck cancer', 'hemangiopericytoma', 'hematological malignancy', 'hepatoblastoma', 'hepatocellular carcinoma', 'hepatosplenic T-cell lymphoma', ""Hodgkin's lymphoma"", ""non-Hodgkin's lymphoma"", 'invasive lobular carcinoma', 'intestinal cancer', 'kidney cancer', 'laryngeal cancer', 'lentigo maligna', 'lethal midline carcinoma', 'leukemia', 'leydig cell tumor', 'liposarcoma', 'lung cancer', 'lymphangioma', 'lymphangiosarcoma', 'lymphoepithelioma', 'lymphoma', 'acute lymphocytic leukemia', 'acute myelogeous leukemia', 'chronic lymphocytic leukemia', 'liver cancer', 'small cell lung cancer', 'non-small cell lung cancer', 'MALT lymphoma', 'malignant fibrous histiocytoma', 'malignant peripheral nerve sheath tumor', 'malignant triton tumor', 'mantle cell lymphoma', 'marginal zone B-cell lymphoma', 'mast cell leukemia', 'mediastinal germ cell tumor', 'medullary carcinoma of the breast', 'medullary thyroid cancer', 'medulloblastoma', 'melanoma', 'meningioma', 'merkel cell cancer', 'mesothelioma', 'metastatic urothelial carcinoma', 'mixed Mullerian tumor', 'mucinous tumor', 'multiple myeloma', 'muscle tissue neoplasm', 'mycosis fungoides', 'myxoid liposarcoma', 'myxoma', 'myxosarcoma', 'nasopharyngeal carcinoma', 'neurinoma', 'neuroblastoma', 'neurofibroma', 'neuroma', 'nodular melanoma', 'ocular cancer', 'oligoastrocytoma', 'oligodendroglioma', 'oncocytoma', 'optic nerve sheath meningioma', 'optic nerve tumor', 'oral cancer', 'osteosarcoma', 'ovarian cancer', 'Pancoast tumor', 'papillary thyroid cancer', 'paraganglioma', 'pinealoblastoma', 'pineocytoma', 'pituicytoma', 'pituitary adenoma', 'pituitary tumor', 'plasmacytoma', 'polyembryoma', 'precursor T-lymphoblastic lymphoma', 'primary central nervous system lymphoma', 'primary effusion lymphoma', 'preimary peritoneal cancer', 'prostate cancer', 'pancreatic cancer', 'pharyngeal cancer', 'pseudomyxoma periotonei', 'renal cell carcinoma', 'renal medullary carcinoma', 'retinoblastoma', 'rhabdomyoma', 'rhabdomyosarcoma', ""Richter's transformation"", 'rectal cancer', 'sarcoma', 'Schwannomatosis', 'seminoma', 'Sertoli cell tumor', 'sex cord-gonadal stromal tumor', 'signet ring cell carcinoma', 'skin cancer', 'small blue round cell tumors', 'small cell carcinoma', 'soft tissue sarcoma', 'somatostatinoma', 'soot wart', 'spinal tumor', 'splenic marginal zone lymphoma', 'squamous cell carcinoma', 'synovial sarcoma', ""Sezary's disease"", 'small intestine cancer', 'squamous carcinoma', 'stomach cancer', 'T-cell lymphoma', 'testicular cancer', 'thecoma', 'thyroid cancer', 'transitional cell carcinoma', 'throat cancer', 'urachal cancer', 'urogenital cancer', 'urothelial carcinoma', 'uveal melanoma', 'uterine cancer', 'verrucous carcinoma', 'visual pathway glioma', 'vulvar cancer', 'vaginal cancer', ""Waldenstrom's macroglobulinemia"", ""Warthin's tumor"", ""Wilms' tumor""]",[],"The patent's broadest independent claim is a method of treating cancer using a combination of a vinca alkaloid N-oxide and an immune checkpoint inhibitor. This indicates a focus on clinical application rather than composition or manufacturing, classifying it as a 'Clinical' patent.",140-385-698-218-569,
Clinical,,,['diffuse large B-cell lymphoma (DLBCL)'],"['relapsed/refractory DLBCL', 'CD20-positive DLBCL', 'DLBCL with Ann Arbor Stage III or IV', 'DLBCL with International Prognostic Index of between 3 and 5']","The patent's broadest independent claims focus on methods of treating diffuse large B-cell lymphoma (DLBCL) using a combination of an immunoconjugate, an immunomodulatory agent, and an anti-CD20 antibody. The claims specify treatment regimens and patient populations, indicating a clinical focus.",048-917-573-048-279,
Clinical,,,"['multiple myeloma', 'lymphoma', 'acute myeloid leukemia', 'prostate cancer', 'metastatic renal cell carcinoma']",[],"The primary focus of the patent is on methods of treating specific cancers using an anti-CD46 antibody conjugated to a cytotoxic effector, in combination with agents that increase CD46 expression. The broadest independent claims are directed towards treatment methods, classifying it as a 'Clinical' patent.",003-528-051-596-698,
Clinical,,,['Diffuse Large B-Cell Lymphoma'],"['relapsed/refractory DLBCL', 'ineligible for autologous stem cell transplantation', 'failed prior autologous stem cell transplantation', 'received prior therapy with an anti-CD20 agent', 'received prior therapy with bendamustine']","The primary focus of the patent is on a method of treating diffuse large B-cell lymphoma using a combination of an anti-CD79b immunoconjugate, an alkylating agent, and an anti-CD20 antibody. The claims detail specific patient populations and treatment regimens, indicating a clinical focus.",003-421-493-047-899,
Composition,Conjugated Antibody,,[],[],"The broadest independent claim is a pharmaceutical composition comprising specific anti-Trop2 antibodies. The claims focus on the antibodies BAT0806, BAT0807, and BAT0808, which are specified, while the linker and payload are broadly defined, classifying it as a 'Conjugated Antibody'.",036-027-352-563-197,
Composition,Dual Combination,,[],[],"The primary claim is directed to a pharmaceutical combination comprising an anti-LY75 antibody and a platin drug, which specifies two components of a potential ADC. The claims focus on the combination of these two components, making it a 'Dual Combination' under the composition category.",054-742-446-589-529,
Clinical,,,['cancer'],[],The primary focus of the patent is on a method of preventing or treating cancer using a combination of an ETA antagonist and an immune checkpoint inhibitor. The claims are centered around the therapeutic application rather than the composition of the drugs themselves.,092-888-447-358-351,
Clinical,,,"['cancer', 'solid cancer', 'breast cancer', 'ovarian cancer', 'colon cancer', 'prostate cancer', 'bone cancer', 'colorectal cancer', 'gastric cancer', 'lymphoma', 'malignant melanoma', 'liver cancer', 'small cell lung cancer', 'non-small cell lung cancer', 'pancreatic cancer', 'thyroid cancers', 'kidney cancer', 'cancer of the bile duct', 'brain cancer', 'cervical cancer', 'maxillary sinus cancer', 'bladder cancer', 'esophageal cancer', ""Hodgkin's disease"", 'adrenocortical cancer']",[],The primary focus of the patent is on a method of treatment involving the administration of specific agonists to patients with cancer. The claims are centered around therapeutic methods rather than the composition of the drugs themselves.,069-677-678-363-701,
CMC,,Formulation/Stability,[],[],"The patent primarily claims a stable pharmaceutical formulation of an anti-PD-1 antibody, focusing on the composition and stability aspects without a buffer. The claims are centered around the formulation components and conditions, indicating a focus on formulation and stability rather than therapeutic use or composition of the antibody itself.",087-811-495-015-859,
Clinical,,,['cancer'],[],"The primary focus of the patent is on a method for treating cancer using a combination of citrate salts and a cancer immunotherapeutic drug. The claims are centered around the clinical application of this combination therapy, making it a clinical patent.",104-820-541-624-604,
Clinical,,,"['cancer', 'hematological cancer', 'solid cancer', 'autoimmune disease']",[],"The patent's broadest independent claims focus on methods of transducing cells in vivo or treating diseases using compositions, indicating a clinical focus. The claims specify treatment of various cancers and autoimmune diseases, making it a clinical patent.",120-777-898-106-884,
Composition,Unconjugated Antibody,,[],[],"The patent's broadest independent claim focuses on a method for selecting recombinant antibodies that inhibit VEGFR-2 activity. The claims primarily describe the antibodies themselves, without specifying a linker or payload, classifying it as an 'Unconjugated Antibody'.",159-320-057-396-966,
Clinical,,,"['tumour', 'solid tumour', 'liquid tumour', 'lung cancer of the squamous cell type', 'non-small cell lung cancer of the squamous type', 'Mediastinal Large B-Cell Lymphoma']","['resistant to PD-1 inhibitor therapy', 'recurrent tumour']","The primary focus of the patent is on a method of treating tumors using a combination of PD-1 inhibitors and SIK3 inhibitors, particularly in patients resistant to PD-1 therapy. The claims are centered around clinical applications rather than the composition of the drugs themselves.",168-373-055-007-336,
Composition,Full ADC,,[],[],"The primary claim is directed to a drug complex comprising a GST molecule, an antibody or similar binding molecule targeting HER2, a linker, and a specific payload (7-ethyl-10-hydroxycamptothecin). This constitutes a full ADC as it specifies all three components: antibody, linker, and payload.",181-366-941-476-896,
Clinical,,,['non-small cell lung cancer'],"['NSCLC patients that have failed prior treatment with an immune checkpoint antibody', 'NSCLC patients with low or no PD-L1 expression', 'NSCLC patients not eligible for or unlikely to benefit from anti-PD-1 or anti-PD-L1 treatment']","The patent's primary focus is on a method of treating non-small cell lung cancer using a combination therapy. The claims detail specific patient populations and treatment regimens, indicating a clinical focus.",148-716-342-767-22X,
Clinical,,,['pancreatic cancer'],"['microsatellite-stable (MSS)', 'tumor mutation burden (TMB) less than 20 mutations/megabase', 'TMB less than 400 missense mutations', 'previously failed treatment with a standard therapy', 'not indicated for treatment with a standard therapy', 'previously received a PD-1/PD-L1 inhibitor therapy', 'PD-1/PD-L1 inhibitor inadequate responder', 'refractory to a PD-1/PD-L1 inhibitor', 'localized adenocarcinoma of the pancreas', 'metastatic adenocarcinoma of the pancreas', 'PD-L1 positive pancreatic tumor', 'reduced circulating CD14 + CD16 ++ nonclassical monocytes', 'progressed after gemcitabine-based or 5-fluorouracil-based chemotherapy']","The patent primarily claims methods of treating pancreatic cancer using a combination of anti-CSF1R and anti-PD-1 antibodies, focusing on specific patient populations and dosing regimens. The claims are centered around clinical applications rather than the composition of the antibodies themselves.",035-179-481-015-644,
Composition,Full ADC,,[],[],"The primary claim is directed to an immunoconjugate comprising an antibody linked to a pyrrolobenzodiazepine moiety, which specifies the full ADC construct. The claims focus on the composition of the immunoconjugate rather than methods of treatment or clinical applications.",076-048-910-869-419,
Composition,Full ADC,,[],[],"The primary claim of the patent is directed towards an antibody multi-drugs conjugate, which includes specific details about the antibody, linker, and payload components. This indicates that the patent is focused on the full ADC construct, making it a 'Full ADC' composition subtype.",045-361-638-136-027,
Composition,Full ADC,,[],[],"The primary claim of the patent is directed towards a lysosome-targeting antibody-drug conjugate, specifying the structure as including a drug, an antibody, and a lysosome-targeting component. This indicates a 'Full ADC' composition subtype as it encompasses all three components of an ADC.",194-866-624-103-079,
Clinical,,,['EGFR-TKI-resistant non-small cell lung cancer'],"['EGFR T790M mutation-negative', 'HER3 expressing']","The patent's broadest independent claim focuses on a method of treating EGFR-TKI-resistant non-small cell lung cancer using an anti-HER3 antibody-drug conjugate. The claims specify particular patient populations, such as those with EGFR T790M mutation-negative and HER3 expressing cancers.",027-619-778-088-55X,
Composition,Full ADC,,[],[],"The primary claim of the patent is directed towards an antibody-drug conjugate (ADC) comprising a bispecific antibody targeting EGFR and c-MET, a linker, and a cytotoxic drug. This indicates a 'Full ADC' composition as it specifies all three components: antibody, linker, and payload.",004-416-185-262-562,
Composition,Full ADC,,[],[],"The patent claims a ligand-camptothecin derivative conjugate, which includes an antibody targeting human Trop2, a linker, and a camptothecin payload. This indicates a full ADC composition as all three components are specified in the claims.",042-218-297-323-498,
Clinical,,,['multiple myeloma'],"['relapsed', 'refractory', 'relapsed and refractory']","The primary focus of the patent is on a method of treatment for multiple myeloma using a specific combination of drugs, including an anti-CD38 antibody, bortezomib, and dexamethasone. The claims are centered around improving response rates in specific patient populations, making it a clinical patent.",085-652-483-696-53X,
CMC,,Formulation/Stability,[],[],"The patent primarily focuses on the formulation of monoclonal antibodies in a histidine-acetate buffer, detailing specific conditions for stability and storage. The claims are centered around the composition and stability of these formulations, indicating a focus on formulation and stability aspects rather than therapeutic use or composition of the antibodies themselves.",151-228-519-107-266,
CMC,,Formulation/Stability,[],[],"The patent primarily focuses on methods for formulating antibody-drug conjugate compositions to reduce potency variability, which falls under formulation and stability aspects of CMC. The claims detail specific methods for achieving consistent drug concentrations in ADC formulations.",157-166-721-019-267,
Clinical,,,"['low-proliferative disseminated tumor cells', 'breast cancer', 'pancreas cancer', 'skin cancer', 'bone cancer', 'prostate cancer', 'liver cancer', 'lung cancer', 'brain cancer', 'cancer of the larynx', 'gallbladder', 'pancreas', 'rectum', 'parathyroid', 'thyroid', 'adrenal', 'neural tissue', 'head and neck', 'colon', 'stomach', 'bronchi', 'kidneys', 'basal cell carcinoma', 'squamous cell carcinoma', 'metastatic skin carcinoma', 'osteosarcoma', 'chondrosarcoma', ""Ewing's sarcoma"", 'malignant fibrous histiocytoma', 'fibrosarcoma', 'multiple myeloma', 'reticulum cell sarcoma', 'myeloma', 'giant cell tumor', 'small-cell lung tumor', 'gallstones', 'islet cell tumor', 'primary brain tumor', 'acute and chronic lymphocytic and granulocytic tumors', 'hairy-cell tumor', 'adenoma', 'hyperplasia', 'medullary carcinoma', 'pheochromocytoma', 'mucosal neuromas', 'intestinal ganglioneuromas', 'hyperplastic corneal nerve tumor', 'marfanoid habitus tumor', ""Wilm's tumor"", 'seminoma', 'ovarian tumor', 'leiomyomater tumor', 'cervical dysplasia and in situ carcinoma', 'neuroblastoma', 'glioblastoma', 'retinoblastoma', 'soft tissue sarcoma', 'malignant carcinoid', 'topical skin lesion', 'mycosis fungoide', 'rhabdomyosarcoma', ""Kaposi's sarcoma"", 'osteogenic and other sarcoma', 'malignant hypercalcemia', 'renal cell tumor', 'polycythemia vera', 'adenocarcinoma', 'glioblastoma multiforma', 'leukemias', 'lymphomas', 'malignant melanomas', 'epidermoid carcinomas']",[],"The patent's broadest independent claim focuses on a method of treatment for low-proliferative disseminated tumor cells using specific inhibitors and cytotoxic drugs. The claims detail various cancer types as indications, classifying it under 'Clinical'.",154-954-657-469-308,
Composition,Full ADC,,[],[],"The primary claim of the patent is directed towards an antibody-drug conjugate (ADC) that includes a B7H3-targeting antibody, a linker, and a cytotoxic drug. This indicates that the patent is focused on the composition of a full ADC, as all three components are specified in the claims.",157-320-356-488-753,
Composition,Full ADC,,[],[],"The broadest independent claim is directed to an antibody-drug conjugate (ADC) comprising an anti-EphA2 antibody and a drug-linker structure. This indicates the patent primarily claims a full ADC composition, specifying the antibody, linker, and payload components.",169-802-808-267-220,
Composition,Conjugated Antibody,,[],[],"The primary claim is directed to an antibody or antigen-binding portion binding to CHI3L1, which is a specific antibody composition. Although there are method-of-treatment claims, the broadest independent claim focuses on the antibody itself, making it a composition patent with a subtype of 'Conjugated Antibody'.",183-543-064-863-25X,
Clinical,,,['endometrial cancer'],"['patients with FOLR1 positive status', 'patients with medium or high FRα expression', 'patients with recurrent endometrial cancer']","The patent's broadest independent claim focuses on a method of treating endometrial cancer using a combination of an anti-FOLR1 immunoconjugate and an anti-PD-1 antibody. The claims detail specific patient populations and treatment regimens, indicating a clinical focus.",085-717-662-960-775,
CMC,,Formulation/Stability,[],[],"The primary focus of the patent is on the method for producing crystalline forms of an anti-PD-1 monoclonal antibody, specifically pembrolizumab, which relates to formulation and stability aspects. The claims emphasize the crystallization process and the characteristics of the resulting crystals, which are relevant to pharmaceutical applications such as storage and drug delivery.",166-806-352-129-565,
Clinical,,,['non-small cell lung cancer'],"['without EGFR mutation', 'ALK fusion genes', 'EGFR actionable mutation', 'failed prior EGFR-TKI treatment']","The primary focus of the patent is on methods of treating non-small cell lung cancer using a combination of an anti-PD-1 antibody and an immunoconjugate. The claims detail specific patient populations and treatment regimens, indicating a clinical focus.",190-541-087-395-844,
Composition,Full ADC,,[],[],"The patent's broadest independent claim is directed to a compound of Formula (XV), which includes an antibody component (R A), indicating a full ADC construct. The claims specify the antibody, linker, and payload components, classifying it as a 'Full ADC'.",055-660-321-279-639,
Composition,Conjugated Payload,,[],[],"The primary focus of the patent is on the active camptothecin derivative and its prodrug forms, including ADCs, which are designed to bind to DDX5 protein and E3 ligase. The claims emphasize the payload's role in the ADC, with the antibody and linker being broadly defined.",035-914-670-981-153,
Composition,Full ADC,,[],[],"The patent primarily claims a ligand-drug conjugate, which includes a specific antibody, linker, and payload, fitting the definition of a full ADC. The claims focus on the structure and composition of the ADC rather than methods of treatment or manufacturing processes.",053-467-559-233-086,
Composition,Conjugated Antibody,,[],[],"The primary focus of the patent is on a bi-functional therapeutic composition for treating cancer, which includes a targeting component (such as a TCR, single domain antibody, or Anticalin®) conjugated to an enzyme. The claims emphasize the composition of the therapeutic, making it a 'Conjugated Antibody' subtype.",084-453-987-746-467,
Composition,Conjugated Payload,,[],[],"The primary focus of the patent is on the AR prodrug composition, which includes a drug moiety (A2aR antagonist) conjugated with a lipid moiety. The claims detail the structure and components of the prodrug, indicating a focus on the payload aspect of the composition.",080-962-446-147-816,
Clinical,,,"['adenocarcinoma', 'lymphoma', 'melanoma', 'sarcoma', 'teratocarcinoma', 'adrenal gland cancer', 'bladder cancer', 'bone cancer', 'bone marrow cancer', 'brain cancer', 'breast cancer', 'cervix cancer', 'gall bladder cancer', 'ganglia cancer', 'gastrointestinal tract cancer', 'heart cancer', 'kidney cancer', 'liver cancer', 'lung cancer', 'muscle cancer', 'ovary cancer', 'pancreas cancer', 'parathyroid cancer', 'prostate cancer', 'skin cancer', 'testis cancer', 'thymus cancer', 'uterus cancer']",[],"The patent's broadest independent claim focuses on a method of treating tumors using a combination of cytotoxic particles, immune checkpoint inhibitors, and T-cell stimulatory agents. This indicates a primary focus on clinical treatment methods rather than composition or manufacturing aspects.",097-326-980-988-033,
Clinical,,,['HER2 positive breast cancer'],"['first line metastatic', 'operable or locally advanced', 'inflammatory early']","The patent's primary focus is on methods of treating HER2 positive breast cancer using specific combinations of drugs, which is indicative of a clinical patent. The claims detail treatment regimens and specific patient populations, confirming the clinical nature.",124-090-837-749-792,
Composition,Full ADC,,[],[],"The primary claim of the patent is directed towards an antibody-drug conjugate (ADC) with a specific structure, including an HER2 antibody, a linker, and an Eribulin derivative payload. This indicates a 'Full ADC' composition subtype as it specifies all three components of the ADC construct.",133-910-635-348-779,
Clinical,,,"['non-Hodgkin lymphoma', 'Hodgkin lymphoma', 'Burkitt lymphoma', 'primary effusion lymphoma', 'B-cell lymphoma of the elderly', 'adult T-cell leukemia/lymphoma', 'Kaposi sarcoma', 'hepatocellular carcinoma', 'cervical cancer', 'gastric cancer', 'nasopharyngeal carcinoma']",['subjects with or at risk for developing post-transplant lymphoproliferative disorder'],"The patent's broadest independent claims focus on methods for preventing cancer using TfR1-binding proteins, indicating a clinical focus. The claims specify various cancer types and patient populations, such as those at risk for post-transplant lymphoproliferative disorder.",133-531-179-917-762,
Clinical,,,"['neurodegenerative disease', ""Alzheimer's disease"", 'brain cancer']",[],"The broadest independent claims focus on methods for diagnostic imaging and treatment of neurodegenerative diseases, including Alzheimer's disease and brain cancer. The claims specify the use of modified antibodies and compounds for these clinical applications.",196-986-511-184-916,
Clinical,,,"['cancer', 'hematological cancer', 'leukemia', 'lymphoma', 'myeloma', 'antibody-mediated autoimmune disease', ""Graves' disease"", 'myasthenia gravis', 'lupus erythematosus', 'rheumatoid arthritis', 'goodpasture syndrome', 'scleroderma', 'CREST syndrome', 'granulomatosis with polyangiitis', 'microscopic polyangiitis', 'pemphigus vulgaris', ""Sjögren's syndrome"", 'diabetes mellitus type 1', 'primary biliary cholangitis', ""Hashimoto's thyreoiditis"", 'neuromyelitis optica spectrum disorders', 'anti-NMDA receptor encephalitis', 'vasculitis', 'multiple sclerosis']",[],"The patent's broadest independent claims focus on methods of treating cancer and antibody-mediated autoimmune diseases using a combination of retinoids and immunotherapeutic agents binding to BCMA. Therefore, it is classified under 'Clinical' with specific indications extracted from the claims.",056-984-084-423-381,
Composition,Full ADC,,[],[],"The primary claim of the patent is directed towards a therapeutic agent comprising an anti-HER2 antibody-drug conjugate, specifying the antibody, linker, and payload components. This indicates a 'Full ADC' composition subtype.",089-468-640-828-491,
Clinical,,,"['cancer', 'non-small cell lung carcinoma', 'colorectal cancer']",[],"The patent's broadest independent claims focus on methods of treating cancer using a combination of NTKIs and antibodies or synthetic polypeptides. The claims are centered around treatment regimens, making it a clinical patent.",015-434-016-670-459,
Clinical,,,"['urothelial cancer', 'kidney cancer', 'bladder cancer']",['resistant to immunotherapy'],"The patent's broadest independent claims focus on methods of treating urothelial and kidney cancers using ETBR antagonists, indicating a clinical focus. The claims specify treatment of urothelial and kidney cancers, including bladder cancer, and mention patient populations resistant to immunotherapy.",029-105-548-875-974,
Clinical,,,['multiple myeloma'],"['relapsed', 'refractory', 'relapsed and refractory']","The patent's broadest independent claim focuses on a method of treatment for multiple myeloma using a specific combination of drugs, including an anti-CD38 antibody. The claims detail the clinical use and dosing regimen, indicating a focus on clinical application rather than composition or manufacturing.",030-192-740-098-400,
CMC,,Formulation/Stability,[],[],"The primary focus of the patent is on the formulation of a stable, high-concentration nimotuzumab antibody, which falls under formulation and stability aspects of CMC. The claims detail specific components and conditions for the formulation, emphasizing its stability and concentration, rather than treatment methods or compositions of the antibody itself.",038-431-560-222-845,
Clinical,,,"['breast cancer', 'bile duct cancer', 'gastric cancer', 'gastroesophageal adenocarcinoma', 'cholangiocarcinoma', 'bladder cancer', 'gallbladder cancer', 'testicular cancer', 'ovarian cancer', 'uterine cancer', 'cervical cancer', 'head and neck cancer', 'non-small cell lung cancer', 'colorectal cancer']","['HER2-positive', 'relapsed', 'refractory']","The primary focus of the patent is on methods of treating or preventing cancer using a HER2 binding molecule, which classifies it as 'Clinical'. The claims detail specific cancer types and patient populations, such as HER2-positive and relapsed or refractory patients.",053-124-043-310-103,
Composition,Conjugated Antibody,,[],[],"The primary claim is directed to a nanoparticle composition encapsulating a drug molecule, which can be an antibody or cytokine. The focus is on the composition of the nanoparticles, specifically the encapsulation of antibodies, making it a 'Conjugated Antibody' subtype.",169-426-278-066-491,
Composition,Full ADC,,[],[],"The primary claim is directed to a pharmaceutical composition comprising an antibody-pyrrolobenzodiazepine derivative conjugate and a PARP inhibitor. The composition specifies the antibody, linker, and payload, classifying it as a 'Full ADC'.",172-374-095-673-631,
Clinical,,,['multiple myeloma'],"['relapsed', 'refractory', 'newly diagnosed', 'ineligible for autologous stem cell transplant']","The primary focus of the patent is on a method of treatment for multiple myeloma using a specific combination of drugs, including an anti-CD38 antibody, lenalidomide, and dexamethasone. The claims detail the treatment regimen and patient populations, indicating a clinical patent type.",179-925-366-059-936,
Composition,Unconjugated Antibody,,[],[],"The primary focus of the patent is on the composition of an anti-TIGIT antibody and its antigen-binding fragments. The claims detail the specific sequences and characteristics of the antibody, indicating it is an unconjugated antibody composition.",175-569-549-528-375,
Composition,Unconjugated Payload,,[],[],"The primary claim is directed to a vaccine composition comprising a vector encoding a HER3 polypeptide. This indicates a focus on the composition of the vaccine itself, specifically the polynucleotide encoding the HER3 polypeptide, which is considered an unconjugated payload.",006-107-131-813-465,
Clinical,,,"['non-small cell lung cancer', 'hepatocellular carcinoma', 'esophageal cancer', 'ovarian cancer', 'urinary bladder cancer', 'uterine cancer', 'gallbladder adenocarcinoma and cholangiocarcinoma', 'melanoma', 'acute myeloid leukemia']",[],"The primary focus of the patent is on methods of treating various cancers using a composition of activated T cells. The claims are centered around the therapeutic application, making it a clinical patent.",000-721-536-712-795,
Clinical,,,['non-small-cell lung cancer (NSCLC)'],"['HER2-overexpressing', 'erbb2 gene amplification', 'erbb2 activating mutation', 'stage IIIB', 'stage IV', 'recurrent']","The primary focus of the patent is on methods of treating non-small-cell lung cancer using a multi-specific binding protein. The claims detail specific patient populations and treatment regimens, indicating a clinical focus.",005-233-734-248-128,
Composition,Conjugated Antibody,,[],[],"The primary focus of the patent is on chimeric proteins that include a targeting moiety, specifically antibodies or antibody fragments, that bind to non-cellular structures. The claims detail the composition of these chimeric proteins, making it a composition patent with a focus on the conjugated antibody component.",000-225-933-974-294,
Clinical,,,"['breast cancer', 'colorectal cancer', 'prostate cancer', 'hepatic cell carcinoma', 'melanoma']",[],"The patent primarily claims methods of treating cancer by controlling the action of growth hormone receptors, which is a clinical application. The claims focus on treatment methods rather than specific compositions or manufacturing processes.",000-601-899-641-088,
Composition,Full ADC,,[],[],"The primary claim is directed to an antibody-payload conjugate, specifying the antibody, linker, and payload components. This indicates a 'Full ADC' composition as all three components are defined in the claims.",003-010-243-632-191,
Clinical,,,"['breast cancer', 'lung cancer', 'liver cancer', 'gastric cancer', 'intestinal cancer', 'renal cancer', 'melanoma', 'non-small cell lung cancer']",['subject has failed at least one chemotherapy'],"The primary focus of the patent is on a method of treating cancer using a combination of an anti-PD-1 antibody and a VEGFR inhibitor, specifically apatinib. The claims detail the treatment method, including specific cancer types and patient populations, indicating a clinical patent type.",010-062-611-607-132,
Clinical,,,"['malignant tumor', 'melanoma', 'small cell lung cancer', 'non-small cell lung cancer', 'human papilloma virus-related tumor', 'gastric adenocarcinoma', 'multiple myeloma', 'B-cell lymphoma', 'Hodgkin lymphoma', 'primary mediastinal B-cell lymphoma', ""non-Hodgkin's lymphoma"", 'acute myeloid lymphoma', 'chronic myelogenous leukemia', 'chronic lymphoid leukemia', 'follicular lymphoma', 'diffuse large B-cell lymphoma', ""Burkitt's lymphoma"", 'immunoblastic large cell lymphoma', 'precursor B-lymphoblastic lymphoma', 'mantle cell lymphoma', 'acute lymphoblastic leukemia', 'mycosis fungoides', 'anaplastic large cell lymphoma', 'T-cell lymphoma', 'precursor T-lymphoblastic lymphoma', 'gastroesophageal junction cancer', 'head and neck squamous cell carcinoma', 'renal cell cancer', 'hepatocellular carcinoma']",[],"The patent's broadest independent claim is a method of treating malignant tumors using a combination of inhibitors and an immunotherapeutic agent, indicating a focus on clinical treatment methods. The claims specify various cancer types as indications for treatment.",005-159-147-288-835,
Clinical,,,['light chain amyloidosis'],['newly diagnosed AL patient'],"The primary focus of the patent is on a method of treatment using an anti-CD38 antibody for light chain amyloidosis, specifically targeting newly diagnosed patients. The claims detail the treatment regimen and combination therapies, indicating a clinical application.",000-771-073-267-845,
Clinical,,,"['gastric cancer', 'esophageal cancer', 'pancreatic cancer', 'lung cancer', 'ovarian cancer', 'colon cancer', 'hepatic cancer', 'head-neck cancer', 'cancer of the gallbladder', 'metastases']",[],"The primary focus of the patent is on a method of treating cancer using a combination therapy involving an antibody against CLDN18.2. The claims are centered around treatment methods, making it a clinical patent.",012-403-724-186-923,
Clinical,,,"['colon cancer', 'breast cancer', 'melanoma', 'lung cancer', 'Head and Neck Squamous Cell Cancer', 'Classical Hodgkin Lymphoma', 'Primary Mediastinal Large B-Cell Lymphoma', 'Urothelial Carcinoma', 'Gastric Cancer', 'Esophageal Cancer', 'Cervical Cancer', 'Hepatocellular Carcinoma', 'Merkel Cell Carcinoma', 'Renal Cell Carcinoma', 'Endometrial Carcinoma', 'Tumor Mutational Burden-High Cancer', 'Cutaneous Squamous Cell Carcinoma', 'Triple-Negative Breast Cancer', 'Microsatellite Instability-High or Mismatch Repair Deficient Cancer', 'Microsatellite Instability-High or Mismatch Repair Deficient Colorectal Cancer']","['refractory to treatment with the checkpoint inhibitor', 'positive for a microsatellite instability (MSI) and/or a mismatch repair deficient (dMMR) marker', 'negative for a microsatellite instability (MSI) and/or a mismatch repair deficient (dMMR) marker']","The patent's primary focus is on a method of treating cancer using ultra-high concentration gaseous nitric oxide and a checkpoint inhibitor, which classifies it under 'Clinical'. The claims specify various cancer types and patient populations, such as those refractory to treatment or with specific genetic markers.",015-430-559-804-70X,
Composition,Unconjugated Antibody,,[],[],"The patent claims focus on nucleic acid sequences encoding variable regions of antibodies that bind to ErbB3, which are intermediates for producing antibodies. There are no claims related to a full ADC or conjugated components, making it an 'Unconjugated Antibody' composition.",008-613-247-605-726,
Clinical,,,"['non-immunogenic cancer', 'melanoma', 'non-small cell lung carcinoma', 'renal cancer', 'head and neck cancer', 'bladder cancer']",[],The primary focus of the patent is on methods of treating non-immunogenic cancers using a hydrogel matrix with chemotherapeutic agents and checkpoint inhibitors. The claims are centered around treatment methods rather than the composition itself.,007-412-775-193-051,
Clinical,,,"['oncological or hyperproliferative disease', 'cancer', 'tumor disease', 'non-small cell lung cancer (NSCLC)']",[],The primary focus of the patent is on methods of treating cancer using a combination of bispecific binding molecules and PD-1 antagonists. The claims are centered around treatment methods rather than the composition of the drugs themselves.,012-850-969-008-484,
Clinical,,,['brain metastases'],[],The primary focus of the patent is on a method for treating or preventing brain metastases using a composition that includes an LCN2 inhibitor. The claims are centered around the therapeutic application rather than the composition itself.,025-829-306-487-467,
Clinical,,,"['cancer', 'solid tumor', 'hematological cancer']",[],"The patent's broadest independent claim is focused on a method of treatment using a combination of a Cbl-b inhibitor and checkpoint inhibitors. The claims specify the treatment of various cancers, making it primarily a clinical patent.",040-956-833-731-762,
Clinical,,,"['colon cancer', 'lung cancer', 'prostate cancer', 'ovarian cancer', 'lymphoma', 'multiple myeloma', 'pancreatic cancer', 'kidney cancer', 'breast cancer', 'gastric cancer', 'bile duct cancer', 'thyroid cancer', 'melanoma', 'renal cell cancer', ""Hodgkin's lymphoma"", 'head and neck cancer', 'mesothelioma', 'colorectal cancer', 'esophageal cancer', 'gastroesophageal cancer', 'hepatocellular cancer', 'glioblastoma', 'urothelial cancer', 'urinary bladder cancer', 'uterus cancer', 'primary central nervous system lymphoma', 'primary testicular lymphoma', 'biliary tract cancer', 'brain tumor', 'leukemia', 'liver cancer', 'sarcoma', 'fibrosarcoma', 'mastocytoma', 'adrenal cortex cancer', ""Ewing's tumor"", 'testicle cancer', 'basal cell cancer', ""Paget's disease"", 'skin cancer']",[],"The primary claim is directed towards a method for treating and/or preventing cancer using a combination of an antibody and an HDAC inhibitor. The patent lists specific cancer types as indications, making it primarily clinical in nature.",046-378-180-137-008,
Clinical,,,['cancer'],[],"The primary focus of the patent is on a method for treating cancer using a combination of a CD73 inhibitor and an A2A/A2B adenosine receptor inhibitor. The claims are centered around the therapeutic application of this combination, making it a clinical patent.",054-827-373-070-584,
Clinical,,,['neuroblastoma'],"['resistant to at least one ALK inhibitor', 'resistant to crizotinib', 'ALK mutation', 'ALK amplification']","The primary focus of the patent is on a method of treating neuroblastoma using a combination of crizotinib and an ALK-specific antibody. The claims detail specific patient populations, such as those with resistance to ALK inhibitors or specific ALK mutations, indicating a clinical application.",008-528-443-377-525,
Clinical,,,"['ErbB-2 positive tumor', 'ErbB-3 positive tumor', 'ErbB-2/ErbB-3 positive tumor', 'breast tumor', 'gastric tumor', 'colorectal tumor', 'colon tumor', 'gastro-esophageal tumor', 'esophageal tumor', 'endometrial tumor', 'ovarian tumor', 'liver tumor', 'lung tumor', 'clear cell sarcoma', 'salivary gland tumor', 'head and neck tumor', 'brain tumor', 'bladder tumor', 'pancreatic tumor', 'prostate tumor', 'kidney tumor', 'skin tumor', 'melanoma']",[],"The primary focus of the patent is on methods of treating various tumors using a bispecific antibody targeting ErbB-2 and ErbB-3. The claims are centered around treatment methods, making it a clinical patent.",022-405-082-188-311,
Clinical,,,"['human immunodeficiency virus infection', 'hepatitis B virus infection', 'hepatitis C virus infection']",[],"The primary focus of the patent is on a method of treating infections using a specific antibody, as indicated by the broadest independent claim. The claims specify treatment of chronic infections, including HIV, hepatitis B, and hepatitis C.",014-383-864-916-315,
Clinical,,,"['B cell lymphoma', 'lung cancer', 'bronchus cancer', 'colorectal cancer', 'prostate cancer', 'breast cancer', 'pancreas cancer', 'stomach cancer', 'ovarian cancer', 'urinary bladder cancer', 'brain or central nervous system cancer', 'peripheral nervous system cancer', 'esophageal cancer', 'cervical cancer', 'melanoma', 'uterine or endometrial cancer', 'cancer of the oral cavity or pharynx', 'liver cancer', 'kidney cancer', 'biliary tract cancer', 'small bowel or appendix cancer', 'salivary gland cancer', 'thyroid gland cancer', 'adrenal gland cancer', 'osteosarcoma', 'chondrosarcoma', 'liposarcoma', 'testes cancer', 'malignant fibrous histiocytoma', 'skin cancer', 'head and neck cancer', 'lymphomas', 'sarcomas', 'multiple myeloma', 'leukemias']","['recurrent cancer', 'resistant or refractory to treatment with a PI3K pathway inhibitor']","The patent's broadest independent claim is a method of treating cancer using a combination of a PI3K pathway inhibitor and a glucagon receptor antagonist. It focuses on clinical applications, specifically targeting various cancer types and patient populations with recurrent or resistant cancers.",016-070-328-141-363,
Composition,Full ADC,,[],[],"The primary claim is directed to an antibody-drug conjugate (ADC) with a specific structure, including an antibody, a tridentate linker, and a drug payload. This indicates a 'Full ADC' composition as all three components are specified in the claims.",023-714-264-962-780,
Composition,Conjugated Payload,,[],[],"The patent's broadest independent claim is directed to a compound with a specific structure, which is used as a payload in an ADC construct. The claims focus on the payload's structure and its use in compositions, indicating a 'Conjugated Payload' subtype.",001-177-701-514-398,
Clinical,,,[],[],"The primary focus of the patent is on a method of treatment involving dosing regimens to reduce undesired humoral immune responses. The claims are centered around the administration schedule and combination of therapeutic macromolecules and immunosuppressants, which aligns with a clinical patent type.",006-182-148-174-233,
Composition,Unconjugated Antibody,,[],[],"The patent primarily claims an anti-human CCR7 antibody, focusing on its specific binding properties and sequences. There are no claims related to conjugation with linkers or payloads, making it an unconjugated antibody composition.",022-750-917-076-922,
Composition,Dual Combination,,[],[],"The primary claim is directed to a pharmaceutical composition comprising a PUFA-taxoid conjugate in combination with an immune-oncology agent. This indicates a dual combination of components, specifically a conjugate and an IO agent, which fits the 'Dual Combination' subtype under 'Composition'.",030-833-129-474-499,
Clinical,,,"['multiple myeloma', 'plasma cell leukemia']","['relapsed', 'refractory', 'resistant', 'newly diagnosed']","The patent's broadest independent claims focus on methods of treating multiple myeloma using a combination of a compound and a bispecific antibody. The claims specify treatment regimens and patient populations, indicating a clinical focus.",026-262-478-986-723,
Composition,Unconjugated Antibody,,[],[],"The primary focus of the claims is on the isolated antibody that binds to CD112R, which is a composition of matter. There are no claims related to conjugation with a linker or payload, making it an unconjugated antibody.",024-391-924-544-297,
Composition,Unconjugated Antibody,,[],[],"The broadest independent claim focuses on a LAIR-1 antibody with specific sequence identities, which classifies it as an unconjugated antibody. The claims do not specify a linker or payload, indicating the composition is centered around the antibody itself.",030-554-654-314-926,
Clinical,,,"['melanoma', 'breast cancer', 'primary liver cancer', 'metastatic liver cancer', 'prostate cancer', 'small cell lung cancer', 'non small cell lung cancer']",[],"The patent's broadest independent claims focus on methods of treating cancer using a combination of intralesional chemoablative compositions and systemic anticancer agents. The claims specify various cancer types as indications, making it primarily a clinical patent.",031-988-144-432-919,
Clinical,,,"['cancer', 'hematological cancer', 'chronic lymphocytic leukemia', 'mantle cell lymphoma', 'multiple myeloma', 'acute lymphoid leukemia', 'Hodgkin lymphoma', 'B-cell acute lymphoid leukemia', 'T-cell acute lymphoid leukemia', 'small lymphocytic leukemia', 'B cell prolymphocytic leukemia', 'blastic plasmacytoid dendritic cell neoplasm', ""Burkitt's lymphoma"", 'diffuse large B cell lymphoma', 'DLBCL associated with chronic inflammation', 'follicular lymphoma', 'pediatric follicular lymphoma', 'hairy cell leukemia', 'small cell- or a large cell-follicular lymphoma', 'malignant lymphoproliferative conditions', 'MALT lymphoma', 'Marginal zone lymphoma', 'myelodysplasia', 'myelodysplastic syndrome', 'non-Hodgkin lymphoma', 'plasmablastic lymphoma', 'plasmacytoid dendritic cell neoplasm', 'Waldenstrom macroglobulinemia', 'splenic marginal zone lymphoma', 'splenic lymphoma/leukemia', 'splenic diffuse red pulp small B-cell lymphoma', 'hairy cell leukemia-variant', 'lymphoplasmacytic lymphoma', 'heavy chain disease', 'plasma cell myeloma', 'solitary plasmocytoma of bone', 'extraosseous plasmocytoma', 'nodal marginal zone lymphoma', 'pediatric nodal marginal zone lymphoma', 'primary cutaneous follicle center lymphoma', 'lymphomatoid granulomatosis', 'primary mediastinal large B-cell lymphoma', 'intravascular large B-cell lymphoma', 'ALK+ large B-cell lymphoma', 'large B-cell lymphoma arising in HHV8-associated multicentric Castleman disease', 'primary effusion lymphoma', 'B-cell lymphoma', 'unclassifiable lymphoma']",[],"The patent's broadest independent claim focuses on a method of treating diseases associated with CD19 expression using CAR19-expressing cells and kinase inhibitors. This indicates a primary focus on clinical applications, specifically treatment methods for various cancers.",031-589-799-187-557,
Composition,Dual Combination,,[],[],"The primary claim is directed to a combination of a pharmaceutical composition containing an EGFR binding antagonist antibody and an immunotherapeutic compound. This indicates a focus on the composition of these two therapeutic agents, classifying it as a 'Dual Combination' under the 'Composition' category.",025-775-533-074-768,
Composition,Unconjugated Antibody,,[],[],"The primary claim of the patent is directed towards a therapeutic drug comprising an antibody that recognizes specific amino acids of a human transferrin receptor. This indicates the focus is on the composition of the antibody itself, without mention of conjugation to a linker or payload, classifying it as an 'Unconjugated Antibody'.",025-534-897-044-861,
Clinical,,,"['hepatocellular carcinoma', 'colorectal carcinoma', 'glioblastoma', 'gastric cancer', 'esophageal cancer', 'non-small cell lung cancer', 'pancreatic cancer', 'renal cell carcinoma', 'benign prostate hyperplasia', 'prostate cancer', 'ovarian cancer', 'melanoma', 'breast cancer', 'chronic lymphocytic leukemia', 'Merkel cell carcinoma', 'small cell lung cancer', 'Non-Hodgkin lymphoma', 'acute myeloid leukemia', 'gallbladder cancer', 'cholangiocarcinoma', 'urinary bladder cancer', 'uterine cancer']",[],"The patent's broadest independent claim is directed towards a method of treating cancer using activated T cells, which classifies it under 'Clinical'. The claims specify various cancer types as indications for treatment.",036-419-573-328-943,
CMC,,Intermediate Production,[],[],"The patent's broadest independent claim focuses on a host cell for producing afucosylated anti-FGFR2IIIb antibodies, which is related to the production of an intermediate. The claims detail the genetic and cellular components necessary for manufacturing these antibodies, indicating a focus on the production process rather than the final therapeutic use.",033-835-401-515-367,
Clinical,,,['cancer'],[],The patent primarily claims methods of reducing side effects associated with immunotherapy using immune agonist antibodies by modifying gut microbiota. The focus is on treatment methods rather than composition or manufacturing processes.,034-880-015-304-819,
Composition,Unconjugated Linker,,[],[],"The primary focus of the patent is on the composition of radiolabeled biomolecules, specifically the prosthetic compounds or radiohalogen precursors used for radiolabeling. The claims detail the structure and components of these compounds, which are intermediates for conjugation, classifying it as an 'Unconjugated Linker'.",032-930-159-365-75X,
Composition,Conjugated Payload,,[],[],"The primary focus of the claims is on novel benzodiazepine derivatives, which are payloads for potential use in ADCs. The claims specify compounds and their preparation, indicating a focus on the payload component of ADCs.",034-524-796-027-920,
Clinical,,,"['hematologic malignancy', 'acute myeloid leukemia (AML)']","['relapsed and/or refractory', 'minimal residual disease', 'resistant to IMGN632', 'expresses multidrug resistance 1 (MDR1)', 'expresses P-glycoprotein (P-gp)', 'previously treated with venetoclax', 'previously treated with a hypomethylating agent', 'received at least two prior lines of therapy', 'received at least three prior lines of therapy', 'FLT3-ITD mutation']","The patent's broadest independent claims focus on methods of treating hematologic malignancies using combinations of an anti-CD123 immunoconjugate with other agents. The claims detail specific treatment regimens and patient populations, indicating a clinical focus.",043-610-147-347-542,
Clinical,,,"['ARID1A-mutated cancer', 'ARID1A-mutated pre-cancer', 'ARID1A-mutated benign tumor', 'breast cancer', 'pancreatic cancer', 'gastric cancer', 'ovarian cancer', 'ovarian clear cell carcinoma']",[],"The patent's primary focus is on a method of treating ARID1A-mutated cancers using inhibitors of glutamate metabolism. The claims are centered around treatment methods, making it a clinical patent.",033-972-826-408-840,
Composition,Unconjugated Payload,,[],[],"The patent primarily claims solid forms of a specific chemical compound, which is a small molecule drug. The claims focus on the composition of these solid forms, making it a composition patent. The compound is not part of an ADC, so it is classified as an unconjugated payload.",040-056-890-911-977,
Clinical,,,"['cancer', 'breast cancer', 'non-small cell lung cancer', 'small cell lung cancer', 'pancreatic cancer', 'head and neck cancer', 'prostate cancer', 'colorectal cancer', 'sarcoma', 'adrenocortical carcinoma', 'neuroendocrine cancer', ""Ewing's Sarcoma"", 'multiple myeloma', 'acute myeloid leukemia']","['mammal', 'human', 'mammal with at least one solid tumor']","The primary focus of the patent is on a method of treating cancer using a combination of radioimmunoconjugates and DNA damage response inhibitors. The claims are centered around the therapeutic application, making it a clinical patent.",047-582-827-090-402,
Clinical,,,"['skin cancer', 'connective tissue cancer', 'adipose cancer', 'breast cancer', 'head and neck cancer', 'lung cancer', 'stomach cancer', 'pancreatic cancer', 'ovarian cancer', 'cervical cancer', 'uterine cancer', 'anogenital cancer', 'kidney cancer', 'bladder cancer', 'colon cancer', 'prostate cancer', 'central nervous system (CNS) cancer', 'retinal cancer', 'blood cancer', 'neuroblastoma', 'multiple myeloma', 'lymphoid cancer']",[],"The patent's broadest independent claims focus on methods of treating cancer using a combination of DMAMCL and ionizing radiation, indicating a clinical focus. The claims specify various cancer types as indications for treatment.",048-145-738-253-207,
Composition,Conjugated Antibody,,[],[],"The primary focus of the patent is on tissue-targeting compounds comprising a monoclonal antibody or antigen-binding fragment with affinity for PSMA. The claims detail specific antibodies and their sequences, indicating a focus on the antibody component of the ADC construct.",049-915-351-895-840,
Clinical,,,['cancer'],[],The patent's primary focus is on a method of treating cancer using a combination of immune checkpoint inhibitors and retinoid active agents. The claims are centered around treatment methods rather than the composition of the drugs themselves.,073-697-801-438-506,
Clinical,,,['non-squamous non-small cell lung cancer'],"['c-Met expressing', 'mutated EGFR', 'previous osimertinib therapy', 'progressive disease']","The patent's primary focus is on methods of treating non-squamous non-small cell lung cancer using a combination of telisotuzumab vedotin and osimertinib. The claims detail specific patient populations, such as those with c-Met expression and mutated EGFR, who have experienced progressive disease after previous osimertinib therapy.",077-295-920-128-029,
Composition,Dual Combination,,[],[],"The primary focus of the patent is on a pharmaceutical composition comprising Afatinib and quercetin, which are specified as synergistic components for treating neoplasms. The claims emphasize the combination of these two active ingredients, classifying it as a 'Dual Combination' composition subtype.",072-100-207-382-422,
Clinical,,,"['platinum-resistant ovarian cancer', 'platinum-resistant primary peritoneal cancer', 'platinum-resistant fallopian cancer', 'colorectal cancer']","['following failure of more than two prior therapies', 'following prior administration of an anti-VEGF agent']","The patent's broadest independent claims focus on methods of treating specific cancers using a bispecific antibody targeting VEGF and DLL4. The claims detail treatment regimens and patient populations, indicating a clinical focus.",071-599-283-366-001,
Clinical,,,['KRAS variant cancer'],['resistant to KRAS inhibitor'],"The broadest independent claim focuses on a method of treating cancer using a combination of a KRAS inhibitor and a fusion protein. The claims detail specific treatment methods, including for KRAS variant cancers resistant to KRAS inhibitors, indicating a clinical focus.",075-832-609-876-065,
Other,,,[],[],"The patent primarily claims a method for identifying compounds that modulate the interaction of TNFα or CD40L with their receptors. It does not claim a specific composition, manufacturing process, or clinical application, thus it falls under 'Other'.",060-203-735-083-107,
Clinical,,,['metastatic disease'],[],"The primary focus of the patent is on methods for diagnosing and treating metastatic disease, which falls under clinical applications. The claims emphasize diagnostic and therapeutic methods rather than specific compositions or manufacturing processes.",061-659-365-393-221,
Composition,Conjugated Antibody,,[],[],"The primary focus of the patent is on antibodies that bind to fibulin-3, with claims detailing the antibody structure and potential conjugation with cytotoxic agents. The broadest independent claim is for the antibody itself, making it a composition patent with a subtype of conjugated antibody.",050-172-838-981-813,
Composition,Unconjugated Antibody,,[],[],"The primary claim is directed to an antibody or antigen binding fragment that specifically binds to certain polypeptides and inhibits osteoclast formation. This indicates the patent is focused on the composition of an unconjugated antibody, rather than a method of treatment or a full ADC construct.",061-402-003-632-471,
Clinical,,,"['Ewing sarcoma', 'Burkitt lymphoma', 'osteosarcoma', 'neuroblastoma', 'glioma', 'ALL', 'CIVIL', 'AML', 'MDS']",[],"The primary focus of the patent is on methods of treating various cancers using hybrid polymerized liposomal nanoparticles. The claims are centered around treatment methods, making it a clinical patent.",056-263-560-389-904,
Clinical,,,"['hepatocellular cancer', 'bladder cancer', 'breast cancer', 'cervical cancer', 'colorectal cancer', 'endometrial cancer', 'anal cancer', 'Merkel cell carcinoma', 'gastric cancer', 'head and neck cancer', 'kidney cancer', 'liver cancer', 'lung cancer', 'ovarian cancer', 'prostate cancer', 'esophageal cancer', 'gall bladder cancer', 'pancreatic cancer', 'thyroid cancer', 'skin cancer', 'leukemia', 'multiple myeloma', 'chronic lymphocytic lymphoma', 'adult T cell leukemia', 'B-cell lymphoma', 'acute myelogenous leukemia', ""Hodgkin's lymphoma"", ""non-Hodgkin's lymphoma"", ""Waldenstrom's Macroglubulinemia"", 'hairy cell lymphoma', ""Burkett's lymphoma"", 'glioblastoma', 'melanoma', 'rhabdosarcoma', 'sarcoma', 'non-small cell lung cancer']",[],The patent's broadest independent claim is a method of treating cancer using a combination of an AXL/MER kinase inhibitor and a PD-1 binding antibody. This indicates a focus on clinical application rather than composition or manufacturing.,065-090-598-364-810,
Composition,Unconjugated Payload,,[],[],"The patent primarily claims peptides with specific sequences as pharmaceutical compositions, which are used in immunotherapy. These peptides are not conjugated to any other components, classifying them as unconjugated payloads.",079-889-999-496-73X,
Clinical,,,['pulmonary metastasis of osteosarcoma'],[],The patent's broadest independent claim focuses on a method of treating pulmonary metastasis of osteosarcoma using an agent that interferes with specific signaling pathways. The claims are centered around treatment methods rather than the composition of the agent itself.,081-258-408-103-238,
Clinical,,,"['cancer associated with activation of the MAPK pathway', 'NRAS mutated cancer', 'BRAF-mutated cancer', 'melanoma', 'multiple myeloma', 'lung cancer', 'colorectal cancer', 'thyroid carcinoma', 'blood cancer', 'leukemia', 'lymphoma']",[],"The primary focus of the patent is on methods of treating cancers associated with the MAPK pathway using a combination of MAPK inhibitors and agents targeting SLITRK6. The claims are centered around treatment methods rather than specific compositions, making it a clinical patent.",084-851-955-294-447,
Clinical,,,"['colon cancer', 'lung cancer', 'breast cancer', 'pancreatic cancer', 'skin cancer', 'brain cancer', 'ovarian cancer', 'kidney cancer', 'stomach cancer', 'head and neck cancer', 'esophageal cancer', 'bladder cancer', 'rectal cancer', 'bone cancer', 'uterine cancer', 'prostate cancer', 'hematological malignancy']",[],The patent's broadest independent claims focus on methods of treating cancer using a combination of immune checkpoint modulators and fermented compositions. This indicates a primary focus on clinical applications rather than composition or manufacturing processes.,080-312-925-925-983,
Clinical,,,"['cancer', 'multiple myeloma']","['subjects with prior treatment for multiple myeloma', 'relapsed or refractory subjects']","The patent's broadest independent claim focuses on a method of treating cancer using specific antibodies, indicating a clinical focus. The claims detail dosing regimens and combinations for treating multiple myeloma, including specific patient populations such as those with prior treatments or refractory conditions.",057-190-951-010-078,
Clinical,,,['prostate cancer'],"['castration resistant prostate cancer', 'PTEN mutation', 'AKT mutation', 'PI3K mutation', 'Her2/ErbB2 mutation']","The broadest independent claim is directed towards a combination therapy for treating prostate cancer, focusing on specific genetic mutations and castration-resistant cases. The claims emphasize therapeutic methods rather than the composition itself.",061-271-525-114-64X,
Clinical,,,['diarrhea'],['subjects with elevated CGRP levels'],"The patent's broadest independent claim focuses on a method of treating diarrhea using anti-CGRP antibodies, indicating a clinical application. The claims specify the treatment of diarrhea in subjects with elevated CGRP levels, which defines the clinical indication and population.",065-713-339-469-333,
Clinical,,,"['cancer', 'ovarian cancer', 'breast cancer', 'PIK3CA mutated or amplified hormone receptor positive breast cancer', 'PIK3CA mutated or amplified ovarian cancer']","['cancer resistant or refractory to EGFR inhibitor', 'cancer resistant or refractory to IGF1R inhibitor', 'cancer resistant or refractory to PI3K inhibitor']","The broadest independent claim is directed to a pharmaceutical combination, but the patent primarily focuses on methods for treating cancer using this combination. The claims detail specific cancer types and patient populations, indicating a clinical focus.",064-098-356-588-125,
Clinical,,,"['lung cancer', 'breast cancer']",[],"The patent's primary focus is on a method of treating cancer using a combination of BT1718 and a checkpoint inhibitor. The claims are centered around treatment methods, making it a clinical patent.",068-724-083-665-156,
Clinical,,,"['lung cancer', 'melanoma', 'colon cancer']",[],"The primary focus of the patent is on a method for preventing and/or treating cancer using a seleno-amino acid, which classifies it under 'Clinical'. The claims specifically mention treatment of lung cancer, melanoma, and colon cancer.",086-407-234-857-643,
Clinical,,,"['muscle-invasive bladder cancer', 'transitional cell carcinoma of the urothelium']",['patients who have not received prior systemic chemotherapy or immunotherapy for treatment of MIBC'],"The patent primarily claims methods of treating bladder cancer using a combination of durvalumab and platinum-based chemotherapies, focusing on clinical treatment regimens. The claims detail specific dosing schedules and patient populations, indicating a clinical focus.",073-351-883-552-311,
Clinical,,,"['cancer', 'pancreatic cancer', 'biliary tract cancer']","['distant metastatic cancer', 'distant metastatic pancreatic cancer', 'patients not previously treated with anti-cancer drugs']","The patent primarily claims a method of treating cancer using a combination of an immune checkpoint inhibitor and FOLFIRINOX therapy. The claims focus on treatment methods, dosing regimens, and specific patient populations, classifying it as a clinical patent.",079-099-965-629-788,
Composition,Full ADC,,[],[],"The primary focus of the patent is on the composition of immunoconjugates, specifically detailing the antibody, linker, and payload components. The broadest independent claim is directed towards the isolated monoclonal antibody and its conjugation with a cytotoxic agent, indicating a full ADC composition.",094-613-592-652-936,
Clinical,,,"['epithelial cancer', 'prostate cancer', 'liver cancer', 'bladder cancer', 'lung cancer', 'cutaneous melanoma']","['castrate-resistant prostate cancer', 'recurrent prostate cancer', 'metastatic prostate cancer']","The primary focus of the patent is on a method for treating epithelial cancer using a combination of compositions. The claims detail specific cancer types and patient populations, indicating a clinical application.",084-399-081-223-657,
Composition,Unconjugated Antibody,,[],[],"The primary focus of the patent is on an immunogenic composition comprising a peptide of the N-domain of carcinoembryonic antigen (CEA). The claims are centered around the composition itself, rather than specific methods of treatment or clinical applications.",083-315-611-891-584,
Composition,Unconjugated Antibody,,[],[],"The primary focus of the patent is on the CD20 binding agent, specifically the antibody component, as detailed in the independent claims. There is no mention of a linker or payload, indicating that the composition is an unconjugated antibody.",093-492-454-697-015,
Composition,Unconjugated Antibody,,[],[],"The primary focus of the patent is on the composition of an antibody or antigen-binding fragment that binds to PD-L1. The claims detail the specific sequences and structures of the antibody, indicating it is an unconjugated antibody composition.",089-071-389-446-868,
Clinical,,,"['neuroblastoma', 'glioblastoma', 'medulloblastoma', 'astrocytoma', 'melanoma', 'small-cell lung cancer', 'desmoplastic small round cell tumor', 'osteosarcoma', 'rhabdomyosarcoma', 'soft tissue sarcoma']","['primary refractory or relapsed high risk-neuroblastoma', 'minimal residual disease in high-risk neuroblastoma']","The patent's primary focus is on a method of treating GD2 positive cancers using an anti-GD2 antibody, which classifies it as a 'Clinical' patent. The claims detail specific dosing regimens and combination therapies, emphasizing treatment methods over composition or manufacturing aspects.",107-646-048-750-699,
Composition,Unconjugated Antibody,,[],[],"The primary focus of the patent is on the composition of an anti-DR5 antibody, as evidenced by the detailed claims regarding the specific sequences and structures of the antibody. There are no claims related to a conjugated form with a linker or payload, making it an unconjugated antibody composition.",106-663-859-695-636,
Clinical,,,"['cancer', 'tumor']",[],The patent's broadest independent claim focuses on a method of treatment involving the administration of glucocorticoids and immunostimulating antibodies to reduce cytokine release during cancer or tumor treatment. This indicates a primary focus on clinical application rather than composition or manufacturing.,102-176-089-448-271,
Clinical,,,"['cancer', 'haematological cancer', 'leukaemia', 'lymphoma', 'multiple myeloma']",[],"The primary focus of the patent is on a method of treating cancer using a combination of tinostamustine and anti-CD38 antibodies. The claims are centered around treatment methods, making it a clinical patent.",110-879-776-029-547,
Clinical,,,"['colorectal cancer', 'BRAF V600E-mutant metastatic colorectal cancer']","['advanced colorectal cancer', 'metastatic colorectal cancer', 'BRAF mutation', 'V600E mutation']","The primary focus of the patent is on the use of a combination of compounds for treating specific types of cancer, particularly colorectal cancer with BRAF mutations. The claims are centered around treatment methods and specific patient populations, indicating a clinical patent type.",088-318-412-661-730,
Composition,,,[],[],"The primary focus of the patent is on genetically engineered microorganisms designed to produce anti-cancer molecules, which falls under the 'Composition' category. The claims are centered around the composition of these microorganisms rather than specific treatment methods or clinical applications.",094-196-854-243-872,
Clinical,,,"['malignant glioma', 'pilocytic astrocytomas', 'meningiomas', 'metastatic brain tumors', 'pituitary adenomas']",[],"The patent's main focus is on a method of treating CNS cancers using perillyl alcohol and CAR-T cells, which classifies it under 'Clinical'. The claims specify various CNS cancer types as the indications being treated.",095-599-598-724-45X,
Clinical,,,"['non-small cell lung cancer', 'pancreatic cancer']",[],The primary focus of the patent is on methods of treating specific cancers using a neutralizing antibody against LIF. The claims are centered around clinical applications rather than the composition of the antibody itself.,094-336-894-348-320,
Clinical,,,"['multiple myeloma', ""non-Hodgkin's lymphoma""]",[],"The primary focus of the patent is on a method of treating tumors using a combination therapy, which includes a polypeptide construct and a CD47 antagonist. The claims are centered around the therapeutic application, specifically targeting multiple myeloma and non-Hodgkin's lymphoma.",097-659-527-342-985,
Clinical,,,"['cancer cachexia', 'pancreatic cancer']",[],The patent primarily claims methods for treating cancer cachexia and pancreatic cancer using IL-1 pathway inhibitors. The focus is on clinical treatment methods rather than the composition of the inhibitors themselves.,105-608-110-182-929,
Composition,Unconjugated Payload,,[],[],"The primary focus of the patent is on a nitrogen-containing fused heterocyclic compound, which acts as an SHP2 inhibitor. The claims are centered around the chemical structure and variations of this compound, indicating it is an unconjugated payload.",105-402-252-703-562,
Composition,Conjugated Antibody,,[],[],"The primary claim is directed to an antibody that binds to the BAI1 protein, with additional claims covering conjugation to various effector moieties. The focus is on the antibody itself, making it a 'Conjugated Antibody' as the linker and payload are broadly defined.",103-178-589-463-414,
Clinical,,,"['lymphoma', 'leukemia']",[],"The patent primarily claims methods for treating lymphoma or leukemia using a combination of GDC-0199 and obinutuzumab. The focus is on treatment regimens and dosing, which classifies it under 'Clinical'.",103-756-111-662-635,
Composition,Unconjugated Antibody,,[],[],"The primary focus of the claims is on a therapeutic antibody or antigen binding fragment that targets a specific polypeptide involved in osteoclast differentiation. The claims do not specify a linker or payload, indicating the invention is centered on the unconjugated antibody component.",106-546-136-750-010,
Clinical,,,['cancer'],[],"The patent's primary focus is on methods of treatment involving the administration of retinoid and rexinoid compounds in combination with CAR-modified immune cells for cancer immunotherapy. The claims are centered around treatment regimens and dosing, which aligns with the 'Clinical' category.",111-378-227-047-612,
Clinical,,,"['lung cancer', 'non-small cell lung cancer']","['patients with NSCLC', 'patients not previously treated with systemic treatment', 'patients without EGFR mutations, ALK translocations, or ROS1 fusions', 'patients with locally advanced or metastatic NSCLC']","The patent's broadest independent claim focuses on a method of treating lung cancer using an anti-PD-1 antibody in combination with chemotherapy. It specifies treatment regimens and patient populations, indicating a clinical focus.",104-540-852-418-430,
Clinical,,,"['CD38 positive disease', 'multiple myeloma', 'large B cell lymphoma', 'T cell acute lymphoblastic leukaemia', 'acute myeloid leukaemia', 'chronic lymphocytic leukaemia']",[],The primary focus of the patent is on the method of treatment using a combination of a desialylation agent and a CD38 targeting agent for CD38 positive diseases. The claims emphasize treatment methods rather than the composition of the agents themselves.,112-349-078-467-261,
Clinical,,,"['gastric cancer', 'lung cancer']",['resistant to treatment with an anti-c-Met antibody or a c-Met/EGFR dual inhibitor'],"The primary focus of the patent is on a method of treating cancer using a combination of inhibitors, which falls under the 'Clinical' category. The claims specifically address treatment of gastric and lung cancers that are resistant to certain therapies.",113-436-970-886-928,
Clinical,,,['cancer'],[],"The primary focus of the patent is on methods of treating cancer using a Wnt pathway inhibitor, specifically a soluble receptor with a Fri domain of a human FZD8 protein. The claims are centered around treatment methods and monitoring for side effects, classifying it as a clinical patent.",117-309-822-963-69X,
Composition,Full ADC,,[],[],"The primary claim of the patent is directed towards an antibody-drug conjugate (ADC) with a specific structure, including an antibody, linker, and payload. This indicates a 'Full ADC' composition subtype as all three components are specified in the claims.",114-876-548-669-413,
Composition,Unconjugated Linker,,[],[],"The primary claim focuses on a compound used for site-selective labeling, which is indicative of an unconjugated linker. There are no claims related to a full ADC or specific therapeutic use, thus classifying it as a composition patent with an unconjugated linker subtype.",119-200-533-083-913,
Clinical,,,['cancer'],[],"The broadest independent claim focuses on a method for increasing immune cell activation using mRNA-loaded lipid nanoparticles, which is a therapeutic method. The patent is therefore classified under 'Clinical' as it pertains to treatment methods for cancer.",117-579-125-373-109,
Composition,Unconjugated Antibody,,[],[],"The primary focus of the patent is on antibodies capable of binding HLA-A2/TyrD in an HLA restricted manner. The claims detail the specific CDR sequences and characteristics of these antibodies, classifying it as an 'Unconjugated Antibody' under the composition category.",127-570-183-370-696,
CMC,,Conjugation Method,[],[],"The patent primarily focuses on methods for producing compounds used in antibody-drug conjugates, specifically detailing the chemical processes involved in the synthesis and conjugation of these compounds. The claims are centered around the production and chemical transformation steps, indicating a focus on the conjugation method rather than the final therapeutic use or composition of the ADC.",122-740-352-053-876,
Clinical,,,"['leukemia', 'lymphoma', 'myeloma']",[],"The patent's broadest independent claims focus on methods of treating cancer using an antibody-drug conjugate. The claims specify the treatment of hematopoietic tumors, including leukemia, lymphoma, and myeloma, indicating a clinical focus.",124-239-348-555-842,
Composition,Conjugated Antibody,,[],[],"The primary focus of the patent is on antibodies with specific glutamine residues for conjugation, which are linked to various moieties. The claims detail the structure and characteristics of these conjugated antibodies, making it a 'Conjugated Antibody' composition.",116-390-804-620-751,
Clinical,,,['acute myelogenous leukemia (AML)'],"['CD33+ cancer', 'AML with Recurrent Genetic Abnormalities', 'AML with myelodysplasia-related changes', 'Therapy-related myeloid neoplasms', 'Myeloid sarcoma', 'Myeloid proliferations related to Down syndrome', 'Blastic plasmacytoid dendritic cell neoplasm', 'AML not otherwise categorized', 'AML-M0', 'AML-M1', 'AML-M2', 'AML-M3', 'AML-M4', 'AML-M5', 'AML-M6', 'AML-M7', 'newly diagnosed', 'relapsed', 'refractory']","The primary claim is a method of treatment for AML using a bispecific tandem diabody. The claims focus on clinical applications, specifying various AML subtypes and patient conditions, indicating a clinical patent type.",120-295-584-136-325,
Clinical,,,"['CNS-cancer', 'glioma', 'CNS hematological cancer', 'CNS multiple myeloma', 'CNS leukemia', 'CNS myelodysplastic syndrome', 'CNS lymphoma']","['patients with no prior treatment with an anti-angiogenic agent', 'patients with no prior treatment with a proteasome inhibitor', 'patients with a level of MGMT promoter methylation of 8% or less', 'patients with specific pathophysiological markers', 'patients with normal EGFR status']","The patent primarily claims methods of treating CNS cancers using marizomib in combination with other agents. The claims focus on treatment regimens and specific patient populations, indicating a clinical focus.",114-379-651-000-219,
Clinical,,,"['immune system disease', 'autoimmune disease', 'inflammatory disease', 'anemia', 'clotting disorder', 'hemorrhagic condition', 'cancer', 'lymphoma', 'leukemia', 'myeloma', 'malignant immunoproliferative disease']",[],"The primary focus of the patent is on methods of treatment using T-cells expressing chimeric ligand receptors to eliminate target cells, specifically hematopoietic stem cells. The claims are centered around therapeutic methods for various diseases, making it a clinical patent.",136-473-152-521-852,
Clinical,,,"['lymphoma', 'non-Hodgkin Lymphoma', 'diffuse large B-cell lymphoma (DLBCL)', 'follicular lymphoma (FL)', 'Mantle Cell lymphoma (MCL)', 'chronic lymphatic lymphoma (CLL)']",[],"The primary focus of the patent is on a method of treating lymphoma using a specific antibody-drug conjugate. The claims detail the treatment of various types of lymphoma, indicating a clinical application.",133-474-780-951-517,
Composition,Conjugated Payload,,[],[],"The primary focus of the patent is on a drug delivery system comprising a polymalic acid platform conjugated to a pro-drug, specifically temozolomide, and targeting antibodies. The claims emphasize the composition of the nanoconjugate, making it a 'Conjugated Payload' as the payload (temozolomide) is specified while the antibody and linker are broadly defined.",131-633-252-889-679,
Clinical,,,['cancer'],[],"The patent's main focus is on methods of treating cancer using a combination of a CD40 agonist and chemotherapy, based on specific biomarkers. The claims are centered around treatment methods and patient selection, which aligns with the 'Clinical' category.",131-104-069-169-039,
Clinical,,,"['cancer with BRAF mutation', 'malignant epithelial tumor', 'carcinoma', 'colon cancer', 'gastric cancer', 'lung cancer', 'breast cancer', 'pancreatic cancer', 'oral cancer', 'prostate cancer', 'germline cancer', 'rectal cancer', 'liver cancer', 'kidney cancer', 'papillary thyroid cancer', 'ovarian cancer', 'colorectal cancer', 'stage IV colorectal cancer']",[],"The patent's broadest independent claim is a method of treating cancer with a specific combination of inhibitors, focusing on clinical applications rather than the composition itself. The claims detail various cancer types and stages, indicating a primary focus on clinical treatment methods.",178-914-074-443-776,
Clinical,,,"['lung cancer', 'brain cancer', 'breast cancer', 'cervical cancer', 'colon cancer', 'gastric cancer', 'head and neck cancer', 'kidney cancer', 'leukemia', 'liver cancer', 'ovarian cancer', 'pancreatic cancer', 'prostate cancer', 'skin cancer', 'testicular cancer']",[],"The primary focus of the patent is on a method of treating cancer using a combination of EpCAM and HGFR inhibitors. The claims are centered around the therapeutic application, making it a clinical patent with specific cancer indications listed.",172-380-593-123-270,
Clinical,,,"['acute myeloid leukemia (AML)', 'myelodysplastic syndromes (MDS)', 'myeloproliferative neoplasms (MPN)', 'chronic myeloid leukemia (CML)', 'chronic myelomonocytic leukemia (CMML)']","['newly-diagnosed AML patients ineligible for standard intensive chemotherapy', 'newly-diagnosed AML patients aged 75 years or older', 'newly-diagnosed AML patients with comorbidities precluding standard invasive chemotherapy']","The primary focus of the patent is on a method of treatment using a combination therapy for specific malignancies, particularly targeting certain patient populations. The claims detail the therapeutic use of an antibody and venetoclax, emphasizing clinical applications rather than composition or manufacturing aspects.",131-096-595-518-166,
Clinical,,,"[""B-Cell Non-Hodgkin's lymphomas"", 'lymphocytic leukemias', 'follicular lymphomas', ""Small Non-Cleaved Cell Lymphomas/Burkitt's lymphoma"", 'marginal zone lymphomas', 'Mantle cell lymphoma', 'Large Cell Lymphoma', 'hairy cell leukemia', 'lymphocytic lymphoma', ""waldenstrom's macroglobulinemia"", 'acute lymphocytic leukemia', 'chronic lymphocytic leukemia/small lymphocytic lymphoma', 'B-cell prolymphocytic leukemia', 'plasma cell neoplasms', 'plasma cell myeloma', 'multiple myeloma', 'plasmacytoma', ""Hodgkin's disease"", 'post transplant lymphoproliferative disorder', 'HIV associated lymphoma', 'primary CNS lymphoma']",[],The patent's main focus is on a method of treatment using a combination therapy for various types of lymphomas and leukemias. The claims are directed towards clinical applications rather than composition or manufacturing aspects.,145-356-307-316-217,
Clinical,,,['melanoma'],"['treatment naive', 'immune checkpoint inhibitor naive', 'previously treated with PD-L1 inhibitor', 'resistant/refractory', 'metastatic']","The patent claims focus on a method of treating melanoma using a combination of an HDAC inhibitor and nivolumab, specifying various patient populations. The claims are centered on clinical applications rather than composition or manufacturing aspects.",144-336-204-589-568,
Clinical,,,['prostate cancer'],['metastatic castration-resistant'],"The primary focus of the patent is on a method of treating prostate cancer using a combination of Talabostat and an anti-PD-1 antibody. The claims are centered around the clinical application and dosing regimen, indicating a clinical patent type.",151-271-258-464-866,
Clinical,,,"['malignant neoplastic cell proliferative disorders', 'renal cell carcinoma', 'melanoma']",[],"The patent's broadest independent claim focuses on a method of treating malignant neoplastic cell proliferative disorders using a combination of an mTOR inhibitor and a CD4 lymphocyte depleting agent. The claims are centered around treatment methods, making it a clinical patent.",145-886-687-363-717,
Clinical,,,"['endometrial hyperproliferative disorders', 'ovarian hyperproliferative disorders', 'ovarian cancer', 'epithelial ovarian cancer', 'endometriosis']",[],The patent's broadest independent claim focuses on a method for treating endometrial or ovarian hyperproliferative disorders using specific inhibitors. The claims are centered around treatment methods rather than compositions or manufacturing processes.,146-653-865-372-210,
Composition,Conjugated Antibody,,[],[],"The primary claim is directed to a fusion protein comprising an antibody moiety and a TNFα moiety, specifically detailing the antibody as Trastuzumab. This indicates a focus on the conjugated antibody, with the TNFα moiety being the payload, but no linker is specified.",150-512-567-805-757,
Clinical,,,['cancer'],[],"The patent primarily claims methods for improving the therapeutic index of chemotherapeutic drugs by reducing toxicity, which is a clinical application. The claims focus on treatment methods involving the administration of a drug complex to patients, thus classifying it under 'Clinical'.",146-659-531-482-45X,
Clinical,,,"['cancer', 'melanoma', 'sporadic cutaneous melanoma', 'breast cancer', 'nasopharyngeal carcinoma', 'acute myeloid leukemia', 'hepatocellular carcinoma', 'colorectal cancer', 'lung cancer', 'colon adenocarcinoma', 'prostate cancer', 'mesothelioma', 'non-small cell lung cancer', 'urothelial carcinoma', 'glioblastoma', 'glioma', 'neuroblastoma', 'Wilms tumor', 'cervical cancer', 'prometastatic cervical cancer', 'gastric cancer', 'ovarian cancer', 'thyroid cancer', 'Burkitt lymphoma', 'chronic lymphocytic leukemia', 'Kaposi sarcoma', 'cutaneous T-cell lymphoma', 'liver cancer', 'liver adenoma', 'pancreatic cancer', 'pancreatic adenocarcinoma', 'squamous cell carcinoma', 'head and neck cancer', 'biliary tract cancer', 'non-Hodgkin lymphoma', 'leukemia', 'bladder cancer', 'endometrial cancer', 'chronic myeloid leukemia', 'promyelocytic leukemia', 'esophageal squamous cell carcinoma', 'oligodendroglioma', 'astrocytoma', 'lymphoma', 'multiple myeloma', 'plasma cell myeloma', 'osteosarcoma', 'renal medullary carcinoma', 'small cell lung cancer', 'esophageal cancer', 'gastroesophageal cancer', 'astrocytic glioma']","['relapsed cancer', 'human with del(17p)']","The patent's broadest independent claim focuses on a method of treating cancer by modulating specific biomarkers and using inducers of immunogenic cell death. It includes a wide range of cancer types and specific patient populations, indicating a clinical focus.",146-316-513-944-96X,
Composition,Conjugated Antibody,,[],[],"The primary focus of the patent is on pharmaceutical formulations comprising an anti-angiogenic drug, specifically an anti-VEGF antibody like ranibizumab, combined with a liposome delivery system. The broadest independent claim is directed towards the composition of these formulations, classifying it as a 'Conjugated Antibody' due to the specified antibody component.",135-562-760-092-762,
Composition,Conjugated Antibody,,[],[],"The primary claim is directed to a pharmaceutical combination comprising an anti-CD47 antibody and a second therapeutic agent. The claims specify the structure of the anti-CD47 antibody, indicating a focus on the antibody component of the combination, classifying it as a 'Conjugated Antibody'.",164-353-358-585-594,
Composition,Unconjugated Antibody,,[],[],"The primary claim is directed to an isolated antibody that binds to HER2, which classifies it as a composition patent. The antibody is specified without a linker or payload, making it an 'Unconjugated Antibody' subtype.",143-331-621-780-137,
Composition,Unconjugated Antibody,,[],[],"The primary claim is directed to a molecular target therapeutic drug containing a substance that neutralizes or inhibits CHRNB2, with specific mention of antibodies as active ingredients. The claims focus on the composition of the antibody targeting CHRNB2, without specifying a conjugated payload or linker, classifying it as an unconjugated antibody.",143-333-326-157-341,
Clinical,,,"['bladder cancer', 'breast cancer', 'clear cell kidney cancer', 'head/neck squamous cell carcinoma', 'lung squamous cell carcinoma', 'malignant melanoma', 'non-small-cell lung cancer (NSCLC)', 'ovarian cancer', 'pancreatic cancer', 'prostate cancer', 'renal cell cancer', 'small-cell lung cancer (SCLC)', 'triple negative breast cancer', 'advanced or metastatic melanoma']",['cancer tests positive for human PD-L1'],"The primary focus of the patent is on a method of treating cancer using a combination therapy of a PD-1 antagonist and a TLR9 agonist. The claims are centered around clinical applications, specifying various cancer types and patient populations, making it a 'Clinical' patent.",152-961-399-836-795,
Clinical,,,['mature T cell lymphoma'],"['subjects with Grade 2 or greater peripheral neuropathy', 'subjects with Grade 3 or greater peripheral sensory neuropathy', 'subjects with Grade 3 neuropathy', 'subjects with Grade 2 or greater peripheral motor neuropathy', 'subjects with treatment-emergent grade 3-4 neutropenia']","The patent primarily claims methods of treatment for mature T cell lymphoma using an anti-CD30 ADC in combination with chemotherapy, focusing on dosing regimens and managing side effects like neuropathy and neutropenia. The claims are centered around clinical applications rather than the composition of the ADC itself.",157-531-762-403-874,
Composition,Unconjugated Antibody,,[],[],"The patent's broadest independent claim focuses on isolated polynucleotides encoding an anti-CGRP antibody or antibody fragment. This indicates the primary inventive concept is the composition of the antibody itself, without specifying a conjugated linker or payload.",158-179-365-129-660,
Composition,,,[],[],"The primary focus of the patent is on a pharmaceutical composition comprising a specific compound, aluminum-containing particles, and excipients. The broadest independent claim is a composition claim, indicating the patent is primarily about the composition of the drug.",142-311-806-125-847,
Composition,Unconjugated Payload,,[],[],"The primary focus of the claims is on the structure of Exatecan derivatives, which are payload intermediates for ADCs. The claims do not specify a complete ADC construct or a method of treatment, thus classifying it as 'Unconjugated Payload'.",157-074-359-900-554,
Clinical,,,['H3K27M-glioma'],[],"The patent's broadest independent claim focuses on a method of treating H3K27M-glioma, indicating a clinical application. The claims detail treatment regimens based on gene expression, which aligns with clinical use rather than composition or manufacturing aspects.",155-431-060-249-322,
Composition,Unconjugated Antibody,,[],[],"The primary focus of the patent is on an immunoglobulin single variable domain that binds to HVEM and suppresses tumor growth, which classifies it as an unconjugated antibody. The claims do not specify a linker or payload, thus it does not fall under a full ADC or conjugated subtype.",165-564-341-444-265,
Composition,Unconjugated Antibody,,[],[],"The primary focus of the patent is on specific anti-S100A4 antibodies with anti-angiogenic activity. The claims detail the antibodies and their production, making it a composition patent for unconjugated antibodies.",164-948-407-961-975,
Composition,Conjugated Antibody,,[],[],"The primary focus of the patent is on a composition comprising the L19-TNFα immunocytokine in a specific buffer formulation. The claims detail the components and concentrations of the formulation, indicating a focus on the antibody component of the composition.",170-848-245-907-253,
Clinical,,,['KRAS-mutated metastatic colorectal cancer'],"['patients who have not received any prior treatment for metastatic colorectal cancer', 'patients who have not received any prior treatment with bevacizumab']","The patent's main focus is on a method of treating KRAS-mutated metastatic colorectal cancer using a combination of onvansertib and bevacizumab. The claims specify patient populations based on prior treatment history, indicating a clinical focus.",169-806-211-561-804,
Composition,Unconjugated Antibody,,[],[],"The primary focus of the claims is on a polynucleotide encoding a chimeric receptor with an anti-CD33 scFv, which is an unconjugated antibody component. The claims do not specify a complete ADC construct or method of treatment as the broadest claim is a composition claim for the polynucleotide encoding the receptor.",174-259-405-494-292,
Clinical,,,['cancer'],[],"The broadest independent claim focuses on a method of treating cancer using engineered immune cells. The claims primarily describe the production and use of these cells for therapeutic purposes, classifying the patent under 'Clinical'.",172-816-587-559-881,
Composition,,,[],[],"The primary claim is directed to a nanogel pharmaceutical composition that includes a biologic medicament. The focus is on the composition of the nanogel and its ability to load and release biologics, making it a composition patent.",178-433-898-645-584,
Clinical,,,['non-small cell lung cancer'],[],"The patent's primary focus is on a method of treating cancer using a specific sequence of therapeutics, which is indicative of a clinical patent. The claims detail a treatment regimen for non-small cell lung cancer, specifying the use of various drugs and biologics in a coordinated manner.",179-780-403-067-886,
Clinical,,,['folate receptor-alpha-positive ovarian cancer'],[],"The primary focus of the claims is on methods of treating folate receptor-alpha-positive ovarian cancer using a specific antibody conjugated to a carbohydrate and/or chemotherapeutic agent. The claims do not focus on the composition of the ADC itself, but rather on its clinical application.",186-299-697-587-037,
Composition,Unconjugated Antibody,,[],[],"The primary focus of the patent is on the composition of an allogeneic tumor cell vaccine that includes genetically engineered tumor cells expressing specific immunomodulatory molecules. The claims are centered around the composition of these engineered cells, which aligns with the 'Unconjugated Antibody' subtype as it involves the expression of specific ligands on the cell surface.",186-760-194-520-992,
Clinical,,,"['bladder cancer', 'breast cancer', 'colon cancer', 'gastroenterological cancer', 'kidney cancer', 'lung cancer', 'ovarian cancer', 'pancreatic cancer', 'prostate cancer', 'bile duct cancer', 'melanoma', 'colorectal cancer', 'metastatic colorectal cancer', 'metastatic pancreatic cancer', 'triple-negative breast cancer', 'small cell lung cancer']",[],"The primary claim is directed towards a method of treating tumors using a combination therapy, which classifies the patent as 'Clinical'. The claims specify various cancer types as indications for the treatment method.",186-550-034-551-479,
CMC,,Formulation/Stability,[],[],"The patent primarily focuses on the lyophilized formulation of an anti-tissue factor ADC, detailing the excipients and conditions for stability and reconstitution. The claims are centered around the formulation aspects, making it a CMC patent with a focus on formulation and stability.",185-334-807-672-385,
Clinical,,,['multiple myeloma'],"['relapsed or refractory', 'high-risk multiple myeloma']","The patent's broadest independent claim focuses on a method of treating multiple myeloma using a BCMA×CD3 bispecific antibody. The claims detail specific patient populations, such as those who are relapsed or refractory and those with high-risk multiple myeloma.",169-547-918-631-198,
Clinical,,,"['cancer', 'colorectal cancer', 'renal cell carcinoma', 'clear cell renal cell carcinoma']","['non-microsatellite instability-high (non-MSI-H) or proficient mismatch repair (pMMR) colorectal cancer', 'individuals not previously treated with anti-PD-1 or anti-PD-L1 therapy', 'individuals progressed with previous treatment with anti-PD-1 or anti-PD-L1 therapy', 'individuals progressed with previous treatment with PD-1 or PD-L1 checkpoint inhibitor in combination or in sequence with a VEGF receptor tyrosine kinase inhibitor']","The patent's primary focus is on a method of treating cancer using a combination therapy, which classifies it under 'Clinical'. The claims detail specific cancer types and patient populations for treatment, supporting this classification.",171-341-724-822-496,
Clinical,,,['glioma'],"['temozolomide-resistant', 'refractory', 'glioblastoma', 'Stage IV tumor', 'low grade glioma', 'high grade glioma', 'metastatic']","The patent's broadest independent claim focuses on a method of treating glioma using Coenzyme Q10, specifically targeting patients who have failed previous treatments. The claims detail various patient populations, including those with temozolomide-resistant and refractory gliomas.",177-032-413-715-182,
Clinical,,,['non-small cell lung carcinoma'],"['refractory to at least one chemotherapeutic agent', 'locally advanced unresectable or metastatic', 'squamous or non-squamous', 'KRAS-mutation', 'EGFR-mutation', 'PD-L1 positive', 'PD-L1 negative']","The patent's broadest independent claim focuses on a method of treating non-small cell lung carcinoma using specific antibodies. The claims detail various patient populations and treatment outcomes, indicating a clinical focus.",164-196-066-159-239,
Clinical,,,['multiple myeloma'],['relapsed or refractory multiple myeloma'],"The patent's primary focus is on methods of treating multiple myeloma using specific dosing regimens of an anti-BCMA antibody, often in combination with other agents. The claims are centered around treatment methods and patient populations, particularly those with relapsed or refractory multiple myeloma.",169-083-872-552-917,
Clinical,,,['non-small cell lung cancer'],[],"The patent's broadest independent claim focuses on a method of treating non-small cell lung cancer using a combination of drugs, including a PD-1 or PD-L1 inhibitor, plinabulin, and a chemotherapeutic agent. This indicates a clinical focus on treatment methods and combination therapies.",186-065-906-164-873,
Composition,Full ADC,,[],[],"The primary claim of the patent is directed towards a conjugate of formula (I), which specifies an antibody, linker, and payload, thus classifying it as a 'Full ADC'. The method of treatment claims are dependent and not the broadest claims.",181-388-145-170-893,
Clinical,,,"['cancer', 'HIV-infection']",[],"The broadest independent claim is a method for treating diseases by selectively destroying specific cell populations. The claims focus on treatment methods for cancer and HIV-infected cells, indicating a clinical patent type.",179-148-021-284-608,
Clinical,,,"['non-Hodgkin lymphoma', 'Hodgkin lymphoma', 'chronic lymphocytic leukemia', 'acute lymphoblastic leukemia', 'small lymphocytic lymphoma', 'diffuse large B-cell lymphoma', 'follicular lymphoma', 'mantle cell lymphoma', 'marginal zone lymphoma', 'Burkitt lymphoma', 'primary mediastinal B-cell lymphoma', 'lymphoblastic lymphoma', 'Waldenstrom macroglobulinemia']","['follicular lymphoma grade 1-3a', 'diffuse large B-cell lymphoma post-CAR-T therapy', 'mantle cell lymphoma post-BTK inhibitor therapy']",The patent primarily claims a method of treatment using a specific dosing regimen to mitigate cytokine release syndrome and infusion-related reactions in patients with CD20-expressing B-cell malignancies. The focus is on clinical application rather than composition or manufacturing aspects.,191-975-398-237-514,
Clinical,,,"['neoplastic disorder', 'hematological malignancy', 'solid tumor', 'B-cell malignancy', 'leukemia', 'lymphoma', 'myeloma', 'acute myeloid leukemia', 'multiple myeloma', 'breast cancer', 'gastric cancer', 'prostate cancer', 'ovarian cancer', 'lung cancer', 'uterine cancer', 'salivary duct carcinoma', 'melanoma', 'colon cancer', 'esophageal cancer']",[],"The primary focus of the patent is on methods of treating neoplastic disorders using Compound 1, including its use in combination therapies and as part of a conjugate. The claims are centered around treatment methods, making it a clinical patent.",193-431-565-935-713,
Composition,Unconjugated Antibody,,[],[],"The primary focus of the patent is on nucleic acids encoding a binding protein capable of binding DLL4 and VEGF, which classifies it as a composition. The claims specify the structure of the binding protein, indicating it is an unconjugated antibody intermediate.",194-916-403-208-371,
Composition,Conjugated Antibody,,[],[],"The primary claim of the patent is a pharmaceutical composition comprising integrin activating compounds that enhance the activity of checkpoint inhibitors, which are specific antibodies. The focus is on the composition of these integrin activators with antibodies, classifying it as a 'Conjugated Antibody' subtype.",195-738-009-582-469,
Clinical,,,"['melanoma', 'head & neck cancer', 'classical Hodgkin lymphoma', 'urothelial carcinoma', 'gastric cancer', 'cervical cancer', 'primary mediastinal large-B-cell lymphoma', 'microsatellite instability-high cancer', 'non-small cell lung cancer', 'hepatocellular carcinoma', 'clear cell kidney cancer', 'colorectal cancer', 'breast cancer', 'squamous cell lung cancer', 'basal carcinoma', 'sarcoma', 'bladder cancer', 'endometrial cancer', 'pancreatic cancer', 'liver cancer', 'gastrointestinal cancer', 'multiple myeloma', 'renal cancer', 'mesothelioma', 'ovarian cancer', 'anal cancer', 'biliary tract cancer', 'esophageal cancer', 'salivary cancer']",[],"The broadest independent claim is a method of treating cancer using specific compounds, focusing on clinical applications. The patent claims treatment of various cancers mediated by adenosine receptors, classifying it as 'Clinical'.",197-939-056-797-466,
CMC,,Formulation/Stability,[],[],"The patent claims focus on a lyophilized pharmaceutical formulation of an anti-CD19 antibody, emphasizing stability and specific formulation components. This indicates a primary focus on formulation and stability aspects, classifying it under CMC with a subtype of Formulation/Stability.",065-044-297-446-09X,
Composition,Unconjugated Antibody,,[],[],"The primary focus of the patent is on the composition of an anti-PD-1 antibody with specific mutations and characteristics. The claims detail the structure and properties of the antibody, without specifying a linker or payload, classifying it as an 'Unconjugated Antibody'.",158-903-716-578-914,
Composition,,,[],[],"The primary claim is directed to a composition comprising extracellular vesicles with an immunomodulating component. The claims focus on the structure and components of the vesicle, rather than a specific method of treatment or clinical application.",004-505-401-842-735,
Clinical,,,"['iatrogenic hypocalcemia', 'secondary hyperparathyroidism', 'elevated serum parathyroid hormone levels', 'stabilizing serum calcium levels']","['patients treated with an agent that increases the risk of hypocalcemia', 'cancer patients', 'patients with bone metastasis']","The patent's broadest independent claims focus on methods of treating or preventing specific conditions using 25-hydroxyvitamin D, indicating a clinical focus. The claims detail treatment methods for specific patient populations and conditions, rather than compositions or manufacturing processes.",158-332-728-656-338,
Clinical,,,"['cancer', 'infectious disease', 'inflammatory disease', 'autoimmune disease']",[],"The primary focus of the patent is on methods for the in vivo expansion of γδ T cells for therapeutic purposes, specifically targeting various diseases. The claims are centered around treatment methods rather than specific compositions or manufacturing processes.",127-746-865-472-653,
Composition,Unconjugated Antibody,,[],[],"The primary focus of the patent is on an antibody capable of binding to the CD137 protein, with detailed sequences provided. The claims primarily describe the antibody and its variants, making it an unconjugated antibody composition.",124-405-481-513-79X,
Composition,Full ADC,,[],[],"The primary claim is directed to an antibody-drug conjugate (ADC) that specifies the antibody, linker, and payload components. This indicates a 'Full ADC' composition subtype as all three components are defined in the claims.",037-211-329-197-842,
Clinical,,,"[""non-Hodgkin's lymphoma"", 'large B-cell lymphoma', 'follicular lymphoma']","['refractory', 'relapsed']","The primary focus of the patent is on methods of treating specific types of non-Hodgkin's lymphoma using CAR-T cells, with detailed dosing regimens. The claims are centered around clinical applications rather than the composition of the CAR-T cells themselves.",051-286-607-838-448,
Composition,Dual Combination,,[],[],"The primary claim is directed to a pharmaceutical composition comprising a multi-kinase inhibitor and a PD-1/PD-L1 antibody. This indicates a dual combination of two active components, which fits the 'Dual Combination' subtype under 'Composition'.",036-423-949-905-895,
Clinical,,,['cystic lymphangioma'],[],"The primary claim is a method for preventing or treating cystic lymphangioma, which classifies the patent as 'Clinical'. The claims focus on the therapeutic use of agents targeting amphiregulin and its receptor, rather than the composition of the agents themselves.",161-911-499-307-111,
Clinical,,,"['squamous cell cancer', 'small cell lung cancer', 'non-small cell lung cancer', 'lung cancer', 'peritoneal cancer', 'colon cancer', 'biliary tract tumor', 'nasopharyngeal cancer', 'laryngeal cancer', 'bronchial cancer', 'oral cancer', 'osteosarcoma', 'gallbladder cancer', 'kidney cancer', 'leukemia', 'bladder cancer', 'melanoma', 'brain cancer', 'glioma', 'brain tumor', 'skin cancer', 'pancreatic cancer', 'breast cancer', 'liver cancer', 'bone marrow cancer', 'esophageal cancer', 'stomach cancer', 'cervical cancer', 'prostate cancer', 'ovarian cancer', 'head and neck cancer', 'rectal cancer']",[],"The patent's broadest independent claim is a method for treating cancer using a composition with specific epitopes. The focus is on clinical use for treating various cancers, making it a 'Clinical' patent type.",192-801-926-331-202,
Clinical,,,['multiple myeloma'],['patients with multiple myeloma who have received one to three prior lines of therapy and are refractory to an immunomodulatory drug (IMiD)'],"The patent's primary focus is on methods of treating multiple myeloma using CAR-T cells targeting BCMA. The claims detail specific patient populations and treatment regimens, indicating a clinical focus.",012-834-079-213-873,
Composition,Conjugated Antibody,,[],[],"The primary focus of the patent is on a bispecific anti-cancer antibody that includes a cancer-targeting peptide and an antigen-binding peptide. The claims emphasize the composition of this bispecific antibody, making it a 'Conjugated Antibody' under the composition category.",077-627-115-888-779,
Composition,Unconjugated Antibody,,[],[],"The primary claim is directed to an antibody that specifically binds to TREM2, which classifies it as a composition patent. The claims focus on the structure and sequences of the antibody, without specifying a linker or payload, making it an 'Unconjugated Antibody' subtype.",000-522-463-353-821,
Clinical,,,"['progressive pulmonary fibrosis', 'idiopathic pulmonary fibrosis']",[],"The patent's primary focus is on methods for treating progressive pulmonary fibrosis using therapeutic agents targeting PD-L1. The claims are centered around treatment methods, making it a clinical patent.",149-095-159-038-317,
Composition,Full ADC,,[],[],"The primary focus of the patent is on the composition of an anti-HER3 antibody-drug conjugate, which includes an antibody moiety, a linker, and a cytotoxic drug moiety. The broadest independent claim is directed to the ADC construct itself, classifying it as a 'Full ADC'.",132-092-907-758-264,
Clinical,,,"['mantle cell lymphoma', 'B cell ALL']","['relapsed or refractory', 'high-risk MCL with Ki-67 tumor proliferation index ≥50%', 'presence of TP53 mutation']","The primary focus of the patent is on methods of treating specific cancers using CAR T cell therapy, as evidenced by the independent claims. The claims detail treatment regimens and patient monitoring, indicating a clinical focus.",114-449-796-125-136,
Clinical,,,"['prostate cancer', 'neoplastic disorder']",[],"The broadest independent claim is a method of treating prostate cancer using a multi-antigen construct and immune modulators. The focus is on treatment methods and combination therapies, classifying it as a clinical patent.",006-157-006-927-450,
Composition,Unconjugated Antibody,,[],[],"The primary claim is directed to an immune effector cell comprising a chimeric antigen receptor (CAR) with a specific anti-mesothelin binding domain. This indicates the focus is on the composition of the CAR, which is an unconjugated antibody construct, rather than a method of treatment or a full ADC construct.",003-749-956-524-903,
Clinical,,,"['squamous cell carcinoma', 'small-cell lung cancer', 'non-small-cell lung cancer', 'adenocarcinoma of the lung', 'squamous cell carcinoma of the lung', 'peritoneal carcinoma', 'skin cancer', 'melanoma in the skin or eyeball', 'rectal cancer', 'cancer near the anus', 'esophagus cancer', 'small intestinal tumor', 'endocrine gland cancer', 'parathyroid cancer', 'adrenal cancer', 'soft-tissue sarcoma', 'urethral cancer', 'hepatoma', 'gastrointestinal cancer', 'pancreatic cancer', 'glioblastoma', 'cervical cancer', 'ovarian cancer', 'liver cancer', 'bladder cancer', 'hepatocellular adenoma', 'breast cancer', 'colon cancer', 'large intestine cancer', 'endometrial carcinoma', 'uterine carcinoma', 'salivary gland tumor', 'kidney cancer', 'prostate cancer', 'vulvar cancer', 'thyroid cancer', 'head and neck cancers', 'brain cancer', 'colon cancer', 'gastric cancer', 'lung cancer', 'breast cancer']",[],The patent's broadest independent claim is directed to a method of treating solid cancers using a combination of sorafenib and an anti-c-Met antibody. This indicates a focus on clinical application rather than composition or manufacturing aspects.,004-838-489-291-936,
Clinical,,,"['chemoresistant cancer', 'breast cancer', 'ovarian cancer', 'prostate cancer', 'pancreatic cancer', 'adrenal cancer', 'lung cancer', 'testicular cancer', 'colon cancer']","['triple negative breast cancer', 'Her2 negative breast cancer']","The primary focus of the patent is on a method of treating chemoresistant cancers using a combination of a chemotherapeutic agent and a ROR-1 antagonist antibody. The claims are centered around treatment methods, making it a clinical patent.",006-232-819-111-886,
Clinical,,,['Myelodysplastic Syndrome (MDS)'],[],"The patent's main focus is on a method of treating Myelodysplastic Syndrome using a specific dosing regimen of Hu5F9-G4 in combination with azacitidine. The claims are centered around treatment methods and dosing regimens, classifying it as a clinical patent.",007-769-954-473-640,
Clinical,,,"['carcinoma', 'lymphoma', 'blastoma', 'sarcoma', 'leukemia', 'squamous cell cancer', 'small-cell lung cancer', 'non-small cell lung cancer', 'adenocarcinoma of the lung', 'squamous carcinoma of the lung', 'cancer of the peritoneum', 'hepatocellular cancer', 'gastrointestinal cancer', 'gastric cancer', 'pancreatic cancer', 'neuroendocrine cancer', 'glioblastoma', 'cervical cancer', 'ovarian cancer', 'liver cancer', 'bladder cancer', 'brain cancer', 'hepatoma', 'breast cancer', 'colon cancer', 'colorectal cancer', 'endometrial or uterine carcinoma', 'esophageal cancer', 'salivary gland carcinoma', 'kidney cancer', 'prostate cancer', 'vulval cancer', 'thyroid cancer', 'head and neck cancer']",[],"The patent's broadest independent claim is a method of treatment for cancer using an antibody targeting semaphorin-4D, focusing on clinical application rather than composition or manufacturing. The claims specify various cancer types as indications for treatment.",015-572-051-106-840,
Clinical,,,"['lung cancer', 'renal cancer', 'colorectal cancer', 'gastric cancer', 'melanoma', 'head/neck cancer', 'thyroid cancer', 'pancreatic cancer', 'liver cancer', 'prostate cancer', 'bladder cancer', 'brain cancer', 'sarcoma', 'breast cancer', 'ovarian cancer', 'cervical cancer', 'endometrial cancer', 'blood cancer', 'ALL', 'CLL', 'AML', 'CML', 'Multiple Myeloma', 'recurrent or advanced endometrial cancer', 'recurrent or advanced ovarian cancer', 'recurrent or advanced cervical cancer', 'liposarcoma', 'synovial sarcoma', 'angiosarcoma', 'leiomyosarcoma', 'undifferentiated pleomorphic sarcoma']",[],"The patent claims a method of treatment using a combination of AL3818 and immunotherapy agents for various cancers. The focus is on clinical application, specifically treatment regimens and dosing cycles, making it a 'Clinical' patent.",031-657-922-684-615,
Clinical,,,['ovarian cancer'],['stage III-IV ovarian cancer patients'],"The patent's main focus is on a method of treatment for stage III-IV ovarian cancer patients using a specific dosing regimen of chemotherapy and a monoclonal antibody. The claims are centered around the clinical application and treatment method, not the composition of the drugs themselves.",025-628-672-399-888,
Composition,Unconjugated Antibody,,[],[],"The primary claim of the patent is directed towards an anti-Mcl-1 antibody or antigen-binding fragment thereof, which classifies it as a composition patent. The claims specify the antibody structure without detailing a conjugated linker or payload, making it an 'Unconjugated Antibody' subtype.",008-760-689-543-26X,
CMC,,Conjugation Method,[],[],"The patent's broadest independent claim focuses on methods of preparing an antibody-drug conjugate, specifically detailing the conjugation process of a drug-linker to an antibody. This indicates a focus on the conjugation method rather than the composition of the ADC itself.",013-954-595-920-817,
Clinical,,,"['cancer', 'squamous cell carcinoma', 'small-cell lung cancer', 'non-small-cell lung cancer', 'adenocarcinoma of the lung', 'squamous cell carcinoma of the lung', 'peritoneal carcinoma', 'skin cancer', 'melanoma in the skin or eyeball', 'rectal cancer', 'cancer near the anus', 'esophagus cancer', 'small intestinal tumor', 'endocrine gland cancer', 'parathyroid cancer', 'adrenal cancer', 'soft-tissue sarcoma', 'urethral cancer', 'chronic or acute leukemia', 'lymphocytic lymphoma', 'hepatoma', 'gastrointestinal cancer', 'pancreatic cancer', 'glioblastoma', 'cervical cancer', 'ovarian cancer', 'liver cancer', 'bladder cancer', 'hepatocellular adenoma', 'breast cancer', 'colon cancer', 'large intestine cancer', 'endometrial carcinoma or uterine carcinoma', 'salivary gland tumor', 'kidney cancer', 'prostate cancer', 'vulvar cancer', 'thyroid cancer', 'head and neck cancers', 'brain cancer', 'osteosarcoma']",[],"The primary focus of the patent is on a method of treating cancer using a combination of c-Met and c-Myc inhibitors, which classifies it under 'Clinical'. The claims detail various cancer types that can be treated with this combination therapy.",014-888-135-185-456,
Clinical,,,['pancreatic ductal adenocarcinoma'],['wild-type KRAS'],"The primary focus of the patent is on a method of treating pancreatic ductal adenocarcinoma using an anti-EGFR antibody, specifically targeting patients with wild-type KRAS. The claims are centered around the treatment method and patient selection, indicating a clinical patent type.",017-957-168-303-274,
CMC,,Conjugation Method,[],[],"The primary focus of the patent is on a method for preparing a glycoprotein-toxic payload molecule conjugate, which involves specific conjugation techniques such as click chemistry and enzymatic methods. The claims detail the process of conjugation rather than the composition or clinical application of the ADC.",019-730-714-982-54X,
Clinical,,,"['EGFR-expressing cancer', 'c-Met-expressing cancer', 'lung cancer', 'non-small cell lung cancer (NSCLC)']",[],"The patent's primary focus is on methods of treating specific cancers using a bispecific anti-EGFR/c-Met antibody, with detailed dosing regimens. The claims are centered around treatment methods rather than the composition of the antibody itself.",026-150-967-058-630,
Clinical,,,['multiple myeloma'],['relapsed/refractory multiple myeloma'],"The patent's primary focus is on a method for treating multiple myeloma using a specific antibody and dexamethasone, with detailed dosing regimens. The claims are centered around clinical use rather than the composition of the antibody itself.",019-961-797-966-497,
Clinical,,,"['glioblastoma', 'liver cancer', 'colorectal carcinoma', 'gastric cancer', 'colorectal cancer', 'esophageal cancer', 'lung cancer', 'pancreatic cancer', 'renal cell carcinoma', 'benign prostate hyperplasia', 'prostate cancer', 'ovarian cancer', 'melanoma', 'breast cancer', 'chronic lymphocytic leukemia', 'Merkel cell carcinoma', 'Non-Hodgkin lymphoma', 'acute myeloid leukemia', 'gallbladder cancer', 'cholangiocarcinoma', 'urinary bladder cancer', 'uterine cancer']",[],"The patent's broadest independent claim focuses on a combination of chidamide and celecoxib salts, but the method claims emphasize the treatment of various cancers. Therefore, the patent is classified under 'Clinical' due to its focus on treatment methods and cancer indications.",037-780-677-559-264,
Clinical,,,['breast cancer'],"['hormone receptor positive', 'ER-positive with low HER2 expression', 'immunohistochemistry ErbB-2+', 'immunohistochemistry ErbB-2++ without ErbB-2 gene amplification']","The primary focus of the patent is on a method of treating breast cancer using a combination of a bispecific antibody and endocrine therapy. The claims detail specific patient populations and treatment regimens, indicating a clinical application.",040-636-579-001-648,
Composition,Conjugated Payload,,[],[],"The primary focus of the patent is on a liposomal composition containing polyglutamated pemetrexed, which is a specific payload. The claims detail the structure and characteristics of the liposomal formulation, indicating a focus on the payload within the composition.",034-968-867-053-892,
Clinical,,,['head and neck cancer'],"['progressed on at least one prior systemic therapy', 'high HRG protein level', 'wild-type EGFR']","The patent's broadest independent claim focuses on a method of treating head and neck cancer using an anti-HER3 antibody, with specific patient populations defined by prior treatment progression and HRG protein levels. The claims do not focus on the composition of the antibody or its manufacturing process.",044-260-002-978-975,
Composition,Conjugated Antibody,,[],[],"The patent primarily claims a fusion protein comprising glutathione-S-transferase and a protein with binding affinity, such as an antibody, for targeted drug delivery. The focus is on the composition of the fusion protein and its use as a drug delivery carrier, classifying it as a 'Conjugated Antibody' due to the specified binding protein component.",028-344-596-685-499,
CMC,,Conjugation Method,[],[],"The patent primarily claims a process for preparing antibody-drug conjugates, focusing on the method of conjugation using a bifunctional linker and purification steps. The claims detail the conjugation process, making it a CMC patent with a focus on the conjugation method.",031-160-006-293-340,
Clinical,,,[],['low binder'],"The patent's broadest independent claims focus on methods for identifying β-glucan binding and improving β-glucan immunotherapy, which are clinical applications. The claims specifically address identifying and treating subjects classified as low binders, making it a clinical patent.",030-182-990-688-869,
Composition,Conjugated Antibody,,[],[],"The primary claim of the patent is directed towards a pharmaceutical composition comprising an antibody that specifically binds to a mutant calreticulin protein and another drug. The focus is on the antibody component, making it a 'Conjugated Antibody' subtype.",028-680-274-160-406,
Clinical,,,['bladder cancer'],[],The primary claim is a method of treating bladder cancer using a combination of nitroxoline and an immunotherapy agent. This indicates a focus on clinical application rather than composition or manufacturing processes.,037-123-551-763-569,
Clinical,,,"['lymphoma', 'leukemia', 'multiple myeloma']",[],"The primary focus of the patent is on a method of treatment using a combination of an Aurora kinase inhibitor and an anti-CD20 antibody. The claims specifically address treatment methods for hematological malignancies, making it a clinical patent.",035-529-744-735-756,
Clinical,,,"['cancer', 'solid tumor', 'soft tissue tumor', 'hematological cancer', 'leukemia', 'lymphoma', 'myeloma', 'metastatic lesion', 'EGFR mutated non-small cell lung cancer', 'EGFR-mutant NSCLC']",['patients progressing on erlotinib or gefitinib'],"The patent's broadest independent claim is a method of treating cancer using a combination therapy, focusing on clinical applications. It specifies various cancer types and patient populations, indicating a clinical focus.",032-816-693-391-107,
Clinical,,,"['cancer', 'gastric cancer', 'breast cancer', 'kidney cancer', 'pancreatic cancer', 'colon cancer', 'bile duct cancer', 'melanoma', 'lung cancer', 'renal cell carcinoma', ""Hodgkin's lymphoma"", 'head and neck cancer', 'mesothelioma', 'colorectal cancer', 'esophageal cancer', 'gastroesophageal junction cancer', 'hepatocellular carcinoma', 'glioblastoma', 'urothelial carcinoma', 'ovarian cancer', 'urinary bladder cancer', 'uterine cancer', 'primary central nervous system lymphoma', 'primary testicular lymphoma', 'biliary tract cancer', 'brain tumor', 'prostate cancer', 'leukemia', 'lymphoma', 'liver cancer', 'sarcoma', 'fibrosarcoma', 'mastocytoma', 'adrenocortical carcinoma', ""Ewing's tumor"", 'multiple myeloma', 'testicular cancer', 'thyroid cancer', 'basal cell carcinoma', ""Paget's disease"", 'skin cancer']","['cancer patient with a previous history of another cancer treatment', 'cancer patient who has not responded to cancer treatment']","The patent's broadest independent claim is directed towards a method of treating or preventing cancer using a combination of an antibody reactive with CAPRIN-1 and other agents. The claims focus on clinical applications, specifying various cancer types and patient populations, thus classifying it as a 'Clinical' patent.",039-063-454-122-533,
Composition,Unconjugated Antibody,,[],[],"The primary focus of the patent is on antibody molecules that bind to CD73, as evidenced by the broadest independent claim. There is no mention of linkers or payloads, indicating that the patent is for an unconjugated antibody.",041-182-820-784-451,
Clinical,,,"['brain metastasis', 'metastatic brain melanoma', 'metastatic breast cancer', 'metastatic gastrointestinal cancer', 'metastatic lung cancer', 'metastatic brain lung cancer', 'metastatic brain breast cancer']",['post-surgery of the primary tumor'],"The patent's broadest independent claim focuses on a method of treating brain metastasis using an inhibitor of the MCP-1/CCR2/CCR4 axis. It specifies various types of brain metastases and includes a specific patient population post-surgery, indicating a clinical focus.",048-727-989-954-470,
Composition,,,[],[],"The patent's broadest independent claim is a composition claim, focusing on a synthetic lipopeptide vaccine composition. The claims detail various structural components and formulations, but do not specify a complete ADC construct or focus on a specific component like a linker or payload.",053-098-709-884-394,
Clinical,,,"['head and neck cancer', 'lung cancer', 'stomach cancer', 'colon cancer', 'pancreatic cancer', 'prostate cancer', 'breast cancer', 'kidney cancer', 'bladder cancer', 'ovary cancer', 'cervical cancer', 'melanoma', 'glioblastoma', 'myeloma', 'lymphoma', 'leukemia', 'renal cell carcinoma', 'malignant melanoma', 'non-small cell lung cancer', 'ovarian cancer', ""Hodgkin's lymphoma"", 'squamous cell carcinoma']",[],"The primary focus of the patent is on methods of treating cancer using a compound of Formula (I) in combination with immune checkpoint inhibitors. The claims are centered around treatment methods, making it a clinical patent.",048-923-325-097-523,
Clinical,,,"['breast cancer', 'MIN']","['ER+/PR+', 'ER+/PR-']","The primary focus of the patent is on a method of treating breast conditions, specifically breast cancer and MIN, by targeting PAX2 and DEFB1 expression. The claims detail a treatment method based on specific expression ratios and ER/PR status, indicating a clinical application.",048-754-042-723-18X,
Clinical,,,"['PD-L1 negative cancer', 'breast cancer', 'renal cell carcinoma', 'urothelial carcinoma']","['PD-L1 negative', 'immune therapy-naïve', 'advanced', 'metastatic', 'locally advanced']","The patent's broadest independent claims focus on methods of treating various cancers, specifically PD-L1 negative cancers, using a compound in combination with other therapies. The claims detail specific cancer types and patient populations, indicating a clinical focus.",055-055-870-028-87X,
Clinical,,,['prostate cancer'],[],"The primary focus of the patent is on a method for treating prostate cancer using a combination of a vaccine, a PD-1 inhibitor, and an androgen receptor antagonist. The claims are centered around treatment regimens and dosing schedules, which aligns with the 'Clinical' category.",055-802-542-602-242,
Clinical,,,['HER2+ cancer'],"['patients with relapsed cancer after anti-HER2 antibody treatment', 'patients with disease progression after autologous stem cell transplant or CAR-T therapy']","The patent's primary focus is on a method of treating HER2+ cancer using NK cells and a HER2-targeted antibody. The claims detail specific patient populations and treatment regimens, indicating a clinical application.",063-750-478-701-040,
Clinical,,,['HER2-positive locally advanced or metastatic breast cancer'],"['patients having received prior treatment with a taxane', 'patients with HER2-positive locally advanced or metastatic breast cancer', 'patients not treated with any chemotherapy after progression to HER2-positive locally advanced or metastatic disease']","The patent's primary focus is on a method of treating HER2-positive locally advanced or metastatic breast cancer using an anti-HER2-maytansinoid conjugate. The claims detail specific patient populations and treatment regimens, indicating a clinical focus.",059-320-624-835-166,
Other,,,[],[],"The primary focus of the claims is on a method of detecting Nodal using specific antibodies, which does not fit into the categories of composition, CMC, or clinical treatment. The claims are centered around diagnostic methods rather than therapeutic or manufacturing aspects.",059-723-336-665-808,
Clinical,,,"['B cell malignancy', 'chronic lymphocytic leukemia (CLL)', 'small lymphocytic lymphoma (SLL)', 'plasma cell dyscrasia', 'acute leukemia', 'B cell acute lymphocytic leukemia (B-ALL)', 'non-Hodgkin’s lymphoma (NHL)', 'follicular lymphoma (FL)', 'mantle cell lymphoma (MCL)', 'diffuse large B-cell lymphoma (DLBCL)', 'Burkitt lymphoma', 'lymphoplasmacytic lymphoma (Waldenstrom macroglobulinemia)', 'MALT lymphoma', 'marginal zone lymphoma (MZL)', 'extranodal marginal zone lymphoma (EMZL)', 'nodal marginal zone B-cell lymphoma (NZML)', 'splenic marginal zone B-cell lymphoma (SMZL)']","['subject having a B cell malignancy', 'subject who has failed at least one prior line of standard of care therapy']","The patent's broadest independent claim focuses on a method of treating B cell malignancies using an anti-BAFFR antibody, indicating a clinical focus. The claims specify various B cell malignancies and patient populations, such as those who have failed prior therapies.",059-479-025-267-659,
Clinical,,,"['chronic lymphocytic leukemia', 'myeloid leukemia', 'non-Hodgkin lymphoma', 'Hodgkin lymphoma', 'myeloproliferative neoplasm', 'breast cancer', 'colon cancer', 'lung cancer', 'pancreatic cancer', 'head and neck cancer', 'gastrointestinal malignancy', 'liver cancer', 'cholangiocarcinoma', 'skin cancer', 'melanoma', 'sarcoma']",[],"The patent primarily claims methods for treating cancer using immunotherapy, focusing on identifying patients likely to respond to such treatments. The claims are centered around clinical applications rather than specific compositions or manufacturing processes.",068-100-245-989-44X,
Clinical,,,"['colorectal cancer', 'breast cancer', 'colorectal cancer metastasis', 'breast cancer metastasis', 'bacterial infection', 'viral infection']",[],The patent's broadest independent claims focus on methods of treating tumor-bearing mammals using a combination of agents that suppress MDSCs and block immune checkpoints. This indicates a primary focus on clinical treatment methods rather than composition or manufacturing aspects.,069-838-137-194-401,
Composition,Unconjugated Antibody,,[],[],"The primary focus of the patent is on the composition of anti-CD39 antibodies, as evidenced by the broadest independent claim. The claims detail specific sequences and characteristics of the antibodies, classifying it as an 'Unconjugated Antibody'.",068-752-798-500-10X,
Composition,Unconjugated Antibody,,[],[],"The primary focus of the patent is on the humanized anti-CD40 antibody itself, as evidenced by the broadest independent claims which describe the antibody's structure and characteristics. There are no specific linker or payload components described, indicating it is an unconjugated antibody.",077-685-596-822-329,
Composition,Unconjugated Antibody,,[],[],"The patent primarily claims a recombinant protein expression cassette for an anti-DR4 antibody fragment, which is used in CAR-T or CAR-NK cells. This indicates the focus is on the unconjugated antibody component, as the claims do not specify a linker or payload.",081-156-379-829-330,
Composition,Unconjugated Antibody,,[],[],"The primary focus of the patent is on the composition of a chimeric antigen receptor (CAR) that targets BCMA, which is an unconjugated antibody intermediate. The claims detail the specific sequences and structures of the CAR, indicating a composition focus rather than a method of treatment or clinical application.",083-986-615-850-98X,
Clinical,,,"['colorectal cancer', 'stomach cancer', 'lung cancer']",[],"The broadest independent claims focus on methods of treating patients with CEACAM5 expressing cancers using antibodies or immunoconjugates. The claims specify treatment of specific cancer types, making the patent primarily clinical in nature.",072-708-491-618-935,
Clinical,,,"['colorectal cancer', 'pancreatic cancer', 'mesothelioma', 'glioma', 'neuroblastoma', 'ovarian cancer', 'glioblastoma', 'myelodysplastic syndromes (MDS)', 'breast cancer', 'prostate cancer', 'skin cancer', 'esophageal cancer', 'gastric cancer', 'astrocytic cancer', 'endometrial cancer', 'cervical cancer', 'bladder cancer', 'renal cancer', 'lung cancer', 'liver cancer', 'thyroid cancer', 'head and neck cancer']",[],"The patent's primary focus is on a method of treating cancer using a combination of entinostat and an anti-CSF-1R antibody. The claims detail specific cancer types being treated, indicating a clinical focus.",090-671-059-550-077,
Clinical,,,"['cancer', 'sarcoma', 'lymphoma', 'leukemia', 'carcinoma', 'blastoma', 'germ cell tumor', 'small cell lung cancer', 'non-small cell lung cancer', 'B cell lymphoma', 'T cell lymphoma', 'mycosis fungoides', ""Hodgkin's Disease"", 'myeloid leukemia', 'bladder cancer', 'brain cancer', 'nervous system cancer', 'head and neck cancer', 'squamous cell carcinoma of head and neck', 'kidney cancer', 'neuroblastoma/glioblastoma', 'ovarian cancer', 'pancreatic cancer', 'prostate cancer', 'skin cancer', 'liver cancer', 'melanoma', 'squamous cell carcinomas of the mouth', 'throat', 'larynx', 'lung', 'colon cancer', 'cervical cancer', 'cervical carcinoma', 'breast cancer', 'epithelial cancer', 'renal cancer']",[],The patent's broadest independent claim focuses on a method of treating cancer using engineered dendritic cells and immune checkpoint inhibitors. This indicates a primary focus on clinical applications rather than composition or manufacturing aspects.,089-163-378-676-500,
Composition,Unconjugated Antibody,,[],[],"The primary focus of the patent is on humanized antibodies that bind to LGR5, which are claimed to inhibit the growth of neoplastic cells. The claims are centered around the composition of these antibodies, making it a 'Composition' patent with an 'Unconjugated Antibody' subtype.",095-498-784-499-302,
Clinical,,,['Myelodysplastic Syndrome'],['refractory or resistant to a previous treatment'],"The primary focus of the patent is on a method for treating Myelodysplastic Syndrome using a TLR2 antagonist, specifically targeting patients who are refractory or resistant to previous treatments. The claims emphasize the clinical application rather than the composition of the drug.",103-396-278-369-573,
Clinical,,,"['biliary tract cancer', 'brain cancer', 'neuroblastomas', 'breast cancer', 'cervical cancer', 'ovarian cancer', 'choriocarcinoma', 'colorectal cancer', 'endometrial cancer', 'liver cancer', 'lung cancer', 'oesophageal cancer', 'gastric cancer', 'haematological neoplasms', 'intraepithelial neoplasms', 'oral cancer', 'pancreatic cancer', 'prostate cancer', 'sarcomas', 'skin cancer', 'testicular cancer', 'stromal tumours', 'germ cell tumours', 'thyroid cancer', 'renal cancer']",[],"The primary focus of the patent is on a method of treating various proliferative diseases using a combination therapy. The claims are centered around the therapeutic use of a compound in combination with immunotherapeutic agents, indicating a clinical patent type.",100-366-418-235-344,
Clinical,,,"['Trop-2 positive cancer', 'triple-negative breast cancer', 'non-small cell lung cancer']","['treatment naïve', 'progressed following at least one prior anti-cancer therapy']","The patent's broadest independent claim focuses on a method of treating Trop-2 positive cancers using a combination of an anti-Trop-2 ADC and a CD47-SIRPα inhibitor. The claims detail specific cancer types and patient populations, indicating a clinical focus.",100-474-012-923-110,
Clinical,,,['eye disease or disorder characterized by increased angiogenesis'],[],The primary focus of the patent is on a method of treating eye diseases or disorders by administering an antibody targeting angiopoietin-2. The claims are centered around the therapeutic application rather than the composition of the antibody itself.,116-902-713-466-820,
Clinical,,,"['cancer', 'squamous cell carcinoma', 'small-cell lung cancer', 'non-small-cell lung cancer', 'adenocarcinoma of the lung', 'squamous cell carcinoma of the lung', 'peritoneal carcinoma', 'skin cancer', 'melanoma in the skin or eyeball', 'rectal cancer', 'cancer near the anus', 'esophagus cancer', 'small intestinal tumor', 'endocrine gland cancer', 'parathyroid cancer', 'adrenal cancer', 'soft-tissue sarcoma', 'urethral cancer', 'chronic or acute leukemia', 'lymphocytic lymphoma', 'hepatoma', 'gastrointestinal cancer', 'pancreatic cancer', 'glioblastoma', 'cervical cancer', 'ovarian cancer', 'liver cancer', 'bladder cancer', 'hepatocellular adenoma', 'breast cancer', 'colon cancer', 'large intestine cancer', 'endometrial carcinoma', 'uterine carcinoma', 'salivary gland tumor', 'kidney cancer', 'prostate cancer', 'vulvar cancer', 'thyroid cancer', 'head and neck cancers', 'brain cancer', 'osteosarcoma']",[],The patent's broadest independent claim is directed to a method of treating cancer using a combination of c-Met and beta-catenin inhibitors. This indicates a focus on clinical application rather than composition or manufacturing aspects.,119-863-865-275-126,
Clinical,,,['diffuse large B-cell lymphoma'],"['resistant to or has acquired resistance to treatment with at least one chemotherapeutic agent or a combination of at least one chemotherapeutic agent and an anti-CD20 antibody', 'discontinued treatment with at least one chemotherapeutic agent or a combination of at least one chemotherapeutic agent and an anti-CD20 antibody due to side effects']","The primary focus of the claims is on a method of treating diffuse large B-cell lymphoma using an anti-CD38 antibody in combination with CHOP. The claims detail specific patient populations, such as those resistant to or having discontinued previous treatments, indicating a clinical patent type.",114-491-103-779-786,
Clinical,,,['multiple myeloma'],"['relapsed or refractory multiple myeloma', 'newly diagnosed multiple myeloma', 'transplant-eligible', 'eligible for autologous stem cell transplant']","The patent primarily claims methods of treating multiple myeloma using combination therapies, focusing on specific dosing regimens and patient populations. The claims are centered around clinical applications rather than the composition of the drugs themselves.",114-091-519-265-276,
Clinical,,,"['breast cancer', 'esophageal cancer', 'gastric cancer', 'gastroesophageal junction cancer', 'lung cancer', 'ovarian cancer']","['HER2 overexpressed', 'HER2 amplified', 'HER2 mutant', 'resistant to treatment with the combination partner']","The patent's broadest independent claim focuses on a method of treating cancer using a combination therapy involving zongertinib and an anti-HER2 antibody or ADC. The claims detail specific cancer types and patient populations, indicating a clinical focus.",113-060-433-269-905,
Composition,Unconjugated Antibody,,[],[],"The primary focus of the patent is on an antibody or fragment thereof that specifically recognizes a SMO epitope. The claims are centered around the composition of the antibody, making it an 'Unconjugated Antibody' under the 'Composition' category.",119-877-435-289-920,
Clinical,,,"['melanoma', 'acute myeloid leukemia (AML)', 'squamous cell carcinoma', 'renal cell carcinoma', 'non-small cell lung cancer (NSCLC)', 'small cell lung cancer (SCLC)', 'gastric cancer', 'bladder cancer', 'kidney cancer', 'head and neck cancer', 'Ewing sarcoma', ""Hodgkin's lymphoma"", 'Merkel cell carcinoma', 'breast cancer', 'prostate cancer']","['non-T-cell-infiltrating cancer', 'PD-1 or PD-L1 refractory cancer', 'PD-1 or PD-L1 resistant cancer']","The patent's broadest independent claims focus on methods of treating cancer using LSD1 inhibitors in combination with immunotherapy, which classifies it as a 'Clinical' patent. The claims specify various cancer types and patient populations, such as refractory or resistant cancers.",115-023-588-188-835,
Clinical,,,"['breast cancer', 'gastric cancer', 'colon cancer', 'rectal cancer', 'bladder cancer', 'pancreatic cancer', 'ovarian cancer', 'prostate cancer', 'lung cancer', 'hematological cancer', 'skin cancer', 'malignancies']",[],"The patent's broadest independent claim is a method of treating cancer using trichostatin A (TSA), focusing on clinical applications. The claims specify various cancer types as indications for treatment.",121-687-873-324-305,
Clinical,,,"['cancer', 'colorectal cancer', 'pancreatic cancer', 'breast cancer', 'ovarian cancer', 'lung cancer', 'melanoma']",[],"The broadest independent claims focus on methods of treating cancer using specific antibodies targeting NOTCH2 and NOTCH3. The claims detail various cancer types, indicating a primary focus on clinical applications.",109-250-258-654-613,
Composition,Full ADC,,[],[],"The primary claim of the patent is directed towards an antibody-drug conjugate (ADC) that specifies the antibody, linker, and payload components. This indicates a 'Full ADC' composition subtype as all three components are defined in the claims.",117-594-953-992-330,
Clinical,,,"['adrenal cancer', 'astrocytoma', 'basal cell carcinoma', 'biliary tract cancer', 'bladder cancer', 'bone cancer', 'brain and central nervous system cancer', 'breast cancer', 'cancer of the peritoneum', 'cervical cancer', 'choriocarcinoma', 'chondrosarcoma', 'Ewing sarcoma', 'colorectal cancer', 'connective tissue cancer', 'cancer of the digestive system', 'endometrial cancer', 'esophageal cancer', 'eye cancer', 'cancer of the head and neck', 'gastric cancer', 'gastrointestinal cancer', 'glioblastoma', 'hepatic carcinoma', 'hepatoma', 'intra-epithelial neoplasm', 'kidney or renal cancer', 'larynx cancer', 'leukemia', 'liver cancer', 'lung cancer', 'small-cell lung cancer', 'non-small cell lung cancer', 'adenocarcinoma of the lung', 'squamous carcinoma of the lung', 'melanoma', 'myeloma', 'neuroblastoma', 'oral cavity cancer', 'ovarian cancer', 'pancreatic cancer', 'pituitary gland cancer', 'prostate cancer', 'retinoblastoma', 'rhabdomyosarcoma', 'rectal cancer', 'cancer of the respiratory system', 'mesothelioma', 'salivary gland carcinoma', 'sarcoma', 'skin cancer', 'squamous cell cancer', 'stomach cancer', 'testicular cancer', 'thyroid cancer', 'uterine or endometrial cancer', 'cancer of the urinary system', 'vulval cancer', 'lymphoma', ""Hodgkin's lymphoma"", ""non-Hodgkin's lymphoma"", 'B-cell lymphoma', ""low grade/follicular non-Hodgkin's lymphoma"", 'small lymphocytic NHL', 'intermediate grade/follicular NHL', 'intermediate grade diffuse NHL', 'high grade immunoblastic NHL', 'high grade lymphoblastic NHL', 'high grade small non-cleaved cell NHL', 'bulky disease NHL', 'mantle cell lymphoma', 'AIDS-related lymphoma', ""Waldenstrom's macroglobulinemia"", 'chronic lymphocytic leukemia', 'acute lymphoblastic leukemia', 'Hairy cell leukemia', 'chronic myeloblastic leukemia', 'post-transplant lymphoproliferative disorder', 'abnormal vascular proliferation associated with phakomatoses', 'edema', ""Meigs' syndrome""]",[],"The patent's primary focus is on a method of treating cancer using a combination of a DR5 agonist and an IAP antagonist, which classifies it under 'Clinical'. The claims specify a wide range of cancer indications for treatment.",123-574-974-217-092,
Composition,Conjugated Antibody,,[],[],"The primary claim is directed to a fusion protein comprising an antibody against CXCR4 and a RNA binding peptide. This indicates a focus on the antibody component, with the RNA binding peptide being a secondary feature, classifying it as a 'Conjugated Antibody'.",125-318-275-601-212,
Clinical,,,"['central nervous system infections', 'cancer', 'tumor of the nervous system', 'glioblastoma']",[],"The patent's primary focus is on a method of treatment involving the administration of a monoterpene with a therapeutic agent to treat central nervous system conditions. The claims are centered around treatment methods, making it a clinical patent.",128-653-448-809-44X,
Clinical,,,"['ovarian cancer', 'ovarian adenocarcinoma', 'ovarian teratocarcinoma', 'lung cancer', 'small cell lung cancer', 'non-small cell lung cancer', 'squamous cell lung carcinoma', 'adenocarcinoma', 'gastric cancer', 'breast cancer', 'hepatic cancer', 'pancreatic cancer', 'skin cancer', 'basal cell carcinoma', 'squamous cell carcinoma', 'malignant melanoma', 'head and neck cancer', 'malignant pleomorphic adenoma', 'sarcoma', 'synovial sarcoma', 'carcinosarcoma', 'bile duct cancer', 'bladder cancer', 'transitional cell carcinoma', 'papillary carcinoma', 'kidney cancer', 'renal cell carcinoma', 'clear cell renal cell carcinoma', 'papillary renal cell carcinoma', 'colon cancer', 'small bowel cancer', 'small bowel adenocarcinoma', 'adenocarcinoma of the ileum', 'testicular embryonal carcinoma', 'placental choriocarcinoma', 'cervical cancer', 'testicular cancer', 'testicular seminoma', 'testicular teratoma', 'embryonic testicular cancer', 'uterine cancer', 'teratocarcinoma', 'embryonal carcinoma']",[],"The primary focus of the patent is on methods of treating cancer using HDAC6 and CD47 inhibitors, as evidenced by the broadest independent claim being a method of treatment. The claims specify a wide range of cancer types as indications.",123-401-918-110-690,
Clinical,,,['diffuse large B-cell lymphoma (DLBCL)'],"['patients with age greater than 60 years', 'patients with age greater than 65 years', 'patients with International Prognostic Index (IPI) score between 3 and 5', 'patients with activated B-cell (ABC) type DLBCL', 'patients with double expressing lymphoma (DEL) type DLBCL']","The patent's primary focus is on methods of treating DLBCL using a specific combination therapy, which includes polatuzumab vedotin. The claims detail specific patient populations and treatment regimens, indicating a clinical focus.",120-314-639-382-066,
Clinical,,,"['cancer of lung', 'head and neck cancer', 'colon cancer', 'urothelial cancer', 'prostate cancer', 'esophageal cancer', 'bladder cancer', 'stomach cancer', 'neuroendocrine cancer', 'mesenchymal cancer', 'breast cancer', 'ovarian cancer', 'primary peritoneal cancer', 'fallopian tube cancer', 'pancreatic cancer']",['PARPi-resistant recurrent cancer'],"The patent's broadest independent claim is a method of treating cancer using a combination of a PD-1 antagonist, an ATR inhibitor, and a platinating agent, which classifies it as a 'Clinical' patent. The claims specify various cancer types and a specific patient population of PARPi-resistant recurrent cancer.",130-157-628-210-986,
Clinical,,,"['cancer', 'carcinoma', 'endometrial cancer', 'breast cancer', 'liver cancer', 'prostate cancer', 'renal cancer', 'ovarian cancer', 'colorectal cancer', 'pancreatic cancer', 'lung cancer', 'gastric cancer', 'head and neck cancer', 'thyroid cancer', 'cholangiocarcinoma', 'mesothelioma', 'melanoma', 'non-small cell lung cancer']","['metastatic', 'immunologically cold tumors', 'immunologically warm or hot tumors non-responsive to immunotherapy', 'carcinoma progressed after first line immune checkpoint therapy', 'carcinoma failed prior treatment with platinum-containing doublet and immune checkpoint therapy', 'carcinoma failed prior treatment with platinum-containing doublet and anti-PD1 or PDL-1 immune checkpoint antibody']","The patent primarily claims methods of treatment using an anti-clusterin antibody and docetaxel for various cancers, focusing on clinical applications. The claims detail specific cancer types and patient populations, indicating a clinical focus.",131-169-963-457-075,
CMC,,Formulation/Stability,[],[],"The primary focus of the patent is on the formulation of an antibody-containing aqueous solution, detailing specific components and conditions to maintain stability and suppress aggregation. The claims emphasize the composition's stability characteristics, which aligns with formulation and stability aspects of CMC.",142-576-511-663-721,
Clinical,,,"['metastatic spread of primary cancer', 'progression of metastatic disease']",['subjects who have received treatment for primary cancer'],The patent's broadest independent claims focus on methods of treatment using L1CAM inhibitors to reduce metastatic spread and progression in subjects post-primary cancer treatment. The claims do not specify a composition but rather a clinical application.,138-140-558-594-426,
Composition,Unconjugated Antibody,,[],[],"The primary focus of the patent is on the composition of chimeric antigen receptors (CARs) with specific variable regions and domains. The claims detail the structure of the CARs, which are considered unconjugated antibody intermediates in this context.",143-323-537-537-636,
Clinical,,,"['biliary tract cancer', 'bladder cancer', 'brain cancer', 'glioblastoma', 'medulloblastoma', 'breast cancer', 'cervical cancer', 'choriocarcinoma', 'colon cancer', 'endometrial cancer', 'esophageal cancer', 'gastric cancer', 'hematological neoplasm', 'acute lymphocytic leukemia', 'acute myelogenous leukemia', 'multiple myeloma', 'AIDS-associated leukemias', 'adult T-cell leukemia lymphoma', 'intraepithelial neoplasm', ""Bowen's disease"", ""Paget's disease"", 'liver cancer', 'lung cancer', 'lymphomas', ""Hodgkin's disease"", 'lymphocytic lymphoma', 'neuroblastomas', 'oral cancer', 'squamous cell carcinoma', 'ovarian cancer', 'pancreatic cancer', 'prostate cancer', 'rectal cancer', 'sarcomas', 'leiomyosarcoma', 'rhabdomyosarcoma', 'liposarcoma', 'fibrosarcoma', 'osteosarcoma', 'skin cancer', 'testicular cancer', 'stromal tumors', 'germ cell tumors', 'thyroid cancer', 'renal cancer']",['metastatic'],"The patent's broadest independent claim is a method of treating cancer using inhibitory RNA molecules targeting PRSS2 expression. This classifies it as a 'Clinical' patent, with specific cancer indications and a focus on metastatic cancer as a patient population.",139-945-183-375-474,
Clinical,,,"['breast cancer', 'triple-negative breast cancer']","['high-risk early stage TNBC', 'locally recurrent unresectable or metastatic TNBC whose tumors express PD-L1']","The patent's broadest independent claim is focused on a method of treating breast cancer using PDE1 inhibitors, alone or in combination with immune checkpoint inhibitors. The claims detail specific breast cancer types and patient populations, indicating a clinical focus.",148-643-189-456-622,
Composition,Unconjugated Antibody,,[],[],"The primary focus of the patent is on antibodies that specifically bind to certain polypeptides, which are used for therapeutic purposes. The claims are centered around the antibodies themselves, without specifying a linker or payload, classifying it as an 'Unconjugated Antibody'.",143-561-537-942-432,
Composition,Unconjugated Antibody,,[],[],"The patent primarily claims a bispecific antibody that binds to EGFR and B7-H3. The claims focus on the structure and sequences of the antibody, without specifying a linker or payload, classifying it as an 'Unconjugated Antibody'.",151-406-659-011-783,
Composition,Conjugated Antibody,,[],[],"The primary focus of the patent is on antibody-drug conjugates, specifically detailing the anti-Trop-2 monoclonal antibody used in the conjugates. The claims specify the antibody component, while the linker and payload are broadly defined, classifying it as a 'Conjugated Antibody'.",146-847-880-737-009,
Clinical,,,"['cancer', 'glioma', 'glioblastoma']",[],"The primary focus of the patent is on a method of treatment involving the administration of a checkpoint kinase inhibitor and immunotherapy to treat cancer, specifically gliomas and glioblastoma. The claims are centered around the therapeutic method rather than the composition itself.",173-176-077-565-329,
Composition,Unconjugated Antibody,,[],[],"The primary focus of the patent is on antibodies or antigen-binding fragments that bind to specific markers on tumor and dendritic cells. The claims detail the structure and binding properties of these antibodies, classifying it as an 'Unconjugated Antibody' under the 'Composition' category.",155-486-273-651-938,
Composition,Unconjugated Antibody,,[],[],"The patent's broadest independent claim is directed to a CD37-specific binding molecule, which is an unconjugated antibody. The claims focus on the composition of the antibody itself, without specifying a linker or payload, classifying it as an 'Unconjugated Antibody'.",154-806-588-901-720,
Composition,Conjugated Linker,,[],[],"The patent claims a random copolymer with zwitterionic moieties and functional agents, including linkers and bioactive agents. The claims focus on the composition of the copolymer, with specific mention of linkers and functional agents, but do not specify a complete ADC construct.",154-416-983-396-978,
Composition,,,[],[],"The primary focus of the claims is on a lipid nanoparticle composition containing specific mRNAs encoding immunomodulatory polypeptides. The claims detail the components and structure of the lipid nanoparticle, indicating a composition patent type.",158-206-927-719-330,
Clinical,,,['pancreatic cancer'],[],The primary focus of the patent is on a method for treating pancreatic cancer using a specific immunoconjugate. The claims are centered around the therapeutic application rather than the composition of the ADC itself.,149-549-539-039-34X,
Composition,Unconjugated Antibody,,[],[],"The primary focus of the patent is on isolated anti-CD39 antibodies, which are specified by their variable region sequences. The claims do not specify a linker or payload, indicating that the composition is an unconjugated antibody.",155-133-359-580-575,
Clinical,,,"['cancer', 'bladder cancer', 'prostate cancer', 'liver cancer', 'renal cancer', 'lung cancer', 'breast cancer', 'colorectal cancer', 'colon cancer', 'rectal cancer', 'pancreatic cancer', 'brain cancer', 'hepatocellular cancer', 'lymphoma', 'leukaemia', 'gastric cancer', 'cervical cancer', 'ovarian cancer', 'thyroid cancer', 'melanoma', 'head and neck cancer', 'skin cancer', 'soft tissue sarcoma', 'osteosarcoma', 'pancreatic ductal adenocarcinoma']","['patients with ECOG performance status of 1-, 2, 3 or 4', 'patients not fit for two or more chemotherapy regimens', 'patients eligible for gemcitabine and nab-paclitaxel', 'patients 50 years or older', 'patients 70 years or older']","The patent's main focus is on a method of treating cancer using a non-pathogenic non-viable Mycobacterium in combination with other therapies. The claims are centered around clinical treatment methods, specific patient populations, and various cancer indications, making it a 'Clinical' patent.",165-448-169-437-195,
Composition,Dual Combination,,[],[],"The primary claim is directed to a pharmaceutical combination comprising an anti-TIM-3 antibody and a demethylating drug. This indicates a dual combination of two therapeutic components, which fits the 'Dual Combination' subtype under 'Composition'.",177-929-887-170-547,
Clinical,,,"['cancer', 'hematological malignancy', 'solid tumor', 'acute myeloid leukemia', 'lymphoblastic leukemia', 'acute lymphoblastic leukemia', 'myelodysplastic syndromes', 'myeloproliferative neoplasms', 'primary myelofibrosis', 'essential thrombocythemia', 'polycythemia vera', 'atypical chronic myeloid leukemia', 'chronic myeloid leukemia', 'lymphoma', 'multiple myeloma', 'non Hodgkin lymphoma', 'Hodgkin lymphoma', 'lung cancer', 'breast cancer', 'oesophageal cancer', 'gastric cancer', 'colon cancer', 'cholangiocarcinoma', 'pancreatic cancer', 'ovarian cancer', 'head and neck cancers', 'synovial sarcoma', 'angiosarcoma', 'osteosarcoma', 'thyroid cancer', 'endometrial cancer', 'neuroblastoma', 'rabdomyosarcoma', 'liver cancer', 'melanoma', 'prostate cancer', 'renal cancer', 'soft tissue sarcoma', 'urothelial cancer', 'biliary cancer', 'glioblastoma', 'cervical cancer', 'colorectal cancer']",[],"The patent's broadest independent claim focuses on the use of genetically modified cells in combination with other therapies for treating or preventing cancer, indicating a clinical application. The claims specify various cancer types, both hematological and solid tumors, as the indications for treatment.",178-136-296-101-482,
Clinical,,,"['cancer', 'triple negative breast cancer', 'pancreatic ductal adenocarcinoma', 'melanoma', 'head and neck cancer']",[],"The patent's broadest independent claims focus on methods of treating cancer using an immunogenic composition. The claims specify various cancer types, indicating a clinical focus on treatment methods rather than the composition itself.",179-041-782-028-203,
Clinical,,,['solid tumor'],[],The primary focus of the patent is on a method of treating solid tumors using a combination of hypoxia-activated bioreductive agents and hypoxia-inducing agents. The claims are centered around the therapeutic application rather than the composition of the agents themselves.,165-384-756-621-958,
Clinical,,,['ovarian cancer'],[],"The broadest independent claim focuses on methods for identifying cancer cells and methods for reducing the growth of cancer cells using specific polypeptides and antibodies. The claims are primarily directed towards clinical applications, particularly in the treatment and diagnosis of ovarian cancer.",191-936-659-431-752,
Clinical,,,['brain tumor'],['HER2-positive breast cancer metastasis'],"The primary claim is a method of treatment for slowing the growth of brain tumors using a specific nanoparticle composition. The focus is on the clinical application of the nanoparticles, making the patent type 'Clinical'.",185-935-502-987-574,
Clinical,,,['serous ovarian cancer'],[],The primary claim is a method of treating serous ovarian cancer using an anti-activin-A antibody and a chemotherapeutic compound. This indicates a focus on clinical application rather than composition or manufacturing details.,185-218-744-177-185,
Composition,Unconjugated Antibody,,[],[],"The primary focus of the claims is on the monoclonal antibody that binds to human DLL4, which is an unconjugated antibody. The claims do not specify a linker or payload, thus classifying it as an 'Unconjugated Antibody'.",181-077-656-157-799,
Clinical,,,"['cancer', 'unresectable or metastatic melanoma', 'advanced solid tumors', 'hyper-progression in patients receiving anti-PD-1/PD-L1 therapy']",['refractory or relapse of or resistant to anti-PD-1 therapy'],"The primary focus of the patent is on methods of treating cancer using a combination of immune checkpoint modulators and MDM2 inhibitors. The claims detail specific treatment regimens and patient populations, indicating a clinical application.",198-049-197-725-273,
Clinical,,,"['ovarian cancer', 'fallopian tube cancer', 'peritoneal cancer', 'breast cancer', 'sarcoma']",[],"The patent claims a method of treating specific cancers using a combination of PARP and PD-1 inhibitors. The focus is on the clinical application of these agents in treating certain cancer types, making it a 'Clinical' patent.",199-110-989-219-033,
Composition,Unconjugated Antibody,,[],[],"The primary focus of the patent is on a recombinant fusion protein that includes an antibody targeting PD-1 and a TGFβR2 domain. The claims are centered around the composition of this fusion protein, making it a composition patent with an unconjugated antibody subtype.",195-698-517-292-560,
Clinical,,,['colorectal tumor'],[],"The patent primarily claims methods for selecting patients for EGFR-directed therapies based on the expression levels of AREG and EREG in tumors. The focus is on treatment methods and patient selection, which falls under the 'Clinical' category.",194-890-765-884-26X,
Composition,Full ADC,,[],[],"The broadest independent claim is directed to an antibody drug conjugate (ADC) comprising an antibody, linker, and drug moiety. This indicates the patent primarily claims a full ADC composition.",043-451-324-630-774,
CMC,,Conjugation Method,[],[],"The patent primarily claims a method for preparing ADCs with improved homogeneity, focusing on the conjugation process involving specific steps and conditions. The claims detail the use of reductants, transition metal ions, and oxidants to achieve a controlled conjugation, indicating a focus on the conjugation method.",162-425-435-215-763,
Composition,Unconjugated Antibody,,[],[],"The patent primarily claims non-natural cells and polypeptide complexes involving binding domains that target CD33, which are components of adoptive T cell therapies. These claims focus on the composition of the non-natural cells and polypeptides, classifying it as a composition patent with an unconjugated antibody subtype.",063-661-008-848-975,
Composition,Conjugated Linker,,[],[],"The patent primarily claims compounds of specific formulas that include linker moieties, which are used in the formation of ADCs. The claims focus on the linker structures and their potential conjugation to antibodies and drugs, indicating a 'Conjugated Linker' subtype.",060-771-529-638-47X,
Clinical,,,"['melanoma', 'mammary cancer', 'ovarian cancer', 'pancreatic cancer', 'lung cancer', 'liver cancer', 'esophageal cancer', 'colorectal cancer', 'colonic cancer', 'lymphoma', 'brain tumor', 'sarcoma', 'cervical cancer', 'prostate cancer', 'bladder cancer', 'osteosarcoma', 'head and neck cancers', 'renal cell carcinoma', 'stomach cancer', 'non-small cell lung cancer']",[],The primary focus of the patent is on the method of treating tumors using a combination of a PPARδ inhibitor and an immunotherapeutic drug. The claims emphasize the therapeutic application rather than the composition itself.,177-161-138-519-136,
Clinical,,,"['cancer', 'autoimmune disease']",[],The primary focus of the patent is on methods of treatment using anti-CD5 ADCs to promote acceptance of CAR-expressing immune cells in patients with cancer or autoimmune diseases. The claims are centered around clinical applications rather than the composition of the ADC itself.,133-087-710-266-928,
Clinical,,,['adrenocortical carcinoma'],['patients with cortisol excess'],The primary focus of the patent is on a method of treating adrenocortical carcinoma in patients with cortisol excess using a combination of selective glucocorticoid receptor modulators and antibody checkpoint inhibitors. The claims are centered around treatment methods rather than the composition of the drugs themselves.,089-339-992-068-907,
Clinical,,,"['cancer', 'basal cell carcinoma', 'biliary tract cancer', 'bladder cancer', 'bone cancer', 'brain and central nervous system cancer', 'breast cancer', 'cancer of the peritoneum', 'cervical cancer', 'choriocarcinoma', 'colon and rectum cancer', 'connective tissue cancer', 'cancer of the digestive system', 'endometrial cancer', 'esophageal cancer', 'eye cancer', 'cancer of the head and neck', 'gastric cancer', 'glioblastoma', 'hepatic carcinoma', 'hepatoma', 'intra-epithelial neoplasm', 'kidney or renal cancer', 'larynx cancer', 'leukemia', 'liver cancer', 'lung cancer', 'melanoma', 'myeloma', 'neuroblastoma', 'oral cavity cancer', 'ovarian cancer', 'pancreatic cancer', 'prostate cancer', 'retinoblastoma', 'rhabdomyosarcoma', 'rectal cancer', 'cancer of the respiratory system', 'salivary gland carcinoma', 'sarcoma', 'skin cancer', 'squamous cell cancer', 'stomach cancer', 'testicular cancer', 'thyroid cancer', 'uterine or endometrial cancer', 'cancer of the urinary system', 'vulval cancer', 'lymphoma', ""Hodgkin's lymphoma"", ""non-Hodgkin's lymphoma"", 'B-cell lymphoma', 'chronic lymphocytic leukemia', 'acute lymphoblastic leukemia', 'Hairy cell leukemia', 'chronic myeloblastic leukemia', 'post-transplant lymphoproliferative disorder', 'abnormal vascular proliferation associated with phakomatoses', 'edema', ""Meigs' syndrome""]",[],"The patent's broadest independent claims focus on methods for treating cancer using combination therapies involving chimeric proteins and anticancer agents. The claims specify a wide range of cancer types, indicating a clinical focus.",188-919-316-503-950,
Composition,Unconjugated Payload,,[],[],"The patent primarily claims novel compounds as matriptase inhibitors, which are chemical entities. These compounds are not conjugated to any other components like antibodies or linkers, classifying them as unconjugated payloads.",185-779-495-614-208,
Composition,Full ADC,,[],[],"The primary claim of the patent is directed towards an immunoconjugate comprising an antibody linked to a thienoazepine derivative, which constitutes a full ADC. The claims specify the antibody, linker, and payload components, fitting the 'Full ADC' subtype.",137-938-398-338-816,
Clinical,,,"['cancer', 'hematologic malignancy', 'leukemia', 'acute myeloid leukemia']",[],"The patent's broadest independent claim focuses on a method for treating cancer using a combination of a BCL-2 inhibitor and an alpha-emitting isotope-labeled agent. The claims are centered around treatment methods, making it a clinical patent.",162-714-326-999-125,
Clinical,,,"['cancer', 'adenocarcinoma', 'breast cancer', 'pancreatic adenocarcinoma']",[],"The patent primarily claims a method of treating cancer using an oncolytic virus, focusing on treatment regimens and patient selection based on T-cell clonality. The claims are centered around clinical applications rather than the composition of the virus itself.",012-495-355-593-793,
Clinical,,,['uterine serous carcinoma'],['advanced or recurrent USC'],"The patent's primary focus is on a method of treating uterine serous carcinoma using a WEE1 inhibitor, specifically ZN-c3, with detailed dosing regimens. The claims are centered around clinical use rather than composition or manufacturing aspects.",126-503-046-363-733,
Composition,Conjugated Antibody,,[],[],"The primary claim of the patent is directed towards an enveloped delivery vehicle (EDV) that includes a targeting polypeptide, which can be an antibody or antibody analog. This indicates a focus on the composition of the EDV with a specific emphasis on the conjugated antibody component.",020-481-822-828-428,
Clinical,,,"['bladder cancer', 'breast cancer', 'colorectal cancer', 'hepatocellular carcinoma', 'melanoma', 'non-small cell lung cancer (NSCLC)', 'ovarian cancer', 'pancreatic cancer', 'prostate cancer', 'renal cell carcinoma']",[],"The primary focus of the patent is on methods of treating cancer using a combination of therapies, including PD-1 antagonists, radiotherapy, and PARP inhibitors. The claims are centered around treatment regimens, making it a clinical patent.",064-641-735-905-76X,
Clinical,,,"['breast cancer', 'brain tumor', 'colorectal cancer', 'head and neck squamous cell carcinoma', 'hepatocellular carcinoma', 'leukemia', 'acute myeloid leukemia', 'lymphoma', 'lung cancer', 'melanoma', 'mesothelioma', 'malignant pleural mesothelioma', 'neuroblastoma', 'ovarian cancer', 'pancreatic cancer', 'prostate cancer', 'renal cell carcinoma', 'sarcoma']",[],"The patent's primary focus is on a method of treating various cancers by determining plasma arginine levels and administering arginine deprivation therapy, which classifies it under 'Clinical'. The claims specify a range of cancer types as indications for treatment.",094-464-588-889-897,
Composition,Unconjugated Payload,,[],[],"The primary focus of the patent is on a liposomal composition containing alpha polyglutamated tetrahydrofolate, which is a specific payload. The claims do not specify an antibody or linker, thus classifying it as an 'Unconjugated Payload'.",189-168-941-034-493,
Clinical,,,"['cancer', 'colon cancer', 'breast cancer', 'lymphoma', 'non-small cell lung cancer']",[],"The patent's broadest independent claim focuses on a method of treatment for cancer using a pharmaceutical composition. The claims detail various cancer types treated, indicating a clinical focus.",081-074-067-508-483,
Clinical,,,['cancer'],[],The patent's broadest independent claims focus on methods for inhibiting tumor progression and treating cancer using NKG2D inhibitors. These claims are centered around clinical applications rather than specific compositions or manufacturing processes.,167-501-088-809-252,
Clinical,,,"['relapsed or refractory B cell lymphoma', 'acute lymphoblastic leukemia', 'cytokine release syndrome', 'neurologic toxicity']","['patients with relapsed or refractory large B-cell lymphoma after systemic therapy', 'patients more than 65 years old']","The patent primarily claims methods of treatment involving T cell immunotherapy for specific conditions and patient populations, focusing on clinical applications rather than composition or manufacturing aspects.",042-395-096-293-293,
Composition,Full ADC,,[],[],"The primary claim is directed to an antibody-drug conjugate (ADC) comprising a specific antibody, linker, and payload (eribulin), which classifies it as a 'Full ADC' under the 'Composition' category. The method-of-treatment claims are secondary to the composition claims.",145-774-351-119-204,
Clinical,,,['cholangiocarcinoma'],['metastatic'],"The patent's primary focus is on a method of treating cholangiocarcinoma using an anti-Claudin-1 antibody. The claims detail specific treatment methods and patient populations, such as metastatic cholangiocarcinoma, indicating a clinical classification.",007-086-232-689-439,
Clinical,,,"['melanoma', 'head & neck cancer', 'classical Hodgkin lymphoma', 'urothelial carcinoma', 'gastric cancer', 'cervical cancer', 'primary mediastinal large-B-cell lymphoma', 'microsatellite instability-high cancer', 'non-small cell lung cancer', 'hepatocellular carcinoma', 'clear cell kidney cancer', 'colorectal cancer', 'breast cancer', 'squamous cell lung cancer', 'basal carcinoma', 'sarcoma', 'bladder cancer', 'endometrial cancer', 'pancreatic cancer', 'liver cancer', 'gastrointestinal cancer', 'multiple myeloma', 'renal cancer', 'mesothelioma', 'ovarian cancer', 'anal cancer', 'biliary tract cancer', 'esophageal cancer', 'salivary cancer', 'prostate cancer', 'metastatic castration resistant prostate cancer']",[],"The patent's broadest independent claims focus on methods of treating various cancers using specific compounds. The claims detail the use of these compounds in combination with other therapeutic agents, indicating a primary focus on clinical applications.",006-896-417-879-851,
Composition,Full ADC,,[],[],"The primary claim of the patent is directed towards a conjugate comprising an anti-HER2 antibody and a maytansinoid payload, which constitutes a full ADC. The method-of-treatment claims are secondary to the composition claims.",013-436-312-510-659,
Clinical,,,"['colon cancer', 'lung cancer', 'triple negative breast cancer', 'melanoma', 'head and neck cancer', 'prostate cancer', 'bladder cancer', 'renal cancer']",[],"The primary focus of the patent is on methods of treating cancer using a combination of an adenosine-A2A receptor antagonist and atezolizumab. The claims are centered around treatment regimens and specific cancer indications, making it a clinical patent.",006-742-770-366-81X,
Clinical,,,['tumor'],[],"The patent primarily claims methods for treating tumors by suppressing the function of an FSTL1 protein, which is a method of treatment. The claims focus on clinical applications rather than the composition of the antibody or its manufacturing process.",013-885-412-471-697,
Composition,Unconjugated Antibody,,[],[],"The primary focus of the patent is on a humanized 4-1BB monoclonal antibody, which is an unconjugated antibody. The claims primarily describe the antibody's structure and its pharmaceutical composition, without detailing a conjugated form or specific method of treatment as the broadest claim.",004-593-772-475-682,
Composition,Conjugated Payload,,[],[],"The primary focus of the patent is on benzodiazepine dimers and their conjugates, which are specified as payloads in ADCs. The claims detail the structure of these dimers and their conjugation to antibodies, indicating a focus on the payload component of ADCs.",023-979-145-438-63X,
Clinical,,,"[""Crohn's disease""]",[],The patent's broadest independent claims focus on a method of treating Crohn's disease using an anti-IL-12 antibody. The claims are centered around the therapeutic application rather than the composition of the antibody itself.,025-675-630-568-729,
Composition,Conjugated Antibody,,[],[],"The primary claim is directed to an ophthalmic pharmaceutical composition comprising a bifunctional antibody-based targeting protein. The claims focus on the specific antibody and its binding domains, making it a 'Conjugated Antibody' subtype.",027-458-044-837-908,
Composition,Unconjugated Payload,,[],[],"The patent primarily claims a non-peripheral quaternary ammonium-modified zinc phthalocyanine, which is a photosensitizer used in photodynamic therapy. This indicates it is a composition patent focused on an unconjugated payload, as it does not specify an antibody or linker component.",029-853-159-129-12X,
Clinical,,,"['bladder cancer', 'breast cancer', 'uterine/cervical cancer', 'ovarian cancer', 'prostate cancer', 'testicular cancer', 'esophageal cancer', 'gastrointestinal cancer', 'pancreatic cancer', 'colorectal cancer', 'colon cancer', 'kidney cancer', 'head and neck cancer', 'lung cancer', 'stomach cancer', 'germ cell cancer', 'bone cancer', 'liver cancer', 'thyroid cancer', 'skin cancer', 'neoplasm of the central nervous system', 'lymphoma', 'leukemia', 'myeloma', 'sarcoma', 'virus-related cancer']",[],"The broadest independent claims focus on methods of treatment using monoclonal antibodies to inhibit MICA/B shedding, which classifies the patent as 'Clinical'. The claims specify various cancer types as indications for treatment.",016-040-619-753-987,
Clinical,,,['Mcl-1+ and netrin-1 receptor+ cancer'],[],The broadest independent claim focuses on a method of treatment using an anti-netrin-1 antibody and a Bcl-2 inhibitor for Mcl-1+ and netrin-1 receptor+ cancers. This indicates a primary focus on clinical application rather than composition or manufacturing details.,019-530-268-412-216,
Clinical,,,"['cancer', 'colorectal cancer', 'breast cancer', 'lung cancer', 'non-small cell lung cancer', 'urothelial cancer', 'bladder cancer', 'gastric cancer', 'esophagogastric junction adenocarcinoma']",[],"The primary focus of the patent is on a therapeutic method for treating cancer using a combination of an antibody-drug conjugate and an immune checkpoint inhibitor. The claims are centered around the method of treatment, making it a clinical patent.",017-315-408-033-038,
Composition,,,[],[],"The primary focus of the patent is on the composition of extracellular vesicles isolated from stem cells, which are specified by their miRNA, mRNA, and cytokine content. The claims primarily describe the composition of these vesicles rather than methods of treatment or manufacturing processes.",023-706-194-311-789,
Clinical,,,"['proliferative disorder', 'cancer', 'tumor']","['resistant to TRAIL', 'previously treated with immunotherapy', 'tumor progressed after radiotherapy']","The patent's broadest independent claim focuses on a method of treatment using SIK3 inhibitors in combination with TRAIL or its agonists for treating proliferative disorders. The claims emphasize clinical applications, including specific patient populations with resistance to TRAIL and those previously treated with immunotherapy.",011-491-059-083-33X,
Clinical,,,"['cancers of the hematopoietic system', 'gastrointestinal tract cancers', 'kidney cancer', 'prostate cancer', 'bladder cancer', 'gynecological cancers', 'skin cancers', 'head and neck cancers', 'pediatric cancers', 'brain cancers', 'sarcomas', 'lung cancer', 'mesothelioma', 'thyroid cancer']",[],"The broadest independent claims focus on methods of treating various cancerous diseases using the specified antibodies. The claims detail specific cancer types, indicating a primary focus on clinical applications rather than composition or manufacturing processes.",015-624-905-585-972,
Composition,Full ADC,,[],[],"The patent's broadest independent claim is directed to a therapeutic agent comprising an anti-B7-H3 antibody-drug conjugate, specifying the antibody, linker, and payload. This indicates a 'Full ADC' composition subtype.",014-710-141-979-908,
Composition,Unconjugated Payload,,[],[],"The primary focus of the patent is on a crystalline form of a specific chemical compound, which is an unconjugated payload. The claims primarily describe the crystalline form and its characteristics, making it a composition patent for an unconjugated payload.",012-975-326-120-359,
Clinical,,,"['glioblastoma', 'sarcoma', 'melanoma']","['relapsed', 'refractory', 'relapsed and refractory']","The primary focus of the patent is on methods of treating specific cancer types using an anti-huLRRC15 ADC. The claims detail the treatment of glioblastoma, sarcoma, and melanoma, including specific patient populations such as relapsed and refractory cases.",037-914-006-545-700,
Clinical,,,"['myelodysplastic syndrome', 'multiple myeloma', 'acute myeloid leukemia', 'myeloproliferative neoplasm']","['subjects with complex karyotype', 'subjects with p53 mutation']","The patent's primary focus is on methods of treating hematologic malignancies using an anti-CD33 targeting agent, with specific claims directed at patient populations with complex karyotypes or p53 mutations. The claims do not focus on the composition of the drug itself but rather on its clinical application.",032-452-387-457-927,
Clinical,,,['follicular lymphoma'],"['relapsed', 'refractory']","The patent's main focus is on a method of treating follicular lymphoma using a bispecific antibody in combination with rituximab and lenalidomide. The claims detail specific dosing regimens and patient populations, indicating a clinical focus.",030-283-671-428-771,
Clinical,,,['lung cancer'],[],The patent's claims focus on a method of treatment involving the administration of lurbinectedin in combination with atezolizumab for lung cancer. The primary inventive concept is the clinical application of this combination therapy.,025-340-980-862-456,
Clinical,,,"['CD19-positive malignancy', 'CD19-positive B cell cancer', 'CD19-positive relapsed/refractory B cell malignancy']",[],"The patent's primary focus is on methods of treating CD19-positive malignancies using CAR-T cells and switch molecules, which is indicative of a clinical application. The claims detail specific treatment regimens and dosing, emphasizing clinical use rather than composition or manufacturing aspects.",032-623-037-100-833,
Composition,Unconjugated Antibody,,[],[],"The primary focus of the patent is on bispecific antibodies that bind to EGFR and cMET, which are specified in detail. There is no mention of linkers or payloads, indicating that the invention pertains to an unconjugated antibody composition.",051-290-932-419-96X,
Clinical,,,"['cancer', 'solid cancer']",[],"The patent primarily claims methods for treating subjects using immune effector cells genetically modified to express antigen receptors, focusing on clinical applications. The claims are centered around treatment methods, particularly for cancer and solid cancers, rather than compositions or manufacturing processes.",053-282-122-720-462,
Clinical,,,"['tumor', 'cancer']",[],"The primary focus of the patent is on methods of treating tumors using a combination of CDK4/6 inhibitors and immune checkpoint inhibitors. The claims are centered around treatment regimens and effects on tumor and immune response, indicating a clinical application.",045-278-268-580-659,
,,,,,,040-268-160-770-142,Error code: 429 - {'message': 'Limit Exceeded'}
,,,,,,039-791-488-869-542,Error code: 429 - {'message': 'Limit Exceeded'}
,,,,,,035-476-496-467-708,Error code: 429 - {'message': 'Limit Exceeded'}
,,,,,,038-154-467-559-395,Error code: 429 - {'message': 'Limit Exceeded'}
,,,,,,046-489-392-597-753,Error code: 429 - {'message': 'Limit Exceeded'}
,,,,,,047-386-456-051-94X,Error code: 429 - {'message': 'Limit Exceeded'}
,,,,,,046-648-173-327-150,Error code: 429 - {'message': 'Limit Exceeded'}
,,,,,,052-549-683-600-878,Error code: 429 - {'message': 'Limit Exceeded'}
,,,,,,089-434-108-715-508,Error code: 429 - {'message': 'Limit Exceeded'}
,,,,,,062-858-822-003-304,Error code: 429 - {'message': 'Limit Exceeded'}
,,,,,,048-193-685-886-161,Error code: 429 - {'message': 'Limit Exceeded'}
,,,,,,066-284-288-133-728,Error code: 429 - {'message': 'Limit Exceeded'}
,,,,,,071-105-024-684-221,Error code: 429 - {'message': 'Limit Exceeded'}
,,,,,,069-132-162-751-72X,Error code: 429 - {'message': 'Limit Exceeded'}
,,,,,,059-123-889-468-231,Error code: 429 - {'message': 'Limit Exceeded'}
,,,,,,061-103-399-749-149,Error code: 429 - {'message': 'Limit Exceeded'}
,,,,,,058-909-036-658-613,Error code: 429 - {'message': 'Limit Exceeded'}
,,,,,,064-168-355-572-157,Error code: 429 - {'message': 'Limit Exceeded'}
,,,,,,069-357-450-412-041,Error code: 429 - {'message': 'Limit Exceeded'}
,,,,,,078-731-005-543-290,Error code: 429 - {'message': 'Limit Exceeded'}
,,,,,,075-953-317-599-706,Error code: 429 - {'message': 'Limit Exceeded'}
,,,,,,075-903-774-783-378,Error code: 429 - {'message': 'Limit Exceeded'}
,,,,,,079-786-935-444-971,Error code: 429 - {'message': 'Limit Exceeded'}
,,,,,,079-793-252-775-646,Error code: 429 - {'message': 'Limit Exceeded'}
,,,,,,116-203-891-764-166,Error code: 429 - {'message': 'Limit Exceeded'}
,,,,,,116-618-153-321-659,Error code: 429 - {'message': 'Limit Exceeded'}
,,,,,,116-116-806-768-184,Error code: 429 - {'message': 'Limit Exceeded'}
,,,,,,100-043-921-459-381,Error code: 429 - {'message': 'Limit Exceeded'}
,,,,,,075-536-843-307-921,Error code: 429 - {'message': 'Limit Exceeded'}
,,,,,,086-963-939-591-029,Error code: 429 - {'message': 'Limit Exceeded'}
,,,,,,082-256-052-712-151,Error code: 429 - {'message': 'Limit Exceeded'}
,,,,,,084-506-755-222-759,Error code: 429 - {'message': 'Limit Exceeded'}
,,,,,,087-169-343-073-587,Error code: 429 - {'message': 'Limit Exceeded'}
,,,,,,091-171-312-050-697,Error code: 429 - {'message': 'Limit Exceeded'}
,,,,,,091-762-765-703-165,Error code: 429 - {'message': 'Limit Exceeded'}
,,,,,,091-755-010-125-98X,Error code: 429 - {'message': 'Limit Exceeded'}
,,,,,,092-143-416-553-537,Error code: 429 - {'message': 'Limit Exceeded'}
,,,,,,095-931-191-218-08X,Error code: 429 - {'message': 'Limit Exceeded'}
,,,,,,105-364-046-294-337,Error code: 429 - {'message': 'Limit Exceeded'}
,,,,,,114-423-429-406-82X,Error code: 429 - {'message': 'Limit Exceeded'}
,,,,,,110-129-699-156-311,Error code: 429 - {'message': 'Limit Exceeded'}
,,,,,,110-199-022-193-317,Error code: 429 - {'message': 'Limit Exceeded'}
,,,,,,109-490-664-210-965,Error code: 429 - {'message': 'Limit Exceeded'}
,,,,,,111-816-686-599-632,Error code: 429 - {'message': 'Limit Exceeded'}
,,,,,,102-361-842-962-751,Error code: 429 - {'message': 'Limit Exceeded'}
,,,,,,120-380-971-165-376,Error code: 429 - {'message': 'Limit Exceeded'}
,,,,,,129-621-006-232-575,Error code: 429 - {'message': 'Limit Exceeded'}
,,,,,,121-558-014-720-51X,Error code: 429 - {'message': 'Limit Exceeded'}
,,,,,,116-389-367-289-002,Error code: 429 - {'message': 'Limit Exceeded'}
,,,,,,114-995-160-978-748,Error code: 429 - {'message': 'Limit Exceeded'}
,,,,,,133-641-070-545-157,Error code: 429 - {'message': 'Limit Exceeded'}
,,,,,,130-832-122-859-338,Error code: 429 - {'message': 'Limit Exceeded'}
,,,,,,130-830-960-562-999,Error code: 429 - {'message': 'Limit Exceeded'}
,,,,,,129-537-822-176-08X,Error code: 429 - {'message': 'Limit Exceeded'}
,,,,,,151-513-141-512-835,Error code: 429 - {'message': 'Limit Exceeded'}
,,,,,,150-499-603-804-468,Error code: 429 - {'message': 'Limit Exceeded'}
,,,,,,146-914-358-024-070,Error code: 429 - {'message': 'Limit Exceeded'}
,,,,,,145-063-542-478-786,Error code: 429 - {'message': 'Limit Exceeded'}
,,,,,,143-716-583-271-039,Error code: 429 - {'message': 'Limit Exceeded'}
,,,,,,138-892-262-333-288,Error code: 429 - {'message': 'Limit Exceeded'}
,,,,,,154-294-535-556-47X,Error code: 429 - {'message': 'Limit Exceeded'}
,,,,,,158-393-558-626-214,Error code: 429 - {'message': 'Limit Exceeded'}
,,,,,,147-011-394-858-661,Error code: 429 - {'message': 'Limit Exceeded'}
,,,,,,152-426-966-069-752,Error code: 429 - {'message': 'Limit Exceeded'}
,,,,,,157-016-175-753-216,Error code: 429 - {'message': 'Limit Exceeded'}
,,,,,,151-970-464-086-950,Error code: 429 - {'message': 'Limit Exceeded'}
,,,,,,159-395-425-718-006,Error code: 429 - {'message': 'Limit Exceeded'}
,,,,,,164-834-091-667-132,Error code: 429 - {'message': 'Limit Exceeded'}
,,,,,,180-958-627-577-472,Error code: 429 - {'message': 'Limit Exceeded'}
,,,,,,188-251-211-234-355,Error code: 429 - {'message': 'Limit Exceeded'}
,,,,,,187-401-907-564-728,Error code: 429 - {'message': 'Limit Exceeded'}
,,,,,,170-282-014-960-030,Error code: 429 - {'message': 'Limit Exceeded'}
,,,,,,169-276-468-893-518,Error code: 429 - {'message': 'Limit Exceeded'}
,,,,,,164-520-774-315-134,Error code: 429 - {'message': 'Limit Exceeded'}
,,,,,,193-136-124-195-607,Error code: 429 - {'message': 'Limit Exceeded'}
,,,,,,195-830-372-709-518,Error code: 429 - {'message': 'Limit Exceeded'}
,,,,,,193-843-469-987-514,Error code: 429 - {'message': 'Limit Exceeded'}
,,,,,,175-799-937-062-830,Error code: 429 - {'message': 'Limit Exceeded'}
,,,,,,173-388-522-667-302,Error code: 429 - {'message': 'Limit Exceeded'}
,,,,,,168-392-137-936-132,Error code: 429 - {'message': 'Limit Exceeded'}
,,,,,,177-308-951-099-06X,Error code: 429 - {'message': 'Limit Exceeded'}
,,,,,,183-035-626-712-074,Error code: 429 - {'message': 'Limit Exceeded'}
,,,,,,188-685-397-186-993,Error code: 429 - {'message': 'Limit Exceeded'}
,,,,,,113-696-547-943-375,Error code: 429 - {'message': 'Limit Exceeded'}
,,,,,,197-379-659-136-648,Error code: 429 - {'message': 'Limit Exceeded'}
,,,,,,031-179-727-888-15X,Error code: 429 - {'message': 'Limit Exceeded'}
,,,,,,023-823-748-516-456,Error code: 429 - {'message': 'Limit Exceeded'}
,,,,,,010-214-302-260-171,Error code: 429 - {'message': 'Limit Exceeded'}
,,,,,,168-301-595-438-433,Error code: 429 - {'message': 'Limit Exceeded'}
,,,,,,179-274-170-400-390,Error code: 429 - {'message': 'Limit Exceeded'}
,,,,,,002-174-227-201-556,Error code: 429 - {'message': 'Limit Exceeded'}
,,,,,,086-136-705-138-900,Error code: 429 - {'message': 'Limit Exceeded'}
,,,,,,195-900-066-172-733,Error code: 429 - {'message': 'Limit Exceeded'}
,,,,,,160-036-141-399-120,Error code: 429 - {'message': 'Limit Exceeded'}
,,,,,,152-770-456-986-537,Error code: 429 - {'message': 'Limit Exceeded'}
,,,,,,138-269-683-652-223,Error code: 429 - {'message': 'Limit Exceeded'}
,,,,,,053-066-299-458-037,Error code: 429 - {'message': 'Limit Exceeded'}
,,,,,,134-637-799-447-396,Error code: 429 - {'message': 'Limit Exceeded'}
,,,,,,100-876-394-614-306,Error code: 429 - {'message': 'Limit Exceeded'}
,,,,,,004-486-952-643-627,Error code: 429 - {'message': 'Limit Exceeded'}
,,,,,,011-225-776-883-231,Error code: 429 - {'message': 'Limit Exceeded'}
,,,,,,002-834-742-823-510,Error code: 429 - {'message': 'Limit Exceeded'}
,,,,,,001-185-565-792-907,Error code: 429 - {'message': 'Limit Exceeded'}
,,,,,,022-939-359-330-779,Error code: 429 - {'message': 'Limit Exceeded'}
,,,,,,021-152-591-233-775,Error code: 429 - {'message': 'Limit Exceeded'}
,,,,,,018-072-259-748-859,Error code: 429 - {'message': 'Limit Exceeded'}
,,,,,,019-208-154-900-849,Error code: 429 - {'message': 'Limit Exceeded'}
,,,,,,022-533-525-137-65X,Error code: 429 - {'message': 'Limit Exceeded'}
,,,,,,021-774-585-910-692,Error code: 429 - {'message': 'Limit Exceeded'}
,,,,,,025-137-478-758-641,Error code: 429 - {'message': 'Limit Exceeded'}
,,,,,,031-328-299-217-670,Error code: 429 - {'message': 'Limit Exceeded'}
,,,,,,036-118-368-354-000,Error code: 429 - {'message': 'Limit Exceeded'}
,,,,,,035-011-565-205-358,Error code: 429 - {'message': 'Limit Exceeded'}
,,,,,,036-581-251-083-299,Error code: 429 - {'message': 'Limit Exceeded'}
,,,,,,046-883-264-118-266,Error code: 429 - {'message': 'Limit Exceeded'}
,,,,,,055-909-608-141-857,Error code: 429 - {'message': 'Limit Exceeded'}
,,,,,,048-069-851-207-761,Error code: 429 - {'message': 'Limit Exceeded'}
,,,,,,040-118-620-150-283,Error code: 429 - {'message': 'Limit Exceeded'}
,,,,,,047-933-854-916-259,Error code: 429 - {'message': 'Limit Exceeded'}
,,,,,,040-901-542-314-127,Error code: 429 - {'message': 'Limit Exceeded'}
,,,,,,057-170-767-962-679,Error code: 429 - {'message': 'Limit Exceeded'}
,,,,,,082-061-811-522-94X,Error code: 429 - {'message': 'Limit Exceeded'}
,,,,,,062-803-669-766-103,Error code: 429 - {'message': 'Limit Exceeded'}
,,,,,,053-985-874-569-719,Error code: 429 - {'message': 'Limit Exceeded'}
,,,,,,062-601-109-094-77X,Error code: 429 - {'message': 'Limit Exceeded'}
,,,,,,058-657-477-719-591,Error code: 429 - {'message': 'Limit Exceeded'}
,,,,,,068-442-815-125-900,Error code: 429 - {'message': 'Limit Exceeded'}
,,,,,,067-136-007-095-81X,Error code: 429 - {'message': 'Limit Exceeded'}
,,,,,,075-047-140-468-57X,Error code: 429 - {'message': 'Limit Exceeded'}
,,,,,,068-993-390-628-756,Error code: 429 - {'message': 'Limit Exceeded'}
,,,,,,076-255-904-970-598,Error code: 429 - {'message': 'Limit Exceeded'}
,,,,,,076-451-797-465-083,Error code: 429 - {'message': 'Limit Exceeded'}
,,,,,,072-633-930-630-095,Error code: 429 - {'message': 'Limit Exceeded'}
,,,,,,072-512-616-346-618,Error code: 429 - {'message': 'Limit Exceeded'}
,,,,,,079-331-652-614-431,Error code: 429 - {'message': 'Limit Exceeded'}
,,,,,,076-998-018-196-97X,Error code: 429 - {'message': 'Limit Exceeded'}
,,,,,,078-356-006-344-451,Error code: 429 - {'message': 'Limit Exceeded'}
,,,,,,079-702-529-408-19X,Error code: 429 - {'message': 'Limit Exceeded'}
,,,,,,093-206-472-628-945,Error code: 429 - {'message': 'Limit Exceeded'}
,,,,,,094-472-079-185-947,Error code: 429 - {'message': 'Limit Exceeded'}
,,,,,,093-590-538-418-238,Error code: 429 - {'message': 'Limit Exceeded'}
,,,,,,089-795-807-175-241,Error code: 429 - {'message': 'Limit Exceeded'}
,,,,,,098-714-707-027-937,Error code: 429 - {'message': 'Limit Exceeded'}
,,,,,,097-125-793-743-929,Error code: 429 - {'message': 'Limit Exceeded'}
,,,,,,100-516-873-280-80X,Error code: 429 - {'message': 'Limit Exceeded'}
,,,,,,100-820-477-585-202,Error code: 429 - {'message': 'Limit Exceeded'}
,,,,,,106-886-654-548-227,Error code: 429 - {'message': 'Limit Exceeded'}
,,,,,,105-183-306-665-083,Error code: 429 - {'message': 'Limit Exceeded'}
,,,,,,109-774-631-403-941,Error code: 429 - {'message': 'Limit Exceeded'}
,,,,,,104-452-319-237-690,Error code: 429 - {'message': 'Limit Exceeded'}
,,,,,,102-796-153-822-430,Error code: 429 - {'message': 'Limit Exceeded'}
,,,,,,115-053-512-299-720,Error code: 429 - {'message': 'Limit Exceeded'}
,,,,,,118-221-328-899-792,Error code: 429 - {'message': 'Limit Exceeded'}
,,,,,,115-832-458-305-802,Error code: 429 - {'message': 'Limit Exceeded'}
,,,,,,114-092-398-437-995,Error code: 429 - {'message': 'Limit Exceeded'}
,,,,,,119-555-429-760-243,Error code: 429 - {'message': 'Limit Exceeded'}
,,,,,,134-854-607-750-421,Error code: 429 - {'message': 'Limit Exceeded'}
,,,,,,135-862-565-495-739,Error code: 429 - {'message': 'Limit Exceeded'}
,,,,,,132-773-870-693-439,Error code: 429 - {'message': 'Limit Exceeded'}
,,,,,,137-828-161-626-839,Error code: 429 - {'message': 'Limit Exceeded'}
,,,,,,129-830-797-958-284,Error code: 429 - {'message': 'Limit Exceeded'}
,,,,,,130-176-279-572-463,Error code: 429 - {'message': 'Limit Exceeded'}
,,,,,,130-506-526-764-542,Error code: 429 - {'message': 'Limit Exceeded'}
,,,,,,134-925-094-221-916,Error code: 429 - {'message': 'Limit Exceeded'}
,,,,,,131-232-049-751-677,Error code: 429 - {'message': 'Limit Exceeded'}
,,,,,,132-997-249-361-711,Error code: 429 - {'message': 'Limit Exceeded'}
,,,,,,122-525-038-165-296,Error code: 429 - {'message': 'Limit Exceeded'}
,,,,,,137-340-950-812-694,Error code: 429 - {'message': 'Limit Exceeded'}
,,,,,,138-591-445-380-547,Error code: 429 - {'message': 'Limit Exceeded'}
,,,,,,137-137-267-749-236,Error code: 429 - {'message': 'Limit Exceeded'}
,,,,,,147-299-721-225-980,Error code: 429 - {'message': 'Limit Exceeded'}
,,,,,,147-500-612-714-541,Error code: 429 - {'message': 'Limit Exceeded'}
,,,,,,141-788-549-905-317,Error code: 429 - {'message': 'Limit Exceeded'}
,,,,,,145-762-602-551-010,Error code: 429 - {'message': 'Limit Exceeded'}
,,,,,,151-737-751-807-975,Error code: 429 - {'message': 'Limit Exceeded'}
,,,,,,148-592-025-870-547,Error code: 429 - {'message': 'Limit Exceeded'}
,,,,,,169-421-639-922-159,Error code: 429 - {'message': 'Limit Exceeded'}
,,,,,,165-598-712-206-473,Error code: 429 - {'message': 'Limit Exceeded'}
,,,,,,171-026-605-189-800,Error code: 429 - {'message': 'Limit Exceeded'}
,,,,,,161-050-944-577-928,Error code: 429 - {'message': 'Limit Exceeded'}
,,,,,,182-834-346-728-711,Error code: 429 - {'message': 'Limit Exceeded'}
,,,,,,181-679-206-926-085,Error code: 429 - {'message': 'Limit Exceeded'}
,,,,,,177-443-600-519-992,Error code: 429 - {'message': 'Limit Exceeded'}
,,,,,,177-241-361-789-366,Error code: 429 - {'message': 'Limit Exceeded'}
,,,,,,180-237-658-882-955,Error code: 429 - {'message': 'Limit Exceeded'}
,,,,,,172-460-228-371-372,Error code: 429 - {'message': 'Limit Exceeded'}
,,,,,,169-119-971-876-126,Error code: 429 - {'message': 'Limit Exceeded'}
,,,,,,182-018-799-053-643,Error code: 429 - {'message': 'Limit Exceeded'}
,,,,,,187-856-240-555-25X,Error code: 429 - {'message': 'Limit Exceeded'}
,,,,,,186-468-829-330-917,Error code: 429 - {'message': 'Limit Exceeded'}
,,,,,,193-420-291-409-64X,Error code: 429 - {'message': 'Limit Exceeded'}
,,,,,,187-396-433-866-252,Error code: 429 - {'message': 'Limit Exceeded'}
,,,,,,185-708-106-112-215,Error code: 429 - {'message': 'Limit Exceeded'}
,,,,,,188-922-565-494-407,Error code: 429 - {'message': 'Limit Exceeded'}
,,,,,,196-838-900-081-553,Error code: 429 - {'message': 'Limit Exceeded'}
,,,,,,194-932-685-956-588,Error code: 429 - {'message': 'Limit Exceeded'}
,,,,,,193-154-903-199-622,Error code: 429 - {'message': 'Limit Exceeded'}
,,,,,,050-577-299-395-027,Error code: 429 - {'message': 'Limit Exceeded'}
,,,,,,007-559-280-201-183,Error code: 429 - {'message': 'Limit Exceeded'}
,,,,,,130-470-195-734-266,Error code: 429 - {'message': 'Limit Exceeded'}
,,,,,,047-106-065-723-420,Error code: 429 - {'message': 'Limit Exceeded'}
,,,,,,072-174-337-144-598,Error code: 429 - {'message': 'Limit Exceeded'}
,,,,,,145-757-231-215-15X,Error code: 429 - {'message': 'Limit Exceeded'}
,,,,,,059-611-824-925-537,Error code: 429 - {'message': 'Limit Exceeded'}
,,,,,,054-130-551-844-803,Error code: 429 - {'message': 'Limit Exceeded'}
,,,,,,008-919-721-999-489,Error code: 429 - {'message': 'Limit Exceeded'}
,,,,,,082-090-705-343-772,Error code: 429 - {'message': 'Limit Exceeded'}
,,,,,,034-209-172-469-210,Error code: 429 - {'message': 'Limit Exceeded'}
,,,,,,044-973-333-628-996,Error code: 429 - {'message': 'Limit Exceeded'}
,,,,,,126-970-128-775-646,Error code: 429 - {'message': 'Limit Exceeded'}
,,,,,,193-554-648-977-898,Error code: 429 - {'message': 'Limit Exceeded'}
,,,,,,199-366-511-138-292,Error code: 429 - {'message': 'Limit Exceeded'}
,,,,,,008-187-340-661-571,Error code: 429 - {'message': 'Limit Exceeded'}
,,,,,,146-168-222-466-724,Error code: 429 - {'message': 'Limit Exceeded'}
,,,,,,196-962-670-036-746,Error code: 429 - {'message': 'Limit Exceeded'}
,,,,,,093-773-325-422-876,Error code: 429 - {'message': 'Limit Exceeded'}
,,,,,,076-011-319-154-134,Error code: 429 - {'message': 'Limit Exceeded'}
,,,,,,068-014-891-791-621,Error code: 429 - {'message': 'Limit Exceeded'}
,,,,,,074-650-653-619-636,Error code: 429 - {'message': 'Limit Exceeded'}
,,,,,,004-128-372-550-256,Error code: 429 - {'message': 'Limit Exceeded'}
,,,,,,004-248-465-944-787,Error code: 429 - {'message': 'Limit Exceeded'}
,,,,,,003-454-785-944-103,Error code: 429 - {'message': 'Limit Exceeded'}
,,,,,,007-875-447-103-193,Error code: 429 - {'message': 'Limit Exceeded'}
,,,,,,005-222-526-853-223,Error code: 429 - {'message': 'Limit Exceeded'}
,,,,,,013-716-093-661-09X,Error code: 429 - {'message': 'Limit Exceeded'}
,,,,,,019-206-206-241-138,Error code: 429 - {'message': 'Limit Exceeded'}
,,,,,,009-687-303-631-928,Error code: 429 - {'message': 'Limit Exceeded'}
,,,,,,022-873-617-525-132,Error code: 429 - {'message': 'Limit Exceeded'}
,,,,,,018-880-642-189-768,Error code: 429 - {'message': 'Limit Exceeded'}
,,,,,,026-681-270-787-908,Error code: 429 - {'message': 'Limit Exceeded'}
,,,,,,027-479-703-653-962,Error code: 429 - {'message': 'Limit Exceeded'}
,,,,,,018-532-190-457-977,Error code: 429 - {'message': 'Limit Exceeded'}
,,,,,,034-266-182-791-239,Error code: 429 - {'message': 'Limit Exceeded'}
,,,,,,036-771-262-213-199,Error code: 429 - {'message': 'Limit Exceeded'}
,,,,,,043-326-097-138-233,Error code: 429 - {'message': 'Limit Exceeded'}
,,,,,,039-393-073-329-655,Error code: 429 - {'message': 'Limit Exceeded'}
,,,,,,032-186-476-929-499,Error code: 429 - {'message': 'Limit Exceeded'}
,,,,,,034-995-278-038-233,Error code: 429 - {'message': 'Limit Exceeded'}
,,,,,,060-462-010-132-158,Error code: 429 - {'message': 'Limit Exceeded'}
,,,,,,045-770-440-235-406,Error code: 429 - {'message': 'Limit Exceeded'}
,,,,,,063-490-212-072-47X,Error code: 429 - {'message': 'Limit Exceeded'}
,,,,,,056-796-622-203-880,Error code: 429 - {'message': 'Limit Exceeded'}
,,,,,,061-385-260-587-024,Error code: 429 - {'message': 'Limit Exceeded'}
,,,,,,067-660-736-759-955,Error code: 429 - {'message': 'Limit Exceeded'}
,,,,,,070-511-529-653-698,Error code: 429 - {'message': 'Limit Exceeded'}
,,,,,,066-622-754-014-515,Error code: 429 - {'message': 'Limit Exceeded'}
,,,,,,069-228-191-918-396,Error code: 429 - {'message': 'Limit Exceeded'}
,,,,,,067-312-293-811-417,Error code: 429 - {'message': 'Limit Exceeded'}
,,,,,,079-454-696-030-702,Error code: 429 - {'message': 'Limit Exceeded'}
,,,,,,111-057-970-527-172,Error code: 429 - {'message': 'Limit Exceeded'}
,,,,,,101-791-156-617-88X,Error code: 429 - {'message': 'Limit Exceeded'}
,,,,,,087-333-325-440-154,Error code: 429 - {'message': 'Limit Exceeded'}
,,,,,,081-936-000-478-992,Error code: 429 - {'message': 'Limit Exceeded'}
,,,,,,082-900-633-820-93X,Error code: 429 - {'message': 'Limit Exceeded'}
,,,,,,080-056-074-216-918,Error code: 429 - {'message': 'Limit Exceeded'}
,,,,,,102-249-358-278-384,Error code: 429 - {'message': 'Limit Exceeded'}
,,,,,,097-277-909-151-89X,Error code: 429 - {'message': 'Limit Exceeded'}
,,,,,,099-056-192-442-019,Error code: 429 - {'message': 'Limit Exceeded'}
,,,,,,087-589-297-730-734,Error code: 429 - {'message': 'Limit Exceeded'}
,,,,,,081-973-829-102-818,Error code: 429 - {'message': 'Limit Exceeded'}
,,,,,,090-305-988-963-60X,Error code: 429 - {'message': 'Limit Exceeded'}
,,,,,,088-194-898-651-628,Error code: 429 - {'message': 'Limit Exceeded'}
,,,,,,093-122-002-027-397,Error code: 429 - {'message': 'Limit Exceeded'}
,,,,,,090-130-682-210-582,Error code: 429 - {'message': 'Limit Exceeded'}
,,,,,,115-603-035-468-440,Error code: 429 - {'message': 'Limit Exceeded'}
,,,,,,106-589-420-489-171,Error code: 429 - {'message': 'Limit Exceeded'}
,,,,,,120-636-842-163-282,Error code: 429 - {'message': 'Limit Exceeded'}
,,,,,,135-000-126-973-920,Error code: 429 - {'message': 'Limit Exceeded'}
,,,,,,133-425-433-789-112,Error code: 429 - {'message': 'Limit Exceeded'}
,,,,,,116-012-527-097-510,Error code: 429 - {'message': 'Limit Exceeded'}
,,,,,,113-836-749-519-179,Error code: 429 - {'message': 'Limit Exceeded'}
,,,,,,115-744-704-805-459,Error code: 429 - {'message': 'Limit Exceeded'}
,,,,,,119-941-433-998-153,Error code: 429 - {'message': 'Limit Exceeded'}
,,,,,,119-942-670-922-368,Error code: 429 - {'message': 'Limit Exceeded'}
,,,,,,113-945-893-134-356,Error code: 429 - {'message': 'Limit Exceeded'}
,,,,,,139-441-272-645-81X,Error code: 429 - {'message': 'Limit Exceeded'}
,,,,,,124-324-584-747-818,Error code: 429 - {'message': 'Limit Exceeded'}
,,,,,,124-879-520-033-663,Error code: 429 - {'message': 'Limit Exceeded'}
,,,,,,124-484-491-802-083,Error code: 429 - {'message': 'Limit Exceeded'}
,,,,,,127-993-738-879-715,Error code: 429 - {'message': 'Limit Exceeded'}
,,,,,,128-452-755-613-227,Error code: 429 - {'message': 'Limit Exceeded'}
,,,,,,153-055-724-030-560,Error code: 429 - {'message': 'Limit Exceeded'}
,,,,,,159-235-433-743-102,Error code: 429 - {'message': 'Limit Exceeded'}
,,,,,,140-685-238-160-671,Error code: 429 - {'message': 'Limit Exceeded'}
,,,,,,147-181-312-986-662,Error code: 429 - {'message': 'Limit Exceeded'}
,,,,,,144-329-367-782-252,Error code: 429 - {'message': 'Limit Exceeded'}
,,,,,,147-711-428-139-655,Error code: 429 - {'message': 'Limit Exceeded'}
,,,,,,144-495-213-121-201,Error code: 429 - {'message': 'Limit Exceeded'}
,,,,,,148-274-118-467-761,Error code: 429 - {'message': 'Limit Exceeded'}
,,,,,,144-809-522-246-613,Error code: 429 - {'message': 'Limit Exceeded'}
,,,,,,142-199-303-835-401,Error code: 429 - {'message': 'Limit Exceeded'}
,,,,,,156-935-598-524-344,Error code: 429 - {'message': 'Limit Exceeded'}
,,,,,,159-976-962-916-206,Error code: 429 - {'message': 'Limit Exceeded'}
,,,,,,155-477-250-936-91X,Error code: 429 - {'message': 'Limit Exceeded'}
,,,,,,156-894-709-002-605,Error code: 429 - {'message': 'Limit Exceeded'}
,,,,,,166-862-644-900-274,Error code: 429 - {'message': 'Limit Exceeded'}
,,,,,,174-400-578-989-584,Error code: 429 - {'message': 'Limit Exceeded'}
,,,,,,160-739-081-513-147,Error code: 429 - {'message': 'Limit Exceeded'}
,,,,,,175-846-828-054-910,Error code: 429 - {'message': 'Limit Exceeded'}
,,,,,,165-760-139-206-00X,Error code: 429 - {'message': 'Limit Exceeded'}
,,,,,,192-435-906-827-342,Error code: 429 - {'message': 'Limit Exceeded'}
,,,,,,181-127-457-672-002,Error code: 429 - {'message': 'Limit Exceeded'}
,,,,,,178-693-505-673-156,Error code: 429 - {'message': 'Limit Exceeded'}
,,,,,,179-150-683-493-735,Error code: 429 - {'message': 'Limit Exceeded'}
,,,,,,195-978-658-943-685,Error code: 429 - {'message': 'Limit Exceeded'}
,,,,,,118-557-772-967-519,Error code: 429 - {'message': 'Limit Exceeded'}
,,,,,,183-759-946-891-79X,Error code: 429 - {'message': 'Limit Exceeded'}
,,,,,,080-366-808-930-437,Error code: 429 - {'message': 'Limit Exceeded'}
,,,,,,193-782-181-610-527,Error code: 429 - {'message': 'Limit Exceeded'}
,,,,,,192-825-971-960-047,Error code: 429 - {'message': 'Limit Exceeded'}
,,,,,,198-177-277-477-51X,Error code: 429 - {'message': 'Limit Exceeded'}
,,,,,,063-379-207-128-648,Error code: 429 - {'message': 'Limit Exceeded'}
,,,,,,044-433-530-205-637,Error code: 429 - {'message': 'Limit Exceeded'}
,,,,,,196-607-933-078-723,Error code: 429 - {'message': 'Limit Exceeded'}
,,,,,,096-369-599-585-423,Error code: 429 - {'message': 'Limit Exceeded'}
,,,,,,170-208-982-071-964,Error code: 429 - {'message': 'Limit Exceeded'}
,,,,,,025-828-510-410-462,Error code: 429 - {'message': 'Limit Exceeded'}
,,,,,,160-132-470-382-717,Error code: 429 - {'message': 'Limit Exceeded'}
,,,,,,184-268-262-020-010,Error code: 429 - {'message': 'Limit Exceeded'}
,,,,,,126-700-848-517-741,Error code: 429 - {'message': 'Limit Exceeded'}
,,,,,,112-671-786-998-886,Error code: 429 - {'message': 'Limit Exceeded'}
,,,,,,007-217-741-704-542,Error code: 429 - {'message': 'Limit Exceeded'}
,,,,,,003-323-493-197-29X,Error code: 429 - {'message': 'Limit Exceeded'}
,,,,,,004-130-028-158-864,Error code: 429 - {'message': 'Limit Exceeded'}
,,,,,,000-720-199-850-470,Error code: 429 - {'message': 'Limit Exceeded'}
,,,,,,013-775-054-692-846,Error code: 429 - {'message': 'Limit Exceeded'}
,,,,,,013-864-024-679-039,Error code: 429 - {'message': 'Limit Exceeded'}
,,,,,,005-559-159-918-139,Error code: 429 - {'message': 'Limit Exceeded'}
,,,,,,014-200-156-458-865,Error code: 429 - {'message': 'Limit Exceeded'}
,,,,,,019-471-134-708-620,Error code: 429 - {'message': 'Limit Exceeded'}
,,,,,,022-441-904-427-675,Error code: 429 - {'message': 'Limit Exceeded'}
,,,,,,016-061-881-721-035,Error code: 429 - {'message': 'Limit Exceeded'}
,,,,,,023-890-703-149-074,Error code: 429 - {'message': 'Limit Exceeded'}
,,,,,,028-845-288-755-497,Error code: 429 - {'message': 'Limit Exceeded'}
,,,,,,031-859-405-880-568,Error code: 429 - {'message': 'Limit Exceeded'}
,,,,,,028-094-723-753-716,Error code: 429 - {'message': 'Limit Exceeded'}
,,,,,,035-590-330-654-086,Error code: 429 - {'message': 'Limit Exceeded'}
,,,,,,046-670-366-991-489,Error code: 429 - {'message': 'Limit Exceeded'}
,,,,,,044-861-964-215-833,Error code: 429 - {'message': 'Limit Exceeded'}
,,,,,,032-946-471-612-141,Error code: 429 - {'message': 'Limit Exceeded'}
,,,,,,036-813-199-813-003,Error code: 429 - {'message': 'Limit Exceeded'}
,,,,,,035-665-135-481-224,Error code: 429 - {'message': 'Limit Exceeded'}
,,,,,,034-010-124-330-70X,Error code: 429 - {'message': 'Limit Exceeded'}
,,,,,,045-559-435-840-886,Error code: 429 - {'message': 'Limit Exceeded'}
,,,,,,046-573-940-249-277,Error code: 429 - {'message': 'Limit Exceeded'}
,,,,,,044-569-367-086-422,Error code: 429 - {'message': 'Limit Exceeded'}
,,,,,,055-730-148-259-837,Error code: 429 - {'message': 'Limit Exceeded'}
,,,,,,051-874-984-770-216,Error code: 429 - {'message': 'Limit Exceeded'}
,,,,,,061-324-871-243-686,Error code: 429 - {'message': 'Limit Exceeded'}
,,,,,,057-463-374-416-123,Error code: 429 - {'message': 'Limit Exceeded'}
,,,,,,058-283-876-082-221,Error code: 429 - {'message': 'Limit Exceeded'}
,,,,,,069-284-091-581-569,Error code: 429 - {'message': 'Limit Exceeded'}
,,,,,,071-569-177-204-968,Error code: 429 - {'message': 'Limit Exceeded'}
,,,,,,071-701-409-895-864,Error code: 429 - {'message': 'Limit Exceeded'}
,,,,,,073-384-821-544-237,Error code: 429 - {'message': 'Limit Exceeded'}
,,,,,,082-112-987-018-146,Error code: 429 - {'message': 'Limit Exceeded'}
,,,,,,082-648-059-491-868,Error code: 429 - {'message': 'Limit Exceeded'}
,,,,,,085-261-746-506-833,Error code: 429 - {'message': 'Limit Exceeded'}
,,,,,,080-148-878-429-757,Error code: 429 - {'message': 'Limit Exceeded'}
,,,,,,090-647-708-597-335,Error code: 429 - {'message': 'Limit Exceeded'}
,,,,,,094-662-896-545-225,Error code: 429 - {'message': 'Limit Exceeded'}
,,,,,,102-983-608-372-522,Error code: 429 - {'message': 'Limit Exceeded'}
,,,,,,109-026-741-563-803,Error code: 429 - {'message': 'Limit Exceeded'}
,,,,,,115-683-703-466-428,Error code: 429 - {'message': 'Limit Exceeded'}
,,,,,,114-483-489-634-706,Error code: 429 - {'message': 'Limit Exceeded'}
,,,,,,115-212-764-667-556,Error code: 429 - {'message': 'Limit Exceeded'}
,,,,,,109-882-974-125-929,Error code: 429 - {'message': 'Limit Exceeded'}
,,,,,,113-830-920-949-746,Error code: 429 - {'message': 'Limit Exceeded'}
,,,,,,112-631-857-955-925,Error code: 429 - {'message': 'Limit Exceeded'}
,,,,,,125-987-895-363-559,Error code: 429 - {'message': 'Limit Exceeded'}
,,,,,,122-575-840-464-715,Error code: 429 - {'message': 'Limit Exceeded'}
,,,,,,132-129-082-486-474,Error code: 429 - {'message': 'Limit Exceeded'}
,,,,,,131-129-188-614-570,Error code: 429 - {'message': 'Limit Exceeded'}
,,,,,,137-583-407-228-556,Error code: 429 - {'message': 'Limit Exceeded'}
,,,,,,137-136-471-080-344,Error code: 429 - {'message': 'Limit Exceeded'}
,,,,,,128-398-557-791-431,Error code: 429 - {'message': 'Limit Exceeded'}
,,,,,,131-986-939-025-416,Error code: 429 - {'message': 'Limit Exceeded'}
,,,,,,139-223-346-986-735,Error code: 429 - {'message': 'Limit Exceeded'}
,,,,,,153-190-687-917-542,Error code: 429 - {'message': 'Limit Exceeded'}
,,,,,,150-869-387-153-159,Error code: 429 - {'message': 'Limit Exceeded'}
,,,,,,146-721-071-313-050,Error code: 429 - {'message': 'Limit Exceeded'}
,,,,,,151-397-473-020-057,Error code: 429 - {'message': 'Limit Exceeded'}
,,,,,,167-358-830-786-931,Error code: 429 - {'message': 'Limit Exceeded'}
,,,,,,168-662-294-678-621,Error code: 429 - {'message': 'Limit Exceeded'}
,,,,,,170-798-004-496-155,Error code: 429 - {'message': 'Limit Exceeded'}
,,,,,,166-590-753-318-658,Error code: 429 - {'message': 'Limit Exceeded'}
,,,,,,168-384-598-195-437,Error code: 429 - {'message': 'Limit Exceeded'}
,,,,,,173-512-077-247-451,Error code: 429 - {'message': 'Limit Exceeded'}
,,,,,,189-465-126-916-263,Error code: 429 - {'message': 'Limit Exceeded'}
,,,,,,177-852-430-535-160,Error code: 429 - {'message': 'Limit Exceeded'}
,,,,,,160-937-286-985-970,Error code: 429 - {'message': 'Limit Exceeded'}
,,,,,,166-155-170-617-086,Error code: 429 - {'message': 'Limit Exceeded'}
,,,,,,182-190-091-476-67X,Error code: 429 - {'message': 'Limit Exceeded'}
,,,,,,159-438-124-919-899,Error code: 429 - {'message': 'Limit Exceeded'}
,,,,,,117-107-074-730-181,Error code: 429 - {'message': 'Limit Exceeded'}
,,,,,,154-094-499-244-287,Error code: 429 - {'message': 'Limit Exceeded'}
,,,,,,184-623-631-522-256,Error code: 429 - {'message': 'Limit Exceeded'}
,,,,,,058-165-013-366-539,Error code: 429 - {'message': 'Limit Exceeded'}
,,,,,,172-535-464-602-703,Error code: 429 - {'message': 'Limit Exceeded'}
,,,,,,184-284-810-129-106,Error code: 429 - {'message': 'Limit Exceeded'}
,,,,,,193-986-797-904-755,Error code: 429 - {'message': 'Limit Exceeded'}
,,,,,,185-457-844-143-140,Error code: 429 - {'message': 'Limit Exceeded'}
,,,,,,011-534-385-533-874,Error code: 429 - {'message': 'Limit Exceeded'}
,,,,,,009-990-924-096-018,Error code: 429 - {'message': 'Limit Exceeded'}
,,,,,,076-692-777-342-104,Error code: 429 - {'message': 'Limit Exceeded'}
,,,,,,028-275-425-725-613,Error code: 429 - {'message': 'Limit Exceeded'}
,,,,,,003-490-599-151-220,Error code: 429 - {'message': 'Limit Exceeded'}
,,,,,,011-678-859-079-152,Error code: 429 - {'message': 'Limit Exceeded'}
,,,,,,001-972-182-117-288,Error code: 429 - {'message': 'Limit Exceeded'}
,,,,,,008-102-664-136-057,Error code: 429 - {'message': 'Limit Exceeded'}
,,,,,,018-178-724-997-005,Error code: 429 - {'message': 'Limit Exceeded'}
,,,,,,048-516-822-952-166,Error code: 429 - {'message': 'Limit Exceeded'}
,,,,,,048-464-358-653-370,Error code: 429 - {'message': 'Limit Exceeded'}
,,,,,,030-084-387-316-682,Error code: 429 - {'message': 'Limit Exceeded'}
,,,,,,025-705-620-703-75X,Error code: 429 - {'message': 'Limit Exceeded'}
,,,,,,039-485-587-023-627,Error code: 429 - {'message': 'Limit Exceeded'}
,,,,,,034-693-274-699-794,Error code: 429 - {'message': 'Limit Exceeded'}
,,,,,,073-291-977-215-840,Error code: 429 - {'message': 'Limit Exceeded'}
,,,,,,076-831-390-138-683,Error code: 429 - {'message': 'Limit Exceeded'}
,,,,,,033-970-266-886-393,Error code: 429 - {'message': 'Limit Exceeded'}
,,,,,,040-120-587-758-571,Error code: 429 - {'message': 'Limit Exceeded'}
,,,,,,057-906-705-479-349,Error code: 429 - {'message': 'Limit Exceeded'}
,,,,,,070-851-252-103-570,Error code: 429 - {'message': 'Limit Exceeded'}
,,,,,,065-568-707-167-489,Error code: 429 - {'message': 'Limit Exceeded'}
,,,,,,073-304-523-899-002,Error code: 429 - {'message': 'Limit Exceeded'}
,,,,,,074-311-640-161-260,Error code: 429 - {'message': 'Limit Exceeded'}
,,,,,,093-855-521-135-89X,Error code: 429 - {'message': 'Limit Exceeded'}
,,,,,,100-705-037-482-652,Error code: 429 - {'message': 'Limit Exceeded'}
,,,,,,101-305-143-656-912,Error code: 429 - {'message': 'Limit Exceeded'}
,,,,,,102-823-161-611-052,Error code: 429 - {'message': 'Limit Exceeded'}
,,,,,,115-794-830-285-410,Error code: 429 - {'message': 'Limit Exceeded'}
,,,,,,107-861-535-741-409,Error code: 429 - {'message': 'Limit Exceeded'}
,,,,,,105-324-063-365-25X,Error code: 429 - {'message': 'Limit Exceeded'}
,,,,,,106-092-675-613-900,Error code: 429 - {'message': 'Limit Exceeded'}
,,,,,,098-261-724-339-896,Error code: 429 - {'message': 'Limit Exceeded'}
,,,,,,136-343-202-979-031,Error code: 429 - {'message': 'Limit Exceeded'}
,,,,,,141-435-731-139-66X,Error code: 429 - {'message': 'Limit Exceeded'}
,,,,,,140-966-665-079-342,Error code: 429 - {'message': 'Limit Exceeded'}
,,,,,,148-822-854-954-108,Error code: 429 - {'message': 'Limit Exceeded'}
,,,,,,141-356-527-930-088,Error code: 429 - {'message': 'Limit Exceeded'}
,,,,,,167-816-964-659-781,Error code: 429 - {'message': 'Limit Exceeded'}
,,,,,,164-432-355-010-694,Error code: 429 - {'message': 'Limit Exceeded'}
,,,,,,148-695-744-708-863,Error code: 429 - {'message': 'Limit Exceeded'}
,,,,,,148-377-655-679-550,Error code: 429 - {'message': 'Limit Exceeded'}
,,,,,,161-222-345-938-38X,Error code: 429 - {'message': 'Limit Exceeded'}
,,,,,,171-894-177-584-547,Error code: 429 - {'message': 'Limit Exceeded'}
,,,,,,182-690-895-735-236,Error code: 429 - {'message': 'Limit Exceeded'}
,,,,,,016-989-375-012-832,Error code: 429 - {'message': 'Limit Exceeded'}
,,,,,,163-429-256-517-015,Error code: 429 - {'message': 'Limit Exceeded'}
,,,,,,135-598-405-116-613,Error code: 429 - {'message': 'Limit Exceeded'}
,,,,,,072-285-985-249-357,Error code: 429 - {'message': 'Limit Exceeded'}
,,,,,,095-320-438-454-373,Error code: 429 - {'message': 'Limit Exceeded'}
,,,,,,007-433-368-103-736,Error code: 429 - {'message': 'Limit Exceeded'}
,,,,,,004-623-520-427-507,Error code: 429 - {'message': 'Limit Exceeded'}
,,,,,,001-872-618-841-835,Error code: 429 - {'message': 'Limit Exceeded'}
,,,,,,000-462-816-901-589,Error code: 429 - {'message': 'Limit Exceeded'}
,,,,,,005-621-735-479-096,Error code: 429 - {'message': 'Limit Exceeded'}
,,,,,,009-689-940-168-656,Error code: 429 - {'message': 'Limit Exceeded'}
,,,,,,010-633-180-243-651,Error code: 429 - {'message': 'Limit Exceeded'}
,,,,,,010-184-166-183-233,Error code: 429 - {'message': 'Limit Exceeded'}
,,,,,,016-835-207-599-345,Error code: 429 - {'message': 'Limit Exceeded'}
,,,,,,019-930-298-834-885,Error code: 429 - {'message': 'Limit Exceeded'}
,,,,,,019-993-352-924-821,Error code: 429 - {'message': 'Limit Exceeded'}
,,,,,,018-147-241-764-395,Error code: 429 - {'message': 'Limit Exceeded'}
,,,,,,031-737-064-012-635,Error code: 429 - {'message': 'Limit Exceeded'}
,,,,,,026-916-653-640-683,Error code: 429 - {'message': 'Limit Exceeded'}
,,,,,,045-811-469-840-894,Error code: 429 - {'message': 'Limit Exceeded'}
,,,,,,046-007-385-603-073,Error code: 429 - {'message': 'Limit Exceeded'}
,,,,,,037-735-008-851-142,Error code: 429 - {'message': 'Limit Exceeded'}
,,,,,,034-424-644-064-636,Error code: 429 - {'message': 'Limit Exceeded'}
,,,,,,034-828-878-401-165,Error code: 429 - {'message': 'Limit Exceeded'}
,,,,,,037-793-979-077-984,Error code: 429 - {'message': 'Limit Exceeded'}
,,,,,,046-762-712-592-105,Error code: 429 - {'message': 'Limit Exceeded'}
,,,,,,042-120-444-364-594,Error code: 429 - {'message': 'Limit Exceeded'}
,,,,,,053-008-538-157-026,Error code: 429 - {'message': 'Limit Exceeded'}
,,,,,,053-601-570-514-537,Error code: 429 - {'message': 'Limit Exceeded'}
,,,,,,067-424-230-389-614,Error code: 429 - {'message': 'Limit Exceeded'}
,,,,,,059-191-861-131-56X,Error code: 429 - {'message': 'Limit Exceeded'}
,,,,,,060-729-974-248-550,Error code: 429 - {'message': 'Limit Exceeded'}
,,,,,,063-199-333-948-358,Error code: 429 - {'message': 'Limit Exceeded'}
,,,,,,068-675-874-963-207,Error code: 429 - {'message': 'Limit Exceeded'}
,,,,,,072-247-692-226-840,Error code: 429 - {'message': 'Limit Exceeded'}
,,,,,,053-552-740-929-041,Error code: 429 - {'message': 'Limit Exceeded'}
,,,,,,066-858-280-981-87X,Error code: 429 - {'message': 'Limit Exceeded'}
,,,,,,059-656-006-421-74X,Error code: 429 - {'message': 'Limit Exceeded'}
,,,,,,094-618-415-302-479,Error code: 429 - {'message': 'Limit Exceeded'}
,,,,,,091-454-449-659-743,Error code: 429 - {'message': 'Limit Exceeded'}
,,,,,,085-913-167-635-295,Error code: 429 - {'message': 'Limit Exceeded'}
,,,,,,073-386-170-773-667,Error code: 429 - {'message': 'Limit Exceeded'}
,,,,,,077-975-140-687-54X,Error code: 429 - {'message': 'Limit Exceeded'}
,,,,,,093-235-485-843-735,Error code: 429 - {'message': 'Limit Exceeded'}
,,,,,,119-656-923-273-734,Error code: 429 - {'message': 'Limit Exceeded'}
,,,,,,093-846-479-950-721,Error code: 429 - {'message': 'Limit Exceeded'}
,,,,,,102-914-441-994-688,Error code: 429 - {'message': 'Limit Exceeded'}
,,,,,,097-262-480-361-63X,Error code: 429 - {'message': 'Limit Exceeded'}
,,,,,,092-941-958-465-626,Error code: 429 - {'message': 'Limit Exceeded'}
,,,,,,090-387-839-389-909,Error code: 429 - {'message': 'Limit Exceeded'}
,,,,,,092-781-763-192-517,Error code: 429 - {'message': 'Limit Exceeded'}
,,,,,,104-421-446-899-740,Error code: 429 - {'message': 'Limit Exceeded'}
,,,,,,110-474-067-782-223,Error code: 429 - {'message': 'Limit Exceeded'}
,,,,,,115-010-095-435-743,Error code: 429 - {'message': 'Limit Exceeded'}
,,,,,,109-585-379-102-764,Error code: 429 - {'message': 'Limit Exceeded'}
,,,,,,119-971-189-118-528,Error code: 429 - {'message': 'Limit Exceeded'}
,,,,,,126-857-771-019-554,Error code: 429 - {'message': 'Limit Exceeded'}
,,,,,,128-257-648-581-473,Error code: 429 - {'message': 'Limit Exceeded'}
,,,,,,131-210-371-716-434,Error code: 429 - {'message': 'Limit Exceeded'}
,,,,,,120-990-467-434-088,Error code: 429 - {'message': 'Limit Exceeded'}
,,,,,,138-671-308-544-525,Error code: 429 - {'message': 'Limit Exceeded'}
,,,,,,132-580-173-349-64X,Error code: 429 - {'message': 'Limit Exceeded'}
,,,,,,139-446-811-446-91X,Error code: 429 - {'message': 'Limit Exceeded'}
,,,,,,153-628-969-381-532,Error code: 429 - {'message': 'Limit Exceeded'}
,,,,,,146-193-696-327-894,Error code: 429 - {'message': 'Limit Exceeded'}
,,,,,,140-995-068-825-776,Error code: 429 - {'message': 'Limit Exceeded'}
,,,,,,141-745-431-206-801,Error code: 429 - {'message': 'Limit Exceeded'}
,,,,,,143-401-355-300-559,Error code: 429 - {'message': 'Limit Exceeded'}
,,,,,,145-345-053-478-086,Error code: 429 - {'message': 'Limit Exceeded'}
,,,,,,147-337-240-501-539,Error code: 429 - {'message': 'Limit Exceeded'}
,,,,,,144-781-213-988-582,Error code: 429 - {'message': 'Limit Exceeded'}
,,,,,,150-180-095-827-430,Error code: 429 - {'message': 'Limit Exceeded'}
,,,,,,174-998-427-147-186,Error code: 429 - {'message': 'Limit Exceeded'}
,,,,,,158-729-620-737-422,Error code: 429 - {'message': 'Limit Exceeded'}
,,,,,,181-298-016-523-251,Error code: 429 - {'message': 'Limit Exceeded'}
,,,,,,162-850-670-042-767,Error code: 429 - {'message': 'Limit Exceeded'}
,,,,,,167-735-148-062-739,Error code: 429 - {'message': 'Limit Exceeded'}
,,,,,,173-677-904-177-801,Error code: 429 - {'message': 'Limit Exceeded'}
,,,,,,168-493-628-931-54X,Error code: 429 - {'message': 'Limit Exceeded'}
,,,,,,168-621-570-767-276,Error code: 429 - {'message': 'Limit Exceeded'}
,,,,,,160-385-213-518-56X,Error code: 429 - {'message': 'Limit Exceeded'}
,,,,,,187-196-200-675-141,Error code: 429 - {'message': 'Limit Exceeded'}
,,,,,,188-004-402-553-641,Error code: 429 - {'message': 'Limit Exceeded'}
,,,,,,026-942-415-959-751,Error code: 429 - {'message': 'Limit Exceeded'}
,,,,,,172-181-020-623-313,Error code: 429 - {'message': 'Limit Exceeded'}
,,,,,,196-367-156-198-914,Error code: 429 - {'message': 'Limit Exceeded'}
,,,,,,192-197-791-208-494,Error code: 429 - {'message': 'Limit Exceeded'}
,,,,,,194-078-731-643-604,Error code: 429 - {'message': 'Limit Exceeded'}
,,,,,,029-367-094-724-169,Error code: 429 - {'message': 'Limit Exceeded'}
,,,,,,114-026-342-813-634,Error code: 429 - {'message': 'Limit Exceeded'}
,,,,,,132-848-532-814-393,Error code: 429 - {'message': 'Limit Exceeded'}
,,,,,,113-363-909-332-50X,Error code: 429 - {'message': 'Limit Exceeded'}
,,,,,,005-089-024-922-444,Error code: 429 - {'message': 'Limit Exceeded'}
,,,,,,003-153-408-771-447,Error code: 429 - {'message': 'Limit Exceeded'}
,,,,,,002-524-677-968-153,Error code: 429 - {'message': 'Limit Exceeded'}
,,,,,,010-301-469-898-076,Error code: 429 - {'message': 'Limit Exceeded'}
,,,,,,023-711-929-896-842,Error code: 429 - {'message': 'Limit Exceeded'}
,,,,,,022-321-066-234-615,Error code: 429 - {'message': 'Limit Exceeded'}
,,,,,,010-385-900-496-455,Error code: 429 - {'message': 'Limit Exceeded'}
,,,,,,013-531-039-733-063,Error code: 429 - {'message': 'Limit Exceeded'}
,,,,,,029-098-715-929-122,Error code: 429 - {'message': 'Limit Exceeded'}
,,,,,,029-917-213-141-374,Error code: 429 - {'message': 'Limit Exceeded'}
,,,,,,029-098-872-822-847,Error code: 429 - {'message': 'Limit Exceeded'}
,,,,,,032-107-936-120-220,Error code: 429 - {'message': 'Limit Exceeded'}
,,,,,,037-531-907-979-997,Error code: 429 - {'message': 'Limit Exceeded'}
,,,,,,055-293-340-166-478,Error code: 429 - {'message': 'Limit Exceeded'}
,,,,,,048-482-450-382-349,Error code: 429 - {'message': 'Limit Exceeded'}
,,,,,,055-030-207-522-758,Error code: 429 - {'message': 'Limit Exceeded'}
,,,,,,037-999-989-468-499,Error code: 429 - {'message': 'Limit Exceeded'}
,,,,,,033-172-522-171-439,Error code: 429 - {'message': 'Limit Exceeded'}
,,,,,,049-801-609-370-166,Error code: 429 - {'message': 'Limit Exceeded'}
,,,,,,042-303-205-631-327,Error code: 429 - {'message': 'Limit Exceeded'}
,,,,,,041-372-446-142-834,Error code: 429 - {'message': 'Limit Exceeded'}
,,,,,,082-915-834-624-806,Error code: 429 - {'message': 'Limit Exceeded'}
,,,,,,049-146-587-728-041,Error code: 429 - {'message': 'Limit Exceeded'}
,,,,,,070-185-079-455-393,Error code: 429 - {'message': 'Limit Exceeded'}
,,,,,,071-628-990-401-590,Error code: 429 - {'message': 'Limit Exceeded'}
,,,,,,077-957-283-489-154,Error code: 429 - {'message': 'Limit Exceeded'}
,,,,,,109-650-032-310-845,Error code: 429 - {'message': 'Limit Exceeded'}
,,,,,,095-309-726-871-06X,Error code: 429 - {'message': 'Limit Exceeded'}
,,,,,,091-293-296-030-033,Error code: 429 - {'message': 'Limit Exceeded'}
,,,,,,099-899-110-135-847,Error code: 429 - {'message': 'Limit Exceeded'}
,,,,,,110-675-003-933-265,Error code: 429 - {'message': 'Limit Exceeded'}
,,,,,,108-520-194-823-633,Error code: 429 - {'message': 'Limit Exceeded'}
,,,,,,126-562-971-556-452,Error code: 429 - {'message': 'Limit Exceeded'}
,,,,,,118-448-476-629-096,Error code: 429 - {'message': 'Limit Exceeded'}
,,,,,,117-936-504-495-248,Error code: 429 - {'message': 'Limit Exceeded'}
,,,,,,114-288-005-798-453,Error code: 429 - {'message': 'Limit Exceeded'}
,,,,,,117-369-902-576-811,Error code: 429 - {'message': 'Limit Exceeded'}
,,,,,,120-391-194-753-336,Error code: 429 - {'message': 'Limit Exceeded'}
,,,,,,132-805-049-034-012,Error code: 429 - {'message': 'Limit Exceeded'}
,,,,,,137-848-071-742-64X,Error code: 429 - {'message': 'Limit Exceeded'}
,,,,,,127-602-021-302-694,Error code: 429 - {'message': 'Limit Exceeded'}
,,,,,,143-679-203-314-464,Error code: 429 - {'message': 'Limit Exceeded'}
,,,,,,141-539-598-312-123,Error code: 429 - {'message': 'Limit Exceeded'}
,,,,,,139-909-786-566-749,Error code: 429 - {'message': 'Limit Exceeded'}
,,,,,,129-444-272-055-845,Error code: 429 - {'message': 'Limit Exceeded'}
,,,,,,151-979-428-551-49X,Error code: 429 - {'message': 'Limit Exceeded'}
,,,,,,154-785-207-425-514,Error code: 429 - {'message': 'Limit Exceeded'}
,,,,,,156-781-604-739-861,Error code: 429 - {'message': 'Limit Exceeded'}
,,,,,,156-742-984-141-041,Error code: 429 - {'message': 'Limit Exceeded'}
,,,,,,157-745-927-199-925,Error code: 429 - {'message': 'Limit Exceeded'}
,,,,,,146-435-106-938-345,Error code: 429 - {'message': 'Limit Exceeded'}
,,,,,,147-850-638-044-945,Error code: 429 - {'message': 'Limit Exceeded'}
,,,,,,164-437-065-726-849,Error code: 429 - {'message': 'Limit Exceeded'}
,,,,,,161-063-422-389-674,Error code: 429 - {'message': 'Limit Exceeded'}
,,,,,,174-740-610-387-307,Error code: 429 - {'message': 'Limit Exceeded'}
,,,,,,172-930-662-538-175,Error code: 429 - {'message': 'Limit Exceeded'}
,,,,,,176-785-342-722-886,Error code: 429 - {'message': 'Limit Exceeded'}
,,,,,,180-152-554-081-384,Error code: 429 - {'message': 'Limit Exceeded'}
,,,,,,189-631-446-134-085,Error code: 429 - {'message': 'Limit Exceeded'}
,,,,,,180-658-496-755-851,Error code: 429 - {'message': 'Limit Exceeded'}
,,,,,,190-724-670-917-517,Error code: 429 - {'message': 'Limit Exceeded'}
,,,,,,198-409-690-685-216,Error code: 429 - {'message': 'Limit Exceeded'}
,,,,,,111-351-348-698-577,Error code: 429 - {'message': 'Limit Exceeded'}
,,,,,,059-752-761-517-091,Error code: 429 - {'message': 'Limit Exceeded'}
,,,,,,087-591-128-298-613,Error code: 429 - {'message': 'Limit Exceeded'}
,,,,,,085-872-380-564-619,Error code: 429 - {'message': 'Limit Exceeded'}
,,,,,,062-130-374-840-085,Error code: 429 - {'message': 'Limit Exceeded'}
,,,,,,184-270-747-563-446,Error code: 429 - {'message': 'Limit Exceeded'}
,,,,,,009-402-037-937-200,Error code: 429 - {'message': 'Limit Exceeded'}
,,,,,,141-321-963-298-971,Error code: 429 - {'message': 'Limit Exceeded'}
,,,,,,024-072-673-653-836,Error code: 429 - {'message': 'Limit Exceeded'}
,,,,,,004-519-316-292-369,Error code: 429 - {'message': 'Limit Exceeded'}
,,,,,,003-669-790-850-142,Error code: 429 - {'message': 'Limit Exceeded'}
,,,,,,003-799-501-466-634,Error code: 429 - {'message': 'Limit Exceeded'}
,,,,,,009-477-255-311-923,Error code: 429 - {'message': 'Limit Exceeded'}
,,,,,,015-010-142-394-222,Error code: 429 - {'message': 'Limit Exceeded'}
,,,,,,022-060-326-935-168,Error code: 429 - {'message': 'Limit Exceeded'}
,,,,,,022-901-594-580-045,Error code: 429 - {'message': 'Limit Exceeded'}
,,,,,,017-588-986-583-318,Error code: 429 - {'message': 'Limit Exceeded'}
,,,,,,031-567-480-396-237,Error code: 429 - {'message': 'Limit Exceeded'}
,,,,,,023-941-521-938-651,Error code: 429 - {'message': 'Limit Exceeded'}
,,,,,,021-144-455-040-24X,Error code: 429 - {'message': 'Limit Exceeded'}
,,,,,,033-877-269-962-279,Error code: 429 - {'message': 'Limit Exceeded'}
,,,,,,039-684-868-316-057,Error code: 429 - {'message': 'Limit Exceeded'}
,,,,,,057-831-575-077-689,Error code: 429 - {'message': 'Limit Exceeded'}
,,,,,,055-603-667-180-90X,Error code: 429 - {'message': 'Limit Exceeded'}
,,,,,,042-541-540-123-884,Error code: 429 - {'message': 'Limit Exceeded'}
,,,,,,056-946-171-971-653,Error code: 429 - {'message': 'Limit Exceeded'}
,,,,,,067-367-421-970-585,Error code: 429 - {'message': 'Limit Exceeded'}
,,,,,,056-548-554-823-873,Error code: 429 - {'message': 'Limit Exceeded'}
,,,,,,077-088-214-051-771,Error code: 429 - {'message': 'Limit Exceeded'}
,,,,,,071-843-118-187-28X,Error code: 429 - {'message': 'Limit Exceeded'}
,,,,,,090-636-677-430-298,Error code: 429 - {'message': 'Limit Exceeded'}
,,,,,,106-470-467-711-149,Error code: 429 - {'message': 'Limit Exceeded'}
,,,,,,089-504-351-221-912,Error code: 429 - {'message': 'Limit Exceeded'}
,,,,,,113-034-464-456-181,Error code: 429 - {'message': 'Limit Exceeded'}
,,,,,,117-248-693-712-846,Error code: 429 - {'message': 'Limit Exceeded'}
,,,,,,113-795-490-239-013,Error code: 429 - {'message': 'Limit Exceeded'}
,,,,,,123-577-171-100-302,Error code: 429 - {'message': 'Limit Exceeded'}
,,,,,,126-948-257-149-448,Error code: 429 - {'message': 'Limit Exceeded'}
,,,,,,133-527-034-539-412,Error code: 429 - {'message': 'Limit Exceeded'}
,,,,,,131-936-087-305-374,Error code: 429 - {'message': 'Limit Exceeded'}
,,,,,,128-478-354-351-380,Error code: 429 - {'message': 'Limit Exceeded'}
,,,,,,140-544-835-761-978,Error code: 429 - {'message': 'Limit Exceeded'}
,,,,,,143-482-907-155-212,Error code: 429 - {'message': 'Limit Exceeded'}
,,,,,,152-282-417-355-115,Error code: 429 - {'message': 'Limit Exceeded'}
,,,,,,146-785-382-879-740,Error code: 429 - {'message': 'Limit Exceeded'}
,,,,,,157-303-166-641-10X,Error code: 429 - {'message': 'Limit Exceeded'}
,,,,,,144-712-569-028-882,Error code: 429 - {'message': 'Limit Exceeded'}
,,,,,,152-961-393-320-237,Error code: 429 - {'message': 'Limit Exceeded'}
,,,,,,158-085-750-682-983,Error code: 429 - {'message': 'Limit Exceeded'}
,,,,,,151-902-101-094-148,Error code: 429 - {'message': 'Limit Exceeded'}
,,,,,,164-829-270-695-925,Error code: 429 - {'message': 'Limit Exceeded'}
,,,,,,177-920-192-864-218,Error code: 429 - {'message': 'Limit Exceeded'}
,,,,,,172-671-766-154-455,Error code: 429 - {'message': 'Limit Exceeded'}
,,,,,,185-495-616-516-002,Error code: 429 - {'message': 'Limit Exceeded'}
,,,,,,189-089-034-099-941,Error code: 429 - {'message': 'Limit Exceeded'}
,,,,,,186-803-536-888-672,Error code: 429 - {'message': 'Limit Exceeded'}
,,,,,,175-139-883-447-052,Error code: 429 - {'message': 'Limit Exceeded'}
,,,,,,192-730-313-967-886,Error code: 429 - {'message': 'Limit Exceeded'}
,,,,,,193-692-792-099-247,Error code: 429 - {'message': 'Limit Exceeded'}
,,,,,,188-665-519-275-479,Error code: 429 - {'message': 'Limit Exceeded'}
,,,,,,184-731-517-619-087,Error code: 429 - {'message': 'Limit Exceeded'}
,,,,,,094-071-744-495-930,Error code: 429 - {'message': 'Limit Exceeded'}
,,,,,,034-433-559-812-77X,Error code: 429 - {'message': 'Limit Exceeded'}
,,,,,,169-459-046-116-622,Error code: 429 - {'message': 'Limit Exceeded'}
,,,,,,127-198-383-875-199,Error code: 429 - {'message': 'Limit Exceeded'}
,,,,,,055-131-992-115-332,Error code: 429 - {'message': 'Limit Exceeded'}
,,,,,,158-714-130-676-370,Error code: 429 - {'message': 'Limit Exceeded'}
,,,,,,109-397-067-081-134,Error code: 429 - {'message': 'Limit Exceeded'}
,,,,,,092-574-509-393-813,Error code: 429 - {'message': 'Limit Exceeded'}
,,,,,,009-027-646-324-328,Error code: 429 - {'message': 'Limit Exceeded'}
,,,,,,003-381-574-566-910,Error code: 429 - {'message': 'Limit Exceeded'}
,,,,,,012-700-822-801-345,Error code: 429 - {'message': 'Limit Exceeded'}
,,,,,,013-066-170-209-135,Error code: 429 - {'message': 'Limit Exceeded'}
,,,,,,011-929-928-702-31X,Error code: 429 - {'message': 'Limit Exceeded'}
,,,,,,039-214-854-931-490,Error code: 429 - {'message': 'Limit Exceeded'}
,,,,,,024-356-930-511-375,Error code: 429 - {'message': 'Limit Exceeded'}
,,,,,,027-722-398-870-932,Error code: 429 - {'message': 'Limit Exceeded'}
,,,,,,016-081-027-285-754,Error code: 429 - {'message': 'Limit Exceeded'}
,,,,,,022-081-363-009-246,Error code: 429 - {'message': 'Limit Exceeded'}
,,,,,,027-009-168-503-121,Error code: 429 - {'message': 'Limit Exceeded'}
,,,,,,038-289-121-794-257,Error code: 429 - {'message': 'Limit Exceeded'}
,,,,,,051-036-207-367-673,Error code: 429 - {'message': 'Limit Exceeded'}
,,,,,,051-728-401-669-138,Error code: 429 - {'message': 'Limit Exceeded'}
,,,,,,056-647-912-638-779,Error code: 429 - {'message': 'Limit Exceeded'}
,,,,,,065-329-988-633-31X,Error code: 429 - {'message': 'Limit Exceeded'}
,,,,,,063-156-279-018-829,Error code: 429 - {'message': 'Limit Exceeded'}
,,,,,,087-614-269-119-091,Error code: 429 - {'message': 'Limit Exceeded'}
,,,,,,075-864-314-729-646,Error code: 429 - {'message': 'Limit Exceeded'}
,,,,,,083-387-323-838-896,Error code: 429 - {'message': 'Limit Exceeded'}
,,,,,,090-241-443-456-368,Error code: 429 - {'message': 'Limit Exceeded'}
,,,,,,091-302-040-656-747,Error code: 429 - {'message': 'Limit Exceeded'}
,,,,,,076-523-146-798-554,Error code: 429 - {'message': 'Limit Exceeded'}
,,,,,,106-888-797-763-214,Error code: 429 - {'message': 'Limit Exceeded'}
,,,,,,097-445-222-573-295,Error code: 429 - {'message': 'Limit Exceeded'}
,,,,,,122-522-562-444-562,Error code: 429 - {'message': 'Limit Exceeded'}
,,,,,,126-456-008-964-352,Error code: 429 - {'message': 'Limit Exceeded'}
,,,,,,123-223-971-407-822,Error code: 429 - {'message': 'Limit Exceeded'}
,,,,,,118-381-107-352-825,Error code: 429 - {'message': 'Limit Exceeded'}
,,,,,,135-952-599-078-457,Error code: 429 - {'message': 'Limit Exceeded'}
,,,,,,141-378-611-350-139,Error code: 429 - {'message': 'Limit Exceeded'}
,,,,,,153-620-081-820-727,Error code: 429 - {'message': 'Limit Exceeded'}
,,,,,,150-862-350-929-310,Error code: 429 - {'message': 'Limit Exceeded'}
,,,,,,148-752-536-655-013,Error code: 429 - {'message': 'Limit Exceeded'}
,,,,,,162-351-106-177-218,Error code: 429 - {'message': 'Limit Exceeded'}
,,,,,,167-715-712-678-289,Error code: 429 - {'message': 'Limit Exceeded'}
,,,,,,161-909-382-747-399,Error code: 429 - {'message': 'Limit Exceeded'}
,,,,,,179-736-263-981-765,Error code: 429 - {'message': 'Limit Exceeded'}
,,,,,,190-860-513-312-609,Error code: 429 - {'message': 'Limit Exceeded'}
,,,,,,197-478-433-094-311,Error code: 429 - {'message': 'Limit Exceeded'}
,,,,,,187-163-954-837-230,Error code: 429 - {'message': 'Limit Exceeded'}
,,,,,,183-193-079-090-061,Error code: 429 - {'message': 'Limit Exceeded'}
,,,,,,045-868-476-825-69X,Error code: 429 - {'message': 'Limit Exceeded'}
,,,,,,192-934-694-088-459,Error code: 429 - {'message': 'Limit Exceeded'}
,,,,,,180-102-885-179-081,Error code: 429 - {'message': 'Limit Exceeded'}
,,,,,,101-880-347-615-144,Error code: 429 - {'message': 'Limit Exceeded'}
,,,,,,077-140-074-286-055,Error code: 429 - {'message': 'Limit Exceeded'}
,,,,,,111-513-359-132-324,Error code: 429 - {'message': 'Limit Exceeded'}
,,,,,,098-171-424-563-950,Error code: 429 - {'message': 'Limit Exceeded'}
,,,,,,178-903-563-209-805,Error code: 429 - {'message': 'Limit Exceeded'}
,,,,,,002-337-594-220-832,Error code: 429 - {'message': 'Limit Exceeded'}
,,,,,,000-942-217-481-167,Error code: 429 - {'message': 'Limit Exceeded'}
,,,,,,005-895-801-548-976,Error code: 429 - {'message': 'Limit Exceeded'}
,,,,,,006-026-839-824-392,Error code: 429 - {'message': 'Limit Exceeded'}
,,,,,,011-425-126-802-985,Error code: 429 - {'message': 'Limit Exceeded'}
,,,,,,003-415-381-139-130,Error code: 429 - {'message': 'Limit Exceeded'}
,,,,,,022-030-043-976-958,Error code: 429 - {'message': 'Limit Exceeded'}
,,,,,,019-032-406-861-289,Error code: 429 - {'message': 'Limit Exceeded'}
,,,,,,028-392-429-235-26X,Error code: 429 - {'message': 'Limit Exceeded'}
,,,,,,034-478-406-557-72X,Error code: 429 - {'message': 'Limit Exceeded'}
,,,,,,060-573-865-502-056,Error code: 429 - {'message': 'Limit Exceeded'}
,,,,,,037-772-296-138-028,Error code: 429 - {'message': 'Limit Exceeded'}
,,,,,,050-422-671-802-500,Error code: 429 - {'message': 'Limit Exceeded'}
,,,,,,074-022-115-783-052,Error code: 429 - {'message': 'Limit Exceeded'}
,,,,,,071-495-570-315-649,Error code: 429 - {'message': 'Limit Exceeded'}
,,,,,,075-312-008-367-40X,Error code: 429 - {'message': 'Limit Exceeded'}
,,,,,,074-537-784-333-860,Error code: 429 - {'message': 'Limit Exceeded'}
,,,,,,103-719-187-102-463,Error code: 429 - {'message': 'Limit Exceeded'}
,,,,,,095-182-819-898-338,Error code: 429 - {'message': 'Limit Exceeded'}
,,,,,,098-123-428-732-92X,Error code: 429 - {'message': 'Limit Exceeded'}
,,,,,,103-766-225-929-093,Error code: 429 - {'message': 'Limit Exceeded'}
,,,,,,108-956-767-267-003,Error code: 429 - {'message': 'Limit Exceeded'}
,,,,,,122-182-163-987-262,Error code: 429 - {'message': 'Limit Exceeded'}
,,,,,,117-197-045-493-000,Error code: 429 - {'message': 'Limit Exceeded'}
,,,,,,117-567-918-119-006,Error code: 429 - {'message': 'Limit Exceeded'}
,,,,,,123-721-020-156-177,Error code: 429 - {'message': 'Limit Exceeded'}
,,,,,,136-937-096-586-813,Error code: 429 - {'message': 'Limit Exceeded'}
,,,,,,130-540-502-704-51X,Error code: 429 - {'message': 'Limit Exceeded'}
,,,,,,131-693-268-088-643,Error code: 429 - {'message': 'Limit Exceeded'}
,,,,,,143-817-632-847-624,Error code: 429 - {'message': 'Limit Exceeded'}
,,,,,,153-571-625-969-119,Error code: 429 - {'message': 'Limit Exceeded'}
,,,,,,162-330-533-838-954,Error code: 429 - {'message': 'Limit Exceeded'}
,,,,,,162-872-743-664-522,Error code: 429 - {'message': 'Limit Exceeded'}
,,,,,,148-492-600-826-705,Error code: 429 - {'message': 'Limit Exceeded'}
,,,,,,156-194-687-614-653,Error code: 429 - {'message': 'Limit Exceeded'}
,,,,,,162-156-218-898-016,Error code: 429 - {'message': 'Limit Exceeded'}
,,,,,,190-231-074-703-111,Error code: 429 - {'message': 'Limit Exceeded'}
,,,,,,180-705-867-008-804,Error code: 429 - {'message': 'Limit Exceeded'}
,,,,,,187-011-420-230-036,Error code: 429 - {'message': 'Limit Exceeded'}
,,,,,,180-248-392-469-760,Error code: 429 - {'message': 'Limit Exceeded'}
,,,,,,180-085-656-058-436,Error code: 429 - {'message': 'Limit Exceeded'}
,,,,,,184-522-854-031-718,Error code: 429 - {'message': 'Limit Exceeded'}
,,,,,,059-457-523-964-177,Error code: 429 - {'message': 'Limit Exceeded'}
,,,,,,198-935-522-751-587,Error code: 429 - {'message': 'Limit Exceeded'}
,,,,,,073-210-944-503-689,Error code: 429 - {'message': 'Limit Exceeded'}
,,,,,,147-632-697-474-181,Error code: 429 - {'message': 'Limit Exceeded'}
,,,,,,005-442-557-358-06X,Error code: 429 - {'message': 'Limit Exceeded'}
,,,,,,193-750-460-021-024,Error code: 429 - {'message': 'Limit Exceeded'}
,,,,,,007-614-295-473-308,Error code: 429 - {'message': 'Limit Exceeded'}
,,,,,,010-177-614-812-334,Error code: 429 - {'message': 'Limit Exceeded'}
,,,,,,027-474-184-205-291,Error code: 429 - {'message': 'Limit Exceeded'}
,,,,,,013-476-763-328-983,Error code: 429 - {'message': 'Limit Exceeded'}
,,,,,,008-885-935-883-091,Error code: 429 - {'message': 'Limit Exceeded'}
,,,,,,009-360-448-387-159,Error code: 429 - {'message': 'Limit Exceeded'}
,,,,,,016-235-543-342-080,Error code: 429 - {'message': 'Limit Exceeded'}
,,,,,,020-900-985-247-04X,Error code: 429 - {'message': 'Limit Exceeded'}
,,,,,,016-750-458-607-677,Error code: 429 - {'message': 'Limit Exceeded'}
,,,,,,034-075-255-904-969,Error code: 429 - {'message': 'Limit Exceeded'}
,,,,,,043-811-483-672-484,Error code: 429 - {'message': 'Limit Exceeded'}
,,,,,,043-970-224-830-28X,Error code: 429 - {'message': 'Limit Exceeded'}
,,,,,,047-349-069-525-540,Error code: 429 - {'message': 'Limit Exceeded'}
,,,,,,048-649-210-967-745,Error code: 429 - {'message': 'Limit Exceeded'}
,,,,,,053-656-864-396-503,Error code: 429 - {'message': 'Limit Exceeded'}
,,,,,,065-234-839-597-958,Error code: 429 - {'message': 'Limit Exceeded'}
,,,,,,069-060-925-230-931,Error code: 429 - {'message': 'Limit Exceeded'}
,,,,,,079-253-616-716-456,Error code: 429 - {'message': 'Limit Exceeded'}
,,,,,,078-578-548-114-419,Error code: 429 - {'message': 'Limit Exceeded'}
,,,,,,079-168-050-756-03X,Error code: 429 - {'message': 'Limit Exceeded'}
,,,,,,080-525-603-049-473,Error code: 429 - {'message': 'Limit Exceeded'}
,,,,,,083-457-280-858-248,Error code: 429 - {'message': 'Limit Exceeded'}
,,,,,,098-875-949-313-327,Error code: 429 - {'message': 'Limit Exceeded'}
,,,,,,075-775-435-142-302,Error code: 429 - {'message': 'Limit Exceeded'}
,,,,,,095-506-664-227-027,Error code: 429 - {'message': 'Limit Exceeded'}
,,,,,,110-141-591-338-334,Error code: 429 - {'message': 'Limit Exceeded'}
,,,,,,113-957-372-067-74X,Error code: 429 - {'message': 'Limit Exceeded'}
,,,,,,130-163-068-192-513,Error code: 429 - {'message': 'Limit Exceeded'}
,,,,,,121-383-485-639-468,Error code: 429 - {'message': 'Limit Exceeded'}
,,,,,,127-471-655-332-003,Error code: 429 - {'message': 'Limit Exceeded'}
,,,,,,141-354-514-141-742,Error code: 429 - {'message': 'Limit Exceeded'}
,,,,,,149-815-308-338-341,Error code: 429 - {'message': 'Limit Exceeded'}
,,,,,,147-704-634-457-958,Error code: 429 - {'message': 'Limit Exceeded'}
,,,,,,152-701-771-135-186,Error code: 429 - {'message': 'Limit Exceeded'}
,,,,,,149-380-639-973-681,Error code: 429 - {'message': 'Limit Exceeded'}
,,,,,,164-259-811-762-739,Error code: 429 - {'message': 'Limit Exceeded'}
,,,,,,160-538-115-444-207,Error code: 429 - {'message': 'Limit Exceeded'}
,,,,,,167-313-702-299-54X,Error code: 429 - {'message': 'Limit Exceeded'}
,,,,,,169-062-542-312-985,Error code: 429 - {'message': 'Limit Exceeded'}
,,,,,,179-063-287-182-227,Error code: 429 - {'message': 'Limit Exceeded'}
,,,,,,176-308-689-078-063,Error code: 429 - {'message': 'Limit Exceeded'}
,,,,,,187-077-956-574-939,Error code: 429 - {'message': 'Limit Exceeded'}
,,,,,,121-113-746-368-759,Error code: 429 - {'message': 'Limit Exceeded'}
,,,,,,029-397-905-334-12X,Error code: 429 - {'message': 'Limit Exceeded'}
,,,,,,029-178-387-408-941,Error code: 429 - {'message': 'Limit Exceeded'}
,,,,,,067-505-633-997-870,Error code: 429 - {'message': 'Limit Exceeded'}
,,,,,,192-279-046-264-698,Error code: 429 - {'message': 'Limit Exceeded'}
,,,,,,160-149-104-294-304,Error code: 429 - {'message': 'Limit Exceeded'}
,,,,,,098-706-280-221-975,Error code: 429 - {'message': 'Limit Exceeded'}
,,,,,,047-334-858-745-579,Error code: 429 - {'message': 'Limit Exceeded'}
,,,,,,136-070-379-239-273,Error code: 429 - {'message': 'Limit Exceeded'}
,,,,,,091-616-219-779-757,Error code: 429 - {'message': 'Limit Exceeded'}
,,,,,,138-321-909-341-563,Error code: 429 - {'message': 'Limit Exceeded'}
,,,,,,013-084-897-398-458,Error code: 429 - {'message': 'Limit Exceeded'}
,,,,,,024-007-346-432-63X,Error code: 429 - {'message': 'Limit Exceeded'}
,,,,,,012-578-602-711-229,Error code: 429 - {'message': 'Limit Exceeded'}
,,,,,,016-500-294-619-361,Error code: 429 - {'message': 'Limit Exceeded'}
,,,,,,018-693-678-111-547,Error code: 429 - {'message': 'Limit Exceeded'}
,,,,,,029-369-230-064-492,Error code: 429 - {'message': 'Limit Exceeded'}
,,,,,,042-211-671-480-636,Error code: 429 - {'message': 'Limit Exceeded'}
,,,,,,061-539-094-589-268,Error code: 429 - {'message': 'Limit Exceeded'}
,,,,,,045-924-154-150-021,Error code: 429 - {'message': 'Limit Exceeded'}
,,,,,,040-119-806-966-883,Error code: 429 - {'message': 'Limit Exceeded'}
,,,,,,069-793-154-031-640,Error code: 429 - {'message': 'Limit Exceeded'}
,,,,,,081-109-637-777-472,Error code: 429 - {'message': 'Limit Exceeded'}
,,,,,,095-435-925-378-240,Error code: 429 - {'message': 'Limit Exceeded'}
,,,,,,099-938-887-355-08X,Error code: 429 - {'message': 'Limit Exceeded'}
,,,,,,108-213-248-155-600,Error code: 429 - {'message': 'Limit Exceeded'}
,,,,,,114-660-067-527-542,Error code: 429 - {'message': 'Limit Exceeded'}
,,,,,,107-573-519-216-763,Error code: 429 - {'message': 'Limit Exceeded'}
,,,,,,133-818-448-814-904,Error code: 429 - {'message': 'Limit Exceeded'}
,,,,,,127-392-328-191-519,Error code: 429 - {'message': 'Limit Exceeded'}
,,,,,,142-371-989-020-398,Error code: 429 - {'message': 'Limit Exceeded'}
,,,,,,162-327-335-452-148,Error code: 429 - {'message': 'Limit Exceeded'}
,,,,,,151-896-439-582-917,Error code: 429 - {'message': 'Limit Exceeded'}
,,,,,,158-651-031-840-31X,Error code: 429 - {'message': 'Limit Exceeded'}
,,,,,,155-455-090-905-534,Error code: 429 - {'message': 'Limit Exceeded'}
,,,,,,169-230-496-066-700,Error code: 429 - {'message': 'Limit Exceeded'}
,,,,,,176-479-697-255-919,Error code: 429 - {'message': 'Limit Exceeded'}
,,,,,,176-267-676-942-168,Error code: 429 - {'message': 'Limit Exceeded'}
,,,,,,171-385-724-091-368,Error code: 429 - {'message': 'Limit Exceeded'}
,,,,,,182-208-039-937-160,Error code: 429 - {'message': 'Limit Exceeded'}
,,,,,,184-864-795-805-057,Error code: 429 - {'message': 'Limit Exceeded'}
,,,,,,187-456-684-638-598,Error code: 429 - {'message': 'Limit Exceeded'}
,,,,,,186-663-441-215-262,Error code: 429 - {'message': 'Limit Exceeded'}
,,,,,,009-215-019-431-122,Error code: 429 - {'message': 'Limit Exceeded'}
,,,,,,193-979-257-844-346,Error code: 429 - {'message': 'Limit Exceeded'}
,,,,,,196-912-061-498-026,Error code: 429 - {'message': 'Limit Exceeded'}
,,,,,,114-513-969-370-281,Error code: 429 - {'message': 'Limit Exceeded'}
,,,,,,041-548-457-590-030,Error code: 429 - {'message': 'Limit Exceeded'}
,,,,,,196-520-678-083-346,Error code: 429 - {'message': 'Limit Exceeded'}
,,,,,,127-138-253-496-380,Error code: 429 - {'message': 'Limit Exceeded'}
,,,,,,085-078-924-588-697,Error code: 429 - {'message': 'Limit Exceeded'}
,,,,,,006-083-411-452-736,Error code: 429 - {'message': 'Limit Exceeded'}
,,,,,,008-523-842-627-859,Error code: 429 - {'message': 'Limit Exceeded'}
,,,,,,005-630-740-809-285,Error code: 429 - {'message': 'Limit Exceeded'}
,,,,,,005-386-503-079-539,Error code: 429 - {'message': 'Limit Exceeded'}
,,,,,,014-995-007-388-017,Error code: 429 - {'message': 'Limit Exceeded'}
,,,,,,021-424-005-996-945,Error code: 429 - {'message': 'Limit Exceeded'}
,,,,,,024-932-241-056-752,Error code: 429 - {'message': 'Limit Exceeded'}
,,,,,,029-944-914-300-634,Error code: 429 - {'message': 'Limit Exceeded'}
,,,,,,030-277-623-882-346,Error code: 429 - {'message': 'Limit Exceeded'}
,,,,,,022-813-945-323-893,Error code: 429 - {'message': 'Limit Exceeded'}
,,,,,,034-467-791-125-005,Error code: 429 - {'message': 'Limit Exceeded'}
,,,,,,037-130-914-376-96X,Error code: 429 - {'message': 'Limit Exceeded'}
,,,,,,055-218-085-314-225,Error code: 429 - {'message': 'Limit Exceeded'}
,,,,,,050-694-789-026-649,Error code: 429 - {'message': 'Limit Exceeded'}
,,,,,,046-308-135-064-934,Error code: 429 - {'message': 'Limit Exceeded'}
,,,,,,042-327-394-639-26X,Error code: 429 - {'message': 'Limit Exceeded'}
,,,,,,043-747-147-082-385,Error code: 429 - {'message': 'Limit Exceeded'}
,,,,,,053-016-994-585-614,Error code: 429 - {'message': 'Limit Exceeded'}
,,,,,,036-538-156-766-522,Error code: 429 - {'message': 'Limit Exceeded'}
,,,,,,064-407-486-188-177,Error code: 429 - {'message': 'Limit Exceeded'}
,,,,,,063-454-928-667-673,Error code: 429 - {'message': 'Limit Exceeded'}
,,,,,,077-321-080-968-119,Error code: 429 - {'message': 'Limit Exceeded'}
,,,,,,091-214-405-733-347,Error code: 429 - {'message': 'Limit Exceeded'}
,,,,,,089-629-898-879-282,Error code: 429 - {'message': 'Limit Exceeded'}
,,,,,,099-852-370-805-490,Error code: 429 - {'message': 'Limit Exceeded'}
,,,,,,089-772-529-009-099,Error code: 429 - {'message': 'Limit Exceeded'}
,,,,,,083-432-958-175-440,Error code: 429 - {'message': 'Limit Exceeded'}
,,,,,,144-675-392-005-633,Error code: 429 - {'message': 'Limit Exceeded'}
,,,,,,149-508-553-715-93X,Error code: 429 - {'message': 'Limit Exceeded'}
,,,,,,104-138-927-336-646,Error code: 429 - {'message': 'Limit Exceeded'}
,,,,,,110-951-388-364-953,Error code: 429 - {'message': 'Limit Exceeded'}
,,,,,,124-022-878-997-990,Error code: 429 - {'message': 'Limit Exceeded'}
,,,,,,125-258-450-395-152,Error code: 429 - {'message': 'Limit Exceeded'}
,,,,,,134-597-255-764-162,Error code: 429 - {'message': 'Limit Exceeded'}
,,,,,,138-744-914-510-960,Error code: 429 - {'message': 'Limit Exceeded'}
,,,,,,147-958-333-222-274,Error code: 429 - {'message': 'Limit Exceeded'}
,,,,,,144-982-181-525-68X,Error code: 429 - {'message': 'Limit Exceeded'}
,,,,,,161-712-208-275-622,Error code: 429 - {'message': 'Limit Exceeded'}
,,,,,,162-833-541-759-29X,Error code: 429 - {'message': 'Limit Exceeded'}
,,,,,,174-772-970-104-32X,Error code: 429 - {'message': 'Limit Exceeded'}
,,,,,,188-225-078-432-088,Error code: 429 - {'message': 'Limit Exceeded'}
,,,,,,180-992-373-403-534,Error code: 429 - {'message': 'Limit Exceeded'}
,,,,,,196-857-624-941-935,Error code: 429 - {'message': 'Limit Exceeded'}
,,,,,,198-540-897-745-654,Error code: 429 - {'message': 'Limit Exceeded'}
,,,,,,057-378-793-618-567,Error code: 429 - {'message': 'Limit Exceeded'}
,,,,,,145-368-356-314-830,Error code: 429 - {'message': 'Limit Exceeded'}
,,,,,,161-345-570-886-643,Error code: 429 - {'message': 'Limit Exceeded'}
,,,,,,195-966-638-179-570,Error code: 429 - {'message': 'Limit Exceeded'}
,,,,,,171-605-113-681-539,Error code: 429 - {'message': 'Limit Exceeded'}
,,,,,,054-329-119-877-903,Error code: 429 - {'message': 'Limit Exceeded'}
,,,,,,144-516-406-605-288,Error code: 429 - {'message': 'Limit Exceeded'}
,,,,,,044-434-815-576-209,Error code: 429 - {'message': 'Limit Exceeded'}
,,,,,,100-067-347-458-435,Error code: 429 - {'message': 'Limit Exceeded'}
,,,,,,005-053-385-704-480,Error code: 429 - {'message': 'Limit Exceeded'}
,,,,,,003-111-079-263-023,Error code: 429 - {'message': 'Limit Exceeded'}
,,,,,,003-344-304-103-243,Error code: 429 - {'message': 'Limit Exceeded'}
,,,,,,028-090-176-051-505,Error code: 429 - {'message': 'Limit Exceeded'}
,,,,,,021-171-691-946-813,Error code: 429 - {'message': 'Limit Exceeded'}
,,,,,,024-606-367-090-629,Error code: 429 - {'message': 'Limit Exceeded'}
,,,,,,039-628-123-523-370,Error code: 429 - {'message': 'Limit Exceeded'}
,,,,,,032-775-867-626-562,Error code: 429 - {'message': 'Limit Exceeded'}
,,,,,,035-752-618-187-711,Error code: 429 - {'message': 'Limit Exceeded'}
,,,,,,052-816-475-283-795,Error code: 429 - {'message': 'Limit Exceeded'}
,,,,,,059-458-276-663-231,Error code: 429 - {'message': 'Limit Exceeded'}
,,,,,,085-114-902-426-756,Error code: 429 - {'message': 'Limit Exceeded'}
,,,,,,085-381-254-735-855,Error code: 429 - {'message': 'Limit Exceeded'}
,,,,,,098-142-995-935-188,Error code: 429 - {'message': 'Limit Exceeded'}
,,,,,,096-857-431-499-786,Error code: 429 - {'message': 'Limit Exceeded'}
,,,,,,119-469-323-289-499,Error code: 429 - {'message': 'Limit Exceeded'}
,,,,,,158-156-040-560-370,Error code: 429 - {'message': 'Limit Exceeded'}
,,,,,,134-300-347-681-17X,Error code: 429 - {'message': 'Limit Exceeded'}
,,,,,,138-153-734-701-087,Error code: 429 - {'message': 'Limit Exceeded'}
,,,,,,140-931-761-807-071,Error code: 429 - {'message': 'Limit Exceeded'}
,,,,,,128-643-029-515-421,Error code: 429 - {'message': 'Limit Exceeded'}
,,,,,,143-619-663-700-687,Error code: 429 - {'message': 'Limit Exceeded'}
,,,,,,145-936-786-263-124,Error code: 429 - {'message': 'Limit Exceeded'}
,,,,,,154-421-765-423-444,Error code: 429 - {'message': 'Limit Exceeded'}
,,,,,,145-744-454-242-101,Error code: 429 - {'message': 'Limit Exceeded'}
,,,,,,159-199-837-776-263,Error code: 429 - {'message': 'Limit Exceeded'}
,,,,,,163-955-024-984-108,Error code: 429 - {'message': 'Limit Exceeded'}
,,,,,,174-537-738-414-905,Error code: 429 - {'message': 'Limit Exceeded'}
,,,,,,080-839-725-226-556,Error code: 429 - {'message': 'Limit Exceeded'}
,,,,,,128-354-894-457-667,Error code: 429 - {'message': 'Limit Exceeded'}
,,,,,,182-637-902-612-865,Error code: 429 - {'message': 'Limit Exceeded'}
,,,,,,178-294-770-278-597,Error code: 429 - {'message': 'Limit Exceeded'}
,,,,,,190-135-394-900-843,Error code: 429 - {'message': 'Limit Exceeded'}
,,,,,,185-851-812-237-674,Error code: 429 - {'message': 'Limit Exceeded'}
,,,,,,109-853-690-255-331,Error code: 429 - {'message': 'Limit Exceeded'}
,,,,,,005-507-866-767-697,Error code: 429 - {'message': 'Limit Exceeded'}
,,,,,,026-813-223-472-497,Error code: 429 - {'message': 'Limit Exceeded'}
,,,,,,103-547-658-057-366,Error code: 429 - {'message': 'Limit Exceeded'}
,,,,,,093-008-080-098-95X,Error code: 429 - {'message': 'Limit Exceeded'}
,,,,,,002-108-558-830-650,Error code: 429 - {'message': 'Limit Exceeded'}
,,,,,,053-222-296-404-334,Error code: 429 - {'message': 'Limit Exceeded'}
,,,,,,014-454-766-734-150,Error code: 429 - {'message': 'Limit Exceeded'}
,,,,,,011-282-840-128-355,Error code: 429 - {'message': 'Limit Exceeded'}
,,,,,,006-307-291-943-53X,Error code: 429 - {'message': 'Limit Exceeded'}
,,,,,,043-567-337-828-389,Error code: 429 - {'message': 'Limit Exceeded'}
,,,,,,014-136-146-151-68X,Error code: 429 - {'message': 'Limit Exceeded'}
,,,,,,008-590-750-972-567,Error code: 429 - {'message': 'Limit Exceeded'}
,,,,,,021-623-304-036-807,Error code: 429 - {'message': 'Limit Exceeded'}
,,,,,,023-834-852-942-053,Error code: 429 - {'message': 'Limit Exceeded'}
,,,,,,023-387-465-368-31X,Error code: 429 - {'message': 'Limit Exceeded'}
,,,,,,016-622-305-196-495,Error code: 429 - {'message': 'Limit Exceeded'}
,,,,,,043-872-556-449-187,Error code: 429 - {'message': 'Limit Exceeded'}
,,,,,,034-169-870-188-025,Error code: 429 - {'message': 'Limit Exceeded'}
,,,,,,053-260-026-429-061,Error code: 429 - {'message': 'Limit Exceeded'}
,,,,,,054-756-334-058-51X,Error code: 429 - {'message': 'Limit Exceeded'}
,,,,,,069-793-579-445-769,Error code: 429 - {'message': 'Limit Exceeded'}
,,,,,,051-172-843-672-755,Error code: 429 - {'message': 'Limit Exceeded'}
,,,,,,076-570-754-673-343,Error code: 429 - {'message': 'Limit Exceeded'}
,,,,,,081-538-428-629-671,Error code: 429 - {'message': 'Limit Exceeded'}
,,,,,,063-131-255-269-892,Error code: 429 - {'message': 'Limit Exceeded'}
,,,,,,060-489-257-256-566,Error code: 429 - {'message': 'Limit Exceeded'}
,,,,,,071-319-560-239-432,Error code: 429 - {'message': 'Limit Exceeded'}
,,,,,,071-655-052-097-063,Error code: 429 - {'message': 'Limit Exceeded'}
,,,,,,082-610-736-987-454,Error code: 429 - {'message': 'Limit Exceeded'}
,,,,,,102-359-747-205-098,Error code: 429 - {'message': 'Limit Exceeded'}
,,,,,,109-643-549-077-50X,Error code: 429 - {'message': 'Limit Exceeded'}
,,,,,,095-635-340-427-381,Error code: 429 - {'message': 'Limit Exceeded'}
,,,,,,092-381-789-651-029,Error code: 429 - {'message': 'Limit Exceeded'}
,,,,,,099-011-363-977-140,Error code: 429 - {'message': 'Limit Exceeded'}
,,,,,,093-769-502-088-302,Error code: 429 - {'message': 'Limit Exceeded'}
,,,,,,096-205-447-372-778,Error code: 429 - {'message': 'Limit Exceeded'}
,,,,,,099-884-720-525-955,Error code: 429 - {'message': 'Limit Exceeded'}
,,,,,,103-723-941-090-188,Error code: 429 - {'message': 'Limit Exceeded'}
,,,,,,106-497-117-157-926,Error code: 429 - {'message': 'Limit Exceeded'}
,,,,,,117-508-764-296-762,Error code: 429 - {'message': 'Limit Exceeded'}
,,,,,,114-735-314-683-344,Error code: 429 - {'message': 'Limit Exceeded'}
,,,,,,112-673-929-995-447,Error code: 429 - {'message': 'Limit Exceeded'}
,,,,,,127-428-344-065-899,Error code: 429 - {'message': 'Limit Exceeded'}
,,,,,,122-825-784-061-266,Error code: 429 - {'message': 'Limit Exceeded'}
,,,,,,139-890-154-072-452,Error code: 429 - {'message': 'Limit Exceeded'}
,,,,,,138-692-962-631-319,Error code: 429 - {'message': 'Limit Exceeded'}
,,,,,,130-046-732-851-44X,Error code: 429 - {'message': 'Limit Exceeded'}
,,,,,,177-622-958-537-486,Error code: 429 - {'message': 'Limit Exceeded'}
,,,,,,182-085-651-002-655,Error code: 429 - {'message': 'Limit Exceeded'}
,,,,,,135-080-403-913-831,Error code: 429 - {'message': 'Limit Exceeded'}
,,,,,,149-514-208-760-300,Error code: 429 - {'message': 'Limit Exceeded'}
,,,,,,147-706-964-902-224,Error code: 429 - {'message': 'Limit Exceeded'}
,,,,,,137-792-269-244-646,Error code: 429 - {'message': 'Limit Exceeded'}
,,,,,,149-631-940-852-583,Error code: 429 - {'message': 'Limit Exceeded'}
,,,,,,164-413-933-569-972,Error code: 429 - {'message': 'Limit Exceeded'}
,,,,,,156-398-277-721-485,Error code: 429 - {'message': 'Limit Exceeded'}
,,,,,,158-351-633-701-662,Error code: 429 - {'message': 'Limit Exceeded'}
,,,,,,156-711-405-091-181,Error code: 429 - {'message': 'Limit Exceeded'}
,,,,,,173-622-876-302-661,Error code: 429 - {'message': 'Limit Exceeded'}
,,,,,,175-859-767-252-915,Error code: 429 - {'message': 'Limit Exceeded'}
,,,,,,166-128-220-730-48X,Error code: 429 - {'message': 'Limit Exceeded'}
,,,,,,189-355-883-657-708,Error code: 429 - {'message': 'Limit Exceeded'}
,,,,,,182-418-700-595-016,Error code: 429 - {'message': 'Limit Exceeded'}
,,,,,,171-349-570-188-870,Error code: 429 - {'message': 'Limit Exceeded'}
,,,,,,185-287-419-298-759,Error code: 429 - {'message': 'Limit Exceeded'}
,,,,,,193-902-491-106-098,Error code: 429 - {'message': 'Limit Exceeded'}
,,,,,,193-130-506-391-083,Error code: 429 - {'message': 'Limit Exceeded'}
,,,,,,197-371-971-357-166,Error code: 429 - {'message': 'Limit Exceeded'}
,,,,,,199-131-942-634-849,Error code: 429 - {'message': 'Limit Exceeded'}
,,,,,,051-060-334-487-176,Error code: 429 - {'message': 'Limit Exceeded'}
,,,,,,113-002-961-661-139,Error code: 429 - {'message': 'Limit Exceeded'}
,,,,,,120-784-396-416-730,Error code: 429 - {'message': 'Limit Exceeded'}
,,,,,,133-690-829-296-08X,Error code: 429 - {'message': 'Limit Exceeded'}
,,,,,,153-559-123-748-197,Error code: 429 - {'message': 'Limit Exceeded'}
,,,,,,128-772-656-221-888,Error code: 429 - {'message': 'Limit Exceeded'}
,,,,,,166-038-488-954-063,Error code: 429 - {'message': 'Limit Exceeded'}
,,,,,,126-234-910-564-157,Error code: 429 - {'message': 'Limit Exceeded'}
,,,,,,005-703-396-033-32X,Error code: 429 - {'message': 'Limit Exceeded'}
,,,,,,006-814-016-073-222,Error code: 429 - {'message': 'Limit Exceeded'}
,,,,,,003-316-001-645-039,Error code: 429 - {'message': 'Limit Exceeded'}
,,,,,,006-961-731-685-885,Error code: 429 - {'message': 'Limit Exceeded'}
,,,,,,006-610-768-659-379,Error code: 429 - {'message': 'Limit Exceeded'}
,,,,,,025-453-297-263-636,Error code: 429 - {'message': 'Limit Exceeded'}
,,,,,,014-018-824-148-651,Error code: 429 - {'message': 'Limit Exceeded'}
,,,,,,010-544-039-055-796,Error code: 429 - {'message': 'Limit Exceeded'}
,,,,,,010-695-155-816-300,Error code: 429 - {'message': 'Limit Exceeded'}
,,,,,,041-828-455-683-66X,Error code: 429 - {'message': 'Limit Exceeded'}
,,,,,,033-898-513-546-166,Error code: 429 - {'message': 'Limit Exceeded'}
,,,,,,039-323-636-611-379,Error code: 429 - {'message': 'Limit Exceeded'}
,,,,,,044-123-622-167-099,Error code: 429 - {'message': 'Limit Exceeded'}
,,,,,,042-103-337-327-929,Error code: 429 - {'message': 'Limit Exceeded'}
,,,,,,059-595-899-502-750,Error code: 429 - {'message': 'Limit Exceeded'}
,,,,,,060-265-377-017-41X,Error code: 429 - {'message': 'Limit Exceeded'}
,,,,,,056-091-633-748-704,Error code: 429 - {'message': 'Limit Exceeded'}
,,,,,,064-231-763-978-403,Error code: 429 - {'message': 'Limit Exceeded'}
,,,,,,077-652-345-059-831,Error code: 429 - {'message': 'Limit Exceeded'}
,,,,,,077-636-147-797-040,Error code: 429 - {'message': 'Limit Exceeded'}
,,,,,,076-868-356-092-908,Error code: 429 - {'message': 'Limit Exceeded'}
,,,,,,079-709-324-592-589,Error code: 429 - {'message': 'Limit Exceeded'}
,,,,,,118-426-229-246-71X,Error code: 429 - {'message': 'Limit Exceeded'}
,,,,,,107-759-931-972-515,Error code: 429 - {'message': 'Limit Exceeded'}
,,,,,,114-027-374-968-264,Error code: 429 - {'message': 'Limit Exceeded'}
,,,,,,125-148-878-315-267,Error code: 429 - {'message': 'Limit Exceeded'}
,,,,,,129-671-782-886-251,Error code: 429 - {'message': 'Limit Exceeded'}
,,,,,,125-263-527-653-073,Error code: 429 - {'message': 'Limit Exceeded'}
,,,,,,122-925-404-268-723,Error code: 429 - {'message': 'Limit Exceeded'}
,,,,,,135-181-216-882-040,Error code: 429 - {'message': 'Limit Exceeded'}
,,,,,,139-577-992-868-133,Error code: 429 - {'message': 'Limit Exceeded'}
,,,,,,174-193-861-668-736,Error code: 429 - {'message': 'Limit Exceeded'}
,,,,,,170-365-839-635-535,Error code: 429 - {'message': 'Limit Exceeded'}
,,,,,,157-035-450-767-254,Error code: 429 - {'message': 'Limit Exceeded'}
,,,,,,149-715-882-103-872,Error code: 429 - {'message': 'Limit Exceeded'}
,,,,,,184-969-751-495-246,Error code: 429 - {'message': 'Limit Exceeded'}
,,,,,,190-551-990-158-334,Error code: 429 - {'message': 'Limit Exceeded'}
,,,,,,197-509-528-253-687,Error code: 429 - {'message': 'Limit Exceeded'}
,,,,,,196-685-146-918-395,Error code: 429 - {'message': 'Limit Exceeded'}
,,,,,,193-455-235-129-635,Error code: 429 - {'message': 'Limit Exceeded'}
,,,,,,025-671-992-198-616,Error code: 429 - {'message': 'Limit Exceeded'}
,,,,,,195-440-141-364-280,Error code: 429 - {'message': 'Limit Exceeded'}
,,,,,,068-147-881-955-791,Error code: 429 - {'message': 'Limit Exceeded'}
,,,,,,069-281-508-547-419,Error code: 429 - {'message': 'Limit Exceeded'}
,,,,,,078-909-680-882-435,Error code: 429 - {'message': 'Limit Exceeded'}
,,,,,,155-813-227-608-301,Error code: 429 - {'message': 'Limit Exceeded'}
,,,,,,180-068-866-368-876,Error code: 429 - {'message': 'Limit Exceeded'}
,,,,,,004-673-907-446-601,Error code: 429 - {'message': 'Limit Exceeded'}
,,,,,,013-890-609-791-56X,Error code: 429 - {'message': 'Limit Exceeded'}
,,,,,,004-571-748-185-303,Error code: 429 - {'message': 'Limit Exceeded'}
,,,,,,016-773-103-149-461,Error code: 429 - {'message': 'Limit Exceeded'}
,,,,,,016-433-929-196-108,Error code: 429 - {'message': 'Limit Exceeded'}
,,,,,,033-411-150-847-682,Error code: 429 - {'message': 'Limit Exceeded'}
,,,,,,027-900-336-533-614,Error code: 429 - {'message': 'Limit Exceeded'}
,,,,,,055-609-896-349-913,Error code: 429 - {'message': 'Limit Exceeded'}
,,,,,,055-022-291-297-847,Error code: 429 - {'message': 'Limit Exceeded'}
,,,,,,041-921-009-394-581,Error code: 429 - {'message': 'Limit Exceeded'}
,,,,,,040-392-283-416-934,Error code: 429 - {'message': 'Limit Exceeded'}
,,,,,,092-217-445-202-356,Error code: 429 - {'message': 'Limit Exceeded'}
,,,,,,085-192-261-265-844,Error code: 429 - {'message': 'Limit Exceeded'}
,,,,,,072-466-017-120-241,Error code: 429 - {'message': 'Limit Exceeded'}
,,,,,,074-526-277-539-406,Error code: 429 - {'message': 'Limit Exceeded'}
,,,,,,073-351-692-122-159,Error code: 429 - {'message': 'Limit Exceeded'}
,,,,,,096-441-613-854-532,Error code: 429 - {'message': 'Limit Exceeded'}
,,,,,,099-693-754-547-763,Error code: 429 - {'message': 'Limit Exceeded'}
,,,,,,074-717-599-076-899,Error code: 429 - {'message': 'Limit Exceeded'}
,,,,,,091-957-992-742-551,Error code: 429 - {'message': 'Limit Exceeded'}
,,,,,,107-754-502-900-967,Error code: 429 - {'message': 'Limit Exceeded'}
,,,,,,126-157-043-951-960,Error code: 429 - {'message': 'Limit Exceeded'}
,,,,,,115-576-418-121-97X,Error code: 429 - {'message': 'Limit Exceeded'}
,,,,,,123-468-950-898-226,Error code: 429 - {'message': 'Limit Exceeded'}
,,,,,,120-485-333-802-810,Error code: 429 - {'message': 'Limit Exceeded'}
,,,,,,125-838-931-938-315,Error code: 429 - {'message': 'Limit Exceeded'}
,,,,,,129-449-020-048-537,Error code: 429 - {'message': 'Limit Exceeded'}
,,,,,,148-236-451-620-590,Error code: 429 - {'message': 'Limit Exceeded'}
,,,,,,147-889-245-427-134,Error code: 429 - {'message': 'Limit Exceeded'}
,,,,,,153-584-745-775-709,Error code: 429 - {'message': 'Limit Exceeded'}
,,,,,,141-879-907-125-673,Error code: 429 - {'message': 'Limit Exceeded'}
,,,,,,145-809-761-898-017,Error code: 429 - {'message': 'Limit Exceeded'}
,,,,,,144-921-272-701-82X,Error code: 429 - {'message': 'Limit Exceeded'}
,,,,,,164-676-839-437-812,Error code: 429 - {'message': 'Limit Exceeded'}
,,,,,,191-847-811-461-573,Error code: 429 - {'message': 'Limit Exceeded'}
,,,,,,160-305-081-712-930,Error code: 429 - {'message': 'Limit Exceeded'}
,,,,,,163-866-994-367-755,Error code: 429 - {'message': 'Limit Exceeded'}
,,,,,,190-963-015-260-860,Error code: 429 - {'message': 'Limit Exceeded'}
,,,,,,123-305-433-837-883,Error code: 429 - {'message': 'Limit Exceeded'}
,,,,,,103-164-946-629-041,Error code: 429 - {'message': 'Limit Exceeded'}
,,,,,,181-036-587-298-457,Error code: 429 - {'message': 'Limit Exceeded'}
,,,,,,058-186-782-996-896,Error code: 429 - {'message': 'Limit Exceeded'}
,,,,,,148-118-895-014-316,Error code: 429 - {'message': 'Limit Exceeded'}
,,,,,,079-204-271-877-56X,Error code: 429 - {'message': 'Limit Exceeded'}
,,,,,,000-384-818-008-777,Error code: 429 - {'message': 'Limit Exceeded'}
,,,,,,023-085-809-635-394,Error code: 429 - {'message': 'Limit Exceeded'}
,,,,,,017-556-651-637-998,Error code: 429 - {'message': 'Limit Exceeded'}
,,,,,,022-264-417-994-678,Error code: 429 - {'message': 'Limit Exceeded'}
,,,,,,029-959-443-665-179,Error code: 429 - {'message': 'Limit Exceeded'}
,,,,,,032-146-418-568-908,Error code: 429 - {'message': 'Limit Exceeded'}
,,,,,,038-904-236-812-912,Error code: 429 - {'message': 'Limit Exceeded'}
,,,,,,046-430-524-860-95X,Error code: 429 - {'message': 'Limit Exceeded'}
,,,,,,048-660-015-971-586,Error code: 429 - {'message': 'Limit Exceeded'}
,,,,,,055-461-210-807-708,Error code: 429 - {'message': 'Limit Exceeded'}
,,,,,,040-100-501-057-312,Error code: 429 - {'message': 'Limit Exceeded'}
,,,,,,049-223-208-695-478,Error code: 429 - {'message': 'Limit Exceeded'}
,,,,,,050-424-073-662-092,Error code: 429 - {'message': 'Limit Exceeded'}
,,,,,,047-792-716-328-890,Error code: 429 - {'message': 'Limit Exceeded'}
,,,,,,061-376-282-190-023,Error code: 429 - {'message': 'Limit Exceeded'}
,,,,,,057-158-495-670-143,Error code: 429 - {'message': 'Limit Exceeded'}
,,,,,,083-263-028-477-536,Error code: 429 - {'message': 'Limit Exceeded'}
,,,,,,081-893-718-536-744,Error code: 429 - {'message': 'Limit Exceeded'}
,,,,,,056-265-845-653-886,Error code: 429 - {'message': 'Limit Exceeded'}
,,,,,,054-562-311-535-074,Error code: 429 - {'message': 'Limit Exceeded'}
,,,,,,067-636-137-152-086,Error code: 429 - {'message': 'Limit Exceeded'}
,,,,,,064-634-249-958-588,Error code: 429 - {'message': 'Limit Exceeded'}
,,,,,,067-407-339-661-429,Error code: 429 - {'message': 'Limit Exceeded'}
,,,,,,073-427-726-949-84X,Error code: 429 - {'message': 'Limit Exceeded'}
,,,,,,082-413-361-515-676,Error code: 429 - {'message': 'Limit Exceeded'}
,,,,,,079-167-481-262-117,Error code: 429 - {'message': 'Limit Exceeded'}
,,,,,,095-855-888-506-872,Error code: 429 - {'message': 'Limit Exceeded'}
,,,,,,092-735-827-953-032,Error code: 429 - {'message': 'Limit Exceeded'}
,,,,,,088-318-696-277-860,Error code: 429 - {'message': 'Limit Exceeded'}
,,,,,,114-923-052-389-724,Error code: 429 - {'message': 'Limit Exceeded'}
,,,,,,125-845-558-798-750,Error code: 429 - {'message': 'Limit Exceeded'}
,,,,,,117-970-902-830-995,Error code: 429 - {'message': 'Limit Exceeded'}
,,,,,,115-976-046-500-356,Error code: 429 - {'message': 'Limit Exceeded'}
,,,,,,130-895-351-166-269,Error code: 429 - {'message': 'Limit Exceeded'}
,,,,,,139-351-194-174-178,Error code: 429 - {'message': 'Limit Exceeded'}
,,,,,,159-722-505-424-10X,Error code: 429 - {'message': 'Limit Exceeded'}
,,,,,,162-674-126-966-261,Error code: 429 - {'message': 'Limit Exceeded'}
,,,,,,179-136-440-900-614,Error code: 429 - {'message': 'Limit Exceeded'}
,,,,,,171-319-583-727-821,Error code: 429 - {'message': 'Limit Exceeded'}
,,,,,,175-505-560-946-962,Error code: 429 - {'message': 'Limit Exceeded'}
,,,,,,170-891-508-578-898,Error code: 429 - {'message': 'Limit Exceeded'}
,,,,,,195-007-655-089-493,Error code: 429 - {'message': 'Limit Exceeded'}
,,,,,,186-505-281-387-474,Error code: 429 - {'message': 'Limit Exceeded'}
,,,,,,185-764-752-374-531,Error code: 429 - {'message': 'Limit Exceeded'}
,,,,,,091-486-396-411-192,Error code: 429 - {'message': 'Limit Exceeded'}
,,,,,,122-375-610-941-831,Error code: 429 - {'message': 'Limit Exceeded'}
,,,,,,186-628-182-324-363,Error code: 429 - {'message': 'Limit Exceeded'}
,,,,,,193-859-613-769-025,Error code: 429 - {'message': 'Limit Exceeded'}
,,,,,,075-365-221-280-927,Error code: 429 - {'message': 'Limit Exceeded'}
,,,,,,149-739-704-551-214,Error code: 429 - {'message': 'Limit Exceeded'}
,,,,,,054-780-045-051-40X,Error code: 429 - {'message': 'Limit Exceeded'}
,,,,,,112-875-840-479-310,Error code: 429 - {'message': 'Limit Exceeded'}
,,,,,,024-222-930-655-391,Error code: 429 - {'message': 'Limit Exceeded'}
,,,,,,007-666-320-583-686,Error code: 429 - {'message': 'Limit Exceeded'}
,,,,,,012-966-347-804-86X,Error code: 429 - {'message': 'Limit Exceeded'}
,,,,,,012-968-351-100-776,Error code: 429 - {'message': 'Limit Exceeded'}
,,,,,,023-421-349-829-664,Error code: 429 - {'message': 'Limit Exceeded'}
,,,,,,029-336-457-196-173,Error code: 429 - {'message': 'Limit Exceeded'}
,,,,,,020-210-100-282-043,Error code: 429 - {'message': 'Limit Exceeded'}
,,,,,,029-441-198-097-502,Error code: 429 - {'message': 'Limit Exceeded'}
,,,,,,024-819-707-583-200,Error code: 429 - {'message': 'Limit Exceeded'}
,,,,,,046-749-736-794-768,Error code: 429 - {'message': 'Limit Exceeded'}
,,,,,,041-672-936-237-662,Error code: 429 - {'message': 'Limit Exceeded'}
,,,,,,052-670-270-126-658,Error code: 429 - {'message': 'Limit Exceeded'}
,,,,,,058-960-124-205-802,Error code: 429 - {'message': 'Limit Exceeded'}
,,,,,,067-726-036-400-481,Error code: 429 - {'message': 'Limit Exceeded'}
,,,,,,070-849-046-926-389,Error code: 429 - {'message': 'Limit Exceeded'}
,,,,,,076-895-852-898-349,Error code: 429 - {'message': 'Limit Exceeded'}
,,,,,,072-383-740-385-413,Error code: 429 - {'message': 'Limit Exceeded'}
,,,,,,082-132-263-211-109,Error code: 429 - {'message': 'Limit Exceeded'}
,,,,,,081-198-287-367-453,Error code: 429 - {'message': 'Limit Exceeded'}
,,,,,,085-133-765-446-147,Error code: 429 - {'message': 'Limit Exceeded'}
,,,,,,102-801-131-922-098,Error code: 429 - {'message': 'Limit Exceeded'}
,,,,,,104-504-900-602-198,Error code: 429 - {'message': 'Limit Exceeded'}
,,,,,,110-303-461-821-730,Error code: 429 - {'message': 'Limit Exceeded'}
,,,,,,112-552-061-200-097,Error code: 429 - {'message': 'Limit Exceeded'}
,,,,,,137-808-860-638-857,Error code: 429 - {'message': 'Limit Exceeded'}
,,,,,,134-160-151-362-597,Error code: 429 - {'message': 'Limit Exceeded'}
,,,,,,131-884-603-086-955,Error code: 429 - {'message': 'Limit Exceeded'}
,,,,,,125-537-224-007-07X,Error code: 429 - {'message': 'Limit Exceeded'}
,,,,,,148-064-851-164-995,Error code: 429 - {'message': 'Limit Exceeded'}
,,,,,,145-021-941-702-479,Error code: 429 - {'message': 'Limit Exceeded'}
,,,,,,156-459-227-556-705,Error code: 429 - {'message': 'Limit Exceeded'}
,,,,,,159-748-523-897-096,Error code: 429 - {'message': 'Limit Exceeded'}
,,,,,,162-774-926-287-185,Error code: 429 - {'message': 'Limit Exceeded'}
,,,,,,195-006-759-771-652,Error code: 429 - {'message': 'Limit Exceeded'}
,,,,,,173-265-212-877-224,Error code: 429 - {'message': 'Limit Exceeded'}
,,,,,,173-950-785-334-847,Error code: 429 - {'message': 'Limit Exceeded'}
,,,,,,046-158-558-203-376,Error code: 429 - {'message': 'Limit Exceeded'}
,,,,,,196-803-952-488-013,Error code: 429 - {'message': 'Limit Exceeded'}
,,,,,,150-476-905-655-531,Error code: 429 - {'message': 'Limit Exceeded'}
,,,,,,072-077-372-821-254,Error code: 429 - {'message': 'Limit Exceeded'}
,,,,,,006-822-725-385-800,Error code: 429 - {'message': 'Limit Exceeded'}
,,,,,,008-960-471-172-394,Error code: 429 - {'message': 'Limit Exceeded'}
,,,,,,018-846-489-215-552,Error code: 429 - {'message': 'Limit Exceeded'}
,,,,,,017-344-091-171-127,Error code: 429 - {'message': 'Limit Exceeded'}
,,,,,,041-811-537-542-149,Error code: 429 - {'message': 'Limit Exceeded'}
,,,,,,035-803-584-780-919,Error code: 429 - {'message': 'Limit Exceeded'}
,,,,,,029-743-856-027-690,Error code: 429 - {'message': 'Limit Exceeded'}
,,,,,,027-483-422-690-742,Error code: 429 - {'message': 'Limit Exceeded'}
,,,,,,054-552-448-061-501,Error code: 429 - {'message': 'Limit Exceeded'}
,,,,,,052-369-230-746-155,Error code: 429 - {'message': 'Limit Exceeded'}
,,,,,,069-427-322-817-440,Error code: 429 - {'message': 'Limit Exceeded'}
,,,,,,070-279-133-848-110,Error code: 429 - {'message': 'Limit Exceeded'}
,,,,,,074-034-929-899-263,Error code: 429 - {'message': 'Limit Exceeded'}
,,,,,,067-273-550-473-30X,Error code: 429 - {'message': 'Limit Exceeded'}
,,,,,,091-354-612-482-08X,Error code: 429 - {'message': 'Limit Exceeded'}
,,,,,,100-549-649-740-366,Error code: 429 - {'message': 'Limit Exceeded'}
,,,,,,117-079-948-865-322,Error code: 429 - {'message': 'Limit Exceeded'}
,,,,,,119-698-159-442-787,Error code: 429 - {'message': 'Limit Exceeded'}
,,,,,,104-770-773-140-067,Error code: 429 - {'message': 'Limit Exceeded'}
,,,,,,117-769-004-304-569,Error code: 429 - {'message': 'Limit Exceeded'}
,,,,,,119-784-670-543-228,Error code: 429 - {'message': 'Limit Exceeded'}
,,,,,,126-916-338-494-941,Error code: 429 - {'message': 'Limit Exceeded'}
,,,,,,141-466-851-649-260,Error code: 429 - {'message': 'Limit Exceeded'}
,,,,,,162-301-820-029-399,Error code: 429 - {'message': 'Limit Exceeded'}
,,,,,,163-177-715-920-180,Error code: 429 - {'message': 'Limit Exceeded'}
,,,,,,151-288-157-522-722,Error code: 429 - {'message': 'Limit Exceeded'}
,,,,,,152-098-596-617-829,Error code: 429 - {'message': 'Limit Exceeded'}
,,,,,,175-121-289-617-463,Error code: 429 - {'message': 'Limit Exceeded'}
,,,,,,188-074-604-444-463,Error code: 429 - {'message': 'Limit Exceeded'}
,,,,,,190-773-194-090-002,Error code: 429 - {'message': 'Limit Exceeded'}
,,,,,,186-955-556-517-45X,Error code: 429 - {'message': 'Limit Exceeded'}
,,,,,,193-443-950-587-24X,Error code: 429 - {'message': 'Limit Exceeded'}
,,,,,,199-309-040-353-373,Error code: 429 - {'message': 'Limit Exceeded'}
,,,,,,017-267-776-083-174,Error code: 429 - {'message': 'Limit Exceeded'}
,,,,,,017-563-111-064-100,Error code: 429 - {'message': 'Limit Exceeded'}
,,,,,,192-842-344-370-421,Error code: 429 - {'message': 'Limit Exceeded'}
,,,,,,131-784-464-800-582,Error code: 429 - {'message': 'Limit Exceeded'}
,,,,,,002-458-792-079-527,Error code: 429 - {'message': 'Limit Exceeded'}
,,,,,,022-442-421-311-402,Error code: 429 - {'message': 'Limit Exceeded'}
,,,,,,017-085-231-777-857,Error code: 429 - {'message': 'Limit Exceeded'}
,,,,,,019-030-068-626-470,Error code: 429 - {'message': 'Limit Exceeded'}
,,,,,,022-370-561-746-563,Error code: 429 - {'message': 'Limit Exceeded'}
,,,,,,029-583-502-628-042,Error code: 429 - {'message': 'Limit Exceeded'}
,,,,,,036-733-997-577-164,Error code: 429 - {'message': 'Limit Exceeded'}
,,,,,,036-320-244-745-383,Error code: 429 - {'message': 'Limit Exceeded'}
,,,,,,077-081-677-130-562,Error code: 429 - {'message': 'Limit Exceeded'}
,,,,,,047-227-275-206-027,Error code: 429 - {'message': 'Limit Exceeded'}
,,,,,,044-151-491-928-027,Error code: 429 - {'message': 'Limit Exceeded'}
,,,,,,054-950-889-053-05X,Error code: 429 - {'message': 'Limit Exceeded'}
,,,,,,056-902-907-295-113,Error code: 429 - {'message': 'Limit Exceeded'}
,,,,,,062-261-753-112-379,Error code: 429 - {'message': 'Limit Exceeded'}
,,,,,,086-012-270-896-651,Error code: 429 - {'message': 'Limit Exceeded'}
,,,,,,100-064-100-678-424,Error code: 429 - {'message': 'Limit Exceeded'}
,,,,,,125-411-576-839-984,Error code: 429 - {'message': 'Limit Exceeded'}
,,,,,,104-182-748-553-723,Error code: 429 - {'message': 'Limit Exceeded'}
,,,,,,151-749-016-828-698,Error code: 429 - {'message': 'Limit Exceeded'}
,,,,,,132-141-025-150-087,Error code: 429 - {'message': 'Limit Exceeded'}
,,,,,,162-082-978-372-042,Error code: 429 - {'message': 'Limit Exceeded'}
,,,,,,165-711-279-443-874,Error code: 429 - {'message': 'Limit Exceeded'}
,,,,,,150-196-944-197-274,Error code: 429 - {'message': 'Limit Exceeded'}
,,,,,,173-620-380-423-911,Error code: 429 - {'message': 'Limit Exceeded'}
,,,,,,103-090-408-931-797,Error code: 429 - {'message': 'Limit Exceeded'}
,,,,,,188-517-133-909-227,Error code: 429 - {'message': 'Limit Exceeded'}
,,,,,,193-096-643-712-182,Error code: 429 - {'message': 'Limit Exceeded'}
,,,,,,195-914-076-592-499,Error code: 429 - {'message': 'Limit Exceeded'}
,,,,,,085-018-100-221-994,Error code: 429 - {'message': 'Limit Exceeded'}
,,,,,,178-519-180-498-279,Error code: 429 - {'message': 'Limit Exceeded'}
,,,,,,080-329-716-643-753,Error code: 429 - {'message': 'Limit Exceeded'}
,,,,,,005-344-981-223-552,Error code: 429 - {'message': 'Limit Exceeded'}
,,,,,,026-468-352-598-075,Error code: 429 - {'message': 'Limit Exceeded'}
,,,,,,025-353-149-768-95X,Error code: 429 - {'message': 'Limit Exceeded'}
,,,,,,030-562-742-080-242,Error code: 429 - {'message': 'Limit Exceeded'}
,,,,,,024-357-858-166-945,Error code: 429 - {'message': 'Limit Exceeded'}
,,,,,,040-890-380-307-731,Error code: 429 - {'message': 'Limit Exceeded'}
,,,,,,046-229-186-493-557,Error code: 429 - {'message': 'Limit Exceeded'}
,,,,,,033-174-921-412-470,Error code: 429 - {'message': 'Limit Exceeded'}
,,,,,,047-997-633-845-007,Error code: 429 - {'message': 'Limit Exceeded'}
,,,,,,053-809-210-173-540,Error code: 429 - {'message': 'Limit Exceeded'}
,,,,,,052-079-779-314-063,Error code: 429 - {'message': 'Limit Exceeded'}
,,,,,,074-962-069-090-625,Error code: 429 - {'message': 'Limit Exceeded'}
,,,,,,074-367-608-300-833,Error code: 429 - {'message': 'Limit Exceeded'}
,,,,,,073-391-408-806-50X,Error code: 429 - {'message': 'Limit Exceeded'}
,,,,,,091-008-942-368-659,Error code: 429 - {'message': 'Limit Exceeded'}
,,,,,,082-192-109-886-874,Error code: 429 - {'message': 'Limit Exceeded'}
,,,,,,116-091-609-511-306,Error code: 429 - {'message': 'Limit Exceeded'}
,,,,,,102-640-858-775-856,Error code: 429 - {'message': 'Limit Exceeded'}
,,,,,,097-341-953-922-827,Error code: 429 - {'message': 'Limit Exceeded'}
,,,,,,093-931-017-225-396,Error code: 429 - {'message': 'Limit Exceeded'}
,,,,,,116-783-478-574-039,Error code: 429 - {'message': 'Limit Exceeded'}
,,,,,,118-341-851-779-636,Error code: 429 - {'message': 'Limit Exceeded'}
,,,,,,113-564-199-653-907,Error code: 429 - {'message': 'Limit Exceeded'}
,,,,,,142-687-113-023-763,Error code: 429 - {'message': 'Limit Exceeded'}
,,,,,,140-534-501-783-158,Error code: 429 - {'message': 'Limit Exceeded'}
,,,,,,137-950-828-671-734,Error code: 429 - {'message': 'Limit Exceeded'}
,,,,,,153-474-248-775-102,Error code: 429 - {'message': 'Limit Exceeded'}
,,,,,,181-818-594-962-244,Error code: 429 - {'message': 'Limit Exceeded'}
,,,,,,183-797-164-051-080,Error code: 429 - {'message': 'Limit Exceeded'}
,,,,,,095-188-734-595-482,Error code: 429 - {'message': 'Limit Exceeded'}
,,,,,,173-139-912-843-570,Error code: 429 - {'message': 'Limit Exceeded'}
,,,,,,105-189-474-248-833,Error code: 429 - {'message': 'Limit Exceeded'}
,,,,,,166-997-653-820-864,Error code: 429 - {'message': 'Limit Exceeded'}
,,,,,,019-850-070-994-348,Error code: 429 - {'message': 'Limit Exceeded'}
,,,,,,009-819-624-454-493,Error code: 429 - {'message': 'Limit Exceeded'}
,,,,,,010-455-884-868-853,Error code: 429 - {'message': 'Limit Exceeded'}
,,,,,,015-259-381-838-533,Error code: 429 - {'message': 'Limit Exceeded'}
,,,,,,024-920-712-796-856,Error code: 429 - {'message': 'Limit Exceeded'}
,,,,,,054-291-122-663-112,Error code: 429 - {'message': 'Limit Exceeded'}
,,,,,,044-278-904-847-013,Error code: 429 - {'message': 'Limit Exceeded'}
,,,,,,047-912-336-803-470,Error code: 429 - {'message': 'Limit Exceeded'}
,,,,,,061-623-908-443-156,Error code: 429 - {'message': 'Limit Exceeded'}
,,,,,,057-248-543-983-398,Error code: 429 - {'message': 'Limit Exceeded'}
,,,,,,084-559-721-347-843,Error code: 429 - {'message': 'Limit Exceeded'}
,,,,,,107-236-171-765-544,Error code: 429 - {'message': 'Limit Exceeded'}
,,,,,,106-045-504-690-15X,Error code: 429 - {'message': 'Limit Exceeded'}
,,,,,,117-892-790-220-875,Error code: 429 - {'message': 'Limit Exceeded'}
,,,,,,116-693-353-657-202,Error code: 429 - {'message': 'Limit Exceeded'}
,,,,,,116-980-796-750-280,Error code: 429 - {'message': 'Limit Exceeded'}
,,,,,,134-002-185-348-511,Error code: 429 - {'message': 'Limit Exceeded'}
,,,,,,137-233-228-044-399,Error code: 429 - {'message': 'Limit Exceeded'}
,,,,,,129-183-254-246-813,Error code: 429 - {'message': 'Limit Exceeded'}
,,,,,,137-864-758-872-512,Error code: 429 - {'message': 'Limit Exceeded'}
,,,,,,158-911-145-476-497,Error code: 429 - {'message': 'Limit Exceeded'}
,,,,,,152-458-399-270-834,Error code: 429 - {'message': 'Limit Exceeded'}
,,,,,,169-946-686-898-341,Error code: 429 - {'message': 'Limit Exceeded'}
,,,,,,175-133-546-043-762,Error code: 429 - {'message': 'Limit Exceeded'}
,,,,,,173-800-310-951-32X,Error code: 429 - {'message': 'Limit Exceeded'}
,,,,,,161-571-796-771-238,Error code: 429 - {'message': 'Limit Exceeded'}
,,,,,,160-794-806-777-804,Error code: 429 - {'message': 'Limit Exceeded'}
,,,,,,173-440-274-062-114,Error code: 429 - {'message': 'Limit Exceeded'}
,,,,,,187-226-783-579-446,Error code: 429 - {'message': 'Limit Exceeded'}
,,,,,,182-670-108-314-945,Error code: 429 - {'message': 'Limit Exceeded'}
,,,,,,050-537-735-079-017,Error code: 429 - {'message': 'Limit Exceeded'}
,,,,,,008-889-538-485-207,Error code: 429 - {'message': 'Limit Exceeded'}
,,,,,,061-382-807-789-751,Error code: 429 - {'message': 'Limit Exceeded'}
,,,,,,100-563-305-437-911,Error code: 429 - {'message': 'Limit Exceeded'}
,,,,,,014-448-529-339-703,Error code: 429 - {'message': 'Limit Exceeded'}
,,,,,,006-514-491-124-071,Error code: 429 - {'message': 'Limit Exceeded'}
,,,,,,014-452-580-965-672,Error code: 429 - {'message': 'Limit Exceeded'}
,,,,,,013-540-915-819-567,Error code: 429 - {'message': 'Limit Exceeded'}
,,,,,,030-935-103-384-775,Error code: 429 - {'message': 'Limit Exceeded'}
,,,,,,027-899-080-448-890,Error code: 429 - {'message': 'Limit Exceeded'}
,,,,,,030-041-136-437-412,Error code: 429 - {'message': 'Limit Exceeded'}
,,,,,,022-555-798-561-664,Error code: 429 - {'message': 'Limit Exceeded'}
,,,,,,024-450-572-465-022,Error code: 429 - {'message': 'Limit Exceeded'}
,,,,,,039-141-708-801-693,Error code: 429 - {'message': 'Limit Exceeded'}
,,,,,,032-992-008-670-03X,Error code: 429 - {'message': 'Limit Exceeded'}
,,,,,,061-785-782-851-913,Error code: 429 - {'message': 'Limit Exceeded'}
,,,,,,063-165-374-253-629,Error code: 429 - {'message': 'Limit Exceeded'}
,,,,,,058-183-030-907-666,Error code: 429 - {'message': 'Limit Exceeded'}
,,,,,,081-010-770-862-289,Error code: 429 - {'message': 'Limit Exceeded'}
,,,,,,082-013-851-073-513,Error code: 429 - {'message': 'Limit Exceeded'}
,,,,,,073-532-095-373-833,Error code: 429 - {'message': 'Limit Exceeded'}
,,,,,,072-708-916-671-847,Error code: 429 - {'message': 'Limit Exceeded'}
,,,,,,072-469-900-776-120,Error code: 429 - {'message': 'Limit Exceeded'}
,,,,,,064-766-259-085-113,Error code: 429 - {'message': 'Limit Exceeded'}
,,,,,,106-278-774-415-366,Error code: 429 - {'message': 'Limit Exceeded'}
,,,,,,100-300-088-103-67X,Error code: 429 - {'message': 'Limit Exceeded'}
,,,,,,120-554-722-523-539,Error code: 429 - {'message': 'Limit Exceeded'}
,,,,,,131-773-918-107-288,Error code: 429 - {'message': 'Limit Exceeded'}
,,,,,,136-899-241-887-467,Error code: 429 - {'message': 'Limit Exceeded'}
,,,,,,142-430-443-589-918,Error code: 429 - {'message': 'Limit Exceeded'}
,,,,,,129-500-230-636-75X,Error code: 429 - {'message': 'Limit Exceeded'}
,,,,,,153-490-113-673-192,Error code: 429 - {'message': 'Limit Exceeded'}
,,,,,,158-635-946-905-601,Error code: 429 - {'message': 'Limit Exceeded'}
,,,,,,155-658-727-759-23X,Error code: 429 - {'message': 'Limit Exceeded'}
,,,,,,147-745-722-874-867,Error code: 429 - {'message': 'Limit Exceeded'}
,,,,,,144-153-487-602-096,Error code: 429 - {'message': 'Limit Exceeded'}
,,,,,,178-082-514-251-892,Error code: 429 - {'message': 'Limit Exceeded'}
,,,,,,188-752-933-105-681,Error code: 429 - {'message': 'Limit Exceeded'}
,,,,,,199-770-428-203-449,Error code: 429 - {'message': 'Limit Exceeded'}
,,,,,,138-312-978-931-861,Error code: 429 - {'message': 'Limit Exceeded'}
,,,,,,007-789-331-885-428,Error code: 429 - {'message': 'Limit Exceeded'}
,,,,,,003-783-398-753-726,Error code: 429 - {'message': 'Limit Exceeded'}
,,,,,,013-287-333-155-311,Error code: 429 - {'message': 'Limit Exceeded'}
,,,,,,014-396-879-683-043,Error code: 429 - {'message': 'Limit Exceeded'}
,,,,,,013-909-856-753-226,Error code: 429 - {'message': 'Limit Exceeded'}
,,,,,,031-897-585-709-350,Error code: 429 - {'message': 'Limit Exceeded'}
,,,,,,028-968-946-498-745,Error code: 429 - {'message': 'Limit Exceeded'}
,,,,,,019-482-598-762-40X,Error code: 429 - {'message': 'Limit Exceeded'}
,,,,,,054-324-217-086-969,Error code: 429 - {'message': 'Limit Exceeded'}
,,,,,,046-323-514-991-047,Error code: 429 - {'message': 'Limit Exceeded'}
,,,,,,059-388-624-248-675,Error code: 429 - {'message': 'Limit Exceeded'}
,,,,,,062-290-360-121-058,Error code: 429 - {'message': 'Limit Exceeded'}
,,,,,,091-267-649-040-968,Error code: 429 - {'message': 'Limit Exceeded'}
,,,,,,095-224-858-668-589,Error code: 429 - {'message': 'Limit Exceeded'}
,,,,,,101-241-029-759-053,Error code: 429 - {'message': 'Limit Exceeded'}
,,,,,,096-337-474-911-049,Error code: 429 - {'message': 'Limit Exceeded'}
,,,,,,098-493-117-365-067,Error code: 429 - {'message': 'Limit Exceeded'}
,,,,,,096-957-432-064-440,Error code: 429 - {'message': 'Limit Exceeded'}
,,,,,,107-050-886-572-396,Error code: 429 - {'message': 'Limit Exceeded'}
,,,,,,123-404-764-269-087,Error code: 429 - {'message': 'Limit Exceeded'}
,,,,,,138-721-100-195-226,Error code: 429 - {'message': 'Limit Exceeded'}
,,,,,,172-537-067-796-486,Error code: 429 - {'message': 'Limit Exceeded'}
,,,,,,159-768-273-699-537,Error code: 429 - {'message': 'Limit Exceeded'}
,,,,,,051-619-645-838-185,Error code: 429 - {'message': 'Limit Exceeded'}
,,,,,,053-842-838-548-55X,Error code: 429 - {'message': 'Limit Exceeded'}
,,,,,,109-138-967-668-137,Error code: 429 - {'message': 'Limit Exceeded'}
,,,,,,000-732-746-939-844,Error code: 429 - {'message': 'Limit Exceeded'}
,,,,,,004-225-733-694-082,Error code: 429 - {'message': 'Limit Exceeded'}
,,,,,,001-731-385-375-036,Error code: 429 - {'message': 'Limit Exceeded'}
,,,,,,011-244-219-978-522,Error code: 429 - {'message': 'Limit Exceeded'}
,,,,,,060-897-639-283-239,Error code: 429 - {'message': 'Limit Exceeded'}
,,,,,,041-660-502-669-523,Error code: 429 - {'message': 'Limit Exceeded'}
,,,,,,034-371-343-297-616,Error code: 429 - {'message': 'Limit Exceeded'}
,,,,,,047-194-679-228-486,Error code: 429 - {'message': 'Limit Exceeded'}
,,,,,,049-043-156-046-960,Error code: 429 - {'message': 'Limit Exceeded'}
,,,,,,063-438-681-377-841,Error code: 429 - {'message': 'Limit Exceeded'}
,,,,,,082-645-282-086-458,Error code: 429 - {'message': 'Limit Exceeded'}
,,,,,,084-627-686-942-699,Error code: 429 - {'message': 'Limit Exceeded'}
,,,,,,089-124-164-855-27X,Error code: 429 - {'message': 'Limit Exceeded'}
,,,,,,111-115-783-089-122,Error code: 429 - {'message': 'Limit Exceeded'}
,,,,,,121-858-420-143-61X,Error code: 429 - {'message': 'Limit Exceeded'}
,,,,,,160-424-719-813-59X,Error code: 429 - {'message': 'Limit Exceeded'}
,,,,,,162-033-088-235-803,Error code: 429 - {'message': 'Limit Exceeded'}
,,,,,,145-684-024-684-792,Error code: 429 - {'message': 'Limit Exceeded'}
,,,,,,149-405-349-835-406,Error code: 429 - {'message': 'Limit Exceeded'}
,,,,,,161-157-339-447-375,Error code: 429 - {'message': 'Limit Exceeded'}
,,,,,,195-525-687-155-280,Error code: 429 - {'message': 'Limit Exceeded'}
,,,,,,034-553-205-273-285,Error code: 429 - {'message': 'Limit Exceeded'}
,,,,,,049-859-530-706-597,Error code: 429 - {'message': 'Limit Exceeded'}
,,,,,,003-921-633-933-261,Error code: 429 - {'message': 'Limit Exceeded'}
,,,,,,031-243-736-255-366,Error code: 429 - {'message': 'Limit Exceeded'}
,,,,,,036-862-131-750-22X,Error code: 429 - {'message': 'Limit Exceeded'}
,,,,,,050-049-616-765-96X,Error code: 429 - {'message': 'Limit Exceeded'}
,,,,,,068-401-760-092-425,Error code: 429 - {'message': 'Limit Exceeded'}
,,,,,,062-440-429-755-472,Error code: 429 - {'message': 'Limit Exceeded'}
,,,,,,059-021-550-752-658,Error code: 429 - {'message': 'Limit Exceeded'}
,,,,,,086-574-767-534-87X,Error code: 429 - {'message': 'Limit Exceeded'}
,,,,,,065-564-520-376-071,Error code: 429 - {'message': 'Limit Exceeded'}
,,,,,,069-713-829-482-173,Error code: 429 - {'message': 'Limit Exceeded'}
,,,,,,083-402-481-190-258,Error code: 429 - {'message': 'Limit Exceeded'}
,,,,,,101-596-830-781-283,Error code: 429 - {'message': 'Limit Exceeded'}
,,,,,,124-814-416-737-698,Error code: 429 - {'message': 'Limit Exceeded'}
,,,,,,151-517-552-547-993,Error code: 429 - {'message': 'Limit Exceeded'}
,,,,,,165-973-685-652-620,Error code: 429 - {'message': 'Limit Exceeded'}
,,,,,,169-859-636-460-186,Error code: 429 - {'message': 'Limit Exceeded'}
,,,,,,175-353-174-284-868,Error code: 429 - {'message': 'Limit Exceeded'}
,,,,,,195-602-057-451-620,Error code: 429 - {'message': 'Limit Exceeded'}
,,,,,,183-570-460-836-003,Error code: 429 - {'message': 'Limit Exceeded'}
,,,,,,068-588-064-858-40X,Error code: 429 - {'message': 'Limit Exceeded'}
,,,,,,196-055-099-260-191,Error code: 429 - {'message': 'Limit Exceeded'}
,,,,,,199-904-436-739-682,Error code: 429 - {'message': 'Limit Exceeded'}
,,,,,,069-530-078-084-059,Error code: 429 - {'message': 'Limit Exceeded'}
,,,,,,043-648-642-297-670,Error code: 429 - {'message': 'Limit Exceeded'}
,,,,,,182-980-212-497-896,Error code: 429 - {'message': 'Limit Exceeded'}
,,,,,,065-469-962-138-569,Error code: 429 - {'message': 'Limit Exceeded'}
,,,,,,104-678-009-847-508,Error code: 429 - {'message': 'Limit Exceeded'}
,,,,,,112-048-212-865-932,Error code: 429 - {'message': 'Limit Exceeded'}
,,,,,,015-039-223-608-615,Error code: 429 - {'message': 'Limit Exceeded'}
,,,,,,021-871-449-599-881,Error code: 429 - {'message': 'Limit Exceeded'}
,,,,,,024-516-573-266-008,Error code: 429 - {'message': 'Limit Exceeded'}
,,,,,,045-216-642-686-653,Error code: 429 - {'message': 'Limit Exceeded'}
,,,,,,067-269-258-072-240,Error code: 429 - {'message': 'Limit Exceeded'}
,,,,,,064-226-094-481-451,Error code: 429 - {'message': 'Limit Exceeded'}
,,,,,,083-644-950-784-983,Error code: 429 - {'message': 'Limit Exceeded'}
,,,,,,094-086-806-907-833,Error code: 429 - {'message': 'Limit Exceeded'}
,,,,,,102-829-056-588-791,Error code: 429 - {'message': 'Limit Exceeded'}
,,,,,,096-258-613-852-355,Error code: 429 - {'message': 'Limit Exceeded'}
,,,,,,112-029-022-066-140,Error code: 429 - {'message': 'Limit Exceeded'}
,,,,,,106-699-134-831-105,Error code: 429 - {'message': 'Limit Exceeded'}
,,,,,,123-523-629-350-87X,Error code: 429 - {'message': 'Limit Exceeded'}
,,,,,,119-675-245-616-809,Error code: 429 - {'message': 'Limit Exceeded'}
,,,,,,134-545-875-913-830,Error code: 429 - {'message': 'Limit Exceeded'}
,,,,,,192-702-482-807-295,Error code: 429 - {'message': 'Limit Exceeded'}
,,,,,,146-501-038-971-823,Error code: 429 - {'message': 'Limit Exceeded'}
,,,,,,160-522-169-701-532,Error code: 429 - {'message': 'Limit Exceeded'}
,,,,,,161-920-611-778-875,Error code: 429 - {'message': 'Limit Exceeded'}
,,,,,,149-545-384-344-981,Error code: 429 - {'message': 'Limit Exceeded'}
,,,,,,078-010-246-823-867,Error code: 429 - {'message': 'Limit Exceeded'}
,,,,,,157-938-663-287-091,Error code: 429 - {'message': 'Limit Exceeded'}
,,,,,,186-874-186-667-041,Error code: 429 - {'message': 'Limit Exceeded'}
,,,,,,005-382-031-934-286,Error code: 429 - {'message': 'Limit Exceeded'}
,,,,,,008-729-540-121-274,Error code: 429 - {'message': 'Limit Exceeded'}
,,,,,,018-404-900-689-291,Error code: 429 - {'message': 'Limit Exceeded'}
,,,,,,018-803-250-474-237,Error code: 429 - {'message': 'Limit Exceeded'}
,,,,,,050-796-714-419-680,Error code: 429 - {'message': 'Limit Exceeded'}
,,,,,,057-517-556-692-875,Error code: 429 - {'message': 'Limit Exceeded'}
,,,,,,149-112-236-673-915,Error code: 429 - {'message': 'Limit Exceeded'}
,,,,,,138-627-429-723-193,Error code: 429 - {'message': 'Limit Exceeded'}
,,,,,,175-600-136-827-775,Error code: 429 - {'message': 'Limit Exceeded'}
,,,,,,159-281-633-850-68X,Error code: 429 - {'message': 'Limit Exceeded'}
,,,,,,158-368-390-963-588,Error code: 429 - {'message': 'Limit Exceeded'}
,,,,,,150-051-869-288-346,Error code: 429 - {'message': 'Limit Exceeded'}
,,,,,,168-168-300-001-307,Error code: 429 - {'message': 'Limit Exceeded'}
,,,,,,191-523-089-067-489,Error code: 429 - {'message': 'Limit Exceeded'}
,,,,,,148-601-847-745-042,Error code: 429 - {'message': 'Limit Exceeded'}
,,,,,,010-114-145-219-600,Error code: 429 - {'message': 'Limit Exceeded'}
,,,,,,023-684-611-870-852,Error code: 429 - {'message': 'Limit Exceeded'}
,,,,,,017-401-270-741-496,Error code: 429 - {'message': 'Limit Exceeded'}
,,,,,,029-151-897-099-691,Error code: 429 - {'message': 'Limit Exceeded'}
,,,,,,018-339-116-763-269,Error code: 429 - {'message': 'Limit Exceeded'}
,,,,,,030-361-123-472-30X,Error code: 429 - {'message': 'Limit Exceeded'}
,,,,,,061-352-414-000-986,Error code: 429 - {'message': 'Limit Exceeded'}
,,,,,,076-457-447-682-851,Error code: 429 - {'message': 'Limit Exceeded'}
,,,,,,081-233-568-144-978,Error code: 429 - {'message': 'Limit Exceeded'}
,,,,,,127-871-100-294-149,Error code: 429 - {'message': 'Limit Exceeded'}
,,,,,,142-431-486-935-037,Error code: 429 - {'message': 'Limit Exceeded'}
,,,,,,138-663-297-672-432,Error code: 429 - {'message': 'Limit Exceeded'}
,,,,,,146-638-664-561-95X,Error code: 429 - {'message': 'Limit Exceeded'}
,,,,,,157-004-471-423-299,Error code: 429 - {'message': 'Limit Exceeded'}
,,,,,,173-927-298-272-815,Error code: 429 - {'message': 'Limit Exceeded'}
,,,,,,192-726-145-178-72X,Error code: 429 - {'message': 'Limit Exceeded'}
,,,,,,112-223-470-462-621,Error code: 429 - {'message': 'Limit Exceeded'}
,,,,,,098-651-403-196-496,Error code: 429 - {'message': 'Limit Exceeded'}
,,,,,,180-634-378-182-347,Error code: 429 - {'message': 'Limit Exceeded'}
,,,,,,024-536-171-654-807,Error code: 429 - {'message': 'Limit Exceeded'}
,,,,,,112-235-532-904-711,Error code: 429 - {'message': 'Limit Exceeded'}
