patent_type,composition_subtype,cmc_subtype,clinical_indications,clinical_population,reasoning_short,lens_id
CMC,,Conjugation Method,[],[],"Claim 1 describes a method for producing a compound, focusing on the reaction scheme and manufacturing process, which classifies it as CMC. The primary inventive concept is related to the conjugation method for creating the immunoconjugate.",001-164-692-658-169
Composition,Unconjugated Antibody,,[],[],"Claim 1 describes a multivalent antibody, which classifies it as a 'Composition'. Since it does not involve any covalent attachment to a non-antibody payload, it is categorized as 'Unconjugated Antibody'.",039-300-232-515-637
Composition,Full ADC,,[],[],"Claim 1 explicitly claims an antibody-drug conjugate, which includes an antibody, a linker, and a drug, thus classifying it as a 'Full ADC'. The method-of-treatment claims do not override this classification.",094-825-731-979-424
Clinical,,,['proliferative disease'],['mammal'],"Claim 1 is a method of treating a mammal having a proliferative disease, which classifies it as a Clinical patent type. The focus is on the treatment method rather than the composition of the conjugate.",165-451-121-516-190
Composition,Full ADC,,"['cancer', 'autoimmune disease']",[],"Claim 1 describes a Ligand Drug Conjugate compound that includes an antibody (Ligand Unit) covalently linked to a drug (Drug Unit) via a linker, qualifying it as a Full ADC. Although treatment methods are mentioned, the primary inventive concept is the composition itself.",064-424-066-709-583
Clinical,,,['cancer'],[],"Claim 1 is a method of killing cancer cells, which classifies the patent as 'Clinical'. The focus is on the treatment method rather than the composition of the molecules involved.",135-017-760-816-800
Composition,Full ADC,,[],[],"Claim 1 explicitly claims an antibody-drug conjugate, which includes an anti-TROP2 antibody covalently linked to an antitumor compound via a linker, classifying it as a 'Full ADC'. The focus is on the composition of the ADC rather than treatment methods.",186-558-921-944-814
Composition,,,[],[],"Claim 1 describes a pharmaceutical composition comprising a specific compound in a defined formulation, classifying it as a 'Composition'. There are no claims directed to methods of treatment or manufacturing processes.",075-145-950-118-300
Clinical,,,"['cancer', 'advanced solid tumor', 'hematologic malignancies', 'metastatic pancreatic cancer', 'colorectal cancer', 'ovarian cancer', 'lymphoma', 'liver cancer']",[],"Claim 1 is a method for treating cancer, which classifies the patent as 'Clinical'. The clinical indications include various types of cancer explicitly mentioned in the claims.",029-613-240-920-346
Composition,Full ADC,,[],[],"Claim 1 describes a conjugate that includes a targeting moiety, linker, and a bioactive molecule, indicating it is a full ADC. The primary inventive concept is directed towards the composition of the conjugate rather than a method of treatment.",040-122-149-214-59X
Composition,Conjugated Antibody,,"['proliferative disease', 'inflammatory disease', 'immunological disease']",[],"Claim 1 describes a compound that includes an antigen binding unit linked to a maytansinoid drug, indicating a conjugated antibody construct. The method of treatment claims appear later, but the primary inventive concept is the composition of the drug conjugate.",079-324-326-110-937
Composition,,,[],[],"Claim 1 describes a formulation comprising an FL118 compound and other components, classifying it as a 'Composition'. There are no method-of-treatment claims in the independent claim, and thus it does not fall under 'Clinical'.",106-587-702-968-526
Composition,Conjugated Antibody,,[],[],"Claim 1 describes a complex where an anti-cotinine antibody is covalently bound to a conjugate of cotinine and a binding material, classifying it as a 'Conjugated Antibody'. The primary inventive concept is the composition of the antibody and its conjugate, not a method of treatment.",107-703-317-876-109
Composition,Unconjugated Antibody,,[],[],"Claim 1 describes a specific binding member that binds to EGFR, which is classified as a molecule. It does not involve any covalent attachment to a non-antibody payload, thus it is categorized as an Unconjugated Antibody.",152-059-136-452-443
Composition,,,[],[],"Claim 1 describes a composition comprising a DNA demethylating agent and a specific compound, classifying it as a 'Composition'. Although treatment methods are mentioned later, the broadest independent claim focuses on the composition itself.",011-388-852-098-320
Composition,,,[],[],"Claim 1 describes a compound, which classifies the patent as a 'Composition'. There are no specific claims of a method of treatment in Claim 1, thus it does not fall under 'Clinical'.",032-455-867-002-052
Composition,Full ADC,,[],[],"Claim 1 explicitly claims an antibody-drug conjugate (ADC) comprising an antibody, a linker, and a splicing modulator drug moiety, which qualifies as a Full ADC. The primary inventive concept is directed to the composition of the ADC rather than a method of treatment.",139-361-532-934-31X
Composition,Unconjugated Antibody,,[],[],"Claim 1 describes a method involving natural killer cells and an antibody-recruiting molecule, which does not constitute a method of treatment or a manufacturing process. The focus is on the composition of the ARM and natural killer cells, classifying it as a 'Composition'. The ARM does not indicate covalent attachment to a payload, thus it is classified as 'Unconjugated Antibody'.",168-351-691-230-523
Composition,Full ADC,,[],[],"Claim 1 explicitly claims a ligand drug conjugate, which includes a defined construct involving a ligand (targeting moiety) and a bioactive molecule fragment, indicating a full ADC structure. The focus is on the composition of the conjugate rather than treatment methods.",159-685-043-084-12X
Composition,,,[],[],"Claim 1 describes a liposomal composition comprising alpha polyglutamated pralatrexate, which classifies it as a 'Composition'. There are treatment claims later, but the broadest independent claim is directed to the composition itself.",012-610-528-009-526
Composition,Conjugated Antibody,,[],[],"Claim 1 describes a conjugate that includes an anti-CD22 antibody, which indicates a covalent attachment to a non-antibody payload (maytansine). Therefore, it is classified as a 'Conjugated Antibody' under the 'Composition' category.",093-295-273-454-628
Composition,Conjugated Antibody,,"['abnormal cell growth', 'proliferative disorder', 'autoimmune disorder', 'destructive bone disorder', 'infectious disease', 'viral disease', 'fibrotic disease', 'neurodegenerative disorder', 'pancreatitis', 'kidney disease']",[],"Claim 125 describes a cytotoxic compound, which indicates a composition. The presence of a covalent linking moiety to a cell-binding agent suggests it is a conjugated antibody. Although treatment methods are mentioned later, the broadest independent claim focuses on the composition itself.",116-872-710-656-827
Clinical,,,['cancer'],[],"Claim 1 is a method of treating cancer, which classifies the patent as 'Clinical'. The focus is on the treatment method rather than a specific composition or manufacturing process.",129-506-605-984-660
Clinical,,,"['lung cancer', 'urothelial cancer', 'colorectal cancer', 'prostate cancer', 'ovarian cancer', 'pancreatic cancer', 'breast cancer', 'bladder cancer', 'gastric cancer', 'gastrointestinal stromal tumor', 'uterine cervix cancer', 'esophageal cancer', 'squamous cell carcinoma', 'peritoneal cancer', 'liver cancer', 'hepatocellular cancer', 'colon cancer', 'rectal cancer', 'endometrial cancer', 'uterine cancer', 'salivary gland cancer', 'kidney cancer', 'vulval cancer', 'thyroid cancer', 'penis cancer', 'leukemia', 'malignant lymphoma', 'plasmacytoma', 'myeloma', 'sarcoma']",[],"Claim 1 is a method of treating cancer, which classifies the patent as 'Clinical'. The specific types of cancer are explicitly mentioned in the claim.",178-966-101-043-896
Composition,Full ADC,,[],[],"Claim 1 explicitly claims an antibody-drug conjugate, which includes an antibody, a linker, and a drug, thus classifying it as a 'Full ADC'. There are no method-of-treatment claims in the broadest independent claim.",040-070-331-678-815
Composition,Conjugated Linker,,[],[],"Claim 1 describes a disaccharide linker, which is a component for constructing antibody-drug conjugates. This falls under the 'Composition' category as it claims a specific chemical entity used in conjugation.",191-512-782-583-533
Composition,Conjugated Antibody,,[],[],"Claim 1 explicitly claims a ligand-drug conjugate, which indicates a composition of a defined therapeutic construct. The presence of a covalent binding to a linker unit or an antibody suggests it is a conjugated construct, specifically a conjugated antibody.",045-874-388-992-261
Composition,Full ADC,,[],[],"Claim 1 explicitly claims an antibody drug conjugate, which includes an antibody and a cytotoxic agent, classifying it as a 'Full ADC'. The primary inventive concept is the composition of the ADC rather than any method of treatment.",056-606-472-237-507
Composition,Full ADC,,[],[],"Claim 1 describes a conjugate of an antibody with drug molecules, indicating a defined construct that includes both the antibody and the payload, classifying it as a Full ADC.",018-400-967-156-379
Composition,Full ADC,,[],[],"Claim 1 explicitly claims a drug conjugate, which includes a polypeptide (antibody), a drug (payload), and various linkers, indicating a full antibody-drug conjugate. There are no method-of-treatment claims in the broadest independent claim.",132-370-947-693-650
Composition,Full ADC,,[],[],"Claim 1 explicitly claims an antibody-drug conjugate, which includes an antibody, linker, and payload, thus classifying it as a 'Full ADC'. The primary inventive concept is directed to the composition of the ADC rather than a method of treatment.",186-065-986-278-175
Clinical,,,"['breast cancer', 'carcinoid cancer', 'cervical cancer', 'colorectal cancer', 'endometrial cancer', 'glioma', 'head and neck cancer', 'liver cancer', 'lung cancer', 'melanoma', 'ovarian cancer', 'pancreatic cancer', 'prostate cancer', 'renal cancer', 'gastric cancer', 'thyroid cancer', 'urothelial cancer']",[],"Claim 1 is a method of treating cancer, which classifies the patent as 'Clinical'. The diseases listed in the method are explicitly claimed, thus included in the clinical indications.",067-509-241-872-735
Composition,Conjugated Antibody,,[],[],"Claim 1 describes a compound with a specific formula, indicating it is a chemical entity. The presence of a linker and the context of binding to antibodies suggest it is a conjugated construct, specifically a conjugated antibody, as it implies covalent attachment to a non-antibody payload.",031-585-595-777-709
Composition,Unconjugated Antibody,,[],[],"Claim 1 is directed to an isolated nucleic acid encoding an anti-IGF-1R antibody, classifying it as a composition. The claim does not involve any covalent attachment to a payload, thus it is categorized as an Unconjugated Antibody.",005-927-242-002-144
Composition,Full ADC,,['tumor'],[],"Claim 1 describes a ligand-drug conjugate, which includes a ligand unit, linker unit, and drug unit, indicating a defined therapeutic construct. This qualifies as a Full ADC since it encompasses the necessary components for an antibody-drug conjugate.",003-991-167-855-385
Clinical,,,['small cell lung cancer'],['human patient with SCLC'],"Claim 1 is a method of treating small cell lung cancer (SCLC) with an ADC, making it a clinical claim. The focus is on the treatment method rather than the composition of the ADC itself.",013-003-881-661-920
Clinical,,,['breast cancer'],"['female', 'male']","Claim 1 is a method of treating breast cancer, which classifies the patent as 'Clinical'. The focus is on the treatment method rather than a composition or manufacturing process.",001-636-915-618-993
Composition,Conjugated Antibody,,[],[],"Claim 117 describes a conjugate of an antibody with a drug, indicating a covalent attachment to a non-antibody payload, classifying it as a 'Conjugated Antibody'. The primary claim is directed to the composition of the conjugate rather than a method of treatment.",042-184-371-832-31X
Clinical,,,['colorectal cancer'],"['human patient with colorectal cancer', 'relapsed or refractory']","Claim 1 is a method of treating relapsed or refractory colorectal cancer, making it a clinical claim. The focus is on the treatment method rather than the composition of the immunoconjugate.",047-356-504-792-64X
CMC,,Purification/Downstream,[],[],"Claim 1 describes a method for preparing an adalimumab formulation, focusing on the purification process rather than the composition of the antibody itself. Therefore, it is classified under CMC, specifically as a purification method.",047-136-605-890-658
Composition,,,[],[],"Claim 1 describes a lyophilized formulation comprising a specific compound, which classifies it as a 'Composition'. There are no claims directed to methods of treatment in the independent claim.",044-550-013-013-189
Composition,Full ADC,,[],[],"Claim 1 explicitly claims an antibody-drug conjugate (ADC) comprising a modified antibody covalently attached to a drug via a linker, classifying it as a 'Full ADC'. There are no method-of-treatment claims in the broadest independent claim.",015-287-030-286-851
Composition,Conjugated Antibody,,[],[],"Claim 1 describes a phototoxic pharmaceutical composition comprising an antibody conjugated to a non-antibody payload (IR700), classifying it as a 'Composition'. The conjugation of the antibody to the IR700 molecule qualifies it as a 'Conjugated Antibody'.",022-405-589-002-854
Composition,,,[],[],"Claim 1 describes a modified mitochondrion comprising an anticancer agent, classifying it as a 'Composition'. Although treatment methods are mentioned later, the broadest independent claim focuses on the composition itself.",022-153-350-704-661
Composition,Unconjugated Antibody,,[],[],"Claim 46 describes a composition comprising a non-covalent complex of an antibody and mRNA, classifying it as a 'Composition'. The antibody is not covalently attached to a payload, thus it is categorized as an 'Unconjugated Antibody'.",018-388-239-013-661
Composition,Full ADC,,[],[],"Claim 1 explicitly claims a compound of Formula (II) that includes an antibody component, indicating it is a composition. The context of the claims suggests it is an antibody-drug conjugate (ADC) as it involves a defined construct with a payload and linker, classifying it as a Full ADC.",040-216-635-368-073
Composition,Unconjugated Antibody,,[],[],"Claim 1 explicitly claims an antibody that binds to claudin 18A2, classifying it as a composition. There is no mention of covalent attachment to a payload, thus it is categorized as an unconjugated antibody.",050-728-509-862-70X
Composition,Unconjugated Antibody,,[],[],"Claim 1 primarily claims an anti-LY6H antibody, which classifies it as a 'Composition'. The antibody is not covalently attached to any payload, thus it is categorized as 'Unconjugated Antibody'.",065-446-278-530-060
Clinical,,,['FOLR1-expressing cancer'],['human patient'],"Claim 133 is a method of treatment, which is the primary inventive concept of the patent. The claims focus on administering a FOLR1-binding agent to reduce tumorigenicity, thus classifying it as Clinical.",053-345-036-289-042
Composition,Unconjugated Antibody,,[],[],"Claim 1 describes a pharmaceutical composition comprising an anti-CD38 antibody and hyaluronidase, classifying it as a 'Composition'. The antibody is not covalently attached to any payload, thus it is classified as 'Unconjugated Antibody'.",060-037-976-715-880
Clinical,,,"['lung tumor', 'cancer', 'non-small cell lung cancer (NSCLC)']","['human subject', 'refractory to chemotherapy']","Claim 1 is a method for the treatment of lung tumors, classifying the patent as 'Clinical'. It specifies the diseases and patient populations involved in the treatment method.",087-106-345-784-376
Composition,Full ADC,,[],[],"Claim 1 describes a core construct that can be used to configure pharmaceutical molecules, indicating it is a defined therapeutic construct. The presence of elements that can be linked to the core construct suggests it is a full ADC, as it implies potential for conjugation with functional elements.",082-138-874-995-835
Composition,Conjugated Payload,,[],[],"Claim 39 describes a lyophilized nanoparticle composition that includes antibodies and a therapeutically effective amount of paclitaxel, indicating a covalent attachment to a non-antibody payload. Therefore, it is classified as a 'Composition' with a subtype of 'Conjugated Payload'.",061-514-222-611-810
Composition,Unconjugated Antibody,,[],[],"Claim 1 describes a polypeptide that binds to LRP5, specifically an immunoglobulin single variable domain, which classifies it as a composition. There are no claims of covalent attachment to a payload, thus it is categorized as an unconjugated antibody.",065-857-609-188-156
Composition,Conjugated Antibody,,"['breast cancer', 'metastatic breast cancer']",[],"Claim 1 describes a drug delivery nanoparticle that includes an Fn14 targeting moiety and a therapeutic agent, classifying it as a composition. The presence of a therapeutic agent indicates that it is a conjugated construct, specifically a conjugated antibody due to the inclusion of an anti-Fn14 antibody as the targeting moiety.",069-121-664-813-894
Composition,,,[],[],"Claim 1 describes an immunostimulatory nanoparticle, which is a defined construct, thus classifying the patent as 'Composition'. Although there are method-of-treatment claims later, the broadest independent claim focuses on the composition itself.",069-089-711-105-886
Composition,Unconjugated Antibody,,[],[],"Claim 1 describes a fibroblast binding agent, which is a type of antibody targeting FAP, without any mention of covalent attachment to a payload, thus classifying it as an Unconjugated Antibody. The primary inventive concept is a composition rather than a method of treatment.",071-543-401-882-478
Clinical,,,['cancer'],['cancer patients having a cancer characterized by cancer cells expressing CLDN6'],"Claim 82 is a method of treating cancer patients, making it a clinical claim. The focus is on treatment methods rather than a composition or manufacturing process.",068-055-035-665-113
Clinical,,,"['cancer', 'melanoma', 'bladder cancer', 'breast cancer', 'non-small cell lung cancer', 'colorectal cancer', 'renal cell carcinoma', 'hepatocellular carcinoma']",['human patient in need thereof'],"Claim 1 is a method of treating cancer, which classifies the patent as 'Clinical'. The diseases treated are explicitly mentioned in the claims.",072-164-950-801-817
Composition,Unconjugated Antibody,,[],[],"Claim 43 describes an anti-CD25 antibody, which classifies as a composition. There are no claims of covalent attachment to a payload, thus it is categorized as an Unconjugated Antibody.",073-729-770-707-235
Clinical,,,['cancer'],['human'],"Claim 1 is a method of treating human cancer, which classifies the patent as 'Clinical'. The focus is on the treatment method rather than a composition or manufacturing process.",085-753-012-966-209
Clinical,,,"['autoimmune disorder', 'cancer', 'viral infection', 'bacterial infection', 'fungal infection', 'parasitic infection']",[],"Claim 1 is a method of treating various diseases using an antibody-drug conjugate, which classifies the patent as 'Clinical'. The focus is on treatment methods rather than the composition of the ADC itself.",099-619-707-473-137
Composition,Unconjugated Antibody,,[],[],"Claim 1 describes a bispecific antibody that binds to HER2 and CD3, which is classified as a composition. There is no mention of covalent attachment to a payload, thus it is categorized as an Unconjugated Antibody.",107-441-200-646-417
Clinical,,,['cancer'],[],"Claim 1 is a method for treating cancer, which classifies the patent as 'Clinical'. The composition details are secondary to the treatment method.",111-070-242-841-442
Composition,Conjugated Antibody,,[],[],"Claim 1 describes an antibody that specifically binds to GPC3, classifying it as a composition. Subsequent claims indicate that the antibody is conjugated to a cytotoxic agent, which confirms the classification as a 'Conjugated Antibody'.",116-679-293-113-404
Clinical,,,"['cancer', 'hematopoietic tumor', 'lymphoma', 'non-Hodgkins lymphoma (NHL)', 'aggressive NHL', 'relapsed aggressive NHL', 'relapsed indolent NHL', 'refractory NHL', 'refractory indolent NHL', 'chronic lymphocytic leukemia (CLL)', 'small lymphocytic lymphoma', 'leukemia', 'hairy cell leukemia (HCL)', 'acute lymphocytic leukemia (ALL)', 'mantle cell lymphoma']",[],"Claim 1 is a method of inhibiting cell growth using an anti-CD79b antibody, classifying the patent as 'Clinical' since it primarily focuses on treatment methods rather than compositions.",112-297-429-248-457
Composition,,,[],[],"Claim 1 describes a nanoparticle comprising nucleoside-modified mRNA and specific lipid components, classifying it as a composition. There are no method-of-treatment claims in Claim 1, and thus it does not fall under clinical or CMC categories.",127-940-157-394-147
Clinical,,,"['breast cancer', 'B-cell disorder', 'EGFR-expressing, metastatic colorectal carcinoma', 'EGFR-expressing head and neck cancer', 'KRAS mutant cancer']","['subjects receiving therapeutic monoclonal antibody treatment', 'subjects with an FcγR polymorphism', 'subjects with a KRAS mutation', 'subjects previously identified as being unresponsive to therapeutic antibody treatment', 'subjects with impaired ADCC function']","Claim 1 is a method of increasing ADCC in subjects receiving therapeutic monoclonal antibody treatment, classifying the patent as 'Clinical'.",130-418-204-880-612
Composition,Unconjugated Antibody,,[],[],"Claim 1 describes a composition comprising killed bacterial cells and a bispecific ligand, which does not involve covalent attachment to a drug or payload, classifying it as a 'Composition'. The bispecific ligand is not considered a conjugated antibody since there is no covalent attachment to a non-antibody payload.",120-824-529-557-523
Composition,Full ADC,,[],[],"Claim 1 describes a compound that includes a specific payload, linker moieties, and a recognition sequence, indicating it is a defined construct. The presence of a payload and linker moieties alongside the antibody suggests it is a full ADC.",137-296-639-298-834
Composition,Unconjugated Antibody,,[],[],"Claim 51 claims a humanized antibody, which classifies the patent as a 'Composition'. The antibody is not covalently attached to any payload, thus it is classified as 'Unconjugated Antibody'.",134-190-910-290-131
Composition,Full ADC,,[],[],"Claim 1 explicitly claims an antibody drug conjugate (ADC) comprising a cytotoxic agent linked to an antibody, which qualifies as a composition. The claim details the structural components of the ADC, indicating it is a defined construct.",140-471-414-302-066
Composition,Unconjugated Antibody,,[],[],"Claim 1 describes an antibody that binds to CD123 and inhibits proliferation, classifying it as a composition. It does not involve any covalent attachment to a payload, thus it is categorized as an Unconjugated Antibody.",143-244-898-006-616
Composition,Conjugated Linker,,[],[],"Claim 1 describes a small-molecule immune agonist, classifying it as a composition. The subsequent claims detail immune targeting compounds formed by covalently linking the agonist to other drugs, indicating a focus on conjugation, thus classifying it as a 'Conjugated Linker'.",129-641-850-758-132
Composition,Conjugated Payload,,[],[],"Claim 73 describes a polypeptide-albumin nanoparticle complex that includes a chemotherapeutic, indicating a composition involving a drug. The primary inventive concept is directed to the composition rather than a method of treatment.",129-960-712-673-278
Clinical,,,['stage III-IV ovarian cancer'],['stage III-IV ovarian cancer patient'],"Claim 1 is a method for improving survival in a specific patient population with stage III-IV ovarian cancer, making it a clinical claim.",134-115-117-065-908
Composition,Unconjugated Antibody,,[],[],"Claim 21 describes a nucleic acid encoding a chimeric antigen receptor (CAR) which is a defined construct, classifying it as a 'Composition'. There are no claims of covalent attachment to a non-antibody payload, thus it is classified as 'Unconjugated Antibody'.",178-296-017-814-774
Composition,,,[],[],"Claim 1 describes an immune agonist complex consisting of a natural immune agonist and a targeted liposome, classifying it as a 'Composition'. Although there are method-of-treatment claims later, the broadest independent claim is directed to the molecule itself.",146-059-244-678-952
Composition,Unconjugated Antibody,,[],[],"Claim 1 describes an isolated antibody that binds to a human KIT antigen, classifying it as a 'Composition'. The antibody is not covalently attached to any payload, thus it is categorized as 'Unconjugated Antibody'.",140-272-188-599-065
Composition,,,[],[],"Claim 1 is directed to a crystalline form of a specific compound, which classifies the patent as a 'Composition'. Although there are method-of-treatment claims later, the broadest independent claim focuses on the chemical entity itself.",163-105-265-282-405
Composition,Full ADC,,[],[],"Claim 1 describes a conjugate of an antibody with a drug, indicating a defined construct that includes both the antibody and the payload. This fits the criteria for a 'Full ADC' classification.",139-535-353-853-802
Composition,Full ADC,,[],[],"Claim 36 describes a compound that includes an anti-CCR2 antibody, a linker, and a modulator of STING activity, indicating it is a defined construct of an antibody-drug conjugate (ADC). The presence of treatment claims later does not override the classification as Composition based on the broadest independent claim.",172-085-990-068-621
CMC,,Conjugation Method,[],[],"The first independent claim (Claim 40) is a method of producing a re-oxidized antibody, which primarily focuses on a manufacturing process rather than a composition or clinical method. Therefore, it is classified as CMC, specifically under 'Conjugation Method' due to the context of producing an antibody drug conjugate.",166-251-041-006-051
Composition,Conjugated Antibody,,[],[],"Claim 1 explicitly claims an anti-GPR20 antibody, which classifies the patent as a 'Composition'. Additionally, Claim 13 describes an antibody-drug conjugate (ADC) that involves covalent attachment of the antibody to a drug, qualifying it as a 'Conjugated Antibody'.",185-742-808-084-860
Composition,Unconjugated Antibody,,[],[],"Claim 1 describes a molecule that binds to a target antigen, which is a structural entity rather than a method of treatment. The claim does not involve any covalent attachment to a non-antibody payload, thus classifying it as an Unconjugated Antibody.",191-775-706-620-288
Composition,Unconjugated Antibody,,[],[],"Claim 1 explicitly claims an isolated antibody that binds to CD166, classifying it as a composition. The antibody is not covalently attached to any payload, thus it is categorized as an Unconjugated Antibody.",160-963-639-940-188
Composition,Full ADC,,[],[],"Claim 1 explicitly claims an antibody drug conjugate (ADC) comprising an antibody, linker, and drug moiety, which qualifies as a Full ADC. The primary inventive concept is the composition of the ADC rather than any method of treatment.",172-863-076-640-866
Composition,,,[],[],"Claim 1 describes an engineered oncolytic virus, which is a defined construct, thus classifying the patent as 'Composition'. There are treatment claims later, but the broadest independent claim focuses on the composition itself.",168-368-059-224-278
Composition,Conjugated Payload,,[],[],"Claim 1 describes a composition comprising albumin-containing nanoparticles complexed with antibodies and a specific payload (paclitaxel), indicating a defined therapeutic construct. The presence of a non-antibody payload (paclitaxel) suggests it is a conjugated payload rather than a full ADC.",190-220-156-727-738
Composition,Conjugated Payload,,[],[],"Claim 1 describes a nucleic acid molecule encoding a random coil polypeptide that can be incorporated into a drug conjugate, indicating a composition involving a polypeptide and a drug. The focus is on the composition of the polypeptide and its potential use in drug conjugates rather than a method of treatment.",184-816-667-112-022
Composition,Unconjugated Antibody,,[],[],"Claim 1 describes an isolated antibody, which classifies the patent as a 'Composition'. The antibody is not covalently attached to any payload, thus it is categorized as 'Unconjugated Antibody'.",189-233-064-695-73X
Clinical,,,"['acute lymphoblastic leukemia (ALL)', 'acute myelogenous leukemia (AML)', 'chronic lymphocytic leukemia (CLL)', 'small lymphocytic lymphoma (SLL)', 'chronic myelogenous leukemia (CML)', 'acute monocytic leukemia (AMOL)', ""Hodgkin's lymphomas"", ""Non-Hodgkin's lymphomas"", ""Burkitt's lymphoma (BL)"", 'diffuse large B-cell lymphoma (DLBL)', 'Mantle cell lymphoma (MCL)', 'multiple myeloma (MM)', 'prostate tumors', 'breast tumors', 'brain tumors', 'kidney tumors', 'lung tumors', 'colon tumors', 'bladder tumors', 'skin tumors', 'thyroid tumors', 'ovary tumors', 'mesothelioma']",[],"Claim 1 is a method of treating malignancies, thus classified as 'Clinical'. It specifies various cancers as clinical indications, but does not define a specific patient population.",198-285-438-051-914
Composition,,,[],[],"Claim 1 is an isolated polynucleotide, which falls under the category of a composition. There are no method-of-treatment claims in the first independent claim, and thus it is classified as Composition.",199-323-715-704-110
Composition,Conjugated Antibody,,"['tumor', 'autoimmune disease']",[],"Claim 40 describes a conjugate of a biomolecule, which includes a biomolecule covalently linked to a functional moiety, indicating a defined construct. This falls under 'Composition' as it claims a molecule rather than a method of treatment.",148-515-645-112-879
Composition,Conjugated Linker,,[],[],"Claim 1 describes a compound with a defined structure that includes a linker and a therapeutic compound, classifying it as a composition. The focus is on the structural aspects of the compound rather than treatment methods.",182-312-373-752-524
Composition,,,[],[],"Claim 1 describes a dendrimer comprising specific structural components, which classifies it as a 'Composition'. There are no claims that primarily focus on treatment methods in the independent claim.",131-116-703-254-512
Composition,Conjugated Antibody,,[],[],"Claim 1 describes a composition comprising a CD38-binding fusion protein, which is a conjugated antibody (anti-CD38 antibody fused to interferon alpha-2b). The primary inventive concept is the composition itself, not the treatment methods mentioned later.",198-989-501-679-591
Composition,Full ADC,,[],[],"Claim 1 describes a compound that includes an antibody conjugated to an antitumor compound via a linker, which qualifies it as a Full ADC. There are no method-of-treatment claims in the independent claim.",002-788-259-135-676
Composition,Full ADC,,[],[],"Claim 1 is directed to an antigenic polypeptide, which is a component of the anti-Claudin 6 antibody and the antibody-drug conjugate. The broadest independent claim relates to a defined construct (the ADC), thus classifying it as 'Composition' and specifically as 'Full ADC' due to the inclusion of the antibody, linker, and drug.",193-043-611-661-14X
Composition,Full ADC,,[],[],"Claim 1 explicitly claims an antibody-drug conjugate, which includes both an antibody and a drug coupled to it, qualifying it as a 'Full ADC'. The primary inventive concept is the composition of the ADC rather than a method of treatment.",010-952-565-564-016
Composition,Full ADC,,[],[],"Claim 1 describes a conjugate comprising an antibody covalently attached to a cytotoxic agent, which qualifies as a Full ADC. The focus is on the composition of the ADC rather than any treatment methods.",189-353-655-579-550
Composition,Unconjugated Antibody,,[],[],"Claim 1 describes an isolated antibody that binds ICOS, classifying it as a 'Composition'. The antibody is not covalently attached to any payload, thus it is categorized as 'Unconjugated Antibody'.",164-003-353-468-153
Composition,Full ADC,,[],[],"Claim 1 describes a ligand drug conjugate, which includes a monoclonal or polyclonal antibody covalently linked to a drug via a PEG linker, classifying it as a Full ADC. There are no method-of-treatment claims in the independent claim.",189-990-917-959-855
Composition,Conjugated Antibody,,[],[],"Claim 104 describes a myeloid cell agonist conjugate that includes an anti-Nectin-4 antibody covalently attached to a payload, classifying it as a 'Conjugated Antibody'. The primary inventive concept is the composition of the conjugate rather than a method of treatment.",007-082-582-098-198
Composition,,,[],[],"Claim 1 describes a crystalline form of a specific sulfate salt, which classifies it as a composition. Although there are method-of-treatment claims later, the broadest independent claim is directed to a chemical entity.",008-658-197-665-673
Composition,Unconjugated Antibody,,[],[],"Claim 1 explicitly claims a monoclonal antibody, classifying it as a 'Composition'. There is no covalent attachment to a payload, thus it is categorized as 'Unconjugated Antibody'. Treatment claims appear later but do not override the primary classification.",023-756-890-459-723
Clinical,,,"['bladder cancer', 'breast cancer', 'head and neck cancer', 'lung cancer', 'ovarian cancer', 'pancreatic cancer', 'prostate cancer', 'colorectal cancer']",[],"Claim 1 is a method of treating cancer, which classifies the patent as 'Clinical'. The diseases explicitly mentioned in the treatment methods are listed as clinical indications.",009-718-642-595-406
Composition,Unconjugated Antibody,,[],[],"Claim 1 describes an isolated molecule comprising a targeting moiety fused with an immunomodulatory moiety, which classifies it as a composition. The molecule does not indicate any covalent attachment to a non-antibody payload, thus it is classified as an Unconjugated Antibody.",010-178-776-513-462
Composition,Full ADC,,[],[],"Claim 1 explicitly claims an antibody-drug conjugate, which includes an anti-HER2 antibody covalently linked to an antitumor compound via a defined linker. This qualifies as a 'Full ADC' since it encompasses the complete construct of antibody, linker, and payload.",017-206-772-271-216
Clinical,,,"['melanoma', 'non-small cell lung cancer', 'head and neck cancer', 'urothelial cancer', 'breast cancer', 'gastrointestinal cancer', 'multiple myeloma', 'hepatocellular cancer', 'non-Hodgkin lymphoma', 'renal cancer', 'Hodgkin lymphoma', 'mesothelioma', 'ovarian cancer', 'small cell lung cancer', 'esophageal cancer', 'anal cancer', 'biliary tract cancer', 'colorectal cancer', 'cervical cancer', 'thyroid cancer', 'endometrial cancer', 'squamous cell carcinoma', 'salivary cancer']",[],"Claim 1 is a method of treating cancer, which classifies the patent as 'Clinical'. The claim specifies the administration of an anti-PD-1 antibody for cancer treatment, thus focusing on the method rather than the composition of the antibody itself.",019-331-652-130-780
Composition,,,[],[],"Claim 1 defines a compound, which classifies the patent as a 'Composition'. Although there are method-of-treatment claims later, the broadest independent claim is directed to a molecule, not a treatment method.",021-060-011-334-724
Clinical,,,"['CNS disorder', 'epilepsy']",[],"Claim 1 is a method of treating a CNS disorder, specifically epilepsy, which classifies the patent as 'Clinical'. There are no claims directed to a molecule or composition.",024-187-221-008-297
Clinical,,,['cancer'],['patients with metastases'],"Claim 1 is a method of treating cancer, which classifies the patent as 'Clinical'. The focus is on the treatment method rather than a composition or manufacturing process.",035-560-970-653-949
Clinical,,,['cancer'],['subjects suffering from cancer'],"Claim 145 is a method of treating cancer, making the primary inventive concept clinical in nature. The focus is on the method of treatment rather than a composition or manufacturing process.",034-882-384-891-456
Composition,Full ADC,,[],[],"Claim 1 explicitly claims an antibody-drug conjugate (ADC) compound, which includes an antibody covalently attached to a drug moiety via a linker, classifying it as a 'Full ADC'. There are no method-of-treatment claims in Claim 1, so it is classified as 'Composition'.",056-076-863-940-675
Composition,Conjugated Antibody,,[],[],"Claim 1 explicitly claims an anti-Claudin 18.2 antibody, which qualifies as a composition. The presence of subsequent claims regarding antibody-drug conjugates indicates that the antibody is covalently linked to a payload, classifying it as a 'Conjugated Antibody'.",059-014-251-292-254
Composition,Conjugated Antibody,,[],[],"Claim 1 describes a kit comprising an albumin-bound chemotherapeutic/anti-VEGF antibody complex, indicating a composition of a conjugated antibody. The focus is on the composition rather than a method of treatment, despite treatment methods being mentioned later.",051-131-444-531-962
Composition,Full ADC,,[],[],"Claim 1 describes an antibody that specifically binds CD123, which qualifies as a composition. The broader claims later include an ADC that combines the antibody with a drug linker and payload, classifying it as a Full ADC.",068-972-311-459-198
Composition,Full ADC,,['cancer'],[],"Claim 1 describes a compound that includes an antibody, a linker, and a drug moiety, which qualifies it as a Full ADC. Although there are method-of-treatment claims later, the broadest independent claim is directed to the composition itself.",066-751-809-915-179
Clinical,,,"['gastric cancer', 'esophageal cancer', 'pancreatic cancer', 'lung cancer', 'ovarian cancer', 'colon cancer', 'hepatic cancer', 'head-neck cancer', 'cancer of the gallbladder']",[],"Claim 69 is a method of treating cancer using an anti-CLDN18.2 antibody-drug conjugate, making it a clinical claim. The diseases listed in the claim are explicitly mentioned as part of the treatment method.",077-605-236-174-265
Composition,,,"['tumor', 'cancer']",['human subject'],"Claim 1 describes a compound for use in treating cancer, which classifies it as a 'Composition' since it claims a molecule. The method of treatment aspect does not override this classification.",075-643-087-706-313
Composition,Full ADC,,[],[],"Claim 1 describes an isolated monoclonal anti-CLL-1 antibody, classifying it as a 'Composition'. The presence of claims that describe immunoconjugates with a cytotoxic agent indicates that it falls under 'Full ADC' as it explicitly claims the antibody linked to a cytotoxic payload.",089-256-932-841-095
Composition,Unconjugated Antibody,,[],[],"Claim 45 describes isolated nucleic acids encoding antibodies that bind to B7-H4, classifying it as a composition. The claim does not involve any covalent attachment to a payload, thus it is categorized as an Unconjugated Antibody.",089-892-075-936-694
Clinical,,,['cancer'],[],"Claim 1 is a method for treating cancer, which classifies the patent as 'Clinical'. There are no claims directed to a specific molecule or composition.",091-698-694-638-146
Composition,Conjugated Antibody,,[],[],"Claim 1 describes an antibody that binds to PSMA, which is a molecule, thus classifying it as a 'Composition'. The presence of a payload in later claims indicates that the antibody is covalently conjugated to a non-antibody payload, classifying it as 'Conjugated Antibody'.",102-557-112-312-129
Composition,Unconjugated Antibody,,[],[],"Claim 1 describes a stable aqueous pharmaceutical composition comprising a bispecific antibody, which classifies it as a 'Composition'. The antibody is not covalently attached to any payload, thus it is classified as 'Unconjugated Antibody'.",088-594-064-628-344
Composition,Conjugated Antibody,,[],[],"Claim 1 describes an antibody conjugate that is covalently linked to a payload, classifying it as a 'Conjugated Antibody'. The primary inventive concept is the composition of the antibody conjugate rather than a method of treatment.",098-449-773-396-445
Clinical,,,"['cancer', 'melanoma', 'infection associated with papillomavirus']",['human'],"Claim 1 is a method of generating an immune response, which qualifies it as a method-of-treatment claim. The focus is on the treatment of diseases, specifically cancer and infections, making it primarily clinical.",108-994-571-528-782
Composition,Unconjugated Antibody,,[],[],"Claim 1 describes an isolated antibody that binds to mesothelin, which classifies it as a composition. There is no mention of covalent attachment to a payload, thus it is categorized as an Unconjugated Antibody.",110-542-693-373-787
Clinical,,,['non-small cell lung cancer'],['subjects in need thereof'],"Claim 1 is a method for inhibiting the growth of non-small cell lung cancer, which qualifies it as a clinical claim. The focus is on treatment rather than the composition of the antibody-drug conjugate.",108-359-866-788-204
Composition,Full ADC,,[],[],"Claim 1 describes a method for treating a HER2-positive solid tumor using an antibody-drug conjugate, which includes a defined structure of the ADC. This indicates that the primary inventive concept is a composition of the ADC itself, classifying it as 'Composition' and specifically as 'Full ADC' due to the inclusion of both the antibody and the drug in a defined construct.",104-309-978-377-927
Composition,Unconjugated Antibody,,[],[],"Claim 1 describes an isolated antibody specifically binding to human CD4, which classifies it as a 'Composition'. It does not involve any covalent attachment to a payload, thus it is categorized as 'Unconjugated Antibody'.",134-274-499-319-851
Composition,,,[],[],"Claim 1 describes a pharmaceutical combination comprising a compound of formula (I) and a PARP inhibitor, which classifies it as a composition. There are no claims directed primarily to methods of treatment in the independent claim.",131-024-101-294-412
Composition,Conjugated Linker,,[],[],"Claim 1 describes a compound, which classifies the patent as 'Composition'. The conjugate in Claim 9 indicates a covalent attachment to a cell-binding agent, suggesting a specific linker for antibody conjugation, thus classified as 'Conjugated Linker'.",131-346-997-179-848
Composition,Unconjugated Antibody,,[],[],"Claim 1 is directed to an isolated antibody that binds to C10orf54, classifying it as a 'Composition'. The claim does not involve any covalent attachment to a non-antibody payload, thus it is categorized as 'Unconjugated Antibody'.",143-198-377-353-028
Clinical,,,['non-squamous non-small cell lung cancer'],[],"Claim 1 is a method of treating non-squamous non-small cell lung cancer, which classifies the patent as 'Clinical'. There are no claims directed to a molecule or composition.",144-526-443-356-005
Composition,Dual Combination,,[],[],"Claim 1 describes a pharmaceutical combination comprising a compound and anti-PD-1/PD-L1 antibodies, classifying it as a 'Composition'. The combination of a compound with antibodies indicates a 'Dual Combination' subtype.",168-391-923-617-863
Composition,Conjugated Antibody,,[],[],"Claim 10 describes an anti-CD3 antibody that is covalently linked to a biologically active molecule (folate), classifying it as a 'Conjugated Antibody'. The primary inventive concept is the composition of the antibody itself rather than a method of treatment.",153-351-632-098-732
Clinical,,,['cancer'],['patient in need thereof'],"Claim 1 is a method of treating cancer, which classifies the patent as 'Clinical'. The focus is on the treatment method rather than a composition or manufacturing process.",162-862-346-271-590
Composition,Conjugated Antibody,,['cancer'],[],"Claim 1 describes a superantigen conjugate, which is a molecule covalently linked to a targeting moiety, thus classifying it as a Composition. The conjugation indicates that it is a Conjugated Antibody subtype.",161-762-649-766-289
Clinical,,,['bladder cancer'],['human patient'],"Claim 16 is a method of treating bladder cancer, making the primary inventive concept a method-of-treatment claim.",183-150-985-048-535
Composition,Unconjugated Antibody,,[],[],"Claim 1 describes an isolated antibody that specifically binds to human CTLA-4, classifying it as a 'Composition'. There is no mention of covalent attachment to a payload, thus it is categorized as 'Unconjugated Antibody'.",173-666-061-383-987
Composition,Unconjugated Antibody,,[],[],"Claim 1 explicitly claims an anti-hSEZ6L2 antibody, which classifies it as a 'Composition'. The antibody is not covalently attached to any payload, thus it is categorized as 'Unconjugated Antibody'.",182-740-741-073-084
Composition,Conjugated Antibody,,[],[],"Claim 1 describes an anti-PTK7 antibody that is part of a compound formula, indicating it is a defined construct. The presence of a drug unit suggests covalent attachment, classifying it as a Conjugated Antibody.",088-272-852-215-178
Clinical,,,['CLDN18.2 expressing cancer'],[],"Claim 1 is a method of treating CLDN18.2 expressing cancer, which classifies the patent as 'Clinical'. No composition claims are present in the first independent claim.",108-023-542-408-544
Composition,Conjugated Antibody,,[],[],"Claim 1 describes a method of treatment using an anti-CD45 antibody drug conjugate (ADC), which indicates a covalent attachment of the antibody to a payload. Therefore, the primary classification is 'Composition' with a subtype of 'Conjugated Antibody'.",004-462-157-477-440
Clinical,,,['non-Hodgkin lymphoma'],[],"Claim 1 is a method of treating non-Hodgkin lymphoma, which classifies the patent as 'Clinical'. There are no claims directed to a molecule or composition.",062-518-658-215-661
Composition,Full ADC,,[],[],"Claim 8 explicitly claims an antibody-drug conjugate, which includes both the antibody and the drug component, classifying it as a Full ADC. Other claims are canceled, and no method-of-treatment claims are present.",064-055-927-955-33X
Composition,Unconjugated Antibody,,[],[],"Claim 1 describes an antibody molecule, which classifies the patent as a 'Composition'. The antibody is not covalently attached to any payload, thus it is categorized as 'Unconjugated Antibody'.",139-013-485-729-565
Clinical,,,['glioblastoma multiforme'],[],"Claim 1 is a method of treating glioblastoma multiforme, which classifies the patent as 'Clinical'. There are no claims directed to a specific composition or construct as the primary inventive concept.",164-379-450-018-58X
Composition,Full ADC,,[],[],"Claim 1 claims an anti-PSMA antibody, which classifies the patent as a 'Composition'. The presence of claim 7, which describes an antibody drug conjugate (ADC) comprising the antibody and a drug-linker, indicates that it is a 'Full ADC' as it explicitly claims the antibody, linker, and cytotoxic payload in a single defined construct.",043-593-666-799-055
Composition,Full ADC,,[],[],"Claim 1 explicitly claims an antibody-drug conjugate, which includes a humanized anti-tissue factor antibody coupled to a cytotoxic drug, qualifying it as a 'Full ADC'. The method-of-treatment claims do not override the primary composition claim.",022-243-630-441-607
Composition,Conjugated Antibody,,[],[],"Claim 1 describes a conjugate that includes a modified antibody with a free conjugation site, indicating a covalent attachment to a non-antibody payload. This qualifies it as a 'Conjugated Antibody' under the composition category.",003-901-992-275-362
Clinical,,,"['neuropathy', 'neuropathic symptoms', 'cancer']",['human subject'],"Claim 1 is a method of reducing a neuropathic symptom in a human subject, which classifies the patent as 'Clinical'. The focus is on treatment methods rather than a specific composition or manufacturing process.",025-081-060-934-10X
Composition,Dual Combination,,[],[],"Claim 1 describes a combination comprising a Bcl-2 inhibitor and an anti-CD20 mAb, which classifies as a composition. The combination of these two components suggests a dual combination of therapeutic agents rather than a single defined construct or method of treatment.",019-405-412-778-683
Clinical,,,"[""non-Hodgkin's lymphoma""]",['B-cells'],"Claim 1 is a method of inducing apoptosis, which qualifies it as a clinical claim. The method specifically mentions treating cells in a subject with non-Hodgkin's lymphoma, thus indicating a clinical indication and population.",013-494-193-581-109
Clinical,,,"['tumor', 'cancer']",['subject having or at risk of having a cancer or tumor'],"Claim 1 is a method of controlling metastasis of a tumor or cancer in a subject, which classifies it as a Clinical patent type.",054-277-083-630-412
Composition,Full ADC,,"['abnormal cell growth', 'proliferative disorder']",['mammal'],"Claim 1 describes an antibody-cytotoxic agent conjugate, which qualifies as a composition. It explicitly claims a defined construct that includes an antibody linked to a cytotoxic agent, thus classifying it as a Full ADC.",049-691-315-132-790
Clinical,,,"['CD38-expressing B-cell lymphoma', 'multiple myeloma', 'early stage multiple myeloma', 'pre-multiple myeloma', ""Waldenström's macroglobulinemia"", ""non-Hodgkin's lymphoma"", 'chronic myelogenous leukemia', 'chronic lymphocytic leukemia', 'acute lymphocytic leukemia']",[],"Claim 23 is a method for treating various cancers, making it a method-of-treatment claim, which classifies the patent as 'Clinical'.",053-270-772-538-189
Composition,Unconjugated Antibody,,[],[],"Claim 1 describes a biparatopic antibody that specifically binds to FRα, classifying it as a composition. There is no mention of covalent attachment to a payload, thus it is categorized as an unconjugated antibody.",040-088-872-110-777
Composition,Full ADC,,[],[],"Claim 1 explicitly claims an antibody-drug conjugate, which includes an antibody covalently linked to a drug, classifying it as a 'Full ADC'. Although treatment methods are mentioned later, the broadest independent claim focuses on the composition of the ADC.",033-705-830-419-554
Composition,Unconjugated Antibody,,[],[],"Claim 1 describes an anti-TMEFF1 antibody, which is a molecule and thus classified as 'Composition'. It does not involve any covalent attachment to a payload, so it is categorized as 'Unconjugated Antibody'.",043-326-402-553-100
Composition,Unconjugated Antibody,,[],[],"Claim 41 describes a nucleic acid encoding variable regions of antibodies, which classifies as a composition. The claims do not involve any covalent attachment to a payload, thus it is categorized as an Unconjugated Antibody.",042-113-079-230-938
Composition,Full ADC,,[],[],"Claim 1 describes an isolated nucleic acid encoding a polypeptide, which is part of the broader category of antibody constructs. The method of making an ADC in claim 15 indicates a full ADC construct, as it involves conjugating a linker and drug to the antibody. Therefore, the primary classification is 'Composition' with subtype 'Full ADC'.",092-658-156-568-718
Clinical,,,"['cancer', 'neurodegenerative disorder', 'viral disease', 'autoimmune disease', 'inflammatory disorder', 'immunodeficiency disorders', 'proliferative disorder', 'infectious disease']",[],"Claim 43 is a method of treating various disorders, diseases, or conditions, making it a clinical claim. The focus is on treatment methods rather than the composition of a molecule.",068-886-576-415-317
Clinical,,,['AL amyloidosis'],['human patient'],"Claim 1 is a method of therapeutically treating AL amyloidosis, which classifies the patent as 'Clinical'. The focus is on treatment methods rather than the composition of the antibody itself.",071-075-775-479-654
Composition,Unconjugated Antibody,,[],[],"Claim 1 is directed to an isolated antibody that specifically binds to osteopontin, classifying it as a 'Composition'. The claim does not involve any covalent attachment to a non-antibody payload, thus it is categorized as 'Unconjugated Antibody'.",064-079-231-388-900
Composition,Conjugated Payload,,[],[],"Claim 1 describes a lyophilized nanoparticle composition that includes a carrier protein, binding agents, and a therapeutically effective amount of paclitaxel, indicating a defined construct with a payload. The primary inventive concept is the composition itself rather than a method of treatment.",068-618-927-140-108
Composition,Full ADC,,[],[],"Claim 1 describes a conjugate that includes a binder (antibody) covalently linked to an active compound (kinesin spindle protein inhibitor) via a linker, which qualifies it as a Full ADC. The primary focus is on the composition of the ADC rather than treatment methods.",064-618-110-303-763
Composition,Unconjugated Antibody,,"['cancer', 'infectious disease']",[],"Claim 1 describes an isolated antibody that specifically binds to human TIGIT, classifying it as a 'Composition'. The antibody is not covalently attached to any payload, thus it is categorized as 'Unconjugated Antibody'. Although there are treatment claims, the broadest independent claim focuses on the antibody itself.",073-759-822-275-946
Composition,Full ADC,,[],[],"Claim 29 is a method of treatment, but the broadest independent claim is directed to an antibody-drug conjugate (ADC) that includes an antibody conjugated to a cytotoxic agent, classifying it as a 'Composition' with subtype 'Full ADC'.",094-177-720-621-547
Composition,,,[],[],"Claim 1 describes a composition comprising nanoparticles with specific components, classifying it as a 'Composition'. The subsequent claims include methods of treatment, but the broadest independent claim focuses on the composition itself.",092-276-731-897-013
Clinical,,,['uterine serous carcinoma'],['human patient'],"Claim 1 is a method of treating uterine serous carcinoma, which classifies the patent as 'Clinical'. The focus is on the treatment method rather than a composition or manufacturing process.",107-557-545-110-970
Clinical,,,['cancer'],"['mammals', 'humans']","Claim 1 is a method for treating a disease, specifically cancer, which classifies the patent as 'Clinical'. The focus is on the treatment method rather than a composition or manufacturing process.",109-515-367-713-222
Clinical,,,"['urinary tract cancer', 'bladder cancer']",[],"Claim 1 is a method for treating urinary tract cancer, which classifies the patent as 'Clinical'. The focus is on treatment methods rather than compositions or manufacturing processes.",116-014-224-852-979
Composition,Unconjugated Antibody,,[],[],"Claim 1 explicitly claims an antibody that binds to VEGFR-2, classifying it as a composition. There are no claims of covalent attachment to a payload, thus it is categorized as an Unconjugated Antibody.",105-081-047-325-326
Composition,Unconjugated Antibody,,[],[],"Claim 1 describes a composition comprising an isolated peptide that selectively binds to ABCB5, which classifies it as a 'Composition'. The isolated peptide is not covalently attached to any payload, thus it is classified as 'Unconjugated Antibody'.",122-741-154-901-816
Composition,Conjugated Antibody,,[],[],"Claim 1 describes a fusion protein that includes a recombinant monobody linked to L-asparaginase, indicating a covalent attachment to a non-antibody payload, classifying it as a 'Conjugated Antibody'. The primary inventive concept is the composition of the fusion protein rather than a method of treatment.",123-092-740-689-714
Composition,Unconjugated Antibody,,[],[],"Claim 1 describes an isolated recombinant human antibody that specifically binds CD46, classifying it as a 'Composition'. The antibody is not covalently attached to any payload, thus it is categorized as 'Unconjugated Antibody'.",115-976-644-659-199
Clinical,,,['cancer'],[],"Claim 1 is a method of treating cancer, which classifies the patent as 'Clinical'. The focus is on the treatment method rather than a specific composition or manufacturing process.",125-274-263-582-796
Composition,Full ADC,,[],[],"Claim 1 explicitly claims an anti-c-Met antibody drug conjugate, which includes the antibody, linker, and potentially a payload, classifying it as a Full ADC. There are no method-of-treatment claims in the independent claim.",125-074-268-729-543
Composition,,,[],[],"Claim 1 describes an immunotherapeutic construct, which is a defined therapeutic construct, thus classifying the patent as 'Composition'. Although there are method-of-treatment claims later, the broadest independent claim focuses on the construct itself.",112-592-627-996-626
Composition,Unconjugated Antibody,,[],[],"Claim 1 describes a compound, which is classified as a composition. The patent discusses bispecific antibodies, but since there is no covalent attachment to a payload in Claim 1, it is classified as an Unconjugated Antibody.",138-235-494-063-870
Clinical,,,['cancer'],[],"Claim 50 is a method for treating a disorder, specifically cancer, using an anti-CD19-ADC and a secondary agent. Therefore, the primary inventive concept is a method of treatment.",130-965-791-501-826
Clinical,,,['cancer'],[],"Claim 1 is a method for treating cancer, which classifies the patent as 'Clinical'. The focus is on the treatment method rather than the composition of the ADC.",139-088-310-535-917
Composition,Conjugated Antibody,,"['diffuse large B-cell lymphoma', ""Non-Hodgkin's lymphoma""]",[],"Claim 1 describes a pharmaceutical combination that includes an anti-LY75 antibody covalently attached to a drug, classifying it as a 'Conjugated Antibody'. The primary inventive concept is the composition of the antibody with the drug, despite treatment methods being mentioned later.",158-278-726-449-613
Clinical,,,"['esophageal squamous-cell carcinoma (ESCC)', 'Barretts esophageal cancer']",[],"Claim 1 is a method of treating disorders characterized by increased levels of HER3 expression, specifically targeting esophageal cancers. Therefore, the primary inventive concept is clinical in nature.",153-393-355-181-313
Composition,Unconjugated Antibody,,[],[],"Claim 1 explicitly claims an antibody that binds to CLDN18.2, classifying it as a composition. There is no mention of covalent attachment to a payload, thus it is categorized as an unconjugated antibody.",149-603-662-876-690
Composition,Unconjugated Antibody,,[],[],"Claim 1 describes an isolated anti-EGFR antibody, which classifies as a composition. There are no claims of covalent attachment to a payload, thus it is categorized as an Unconjugated Antibody.",137-980-154-003-154
Clinical,,,"['tumor growth', 'tumor invasion']",[],"Claim 1 is a method for removing suppression of anti-tumor immunity, which qualifies it as a method-of-treatment claim. The focus is on the treatment of tumor cells, thus classifying the patent as Clinical.",163-692-406-267-663
Composition,Full ADC,,[],[],"Claim 1 describes a composition comprising antibody-drug conjugate compounds, which includes an antibody covalently linked to drug moieties, qualifying it as a Full ADC. The focus is on the composition rather than treatment methods.",161-515-677-187-876
CMC,,Conjugation Method,[],[],"Claim 1 describes a process for preparing an antibody-drug conjugate, focusing on the manufacturing and conjugation steps, which classifies it as CMC. The primary inventive concept is directed towards the method of conjugation rather than the composition of the ADC itself.",166-224-606-769-272
Composition,Full ADC,,[],[],"Claim 1 describes a cytotoxic particle that includes a liposome, a prodrug of a cytotoxic compound, and variable domains for binding to cancer cells, which classifies it as a composition. The inclusion of a cytotoxic compound and the structural definition of the particle align with the criteria for a Full ADC.",157-498-205-301-857
Composition,Conjugated Antibody,,[],[],"Claim 1 describes a composition comprising a therapeutic antibody conjugated to β-1,6-glucan oligomers, which qualifies as a 'Conjugated Antibody' due to the covalent attachment of the non-antibody payload. The primary inventive concept is the composition itself, not a method of treatment.",199-104-367-722-506
Composition,Unconjugated Antibody,,[],[],"Claim 1 describes a compound, which indicates a composition. The focus is on bispecific antibodies without any mention of covalent attachment to a payload, classifying it as an Unconjugated Antibody.",177-422-520-351-023
Composition,Unconjugated Antibody,,[],[],"Claim 1 describes a humanized antibody targeting ROR1, which classifies it as a 'Composition'. The antibody is not covalently attached to any payload, thus it is categorized as 'Unconjugated Antibody'.",185-295-194-553-754
Composition,Unconjugated Antibody,,[],[],"Claim 1 describes a composition comprising an anti-CD19 antibody and a BTK inhibitor, which classifies it as a 'Composition'. The antibody is not covalently attached to a payload, thus it is classified as 'Unconjugated Antibody'.",000-259-952-256-760
Composition,Conjugated Antibody,,"['pancreatic cancer', 'thyroid cancer', 'liver cancer', 'colorectal cancer', 'stomach cancer', 'urothelial cancer', 'breast cancer', 'cervical cancer', 'ovarian cancer', 'endometrial cancer', 'bile duct cancer']",[],"Claim 1 describes a radioactive antitumor agent comprising a 225 Ac-labeled anti-MUC5AC humanized antibody, which indicates a covalent attachment to a non-antibody payload (Actinium-225). This qualifies as a 'Composition' and specifically as a 'Conjugated Antibody'.",076-878-489-132-482
Composition,Dual Combination,,[],[],"Claim 106 describes a pharmaceutical combination comprising a PI3K inhibitor and a PD-L1/TGFβ dual inhibitor, which qualifies as a composition. The broadest independent claim does not focus on a method of treatment, thus it is classified as 'Composition' with a subtype of 'Dual Combination' due to the structural definition of two components.",005-078-836-941-321
Composition,Unconjugated Antibody,,[],[],"Claim 1 describes a method of producing a bispecific tetravalent antibody, which is classified as a composition. Since it does not involve a covalent attachment to a non-antibody payload, it is categorized as an 'Unconjugated Antibody'.",150-495-023-028-273
Clinical,,,"['hematological cancer', 'lymphoid cancer']",['non-adult human subjects'],"Claim 17 is a method of treating hematological or lymphoid cancer in non-adult human subjects, making it a clinical claim. The focus is on the treatment method rather than a composition or manufacturing process.",095-914-118-405-917
Composition,Unconjugated Antibody,,[],[],"Claim 1 describes a bispecific antibody without any covalent attachment to a non-antibody payload, classifying it as an 'Unconjugated Antibody'. The primary focus is on the composition of the antibody itself rather than any treatment methods.",037-129-257-632-979
Composition,Full ADC,,['multiple myeloma'],[],"Claim 10 describes an anti-CD38 ADC composition that includes an antibody, a drug or toxin moiety, and a linker, which qualifies it as a Full ADC. Although there are method-of-treatment claims, the broadest independent claim focuses on the composition itself.",162-671-130-527-997
Composition,Full ADC,,[],[],"Claim 1 describes a compound, which is a chemical entity, specifically an anti-HER2 ADC. The broadest independent claim is directed to the molecule itself, classifying it as a 'Composition'. The presence of covalent attachment to a payload indicates it is a 'Full ADC'.",070-564-003-001-619
Composition,Unconjugated Antibody,,[],[],"Claim 1 explicitly claims an antibody targeting CLDN18.2, which classifies it as a composition. The antibody is not covalently attached to any payload, thus it is categorized as an 'Unconjugated Antibody'.",020-949-631-241-828
Composition,Full ADC,,[],[],"Claim 1 explicitly claims an antibody-drug conjugate (ADC) comprising an antibody construct and a payload, which qualifies it as a 'Full ADC'. The primary focus is on the composition of the ADC rather than treatment methods.",057-797-165-124-343
Composition,Unconjugated Antibody,,[],[],"Claim 1 describes a fusion protein comprising specific peptides and an adaptor module, which classifies it as a composition. The fusion protein does not indicate any covalent attachment to a non-antibody payload, thus it is classified as an Unconjugated Antibody.",184-680-918-532-102
Clinical,,,['bladder cancer'],[],"Claim 1 is a method of treating bladder cancer, which classifies the patent as 'Clinical'. The focus is on the treatment regimen rather than a specific molecule or composition.",195-197-393-788-939
Clinical,,,"['bladder cancer', 'hepatocellular cancer', 'breast cancer', 'cervical cancer', 'colorectal cancer', 'endometrial cancer', 'anal cancer', 'Merkel cell carcinoma', 'gastric cancer', 'head and neck cancer', 'kidney cancer', 'liver cancer', 'lung cancer', 'ovarian cancer', 'prostate cancer', 'esophageal cancer', 'gall bladder cancer', 'pancreatic cancer', 'thyroid cancer', 'skin cancer', 'leukemia', 'multiple myeloma', 'chronic lymphocytic lymphoma', 'adult T cell leukemia', 'B-cell lymphoma', 'acute myelogenous leukemia', ""Hodgkin's or non-Hodgkin's lymphoma"", ""Waldenstrom's Macroglobulinemia"", 'hairy cell lymphoma', ""Burkett's lymphoma"", 'glioblastoma', 'melanoma', 'rhabdosarcoma', 'adenocarcinoma', 'sarcoma', 'non-small cell lung cancer', 'cholangiocarcinoma', 'myeloid/lymphoid neoplasms', '8p11 myeloproliferative syndrome', 'urogenital cancer']",[],"Claim 1 is a method of treating cancer, classifying the patent as 'Clinical'. The clinical indications include various types of cancer explicitly mentioned in the treatment method.",156-647-575-171-041
Composition,,,[],[],"Claim 1 describes a liposomal composition comprising gamma polyglutamated lometrexol, classifying it as a 'Composition'. Although treatment methods are mentioned later, the broadest independent claim focuses on the composition itself.",117-668-079-160-587
Clinical,,,"['myelodysplastic syndrome', 'acute myeloid leukemia']",[],"Claim 1 is a method of treating CD70-expressing cancer, specifically myelodysplastic syndrome and acute myeloid leukemia, making it a clinical claim.",139-793-905-181-71X
Composition,Unconjugated Antibody,,[],[],"Claim 1 describes a modified Pseudomonas exotoxin A (PE) molecule, which is a biologic entity. The claims do not primarily focus on treatment methods or manufacturing processes, thus classifying it as a composition. The PE is not covalently attached to any payload, qualifying it as an unconjugated antibody.",014-272-143-498-473
Composition,Unconjugated Antibody,,[],[],"Claim 1 describes a monoclonal antibody that binds CD22, classifying it as a 'Composition'. The claims do not indicate any covalent attachment to a non-antibody payload, thus it is categorized as 'Unconjugated Antibody'.",009-862-902-039-809
Composition,Unconjugated Antibody,,[],[],"Claim 1 is directed to an antibody, which classifies the patent as a 'Composition'. The claims do not involve any covalent attachment to a non-antibody payload, thus it is classified as 'Unconjugated Antibody'.",026-745-412-095-860
Composition,Full ADC,,[],[],"Claim 115 explicitly claims an anti-EGFR antibody drug conjugate, which includes the antibody, linker, and payload as a single defined construct, classifying it as a Full ADC under Composition.",029-097-024-529-723
Clinical,,,"['B-cell lymphomas', 'leukemias', 'solid tumors', 'autoimmune disease', 'immune dysfunction disease', 'diabetes']",['human B cells'],"Claim 1 is a method of killing human B cells, which classifies the patent as 'Clinical'. The diseases mentioned in the abstract are not part of the claims, thus only the explicitly claimed indications are included.",028-124-622-227-72X
Clinical,,,['cancer'],[],"Claim 1 is a method for treating or preventing cancer, which classifies the patent as 'Clinical'. There are no claims directed to a specific molecule or composition.",047-226-111-682-372
Composition,Full ADC,,[],[],"Claim 1 explicitly claims an antibody-drug conjugate, which includes an antibody, a linker, and a drug, thus classifying it as a 'Full ADC'. There are no method-of-treatment claims in the first independent claim.",046-950-089-236-464
Composition,,,[],[],"Claim 1 describes a thermosensitive mucoadhesive polymeric hydrogel, which is a defined construct. Since it claims a composition rather than a method of treatment, it is classified as 'Composition'.",059-389-953-396-753
Clinical,,,"['melanoma', 'leukemia', 'neuroblastoma']",[],"Claim 1 is a method of detecting a tumor using an antibody, which classifies the patent as 'Clinical'. The specific cancers mentioned in the dependent claims are melanoma, leukemia, and neuroblastoma.",080-446-787-790-788
Composition,,,"['cancer', 'infectious disease']",[],"Claim 1 describes a compound with a specific structure, classifying it as a 'Composition'. Although the patent mentions treatment of diseases, the broadest independent claim is directed to the compound itself, not a method of treatment.",080-854-610-698-401
Composition,Unconjugated Antibody,,[],[],"Claim 1 describes a fusion protein that includes an anti-KRas protein nanobody, which is classified as a composition. There are no claims of covalent attachment to a non-antibody payload, thus it is categorized as an Unconjugated Antibody.",066-479-140-629-591
Composition,Unconjugated Antibody,,[],[],"Claim 1 describes a dry powder formulation comprising antibodies or angiogenesis inhibitors, classifying it as a 'Composition'. The antibodies are not covalently attached to any payload, thus they fall under 'Unconjugated Antibody'.",067-423-162-424-080
Composition,Unconjugated Antibody,,[],[],"Claim 1 describes an antibody against the poliovirus receptor, classifying it as a 'Composition'. The antibody is not covalently attached to any payload, thus it is categorized as 'Unconjugated Antibody'.",064-890-130-757-183
Composition,Unconjugated Antibody,,[],[],"Claim 1 describes a composition comprising a topoisomerase inhibitor and a monoclonal antibody, which does not indicate any covalent attachment to a payload, thus classifying it as an Unconjugated Antibody. The primary inventive concept is a composition rather than a method of treatment.",068-325-212-511-21X
Clinical,,,['cancer'],['subject in need thereof'],"Claim 1 is a method of treating cancer, which classifies the patent as 'Clinical'. The focus is on the treatment method rather than the composition of the antibodies or ADCs.",074-003-490-426-651
Composition,,,[],[],"Claim 1 describes a micelle composition comprising a TLR7 agonist and an amphiphilic micelle-forming agent, classifying it as a 'Composition'. There are no claims that primarily focus on treatment methods in the independent claim.",073-945-854-696-912
Composition,Full ADC,,[],[],"Claim 1 describes a binding agent-drug conjugate, which includes a binding agent (antibody) covalently linked to a payload (pyrrolobenzodiazepine toxin), classifying it as a Full ADC. The primary inventive concept is the composition of the conjugate rather than a method of treatment.",082-819-114-028-125
Clinical,,,"['prostate cancer', 'cancer of the urinary tract', 'pancreatic cancer', 'lung cancer', 'breast cancer', 'colon cancer', 'ovarian cancer']",[],"Claim 1 is a method of treating cancer, which classifies the patent as 'Clinical'. The specific types of cancer mentioned in the claim are extracted as clinical indications.",082-577-408-318-575
Clinical,,,['cancer'],[],"Claim 1 is a method of treating cancer, which classifies the patent as 'Clinical'. The focus is on the treatment method rather than the composition of the antibody.",103-661-428-262-54X
Composition,Full ADC,,"['hyperproliferative diseases', 'cancer']",[],"Claim 1 explicitly claims a conjugate that includes an antibody, linker, and active agent, qualifying it as a Full ADC. Although treatment indications are mentioned, the primary inventive concept is the composition of the ADC itself.",109-890-753-711-887
Composition,Full ADC,,[],[],"Claim 1 describes a formulation that includes a benzodiazepine ADC, which is a defined construct comprising an antibody, linker, and payload. This qualifies as a 'Full ADC' under the composition subtype.",104-736-996-093-537
Composition,Conjugated Antibody,,[],[],"Claim 1 describes a conjugate that includes an antibody construct, which indicates a covalent attachment to a non-antibody payload, classifying it as a 'Conjugated Antibody'. The primary focus is on the composition of the conjugate rather than treatment methods.",112-489-575-603-652
Composition,Dual Combination,,[],[],"Claim 1 describes a pharmaceutical composition comprising an antibody-drug conjugate and an anti-SIRPα antibody, which classifies it as a 'Composition'. The combination of the ADC and the anti-SIRPα antibody indicates a 'Dual Combination' subtype since both components are defined together.",143-816-995-026-29X
Composition,Conjugated Antibody,,['cancer'],[],"Claim 1 explicitly claims a conjugate of an antibody linked to a payload (benzodiazepine), classifying it as a 'Composition'. The conjugation indicates a covalent attachment to a non-antibody payload, thus it is categorized as 'Conjugated Antibody'.",131-224-382-578-986
Composition,Unconjugated Antibody,,[],[],"Claim 1 explicitly claims an anti-CLDN18.2 antibody or antigen-binding fragment, classifying it as a composition. There are no claims of covalent attachment to a payload, thus it is categorized as an unconjugated antibody.",138-111-265-326-943
Composition,Unconjugated Antibody,,[],[],"Claim 1 describes an immunoconjugate that is a proteinaceous heterodimer consisting of antibody components without a covalently attached non-antibody payload, classifying it as an Unconjugated Antibody. The primary inventive concept is the composition of the immunoconjugate rather than a method of treatment.",138-522-042-963-255
Composition,,,[],[],"Claim 1 describes a compound selected from Formula I, which classifies it as a 'Composition'. There are no claims directed to methods of treatment or manufacturing processes in the independent claim.",147-692-663-657-398
Composition,Full ADC,,[],[],"Claim 1 describes an anti-hB7-H3 antibody drug conjugate, which includes both the antibody and a covalently attached payload, classifying it as a 'Full ADC'. There are no method-of-treatment claims in the first independent claim.",154-115-537-305-15X
Composition,Conjugated Antibody,,[],[],"Claim 1 describes an mRNA-mannose conjugate, which is a defined construct involving a covalent attachment of mannose to mRNA. This qualifies as a composition. There are no method-of-treatment claims in the independent claim, thus it is classified as Composition.",156-153-957-148-12X
Composition,Full ADC,,[],[],"Claim 1 describes a linker-drug intermediate, which is part of the broader category of antibody-drug conjugates (ADCs). The independent claim is directed to a chemical construct, thus classifying it as 'Composition'. The presence of claims for the ADC itself further supports the 'Full ADC' subtype.",153-855-779-884-323
Composition,,,[],[],"Claim 1 describes a cryogel scaffold, which is a defined construct, thus classifying it as a 'Composition'. There are no method-of-treatment claims in Claim 1, and the focus is on the structural aspects of the scaffold.",150-363-946-402-310
Composition,Conjugated Payload,,[],[],"Claim 1 describes a compound that includes a covalently linked maytansinoid, indicating it is a conjugated payload. The focus is on the chemical entity rather than a method of treatment.",164-829-646-566-137
Composition,Conjugated Antibody,,[],[],"Claim 1 describes a compound with a specific formula, indicating it is a chemical entity. The presence of a linker and the context of binding to antibodies suggest it is a conjugated construct, specifically a conjugated antibody.",167-682-597-616-294
Clinical,,,"['brain tumor', 'glioma']",[],"Claim 1 is a method of treating a brain tumor, specifically glioma, which classifies the patent as 'Clinical'. The focus is on the treatment method rather than the composition of the immunoconjugate.",182-618-115-393-444
Composition,Unconjugated Antibody,,[],[],"Claim 1 is a method of treatment, but the broadest independent claim is directed to a monoclonal antibody that binds to a specific isoform, classifying it as a composition. The antibody is not covalently attached to any payload, thus it is classified as an Unconjugated Antibody.",171-779-132-510-874
Clinical,,,['diffuse large B-cell lymphoma'],['human'],"Claim 1 is a method for treating diffuse large B-cell lymphoma, which classifies the patent as 'Clinical'. The focus is on the treatment method rather than the composition of the immunoconjugate.",180-950-924-075-587
Clinical,,,['cancer'],[],"Claim 1 is a method of treating cancer, which classifies the patent as 'Clinical'. The focus is on the treatment method rather than the composition of the conjugate.",199-816-945-878-138
Composition,Conjugated Antibody,,"['viral liver infections', 'HBV', 'HCV', 'HDV', 'parasite infections', 'malaria', 'toxoplasmosis', 'leishmaniasis', 'trypanosomiasis', 'liver cancer', 'metastases in the liver']",[],"Claim 1 explicitly claims an antisense oligonucleotide conjugate, classifying it as a composition. The conjugate involves a covalent attachment to a GalNAc cluster, fitting the 'Conjugated Antibody' subtype. Although treatment methods are present, they do not override the primary composition claim.",162-435-071-624-273
Composition,Dual Combination,,[],[],"Claim 1 describes a therapeutic combination comprising an anti-PD-1 antibody and a tyrosine kinase inhibitor, which classifies it as a composition. The combination of these two components indicates a dual combination of defined entities rather than a method of treatment.",160-379-545-412-939
Composition,Unconjugated Antibody,,[],[],"Claim 1 explicitly claims an anti-ABCG2 monoclonal antibody, which classifies it as a 'Composition'. There is no covalent attachment to a payload in this claim, thus it is classified as 'Unconjugated Antibody'. Treatment claims appear later but do not override the primary classification.",039-150-075-191-112
Clinical,,,"['tumor', 'disease characterized by the involvement of cells expressing CCR8']",[],"Claim 19 is a method-of-treatment claim for administering an anti-CCR8 antibody to treat tumors or diseases involving CCR8-expressing cells, making it the primary inventive concept.",066-482-866-728-422
Clinical,,,['cancer'],[],"Claim 1 is a method for treating cancer, which classifies the patent as 'Clinical'. The focus is on the treatment method rather than a specific composition or manufacturing process.",021-088-927-317-814
Composition,Unconjugated Antibody,,[],[],"Claim 1 describes an isolated antibody that binds to human Tissue Factor (TF), classifying it as a 'Composition'. The claim does not involve any covalent attachment to a payload, thus it is categorized as 'Unconjugated Antibody'.",048-244-074-866-505
Composition,,,[],[],"Claim 1 describes a compound of Formula I, which is a chemical entity, thus classifying the patent as 'Composition'. There are no method-of-treatment claims in Claim 1, and the focus is on the compound itself.",198-318-365-299-30X
Composition,Full ADC,,[],[],"Claim 1 explicitly claims an antibody drug conjugate (ADC), which includes the antibody, linker, and payload as a single defined construct. Therefore, it is classified as 'Composition' with a subtype of 'Full ADC'.",170-811-211-004-989
Clinical,,,"['follicular lymphoma', 'diffuse large B-cell lymphoma']",['human in need thereof'],"Claim 1 is a method for treating follicular lymphoma, which qualifies it as a clinical claim. The diseases explicitly mentioned in the treatment method are follicular lymphoma and diffuse large B-cell lymphoma.",016-215-495-767-632
Composition,Conjugated Payload,,[],[],"Claim 95 describes a liposomal composition comprising gamma polyglutamated raltitrexed, which is a defined therapeutic construct. The focus is on the composition rather than treatment methods, thus classifying it as 'Composition' and specifically as 'Conjugated Payload' due to the encapsulation of the drug within a liposome.",143-312-453-346-230
Clinical,,,"['prostate cancer', 'liver cancer (HCC)', 'colorectal cancer (CRC)', 'ovarian cancer', 'endometrial cancer', 'breast cancer', 'pancreatic cancer', 'stomach cancer', 'cervical cancer', 'head and neck cancer', 'thyroid cancer', 'testis cancer', 'urothelial cancer', 'lung cancer', 'melanoma', 'non-melanoma skin cancer', 'glioma', 'renal cell cancer (RCC)', 'lymphoma', 'Acute myeloid leukemia (AML)', 'T cell Acute Lymphoblastic Leukemia (T-ALL)', 'Diffuse Large B cell lymphoma', 'testicular germ cell tumors', 'mesothelioma', 'esophageal cancer', 'triple negative breast cancer', 'Merkel Cells cancer', 'MSI-high cancer', 'KRAS mutant tumors', 'adult T-cell leukemia/lymphoma', 'pleural mesothelioma', 'anal SCC', 'neuroendocrine lung cancer', 'NSCLC', 'adenoid cystic cancer', 'primary peritoneal cancer', 'microsatellite stable primary peritoneal cancer', 'platinum resistant microsatellite stable primary peritoneal cancer', 'Myelodysplastic syndromes (MDS)']",[],"Claim 1 is a method of treatment for cancer, classifying the patent as 'Clinical'. The broadest claim focuses on the treatment method rather than a composition or manufacturing process.",010-749-431-020-132
Clinical,,,['cancer'],[],"Claim 1 is a method for treating cancer with an anti-CD37 immunoconjugate, making it a method-of-treatment claim. The primary inventive concept is focused on clinical use rather than a composition or manufacturing process.",025-543-035-994-550
Clinical,,,"['cancer of an internal body cavity', 'bladder cancer', 'urinary tract cancer', 'upper urinary tract cancer', 'renal cancer', 'gastrointestinal cancer', 'colon cancer', 'rectal cancer', 'female reproductive system cancer']",['human subject'],"Claim 1 is a method of treatment for cancer of an internal body cavity, making it primarily a clinical patent. The diseases treated are explicitly mentioned in the claim.",036-428-421-491-842
Composition,Conjugated Antibody,,[],[],"Claim 1 describes a conjugate comprising an antibody specifically binding to CD45 and an amatoxin, indicating a covalent attachment to a non-antibody payload. This qualifies as a 'Conjugated Antibody' under the composition subtype.",042-715-645-747-850
Composition,Unconjugated Antibody,,['acute lymphoblastic leukemia'],[],"Claim 1 is directed to an isolated monoclonal antibody, classifying the patent as 'Composition'. The antibody is not covalently attached to any payload, thus it is categorized as 'Unconjugated Antibody'.",041-580-009-012-800
Composition,Full ADC,,['cancer'],[],"Claim 1 describes a combination of an antibody-drug conjugate (ADC) and an anti-PD-1 or anti-PD-L1 antibody, which qualifies as a composition. The ADC is explicitly defined, indicating a full construct with an antibody and a payload.",037-972-056-734-353
Clinical,,,['cancer'],['human'],"Claim 1 is a method for the treatment of cancer, classifying the patent as 'Clinical'. It does not primarily claim a composition or manufacturing process.",058-205-640-421-078
Clinical,,,['multiple myeloma'],['human subject'],"Claim 19 is a method of treating multiple myeloma, which classifies the patent as 'Clinical'. The focus is on the treatment method rather than the composition of the ADC.",057-644-787-426-058
Clinical,,,"['cancer', 'brain cancer', 'glioblastoma multiforme', 'colon cancer', 'prostate cancer', 'lung cancer']",[],"Claim 1 is a method of treating or preventing cancer, which classifies the patent as 'Clinical'. The claims detail various anti-cancer agents and methods of administration, focusing on treatment rather than composition.",070-848-197-935-368
Clinical,,,"['multiple myeloma', 'renal impairment']","['individuals who have received at least two prior therapies for multiple myeloma', 'individuals under 75 years of age', 'individuals 75 years of age or older']","Claim 1 is a method of treatment for improving renal impairment in individuals with multiple myeloma, making it primarily a clinical claim.",076-497-710-944-617
Clinical,,,"['inflammatory disease', 'chronic inflammation', 'age-related inflammation', 'inflammatory peripheral GnRH', 'rheumatoid arthritis', 'inflammatory bowel disease', 'spondyloarthritis', 'systemic sclerosis', 'psoriasis', 'nephritis', 'multiple sclerosis', 'osteoarthritis', 'osteoporosis', 'cardiovascular disease', 'metabolic syndrome', 'cancer inflammation']",[],"Claim 1 is a method-of-treatment claim for a GnRH antagonist used in treating or preventing inflammatory conditions, thus classifying the patent as Clinical.",090-088-952-789-197
Composition,Unconjugated Antibody,,[],[],"Claim 1 primarily claims an anti-VTCN1 antibody, which classifies it as a 'Composition'. The claim does not involve any covalent attachment to a payload, thus it is categorized as 'Unconjugated Antibody'.",092-526-463-933-100
Clinical,,,['blastic plasmacytoid dendritic cell neoplasm'],['adult human patients'],"Claim 142 is a method of treating a specific disease, thus classifying the patent as Clinical. The primary inventive concept revolves around treatment methods rather than a composition or manufacturing process.",119-709-735-467-888
Composition,Full ADC,,[],[],"Claim 1 explicitly claims an antibody drug conjugate (ADC), which includes an antibody, linker, and therapeutic agent, classifying it as a 'Full ADC'. There are no method-of-treatment claims in the first independent claim.",113-174-130-402-647
Clinical,,,"['cancer', 'metastatic cancer']",[],"Claim 1 is a method of treatment involving the administration of a composition at a tumor resection site for cancer, classifying the patent as 'Clinical'.",118-374-393-332-351
Composition,Full ADC,,[],[],"Claim 111 describes an isolated antibody capable of binding to mesothelin, and Claim 116 defines an antibody-drug conjugate (ADC) with a specific payload (eribulin) and linker. The broadest independent claim is directed to a molecule, classifying it as a 'Composition' and specifically as a 'Full ADC' due to the inclusion of the antibody, linker, and payload in a defined construct.",132-954-207-567-084
Composition,Conjugated Payload,,[],[],"Claim 1 describes a lyophilized nanoparticle composition comprising antibodies and paclitaxel, indicating a covalent attachment of the payload to the antibody construct. This classifies the patent as a 'Composition' with a subtype of 'Conjugated Payload'.",130-037-283-456-06X
Composition,Full ADC,,[],[],"Claim 1 explicitly claims a pharmaceutical composition comprising an anti-Claudin18.2 antibody-drug conjugate, which includes the antibody, linker, and payload as a single defined construct, classifying it as a Full ADC.",150-345-314-609-293
Composition,Conjugated Linker,,[],[],"Claim 1 describes a compound with a specific formula, indicating it is a chemical entity. The focus is on the composition of the compound, which includes a target binding moiety and a divalent linker, classifying it as a 'Conjugated Linker' since it involves a linker for potential conjugation to an antibody or payload.",159-520-538-582-790
Composition,Unconjugated Antibody,,[],[],"Claim 1 is directed to an isolated antibody, which classifies it as a 'Composition'. The antibody is not covalently attached to any payload, thus it is classified as 'Unconjugated Antibody'.",161-330-076-048-562
Composition,Unconjugated Antibody,,[],[],"Claim 1 explicitly claims an isolated antibody, which classifies the patent as a 'Composition'. The antibody is not covalently attached to any payload, thus it is categorized as 'Unconjugated Antibody'.",166-367-378-523-534
Clinical,,,"['cancer', 'prostate cancer', 'ovarian cancer', 'malignant brain tumors', 'melanoma', 'breast cancer', 'lung cancer']",[],"Claim 1 is a method of treatment for cancer, classifying the patent as 'Clinical'. The diseases explicitly mentioned in the treatment methods are extracted as clinical indications.",168-524-728-171-057
Clinical,,,['FOLR1-expressing cancer'],[],"Claim 1 is a method for treating a patient with FOLR1-expressing cancer, which classifies the patent as 'Clinical'. The focus is on the treatment method rather than the composition of the immunoconjugate.",183-751-098-765-451
Clinical,,,['diffuse large B-cell lymphoma'],['human subjects'],"Claim 1 is a method of treating diffuse large B-cell lymphoma, which classifies the patent as 'Clinical'. The focus is on the treatment method rather than the composition of the bispecific antibody.",056-868-587-527-23X
Composition,Full ADC,,[],[],"Claim 1 explicitly claims an antibody-drug conjugate (ADC) with a defined formula, which includes an antibody, linker, and drug, classifying it as a 'Full ADC'. There are no method-of-treatment claims in Claim 1, so it is classified under 'Composition'.",074-782-747-823-421
Clinical,,,"['hematopoietic cancer', 'B-cell lymphoma', 'B-cell leukemia', 'myeloid leukemia', 'multiple myeloma', 'cancers of the skin', 'esophagus', 'stomach', 'colon', 'rectum', 'pancreas', 'lung', 'breast', 'ovary', 'bladder', 'endometrium', 'cervix', 'testes', 'kidney', 'liver', 'melanoma', 'other HLA-DR-producing tumors']",[],"Claim 1 is a method of treating hematopoietic cancer, which classifies the patent as 'Clinical'. The broadest independent claim focuses on treatment methods rather than specific compositions.",118-892-093-901-743
Clinical,,,"['hematopoietic diseases', 'metabolic disorders', 'cancers', 'autoimmune diseases']",['human patients in need of a hematopoietic stem cell transplant'],"Claim 1 is a method of treatment involving the administration of an anti-CD117 antibody drug conjugate and an immunosuppressant to deplete CD117+ cells in patients needing a stem cell transplant, classifying it as Clinical.",095-229-424-650-27X
Composition,Conjugated Antibody,,[],[],"Claim 1 describes a ligand-drug conjugate that includes an anti-B7H3 antibody covalently attached to a drug, classifying it as a 'Conjugated Antibody'. The primary inventive concept is the composition of the conjugate rather than a method of treatment.",174-918-957-251-746
Clinical,,,"['disease associated with immune suppression', 'acute and/or chronic infection', 'sepsis', 'cancer', 'immunosenescence in aging']",[],"Claim 1 is a method of treating a disease associated with immune suppression, which classifies the patent as 'Clinical'. The diseases explicitly mentioned in the treatment method are included in the clinical indications.",197-739-138-071-304
Composition,Full ADC,,[],[],"Claim 1 explicitly claims an antibody-drug conjugate, which includes the antibody, linker, and cytotoxic drug in a defined construct, classifying it as a Full ADC. The primary inventive concept is directed to the composition rather than a method of treatment.",095-835-886-391-671
Clinical,,,['cancer'],['subject suffering from cancer'],"Claim 1 is a method for treating cancer, which classifies the patent as 'Clinical'. The focus is on the treatment method rather than a composition or manufacturing process.",135-963-008-140-102
Clinical,,,"['endocrine cancer', 'head and neck cancer', 'hepatobiliary cancer', 'ovarian cancer', 'renal cancer', 'thyroid cancer']",[],"Claim 1 is a method for treating cancer, which classifies the patent as 'Clinical'. The specific types of cancer are explicitly mentioned in the claim.",060-572-776-599-023
Composition,Full ADC,,[],[],"Claim 1 describes a compound of Formula I, which is a chemical entity. The subsequent claims detail conjugates and linkers, indicating a full ADC structure. There are treatment claims later, but the broadest independent claim is directed to a molecule.",061-775-600-756-669
Clinical,,,['multiple myeloma'],['human subjects with multiple myeloma'],"Claim 1 is a method of treating multiple myeloma, which classifies the patent as 'Clinical'. The focus is on the treatment method rather than a composition or manufacturing process.",010-793-233-013-116
Clinical,,,"['melanoma', 'pancreatic cancer', 'lung cancer', 'ocular melanoma', 'oral melanoma', 'intestinal melanoma', 'Burkitt lymphoma', 'leukemia', 'sarcoma', 'lymphoma', 'multiple myeloma', 'brain cancer', 'neuroblastoma', 'medulloblastoma', 'astrocytoma', 'glioblastoma', 'ovarian cancer', 'cervix cancer', 'uterine cancer', 'colorectal cancer', 'breast cancer', 'stomach cancer', 'thyroid cancer', 'liver cancer', 'prostate cancer', 'esophagus cancer', 'kidney cancer', 'bladder cancer', 'gall bladder cancer']",[],"Claim 1 is a method of treating cancer, which classifies the patent as 'Clinical'. The clinical indications are explicitly mentioned in the treatment methods.",013-277-040-183-731
Clinical,,,"['B-cell proliferative disorder', 'Follicular Lymphoma', 'Diffuse Large B-Cell Lymphoma']",[],"Claim 42 is a method of treating B-cell proliferative disorders, which makes the primary inventive concept a method of treatment rather than a composition.",012-414-448-219-453
Clinical,,,"['tumor growth', 'hepatopathy']",['subject in need thereof'],"Claim 1 is a method for normalizing intra-tumor blood vessels, which is a method-of-treatment claim. Therefore, the primary classification is Clinical, despite the presence of other claims.",017-271-610-160-135
Clinical,,,"['cancer', 'hematological cancer', 'multiple myeloma', ""non-Hodgkin's lymphoma"", ""Hodgkin's lymphoma"", 'myeloma', 'leukemia', 'lymphoma']",[],"The broadest independent claim (Claim 7) is a method for treating cancer, classifying the patent as 'Clinical'.",019-379-378-561-512
Composition,Conjugated Payload,,[],[],"Claim 1 describes a nanoparticle composition that includes a binding agent and a therapeutically effective amount of paclitaxel, indicating a covalent attachment of a payload to a defined construct. Therefore, it is classified as a 'Composition' with a subtype of 'Conjugated Payload'.",028-292-264-050-76X
Clinical,,,"['urothelial cancer', 'metastatic urothelial cancer']",['human patient'],"Claim 1 is a method of treating urothelial cancer, which classifies the patent as 'Clinical'. The clinical indications include urothelial cancer and metastatic urothelial cancer, with the patient population specified as human patients.",032-026-305-214-090
Clinical,,,['biliary tract cancer'],['HER2-positive'],"Claim 1 is a method of treating HER2-positive biliary tract cancer, which classifies the patent as 'Clinical'. The focus is on the treatment method rather than the composition of the bispecific construct.",060-627-551-865-138
Composition,Full ADC,,[],[],"Claim 1 describes a fusion polypeptide that includes a COF1/CRBN-binding polypeptide and a heterologous polypeptide, indicating a defined construct. The presence of a specific binding domain and the potential for therapeutic use classify it as a Full ADC.",060-903-973-741-862
Composition,Full ADC,,[],[],"Claim 1 describes a controlled-release pharmaceutical implant comprising specific therapeutic agents, which classifies it as a 'Composition'. The implant includes tocilizumab, a monoclonal antibody, along with other agents, indicating a full ADC construct.",068-320-733-008-334
Composition,Conjugated Antibody,,[],[],"Claim 55 describes an antibody conjugate linked site-specifically to at least one payload moiety, indicating a covalent attachment to a non-antibody payload, classifying it as a 'Conjugated Antibody'. The broadest independent claim is directed to a molecule rather than a method of treatment.",085-228-483-767-868
Clinical,,,['cancer'],[],"Claim 1 is a method of killing a cell, which classifies the patent as 'Clinical'. The primary inventive concept revolves around treatment methods involving a fluorochemical composition targeting cancer cells.",099-621-498-786-569
Composition,Full ADC,,[],[],"Claim 1 explicitly claims an anti-CD123 antibody-drug conjugate, which includes both the antibody and the drug component, classifying it as a Full ADC. The primary inventive concept is directed towards the composition of the ADC rather than a method of treatment.",116-731-074-054-630
Clinical,,,['urothelial cancer'],['human patient with urothelial cancer'],"Claim 1 is a method of treating urothelial cancer with an ADC, making it a clinical claim. The focus is on the treatment method rather than the composition of the ADC.",109-540-019-111-684
Composition,Full ADC,,[],[],"Claim 1 explicitly claims an antibody-drug conjugate comprising an antibody moiety, a linker moiety, and a cytotoxic drug moiety, which fits the definition of a Full ADC. There are no method-of-treatment claims in Claim 1, thus it is classified as Composition.",105-742-629-897-688
Composition,,,[],[],"Claim 1 describes a composition comprising inhibitory nucleic acids and delivery vehicles, which classifies it as a 'Composition'. The method-of-treatment claims appear later and do not override the primary classification.",124-669-891-894-555
Clinical,,,"['oral squamous cell carcinoma', 'prostate cancer', 'breast cancer']",[],"Claim 1 is a method of primary chemoprevention, which focuses on treatment rather than a composition of a molecule. Therefore, the primary classification is 'Clinical'.",148-014-647-882-548
Composition,Unconjugated Antibody,,[],[],"Claim 1 describes a composition comprising an anti-metabolite agent and a monoclonal antibody, which does not involve any covalent attachment to a payload, thus classifying it as an 'Unconjugated Antibody'. The primary focus is on the composition rather than treatment methods.",151-262-483-237-921
Composition,Full ADC,,[],[],"Claim 1 explicitly claims an anti-huLRRC15 antibody drug conjugate (ADC) comprising an antimitotic agent linked to an antibody, which qualifies as a 'Full ADC'. There are no method-of-treatment claims in Claim 1, thus the primary classification is 'Composition'.",150-578-881-102-090
Composition,Dual Combination,,[],[],"Claim 1 describes a pharmaceutical combination product comprising a liposomal formulation and a cytotoxic compound, classifying it as a Composition. The combination of a liposomal formulation and a cytotoxic agent fits the criteria for Dual Combination as it involves two components of an ADC construct.",148-964-819-330-379
Clinical,,,"['ovarian cancer', 'metastatic breast cancer', 'adenocarcinoma of the pancreas', 'gastrointestinal cancer', 'bladder cancer', 'cervical cancer', 'lung cancer', 'non-small cell lung cancer', 'renal cell carcinoma']",[],"Claim 1 is a method of treating a human subject with a compound, making it primarily a method-of-treatment claim.",175-486-487-503-100
Composition,Unconjugated Antibody,,[],[],"Claim 1 explicitly claims an isolated monoclonal antibody binding to Claudin 18.2, classifying it as a composition. There is no mention of covalent attachment to a payload, thus it is categorized as an unconjugated antibody.",173-986-406-863-744
Composition,Unconjugated Antibody,,[],[],"Claim 1 describes a bispecific antibody without any covalent attachment to a payload, classifying it as an 'Unconjugated Antibody'. The primary inventive concept is the composition of the antibody itself, not a method of treatment.",094-761-945-332-431
Composition,Conjugated Antibody,,[],[],"Claim 1 describes a conjugate comprising an anti-EGFR1 antibody covalently attached to a dextran derivative, classifying it as a 'Conjugated Antibody'. The primary inventive concept is the composition of the conjugate itself, not a method of treatment.",185-929-779-571-781
Composition,Unconjugated Antibody,,[],[],"Claim 1 describes a composition comprising a non-covalent complex of an antibody and a therapeutic polynucleotide, which classifies it as a 'Composition'. The antibody is not covalently attached to a payload, thus it is classified as 'Unconjugated Antibody'.",107-109-893-912-196
Clinical,,,"['hematologic malignancy', 'acute myeloid leukemia (AML)', 'myelodysplastic syndrome (MDS)', 'B-cell acute lymphoblastic leukemia (B-ALL)', 'chronic myeloid leukemia in blast crisis/phase (BP-CML)', 'blastic plasmacytoid dendritic cell neoplasm (BPDCN)']",[],"Claim 1 is a method for treating a hematologic malignancy, which classifies the patent as 'Clinical'. The specific diseases treated are explicitly mentioned in the claims.",193-836-559-125-699
Composition,,,[],[],"Claim 1 describes a pharmaceutical composition comprising a lipid mixture, an active agent, and a biocompatible hydrogel, which classifies it as a 'Composition'. There are no claims directed to a method of treatment in Claim 1.",070-546-591-028-025
Clinical,,,"['cancer', 'graft rejection', 'autoimmune disease']",[],"Claim 1 is a method of generating macrophages with enhanced cancer phagocytosis, which classifies it as a method-of-treatment claim. The focus is on the treatment of cancer and other conditions, making 'Clinical' the primary category.",043-925-136-348-909
Clinical,,,"[""B-cell lineage non-Hodgkin's Lymphoma""]",['human'],"Claim 1 is a method of treating B-cell lineage non-Hodgkin's Lymphoma, which classifies the patent as 'Clinical'. The focus is on the treatment method rather than the composition of the ADC.",033-065-210-086-602
Composition,,,[],[],"Claim 1 describes a lipid nanoparticle comprising specific components, classifying it as a 'Composition'. There are no treatment methods in Claim 1, and while treatment claims exist later, they do not override the primary classification.",168-023-754-109-606
CMC,,Conjugation Method,[],[],"Claim 1 describes a method for preparing an antibody drug conjugate, focusing on the preparation process rather than the composition of the drug itself. Therefore, it is classified under CMC as a Conjugation Method.",005-062-533-970-049
Composition,Unconjugated Antibody,,[],[],"Claim 1 claims an antibody that specifically binds to c-Met, classifying it as a 'Composition'. The claim does not involve any covalent attachment to a payload, thus it is categorized as 'Unconjugated Antibody'.",007-796-574-636-683
Clinical,,,['cancer'],"['mammals', 'humans']","Claim 1 is a method for treating a disease, specifically cancer, using an alkylating agent and a monoclonal antibody, classifying it as a Clinical patent.",040-691-208-777-617
Composition,Full ADC,,[],[],"Claim 1 describes a conjugate of an antibody with a specific drug loading, indicating a defined therapeutic construct. This fits the criteria for a Full ADC as it involves a covalent attachment of an antibody to a non-antibody payload.",033-358-881-331-399
Composition,Full ADC,,[],[],"Claim 1 explicitly claims an antibody drug conjugate comprising a bispecific antibody and a drug, which qualifies as a Full ADC. The focus is on the composition of the ADC rather than treatment methods.",042-986-153-017-813
Composition,,,[],[],"Claim 49 describes a combination comprising a specific compound and at least one additional antitumor compound, classifying it as a 'Composition' since it claims a defined therapeutic construct rather than a method of treatment.",056-403-052-615-882
Composition,,,[],[],"Claim 1 is directed to a compound of formula (Ib), which is a chemical entity, thus classifying the patent as 'Composition'. There are no claims that primarily focus on treatment methods or manufacturing processes.",088-394-273-868-532
Composition,Conjugated Antibody,,[],[],"Claim 1 describes a cytotoxic compound, which is a chemical entity, and the subsequent claims detail conjugates with cell-binding agents, indicating a covalent attachment to a non-antibody payload. Therefore, it is classified as a 'Conjugated Antibody'.",102-879-620-947-528
Composition,,,[],[],"Claim 1 describes a pharmaceutical composition comprising specific compounds, which classifies it as a 'Composition'. Although there are method-of-treatment claims later, the broadest independent claim is directed to the composition itself.",102-812-332-777-919
Composition,Unconjugated Antibody,,[],[],"Claim 1 describes a protein that recognizes a drug moiety of an antibody-drug conjugate, specifically detailing antibodies without any covalent attachment to a payload, classifying it as an Unconjugated Antibody under Composition.",122-453-230-476-406
Composition,Unconjugated Antibody,,[],[],"Claim 1 explicitly claims an antibody that binds to CXCL16, classifying it as a composition. There are no claims of covalent attachment to a payload, thus it is categorized as an Unconjugated Antibody.",126-861-271-508-521
Composition,Conjugated Antibody,,[],[],"Claim 1 describes a composition comprising a monoclonal antibody and a taxane, indicating a defined therapeutic construct. The antibody is capable of mediating ADCC and is specifically defined, which supports the classification as a 'Conjugated Antibody' due to its therapeutic context.",111-008-785-280-752
Composition,,,[],[],"Claim 1 is directed to a pharmaceutical composition comprising a specific compound and at least one therapeutic agent, classifying it as a 'Composition'. There are no claims that primarily focus on treatment methods or manufacturing processes.",106-162-813-048-382
Composition,Unconjugated Antibody,,['cancer'],[],"Claim 1 describes a pharmaceutical combination comprising an antibody against human DLK-1 and a substance inhibiting FGFR4, classifying it as a 'Composition'. The antibody is not covalently attached to a payload, thus it is categorized as 'Unconjugated Antibody'.",119-104-710-826-619
Clinical,,,['cancer'],[],"Claim 1 is a method of treating cancer, which classifies the patent as 'Clinical'. The focus is on the treatment method rather than the composition of the antibody or ADC.",150-715-407-782-699
Clinical,,,['hematologic cancer'],[],"Claim 1 is a method for treating hematologic cancer, which classifies the patent as 'Clinical'. The focus is on the treatment method rather than a specific composition or manufacturing process.",127-723-024-159-724
Composition,Full ADC,,[],[],"Claim 1 describes an anthracycline derivative conjugate that includes an antibody (or carrier), linker, and payload, which fits the definition of a Full ADC. The primary inventive concept is the composition of the conjugate itself, rather than a method of treatment.",131-629-447-436-272
Clinical,,,"['solid tumor', 'non-small cell lung cancer', 'squamous cell carcinoma of the head and neck']",['subjects in need thereof'],"Claim 1 is a method for treating a solid tumor, which classifies the patent as 'Clinical'. The focus is on treatment methods rather than the composition of the PD-L1 binding molecule.",138-493-424-883-779
Composition,Full ADC,,[],[],"Claim 20 explicitly claims an antibody drug conjugate (ADC) comprising an antibody and an anthracycline-based small molecule linked via a linker, which qualifies as a Full ADC. The primary inventive concept is directed to the composition of the ADC rather than a method of treatment.",140-531-952-715-206
Clinical,,,['cancer'],[],"Claim 1 is a method of treating cancer, which classifies the patent as 'Clinical'. No specific patient populations are mentioned in the claims.",197-994-295-133-28X
Composition,Unconjugated Antibody,,['HER2 positive cancer'],[],"Claim 1 describes a HER2 antibody formulation, classifying it as a 'Composition'. The antibody is not covalently attached to any payload, thus it is categorized as 'Unconjugated Antibody'. Although treatment uses are mentioned, they do not override the primary classification.",180-227-039-415-574
Clinical,,,"['endometrial cancer', 'metastatic endometrial cancer']",['human patient'],"Claim 1 is a method of treating endometrial cancer, which classifies the patent as 'Clinical'. The claims detail specific treatment regimens and patient populations.",177-881-285-189-435
Composition,Unconjugated Antibody,,[],[],"Claim 1 describes an isolated humanized antibody that specifically binds to human CD8, classifying it as a 'Composition'. The antibody is not covalently attached to any payload, thus it is categorized as 'Unconjugated Antibody'.",185-660-032-044-677
Composition,Full ADC,,[],[],"Claim 1 primarily claims a B-cell malignancy medicament comprising an ADC and a proteasome inhibitor, classifying it as a 'Composition'. The ADC is explicitly defined as an antibody conjugated to a nucleic acid cross-linking agent, fitting the 'Full ADC' subtype.",060-584-010-362-880
Composition,Conjugated Antibody,,[],[],"Claim 1 describes a method of depleting CD5+ cells using an anti-CD5 antibody conjugated to a cytotoxin, which qualifies as a composition claim focused on a conjugated antibody. The method-of-treatment aspect does not override the composition classification.",134-681-721-274-438
Composition,Full ADC,,[],[],"Claim 1 explicitly claims an antibody-drug conjugate, which includes an antibody, a linker, and a TLR agonist as a payload, classifying it as a Full ADC. The primary inventive concept is directed to the composition of the ADC rather than a method of treatment.",130-524-430-110-148
Composition,Unconjugated Antibody,,[],[],"Claim 1 explicitly claims an anti-TROP2 antibody, classifying it as a 'Composition'. The antibody is not covalently attached to any payload, thus it is categorized as 'Unconjugated Antibody'.",154-963-898-241-907
Clinical,,,"['cancer', 'autoimmune disease', 'Rheumatoid Arthritis', 'Granulomatosis with Polyangiitis', 'Microscopic Polyangiitis', 'pemphigus vulgaris', 'thrombotic thrombocytopenic purpura', 'Rasmussen encephalitis', 'CD20 positive cancer', 'hematological malignancy', 'lymphoma', 'leukemia', 'chronic lymphocytic leukemia', ""non-Hodgkin's lymphoma"", 'follicular lymphoma', 'marginal zone lymphoma', 'mantle cell lymphoma', 'Diffuse large B-cell lymphoma', 'Burkitt lymphoma']",[],"Claim 1 is a method of treating cancer or autoimmune disease, classifying the patent as 'Clinical'. The diseases explicitly mentioned in the treatment method are extracted as clinical indications.",048-451-572-092-583
Clinical,,,['multiple myeloma'],[],"Claim 1 is a method of treating multiple myeloma, which classifies the patent as 'Clinical'. The focus is on the treatment method rather than the composition of the antibody.",101-504-411-124-675
Composition,Unconjugated Antibody,,[],[],"Claim 1 describes an anti-HER2 affibody, which is a molecule and thus classified as a 'Composition'. It does not involve any covalent attachment to a non-antibody payload, making it an 'Unconjugated Antibody'.",003-906-692-220-477
Clinical,,,['multiple myeloma'],[],"Claim 1 is a method of killing multiple myeloma cells using an antibody-drug conjugate, which classifies the patent primarily as 'Clinical'.",021-687-538-518-692
Composition,Conjugated Antibody,,[],[],"Claim 1 describes a compound that includes an antibody binding moiety covalently bonded to other components, indicating a conjugated structure. The primary inventive concept is the composition of this conjugated antibody, rather than a method of treatment.",023-086-043-191-762
Composition,Conjugated Antibody,,[],[],"Claim 1 describes an isolated antibody, which classifies the patent as a 'Composition'. Additionally, later claims indicate that the antibody is conjugated to a therapeutic moiety, confirming it as a 'Conjugated Antibody'.",025-916-184-405-392
Clinical,,,['head and neck squamous cell carcinoma'],['recurrent and/or metastatic HNSCC'],"Claim 1 is a method of treating head and neck squamous cell carcinoma, which classifies the patent as 'Clinical'. The focus is on the treatment method rather than a composition or manufacturing process.",049-026-041-812-00X
Composition,Conjugated Payload,,[],[],"Claim 1 describes a composition comprising a prodrug with a cytotoxic agent conjugated to a hydrophilic moiety, classifying it as a 'Composition'. The prodrug's structure indicates a covalent attachment to a payload, thus it is classified as 'Conjugated Payload'.",071-394-537-940-984
Clinical,,,['ovarian cancer'],[],"Claim 1 is a method of treating ovarian cancer, which classifies the patent as 'Clinical'. There are no claims directed to a molecule or composition, so no composition subtype is applicable.",083-162-311-862-066
Composition,Full ADC,,[],[],"Claim 1 describes an aqueous formulation comprising an antibody-drug conjugate, which includes a defined construct of an antibody and a drug. This fits the criteria for a 'Full ADC' as it involves a conjugate with a specific payload.",095-013-072-758-654
Composition,,,[],[],"Claim 1 describes a pharmaceutical composition comprising a hyaluronic acid derivative and an antigen, indicating it is a composition rather than a method of treatment. The focus is on the composition itself, not on any treatment methods.",082-192-942-664-649
Clinical,,,"['squamous cell carcinoma of the head and neck', 'lung cancer', 'esophageal cancer']",[],"Claim 504 is a method for treating a specific cancer, making the primary inventive concept a method of treatment. The patent focuses on clinical applications rather than compositions or manufacturing processes.",095-818-220-815-197
Composition,Unconjugated Antibody,,[],[],"Claim 1 describes an antibody that binds to BCMA, classifying it as a composition. There is no mention of covalent attachment to a payload, thus it is categorized as an unconjugated antibody.",093-214-768-613-11X
Composition,Unconjugated Antibody,,[],[],"Claim 1 describes a composition comprising RNA polynucleotides encoding antibody components, which is classified as a composition. The claims do not involve any covalent attachment to a non-antibody payload, thus it is categorized as an Unconjugated Antibody.",137-670-001-159-242
Composition,Full ADC,,[],[],"Claim 1 explicitly claims an antibody-polymer-drug conjugate, which includes a targeting antibody, a polymer, and a therapeutic agent, classifying it as a 'Full ADC'. There are no method-of-treatment claims in the first independent claim.",149-294-063-356-435
Composition,,,[],[],"Claim 76 identifies a compound, which classifies the patent as a 'Composition'. There are no method-of-treatment claims in the independent claims, and the focus is on the chemical entity itself.",157-270-927-298-337
Composition,Conjugated Antibody,,[],[],"Claim 1 describes an immunoconjugate comprising an anti-EGFR antibody and a kinase inhibitor, indicating a covalent attachment to a non-antibody payload, thus classifying it as a 'Conjugated Antibody'. The primary inventive concept is a composition rather than a method of treatment.",179-698-917-483-710
Composition,Full ADC,,[],[],"Claim 1 explicitly claims an antibody-drug conjugate, which includes an anti-HER3 antibody, a linker, and an antitumor compound, classifying it as a 'Full ADC'. Although there are method-of-treatment claims later, the broadest independent claim is directed to the composition itself.",188-423-393-345-213
Composition,Unconjugated Antibody,,[],[],"Claim 1 describes a combined pharmaceutical composition comprising an anti-PD-L1 antibody and a c-Met kinase inhibitor, which classifies it as a composition. The anti-PD-L1 antibody is not covalently attached to any payload, thus it is classified as an Unconjugated Antibody.",195-706-932-323-368
Composition,Conjugated Antibody,,[],[],"Claim 1 describes an anti-CD3 antibody, which qualifies as a composition. The broader claims later include bioconjugates, indicating covalent attachment to a non-antibody payload, thus classifying it as a Conjugated Antibody.",143-412-544-585-390
Composition,Full ADC,,[],[],"Claim 1 describes a heavy chain variable region of an antibody, which is a component of a broader composition. The presence of later claims detailing an antibody-drug conjugate (ADC) indicates that the primary inventive concept is a composition, specifically a Full ADC, as it includes the antibody, linker, and payload.",076-443-207-661-325
Composition,Full ADC,,[],[],"Claim 1 describes a cytotoxic conjugate comprising a cell binding agent (antibody) and a cytotoxic agent, indicating a defined construct. This fits the criteria for 'Full ADC' as it explicitly claims both the antibody and the cytotoxic agent in a single construct.",005-140-052-551-100
Composition,Unconjugated Antibody,,[],[],"Claim 1 describes an antibody capable of specifically binding to c-Met, which classifies it as a composition. The antibody is not covalently attached to any payload, thus it is categorized as an 'Unconjugated Antibody'. There are no method-of-treatment claims in Claim 1.",022-254-208-574-272
Composition,Full ADC,,[],[],"Claim 1 explicitly claims an antibody conjugate, which includes an anti-CD19 antibody covalently linked to active agents via a linker, classifying it as a Full ADC. There are treatment claims later, but the broadest independent claim is directed to the composition itself.",028-171-626-197-013
Composition,Unconjugated Antibody,,['hematopoietic tumor'],['mammals'],"Claim 1 is directed to an antibody that binds to CD79b, classifying it as a 'Composition'. The antibody is not covalently attached to any payload, thus it is categorized as 'Unconjugated Antibody'.",036-921-102-342-857
Composition,,,[],[],"Claim 1 is directed to a compound of Formula (II), which classifies it as a 'Composition'. There are no claims that primarily focus on treatment methods or manufacturing processes.",039-240-885-909-72X
Composition,Conjugated Linker,,[],[],"Claim 1 describes a compound with a specific formula, indicating it is a chemical entity. The focus is on the composition of the compound, which includes a divalent linker, thus classifying it as a 'Conjugated Linker'. There are treatment claims later, but they do not override the primary classification based on Claim 1.",049-509-258-293-614
Clinical,,,['MUC16-positive cancer'],[],"Claim 1 is a method for treating MUC16-positive cancer, which classifies the patent as 'Clinical'. There are no claims directed to a specific molecule or composition in the broadest independent claim.",041-991-305-746-899
Composition,Full ADC,,[],[],"Claim 1 explicitly claims an antibody-drug conjugate (ADC) comprising an antibody construct and a payload, which qualifies it as a 'Full ADC'. The primary inventive concept is directed to the composition of the ADC rather than methods of treatment.",075-283-417-251-117
Composition,Full ADC,,['cancer'],[],"Claim 1 describes a pharmaceutical composition comprising an antibody-drug conjugate, which includes a drug-linker covalently attached to the antibody, thus classifying it as a 'Full ADC'. Although there are treatment claims later, the broadest independent claim focuses on the composition itself.",056-249-744-615-207
Clinical,,,['breast cancer'],"['HER2-positive', 'hormone receptor-positive']","The broadest independent claim (Claim 18) is a method of treating breast cancer, classifying the patent as 'Clinical'. The specific patient populations and disease are explicitly mentioned in the treatment method.",057-558-265-613-314
Clinical,,,"['ErbB-2 positive tumor', 'ErbB-3 positive tumor', 'ErbB-2/ErbB-3 positive tumor']",[],"Claim 37 is a method of treating individuals with specific tumor types, making it a clinical claim. The focus is on treatment methods rather than the composition of the antibodies.",075-965-808-977-634
Composition,Unconjugated Antibody,,[],[],"Claim 1 describes a bispecific antibody without any covalent attachment to a non-antibody payload, classifying it as an 'Unconjugated Antibody'. The primary inventive concept is the composition of the antibody itself, not a method of treatment.",087-043-608-940-049
Clinical,,,"['cancer', 'multiple myeloma', 'relapsed and/or refractory multiple myeloma']",[],"Claim 30 is a method of treating cancer, which classifies the patent as 'Clinical'. The primary inventive concept is a treatment method rather than a composition.",073-255-551-715-014
Composition,Unconjugated Antibody,,[],[],"Claim 1 primarily claims a binding molecule, specifically an anti-L1CAM monoclonal antibody or its fragments, which classifies it as a 'Composition'. The claim does not involve any covalent attachment to a payload, thus it is categorized as 'Unconjugated Antibody'.",087-198-537-832-185
Clinical,,,['cancer'],[],"Claim 1 is a method for treating cancer, which classifies the patent as 'Clinical'. The focus is on the treatment method rather than the composition of the ADC.",096-422-756-004-806
Composition,Full ADC,,['breast cancer'],[],"Claim 1 describes a conjugate that includes a linker and a cell binding agent (antibody), indicating it is a full ADC. Although there is a method of treatment claim later, the broadest independent claim is directed to the composition of the conjugate.",108-174-859-155-766
Clinical,,,"['myelodysplastic syndrome (MDS)', 'acute myeloid leukemia (AML)']",[],"Claim 1 is a method of treating cancer, specifically mentioning the administration of a nonfucosylated anti-CD70 antibody and a CD47 antagonist. Therefore, it is classified as 'Clinical' based on the method-of-treatment claim.",130-206-196-362-617
Clinical,,,['cancer'],[],"Claim 1 is a method for treating cancer, which classifies the patent as 'Clinical'. The focus is on the treatment method rather than a specific composition or manufacturing process.",121-401-879-896-324
Clinical,,,['lymphoma'],"['mammal', 'human']","Claim 1 is a method for treating lymphoma, which classifies the patent as 'Clinical'. The composition mentioned is part of the treatment method, but the primary inventive concept is the method of treatment itself.",132-182-982-888-375
Clinical,,,['cancer'],['human patient'],"Claim 1 is a method for treating cancer, which classifies the patent as 'Clinical'. The focus is on the treatment method rather than a composition or manufacturing process.",139-563-449-686-349
Clinical,,,"['provasopressin-expressing cancer', 'neuroendocrine cancer', 'pancreatic cancer']",[],"Claim 1 is a method of treating provasopressin-expressing cancer, which classifies the patent as 'Clinical'. The specific cancers mentioned in the claim are extracted as clinical indications.",138-334-140-897-45X
Clinical,,,"['breast cancer', 'colon cancer', 'rectal cancer', 'renal cell carcinoma', 'liver cancer', 'lung cancer', 'gastric cancer', 'small bowel cancer', 'esophageal cancer', 'melanoma', 'bone cancer', 'pancreatic cancer', 'skin cancer', 'head and neck cancer', 'ovarian cancer', 'anal cancer', 'testicular cancer', 'uterine cancer', 'fallopian tube cancer', 'endometrial cancer', 'cervical cancer', 'vaginal cancer', ""Hodgkin's lymphoma"", ""non-Hodgkin's lymphoma"", 'endocrine system cancer', 'thyroid cancer', 'parathyroid cancer', 'adrenal cancer', 'soft tissue sarcoma', 'urethral cancer', 'penile cancer', 'bladder cancer', 'kidney cancer', 'ureter cancer', 'renal pelvis cancer', 'central nervous system (CNS) tumor', 'primary CNS lymphoma', 'spinal tumor', 'brain stem glioma', 'pituitary adenoma', ""Kaposi's sarcoma"", 'epidermoid carcinoma', 'squamous cell carcinoma']",[],"Claim 1 is a method for treating tumors, which classifies the patent as 'Clinical'. The diseases listed in the claims are explicitly mentioned as part of the treatment method.",144-133-024-464-127
Composition,Unconjugated Antibody,,[],[],"Claim 1 describes a polypeptide that specifically binds to CXCR6, which is classified as a composition. The claims do not indicate any covalent attachment to a non-antibody payload, thus it is categorized as an Unconjugated Antibody.",147-646-446-954-110
Clinical,,,['cancer'],[],"Claim 1 is a method for treating cancer, which classifies the patent as 'Clinical'. The focus is on the treatment method rather than the composition of the ADC.",165-930-486-335-307
Composition,Conjugated Antibody,,[],[],"Claim 1 describes an immunoconjugate comprising an antibody covalently attached to aminobenzazepine moieties via a linker, classifying it as a 'Conjugated Antibody'. Although treatment methods are mentioned later, the broadest independent claim focuses on the composition of the immunoconjugate.",173-348-652-693-852
Composition,Unconjugated Antibody,,[],[],"Claim 1 describes an isolated antibody that specifically binds to human CD96, classifying it as a 'Composition'. The antibody is not covalently attached to any payload, thus it is categorized as 'Unconjugated Antibody'.",170-682-824-984-299
Clinical,,,['platinum refractory cancer'],[],"Claim 1 is a method of treating platinum refractory cancer, which classifies the patent as 'Clinical'. The focus is on the treatment method rather than the composition of the antibody-drug conjugate.",179-930-627-655-215
Clinical,,,['cancer'],[],"Claim 1 is a method of treating cancer, which classifies the patent as 'Clinical'. The focus is on the treatment method rather than a specific composition or manufacturing process.",056-941-238-874-645
Composition,Full ADC,,[],[],"Claim 1 describes a ligand-drug conjugate, which includes an anti-TROP-2 antibody covalently linked to a payload, classifying it as a Full ADC. The primary inventive concept is the composition of the conjugate rather than a method of treatment.",191-566-993-315-874
Clinical,,,['metastatic brain tumor'],[],"Claim 1 is a method of treating a metastatic brain tumor, which classifies the patent as 'Clinical'. The focus is on the treatment method rather than the composition of the antibody-drug conjugate.",123-293-914-814-580
Composition,Full ADC,,[],[],"Claim 1 describes a ligand-drug conjugate comprising an anti-CD79B antibody covalently linked to a drug, which qualifies it as a Full ADC. The primary inventive concept is the composition of the ADC rather than any method of treatment.",170-572-078-603-759
Clinical,,,"['hematologic malignancy', 'non-Hodgkin lymphoma', 'diffuse large B cell lymphoma']",[],"Claim 1 is a method of treating a hematologic malignancy, which classifies the patent as 'Clinical'. The diseases explicitly mentioned in the treatment method are extracted as clinical indications.",127-177-073-119-408
Composition,Full ADC,,[],[],"Claim 82 explicitly claims a drug conjugate, which includes an anti-HER2 antibody and a defined structure, indicating it is a full ADC. The primary inventive concept is directed to the composition of the drug conjugate rather than a method of treatment.",028-694-161-976-860
CMC,,Conjugation Method,[],[],"Claim 1 describes a method for producing an antibody-drug conjugate, focusing on the manufacturing process rather than a specific composition or treatment method. Therefore, it is classified as CMC, specifically as a Conjugation Method.",005-820-494-457-161
Composition,Unconjugated Antibody,,[],[],"Claim 1 describes a bispecific antibody without any covalent attachment to a non-antibody payload, classifying it as an 'Unconjugated Antibody'. The primary inventive concept is the composition of the antibody itself, not a method of treatment.",017-700-283-338-321
Clinical,,,"['cancers', 'bacterial infections', 'viral infections', 'HIV infection', 'sepsis']",[],"Claim 1 is a method for treating and/or preventing diseases, which classifies the patent as 'Clinical'. The diseases explicitly mentioned in the claims are extracted as clinical indications.",026-075-834-972-878
Composition,Conjugated Antibody,,[],[],"Claim 1 explicitly claims an antibody that binds to GP73, which classifies it as a composition. Additionally, the patent includes claims for immunoconjugates that involve covalent attachment to a cytotoxic agent, indicating a conjugated antibody.",057-041-992-529-782
Composition,Full ADC,,[],[],"Claim 1 describes a binder-drug conjugate, which includes a cell binding moiety, a drug moiety, and a linker moiety, indicating it is a defined construct. This fits the criteria for a 'Full ADC' as it encompasses the necessary components of an antibody-drug conjugate.",066-716-730-964-433
Clinical,,,['cancer associated with HER-3'],[],"Claim 1 is a method of treating cancer associated with HER-3, which classifies the patent as 'Clinical'. There are no claims directed to a specific molecule or composition that would change this classification.",101-926-049-002-981
Composition,Unconjugated Antibody,,[],[],"Claim 1 describes an engineered immune cell that includes a receptor for a target antigen and a prodrug converting enzyme, classifying it as a composition. There are no claims of covalent attachment to a non-antibody payload, thus it is classified as an Unconjugated Antibody.",109-199-829-112-519
Composition,Unconjugated Antibody,,[],[],"Claim 1 describes a pharmaceutical composition comprising a multispecific antibody and an immune checkpoint inhibitor, which classifies it as a composition. The multispecific antibody is not covalently attached to a payload, thus it is categorized as an 'Unconjugated Antibody'.",127-460-418-642-987
Composition,,,[],[],"Claim 1 is directed to a compound, which classifies the patent as a 'Composition'. There are no claims of a method of treatment in the first independent claim, thus it does not fall under 'Clinical'.",126-592-483-016-120
Composition,Unconjugated Antibody,,[],[],"Claim 1 describes a pharmaceutical formulation comprising a multi-specific binding protein, which is classified as a composition. The multi-specific binding protein is an antibody construct without a covalently attached payload, thus it is categorized as an 'Unconjugated Antibody'.",154-251-415-879-709
Composition,,,[],[],"Claim 1 describes a compound for treating diseases by inhibiting specific proteins, classifying it as a 'Composition'. There are no claims directed to methods of treatment or manufacturing processes in the broadest independent claim.",156-267-373-886-335
Composition,Unconjugated Antibody,,['multiple myeloma'],['patients with relapsed or refractory multiple myeloma'],"Claim 1 describes an approved product comprising teclistamab-cqyv, which is an antibody. Since it does not involve any covalent attachment to a payload, it is classified as an Unconjugated Antibody under the Composition category.",192-523-252-235-400
Composition,Full ADC,,[],[],"Claim 1 explicitly claims an antibody drug conjugate (ADC) comprising an anti-CEA antibody conjugated to a toxin drug, which qualifies as a Full ADC. The primary inventive concept is directed to the composition of the ADC rather than a method of treatment.",156-245-853-160-499
Composition,Full ADC,,[],[],"Claim 1 explicitly claims an immunoconjugate that includes an antibody linked to a drug, which qualifies as a Full ADC. The primary inventive concept is the composition of the immunoconjugate rather than a method of treatment.",055-600-880-125-842
Clinical,,,"['glioblastoma multiform', 'myelodysplastic syndrome', 'metastatic adenocarcinoma', 'metastatic carcinoma of the colon or rectum', 'small cell lung cancer', 'non-small cell lung cancer', 'soft tissue sarcoma', 'squamous cell cancer of head and neck', ""non-Hodgkin's lymphoma"", 'colorectal cancer', 'bladder cancer', 'prostate cancer', 'duodenal cancer', 'esophageal cancer', 'pancreatic cancer', 'multiple myeloma', 'gynecologic tumors']",[],"Claim 20 is a method of treating cancer, which classifies the patent as 'Clinical'. The clinical indications are explicitly mentioned in the treatment method.",039-123-740-442-302
Clinical,,,['cancer'],['subjects suffering from cancer resistant to immunotherapy'],"Claim 1 is a method for treating cancer, which classifies the patent as 'Clinical'. The focus is on the treatment method rather than a composition or manufacturing process.",032-240-698-890-336
Composition,,,[],[],"Claim 11 describes a stealth lipid nanoparticle (LNP) composition, which includes various components such as therapeutic nucleic acids and lipids. Since the primary claim is directed to a composition rather than a method of treatment, it is classified as 'Composition'.",068-230-383-052-01X
Composition,Conjugated Antibody,,[],[],"Claim 1 describes a conjugate comprising an antibody covalently attached to drug molecules, classifying it as a 'Composition'. The specific nature of the conjugation indicates it is a 'Conjugated Antibody'.",104-344-649-646-237
Composition,Unconjugated Antibody,,[],[],"Claim 183 describes an isolated antibody that binds to specific C10orf54 proteins, classifying it as a composition. There are no claims in the first independent claim that involve a method of treatment or manufacturing processes.",096-631-061-251-385
Composition,Unconjugated Antibody,,[],[],"Claim 1 is a method of treatment, but it primarily describes a bispecific antibody without a covalently attached payload, classifying it as an 'Unconjugated Antibody'. The broadest independent claim focuses on the composition of the antibody and NK cells rather than a treatment method.",091-374-489-017-120
Composition,Conjugated Payload,,[],[],"Claim 23 describes a cytotoxic compound that is a conjugate of a cell-binding agent and a cytotoxic agent, indicating a composition of matter. The focus is on the chemical entity rather than a method of treatment, thus classifying it as 'Composition' and specifically as 'Conjugated Payload' due to the covalent attachment of the cytotoxic agent.",098-175-696-421-524
Clinical,,,"['breast cancer', 'lung cancer', 'colorectal cancer', 'neuroblastoma', 'pancreatic cancer', 'brain cancer', 'stomach cancer', 'skin cancer', 'testicular cancer', 'prostate cancer', 'ovarian cancer', 'liver cancer', 'esophageal cancer', 'cervical cancer', 'head and neck cancer', 'melanoma', 'glioblastoma']",[],"Claim 1 is a method of treating cancer patients, which classifies the patent as 'Clinical'. The diseases are explicitly mentioned in the treatment methods.",110-247-915-376-587
Composition,Full ADC,,[],[],"Claim 1 explicitly claims an antibody-drug conjugate, which includes an antibody, a linker, and a payload, thus classifying it as a 'Full ADC'. The primary inventive concept is the composition of the ADC rather than a method of treatment.",116-618-348-914-745
Composition,Conjugated Antibody,,['cancer'],[],"Claim 1 describes an anthracycline derivative that can be conjugated to target-binding molecules, indicating a composition of a drug construct. The presence of later claims related to treatment does not override the primary focus on the composition.",123-092-805-602-828
Composition,Conjugated Antibody,,[],[],"Claim 1 describes a pharmaceutical combination comprising an anti-LY75 antibody and Venetoclax, which qualifies as a composition. The presence of a covalently-attached moiety (payload) in later claims indicates that the antibody is conjugated to a drug, classifying it as a 'Conjugated Antibody'.",144-771-471-401-183
Clinical,,,['cancer'],[],"Claim 1 is a method of treating cancer, which classifies the patent as 'Clinical'. The focus is on the treatment method rather than the composition of the multi-specific binding protein.",167-828-992-892-116
Composition,Unconjugated Antibody,,[],[],"Claim 1 describes a targeted carrier comprising an extracellular vesicle with a human leukocyte antigen-G antibody on its surface, classifying it as a composition. There are no claims that primarily focus on treatment methods in the independent claims.",169-588-763-455-863
Composition,Full ADC,,[],[],"Claim 1 describes an immunoconjugate that includes an antibody, a linker, and a cytotoxic payload (exatecan), classifying it as a Full ADC. The primary inventive concept is the composition of the immunoconjugate rather than a method of treatment.",075-288-061-475-912
Clinical,,,['cancer'],[],"Claim 1 is a method of treating cancer, which classifies the patent as 'Clinical'. The focus is on the treatment method rather than a specific composition or manufacturing process.",018-719-038-477-105
Clinical,,,"['allograft tolerance', 'GvHD']",['recipient subject'],"Claim 1 is a method of inducing allograft tolerance in a recipient subject, which classifies the patent as 'Clinical'. The focus is on treatment methods rather than compositions or manufacturing processes.",053-807-865-739-075
Clinical,,,['cancer'],"['HER2+ cancer', 'patients in need thereof']","Claim 1 is a method of administering NK cells to patients, which classifies the patent as 'Clinical'. The primary inventive concept revolves around treatment methods rather than a composition or manufacturing process.",119-331-807-667-642
Clinical,,,"['melanoma', 'non-small cell lung cancer', 'head and neck cancer', 'urothelial cancer', 'breast cancer', 'gastric cancer', 'gastroesophageal junction adenocarcinoma', 'multiple myeloma', 'hepatocellular cancer', 'merkel cell carcinoma', 'renal cell carcinoma', 'endometrial carcinoma', 'cutaneous squamous cell carcinoma', 'non-Hodgkin lymphoma', 'Hodgkin lymphoma', 'mesothelioma', 'ovarian cancer', 'small cell lung cancer', 'esophageal cancer', 'anal cancer', 'biliary tract cancer', 'colorectal cancer', 'cervical cancer', 'thyroid cancer', 'salivary cancer', 'prostate cancer', 'glioblastoma']",['human patient in need thereof'],"Claim 1 is a method of treating cancer, which classifies the patent as 'Clinical'. The clinical indications are explicitly listed in the claims, and the patient population is defined as 'human patient in need thereof'.",059-024-685-530-44X
Clinical,,,['multiple myeloma'],[],"Claim 1 is a method of treating multiple myeloma, which classifies the patent as 'Clinical'. No composition or CMC claims are present in the independent claim.",001-627-444-112-683
Composition,Full ADC,,[],[],"Claim 1 explicitly claims an anti-hEGFR antibody drug conjugate (ADC) comprising a drug linked to an antibody via a linker, which qualifies as a composition. The claim details the structural components of the ADC, indicating it is a defined construct.",023-216-022-836-771
Clinical,,,"['brain cancer', 'skin cancer', 'eye cancer', 'breast cancer', 'prostate cancer', 'pancreatic cancer', 'lung cancer', 'esophageal cancer', 'head and neck cancer', 'cervical cancer', 'liver cancer', 'colorectal cancer', 'bone cancer', 'uterine cancer', 'ovarian cancer', 'bladder cancer', 'endometrial cancer', 'stomach cancer', 'gastric cancer', 'oral cancer', 'thyroid cancer', 'kidney cancer', 'testicular cancer', 'leukemia', 'lymphoma', 'mesothelioma']","['subjects having cancer who had previously received immunotherapy', 'subjects with cancer refractory to immunotherapy']","Claim 58 is a method of treating cancer, making it a clinical claim. The clinical indications and populations are explicitly mentioned in the claim.",046-465-025-281-97X
Clinical,,,['CA19-9-positive cancer'],[],"Claim 1 is a method of treating or preventing CA19-9-positive cancer, which classifies the patent as 'Clinical'. No specific patient populations are mentioned in the claim.",087-374-805-650-784
Clinical,,,['cancer'],[],"Claim 1 is a method for treating cancer, which classifies the patent as 'Clinical'. The focus is on the treatment method rather than a specific composition or manufacturing process.",072-908-709-478-311
Clinical,,,"['HER2 positive breast cancer', 'brain metastasis']",[],"Claim 1 is a method of treating HER2 positive breast cancer, which classifies the patent as 'Clinical'. The focus is on treatment methods rather than specific compositions or manufacturing processes.",096-027-685-779-734
Clinical,,,"['liver cancer', 'colorectal cancer', 'breast cancer', 'head and neck cancer', 'cervical cancer']","['mammal', 'human']","Claim 1 is a method for inducing immune surveillance against cancer cells, which classifies it as a Clinical patent. The clinical indications and population are explicitly mentioned in the claims.",095-689-773-758-577
Composition,Full ADC,,[],[],"Claim 1 describes a conjugate that includes an antibody and specifies the conjugation of a drug moiety, indicating it is a full antibody-drug conjugate (ADC). There are no method-of-treatment claims in the independent claim.",098-180-022-563-178
Composition,,,[],[],"Claim 1 describes a compound with a specific structure, classifying the patent as a 'Composition'. Although treatment methods are mentioned later, the broadest independent claim focuses on the molecule itself.",125-224-255-162-403
Composition,Conjugated Antibody,,[],[],"Claim 1 describes a ligand conjugate, which implies a covalent attachment to a non-antibody payload, classifying it as a 'Conjugated Antibody'. The primary focus is on the composition of the conjugate rather than treatment methods.",136-225-603-355-302
Composition,Full ADC,,[],[],"Claim 1 explicitly claims an antibody-drug conjugate, which includes a PD-L1 antibody and a TLR agonist, indicating a defined construct. This qualifies as a 'Full ADC' since it encompasses the antibody, linker, and payload in a single entity.",133-346-064-512-496
Composition,Full ADC,,[],[],"Claim 53 explicitly claims an antibody-drug conjugate, which includes an antibody, a linker, and a small molecule drug, thus classifying it as a Full ADC. The primary inventive concept is directed to the composition of the ADC rather than a method of treatment.",161-271-424-803-02X
Composition,,,[],[],"Claim 1 describes a composition comprising an exosome with a fusion protein, which classifies it as a 'Composition'. Although there are method-of-treatment claims later, the broadest independent claim is directed to a molecule, not a treatment method.",173-016-091-190-057
Clinical,,,"['infectious disease', 'cancer']",[],"Claim 15 is a method for treating or preventing conditions associated with CTXLP, which classifies the patent as primarily clinical. The broadest independent claim focuses on treatment methods rather than a composition or manufacturing process.",167-101-208-662-791
Composition,Full ADC,,"['proliferative disease', 'cancer', 'tumor']",[],"Claim 1 describes a pharmaceutical composition comprising an anti-CD79b antibody-drug conjugate, which includes both the antibody and a covalently attached drug, classifying it as a Full ADC. Although treatment methods are mentioned later, the broadest independent claim focuses on the composition itself.",194-484-920-289-29X
Composition,Full ADC,,[],[],"Claim 1 describes a pharmaceutical product comprising an anti-TROP2 antibody-drug conjugate, which includes a covalently attached drug-linker to the antibody, classifying it as a Full ADC. The primary focus is on the composition of the ADC rather than treatment methods.",178-230-520-595-490
Composition,Full ADC,,[],[],"Claim 1 describes a compound with a specific formula that includes a binding agent, linker, and a payload, indicating it is a full antibody-drug conjugate (ADC). The primary focus is on the composition of the molecule rather than treatment methods.",143-948-018-111-852
Clinical,,,['cancer'],[],"Claim 1 is a method of treating cancer, which classifies the patent as 'Clinical'. The focus is on the treatment method rather than a composition or manufacturing process.",140-385-698-218-569
Composition,Conjugated Antibody,,['diffuse large B-cell lymphoma'],['human'],"Claim 1 is a method of treatment, but it primarily claims an immunoconjugate comprising an anti-CD79b antibody, which indicates a composition. The immunoconjugate is covalently linked to a payload, classifying it as a 'Conjugated Antibody'.",048-917-573-048-279
Composition,Full ADC,,[],[],"Claim 1 primarily describes a method of treatment, but it includes an antibody linked to a cytotoxic effector, which qualifies it as a Full ADC. The broadest independent claim focuses on the composition of the antibody-drug conjugate rather than a method of treatment.",003-528-051-596-698
Clinical,,,['Diffuse Large B-Cell Lymphoma'],['human in need thereof'],"Claim 1 is a method for treating diffuse large B-cell lymphoma, which classifies the patent as 'Clinical'. The focus is on the treatment method rather than a specific composition or manufacturing process.",003-421-493-047-899
Composition,Conjugated Antibody,,[],[],"Claim 1 describes a pharmaceutical composition comprising specific anti-Trop2 antibodies, classifying it as a 'Composition'. The presence of a covalently bonded drug in later claims indicates it is a 'Conjugated Antibody'.",036-027-352-563-197
Composition,Conjugated Antibody,,[],[],"Claim 1 describes a pharmaceutical combination comprising an anti-LY75 antibody and a platin drug, classifying it as a 'Composition'. The presence of a covalently attached moiety in later claims indicates that the antibody is conjugated to a non-antibody payload, thus classifying it as 'Conjugated Antibody'.",054-742-446-589-529
Clinical,,,['cancer'],[],"Claim 1 is a method of preventing or treating cancer, which classifies the patent as 'Clinical'. There are no claims directed to a specific molecule or construct that would classify it as 'Composition'.",092-888-447-358-351
Clinical,,,"['cancer', 'solid cancer']",[],"Claim 1 is a method of administration for treating cancer, classifying the patent as 'Clinical'. The focus is on the treatment method rather than a specific composition or manufacturing process.",069-677-678-363-701
Composition,Unconjugated Antibody,,[],[],"Claim 1 describes a stable anti-PD-1 antibody pharmaceutical formulation, which classifies it as a composition. The claim does not involve any covalent attachment to a payload, thus it is categorized as an Unconjugated Antibody.",087-811-495-015-859
Clinical,,,['cancer'],[],"The broadest independent claim (Claim 8) is a method for treating cancer, classifying the patent as 'Clinical'. No composition claims are present in the independent claims.",104-820-541-624-604
Composition,,,[],[],"Claim 1 describes a plurality of compositions comprising biomaterials and viral vectors, which classifies it as a 'Composition'. There are no claims directed to a method of treatment in Claim 1, thus it does not fall under 'Clinical'.",120-777-898-106-884
Composition,Unconjugated Antibody,,[],[],"Claim 1 describes a method for selecting recombinant antibodies, which does not claim a specific treatment method. The broadest independent claim focuses on the recombinant antibodies themselves, classifying it as a composition. The antibodies are not covalently attached to any payload, thus classified as 'Unconjugated Antibody'.",159-320-057-396-966
Clinical,,,"['tumour', 'squamous cell lung cancer', 'non-small cell lung cancer', 'Mediastinal Large B-Cell Lymphoma']","['subject resistant to PD-1 inhibitor therapy', 'recurrent tumour']","Claim 1 is a method of treating a tumour, which classifies the patent as 'Clinical'. The focus is on treatment methods rather than specific compositions or manufacturing processes.",168-373-055-007-336
Composition,Full ADC,,"['proliferative disease', 'cancer']",[],"Claim 1 describes a drug complex comprising a GST molecule, an antibody (or similar), a linker, and a payload, which qualifies as a Full ADC. Although there are method-of-treatment claims, the broadest independent claim focuses on the composition of the drug complex.",181-366-941-476-896
Clinical,,,['non-small cell lung cancer'],[],"Claim 1 is a method of treating non-small cell lung cancer (NSCLC), which classifies the patent as 'Clinical'. The focus is on the treatment method rather than a composition or manufacturing process.",148-716-342-767-22X
Clinical,,,['pancreatic cancer'],"['subjects with microsatellite-stable (MSS) pancreatic cancer', 'subjects with a tumor mutation burden (TMB) of less than 20 mutations/megabase']","Claim 1 is a method of treating pancreatic cancer, which classifies the patent as 'Clinical'. The focus is on treatment methods rather than the composition of any molecules.",035-179-481-015-644
Composition,Full ADC,,[],[],"Claim 1 describes an immunoconjugate comprising an antibody linked to a cytotoxic agent, which qualifies as a Full ADC. The primary inventive concept is the composition of the immunoconjugate rather than a method of treatment.",076-048-910-869-419
Composition,Full ADC,,[],[],"Claim 1 explicitly claims an antibody multi-drugs conjugate, which includes an antibody, linkers, and drug residues, thus classifying it as a Full ADC. There are no method-of-treatment claims in the independent claim, so it does not fall under Clinical.",045-361-638-136-027
Composition,Full ADC,,[],[],"Claim 1 explicitly claims a lysosome-targeting antibody-drug conjugate, which includes an antibody and a drug, indicating it is a composition. The structure includes a drug, antibody, and a targeting molecule, fitting the definition of a Full ADC.",194-866-624-103-079
Clinical,,,['EGFR-TKI-resistant non-small cell lung cancer'],[],"Claim 19 is a method of treatment for a specific type of cancer, making it the primary inventive concept. The claims focus on administering an anti-HER3 antibody-drug conjugate, which classifies the patent as Clinical.",027-619-778-088-55X
Composition,Full ADC,,[],[],"Claim 1 explicitly claims an antibody-drug conjugate (ADC) comprising a bispecific antibody covalently attached to a cytotoxic drug, which qualifies as a Full ADC. The primary inventive concept is directed to the composition of the ADC rather than methods of treatment.",004-416-185-262-562
Composition,Full ADC,,[],[],"Claim 1 explicitly claims a ligand-camptothecin derivative conjugate, which includes an antibody targeting human Trop2 covalently linked to a camptothecin drug, classifying it as a Full ADC. There are no method-of-treatment claims in the first independent claim.",042-218-297-323-498
Clinical,,,['multiple myeloma'],[],"Claim 1 is a method of improving overall response rate in subjects with multiple myeloma, classifying the patent as Clinical. The focus is on treatment rather than a composition or manufacturing process.",085-652-483-696-53X
Composition,Unconjugated Antibody,,[],[],"Claim 1 describes a stable pharmaceutical formulation comprising a monoclonal antibody, classifying it as a 'Composition'. The formulation does not involve any covalent attachment to a non-antibody payload, thus it is categorized as 'Unconjugated Antibody'.",151-228-519-107-266
CMC,,Formulation/Stability,[],[],"Claim 1 is a method focused on reducing potency variability in an antibody drug conjugate composition, which primarily relates to formulation and stability rather than a composition or clinical treatment.",157-166-721-019-267
Clinical,,,['low-proliferative disseminated tumor cells'],[],"Claim 23 is a method of treatment for low-proliferative disseminated tumor cells, making it primarily a clinical patent. No composition or CMC claims are present in the broadest independent claim.",154-954-657-469-308
Composition,Full ADC,,[],[],"Claim 1 explicitly claims an antibody-drug conjugate, which includes a B7H3-targeting antibody, a linker, and a cytotoxic drug, classifying it as a 'Full ADC'. The primary inventive concept is directed to the composition rather than treatment methods.",157-320-356-488-753
Composition,Unconjugated Antibody,,[],[],"Claim 1 claims an isolated anti-EphA2 antibody, which classifies it as a 'Composition'. The antibody is not covalently attached to any payload, thus it is categorized as 'Unconjugated Antibody'.",169-802-808-267-220
Composition,Unconjugated Antibody,,[],[],"Claim 1 explicitly claims an antibody binding to CHI3L1, classifying it as a composition. There is no mention of covalent attachment to a payload, thus it is categorized as an unconjugated antibody.",183-543-064-863-25X
Clinical,,,['endometrial cancer'],[],"Claim 1 is a method for treating endometrial cancer, which classifies the patent as 'Clinical'. The focus is on the treatment method rather than the composition of the immunoconjugate.",085-717-662-960-775
CMC,,Process/Scale-Up,[],[],"Claim 1 is directed to a method for producing crystalline anti-PD-1 monoclonal antibody, focusing on the manufacturing process rather than a composition or treatment method.",166-806-352-129-565
Clinical,,,['non-small cell lung cancer'],"['patients without EGFR mutation and ALK fusion genes', 'patients with EGFR actionable mutation who have failed prior EGFR-TKI treatment']","Claim 1 is a method of treating non-small cell lung cancer, which classifies the patent as 'Clinical'. The focus is on the treatment method rather than the composition of the molecules.",190-541-087-395-844
Composition,Full ADC,,"['proliferative disease', 'cancer']",['human'],"Claim 1 is directed to a compound of Formula (XV), which is a defined construct that includes an antibody component, indicating it is a Full ADC. The patent also includes methods of treatment, but the primary inventive concept is the composition itself.",055-660-321-279-639
Composition,Full ADC,,[],[],"Claim 1 primarily claims an active camptothecin derivative and its prodrug, which includes an antibody-drug conjugate (ADC). This indicates a composition of matter, specifically a full ADC, as it involves a defined construct with a drug linked to an antibody.",035-914-670-981-153
Composition,Full ADC,,[],[],"Claim 1 describes a ligand-drug conjugate, which includes a structure that indicates a covalent attachment to an antibody or its fragment, thus classifying it as a Full ADC. The primary inventive concept is directed towards the composition of the conjugate rather than a method of treatment.",053-467-559-233-086
Composition,Conjugated Antibody,,[],[],"Claim 1 describes a bi-functional therapeutic that includes a targeting component (antibody) covalently linked to an enzyme, indicating a conjugated construct. The primary inventive concept is the composition of this therapeutic, rather than a method of treatment.",084-453-987-746-467
Composition,Conjugated Payload,,"['cancer', 'immunological disorders']",[],"Claim 1 describes an AR prodrug composition, which includes a drug moiety and a lipid moiety, indicating a chemical entity. The focus is on the composition rather than treatment methods, thus classified as 'Composition'. The prodrug includes a drug moiety that is conjugated to a lipid moiety, fitting the 'Conjugated Payload' subtype.",080-962-446-147-816
Clinical,,,"['tumor', 'lymphoma']",[],"Claim 1 is a method for treating a tumor, which classifies the patent as 'Clinical'. The primary inventive concept is a method of treatment rather than a composition or manufacturing process.",097-326-980-988-033
Clinical,,,['HER2 positive breast cancer'],[],"Claim 1 is a method of treating HER2 positive breast cancer, which classifies the patent as 'Clinical'. There are no claims directed to a molecule or composition.",124-090-837-749-792
Composition,Full ADC,,[],[],"Claim 1 explicitly claims an antibody-drug conjugate (ADC) comprising an HER2 antibody, a linker, and a payload, which qualifies it as a Full ADC. The primary inventive concept is directed to the composition of the ADC rather than a method of treatment.",133-910-635-348-779
Clinical,,,"['non-Hodgkin lymphoma', 'Hodgkin lymphoma', 'Burkitt lymphoma', 'primary effusion lymphoma', 'B-cell lymphoma of the elderly', 'adult T-cell leukemia/lymphoma', 'Kaposi sarcoma', 'hepatocellular carcinoma', 'cervical cancer', 'gastric cancer', 'nasopharyngeal carcinoma']",['subjects at risk for developing post-transplant lymphoproliferative disorder'],"Claim 1 is a method for preventing cancer, which classifies the patent as 'Clinical'. The clinical indications and populations are derived from the treatment methods described in the claims.",133-531-179-917-762
Clinical,,,"['neurodegenerative disease', ""Alzheimer's disease"", 'brain cancer']",[],"Claim 26 is a method for diagnostic imaging of neurodegenerative diseases, and Claim 30 is a method for treatment of neurodegenerative diseases, making the primary inventive concept clinical in nature.",196-986-511-184-916
Clinical,,,"['cancer', 'antibody-mediated autoimmune disease']",[],"Claim 44 is a method of treating cancer, which makes the primary inventive concept a method-of-treatment claim, classifying the patent as 'Clinical'.",056-984-084-423-381
Composition,Full ADC,,[],[],"Claim 1 explicitly claims an anti-HER2 antibody-drug conjugate, which qualifies as a composition. The claim encompasses the entire construct of the ADC, including the antibody, linker, and drug, thus classifying it as a Full ADC.",089-468-640-828-491
Clinical,,,"['cancer', 'non-small cell lung carcinoma', 'colorectal cancer']",[],"Claim 1 is a method of treating cancer, which classifies the patent as 'Clinical'. The primary inventive concept revolves around treatment methods rather than a specific composition.",015-434-016-670-459
Clinical,,,"['urothelial cancer', 'kidney cancer']",[],"Claim 1 is a method of treating urothelial or kidney cancer, which classifies the patent as 'Clinical'. No composition or CMC claims are present in the broadest independent claim.",029-105-548-875-974
Clinical,,,['multiple myeloma'],[],"Claim 1 is a method of improving overall response rate in subjects with multiple myeloma, classifying the patent as 'Clinical'. The focus is on treatment methods rather than the composition of the antibody itself.",030-192-740-098-400
Composition,Unconjugated Antibody,,[],[],"Claim 1 describes a pharmaceutical formulation of the monoclonal antibody nimotuzumab, which classifies it as a 'Composition'. There is no covalent attachment to a non-antibody payload, thus it is categorized as 'Unconjugated Antibody'.",038-431-560-222-845
Clinical,,,['cancer'],"['subjects in need thereof', 'HER2-positive cancer']","Claim 1 is a method for treating or preventing cancer, which classifies the patent as 'Clinical'. The specific diseases and patient populations are derived from the treatment method described.",053-124-043-310-103
Composition,Conjugated Antibody,,['cancer'],[],"Claim 1 describes a nanoparticle composition that includes a drug molecule which can be an antibody, indicating a covalent attachment to a non-antibody payload. The primary inventive concept is the composition itself, despite the presence of treatment claims later.",169-426-278-066-491
Composition,Conjugated Antibody,,[],[],"Claim 1 describes a pharmaceutical composition comprising an antibody-pyrrolobenzodiazepine derivative conjugate, which indicates a covalent attachment to a non-antibody payload, classifying it as a 'Conjugated Antibody'. The method-of-treatment claims do not override the composition classification.",172-374-095-673-631
Clinical,,,['multiple myeloma'],[],"Claim 1 is a method of improving overall response rate in subjects with multiple myeloma, which classifies the patent as 'Clinical'. The focus is on treatment methods rather than the composition of the antibody itself.",179-925-366-059-936
Composition,Unconjugated Antibody,,[],[],"Claim 1 explicitly claims an antibody that binds to TIGIT, classifying it as a composition. There are no claims of covalent attachment to a payload, thus it is categorized as an unconjugated antibody.",175-569-549-528-375
Composition,,,[],[],"Claim 1 describes a vaccine comprising a vector and a polynucleotide encoding a HER3 polypeptide, classifying it as a composition. The focus is on the vaccine construct rather than a method of treatment.",006-107-131-813-465
Clinical,,,"['non-small cell lung cancer', 'hepatocellular carcinoma', 'esophageal cancer', 'ovarian cancer', 'urinary bladder cancer', 'uterine cancer', 'gallbladder adenocarcinoma', 'cholangiocarcinoma', 'melanoma', 'acute myeloid leukemia']",[],"Claim 1 is a method of treating cancer, which classifies the patent as 'Clinical'. The diseases listed in the claim are explicitly mentioned as part of the treatment method.",000-721-536-712-795
Composition,Unconjugated Antibody,,[],[],"Claim 103 describes a multi-specific binding protein, which is a type of antibody, without any mention of covalent attachment to a non-antibody payload. Therefore, it is classified as 'Unconjugated Antibody'. The primary inventive concept is the composition of the binding protein rather than a method of treatment.",005-233-734-248-128
Composition,Unconjugated Antibody,,[],[],"Claim 1 describes a chimeric protein, which is a type of molecule, thus classifying the patent as 'Composition'. The chimeric protein includes modified signaling agents and targeting moieties but does not indicate any covalent attachment to a non-antibody payload, qualifying it as an 'Unconjugated Antibody'.",000-225-933-974-294
Clinical,,,"['breast cancer', 'colorectal cancer', 'prostate cancer', 'hepatic cell carcinoma', 'melanoma']",['human'],"Claim 1 is a method of treating cancer, which classifies the patent as 'Clinical'. The diseases and patient population are explicitly mentioned in the claims.",000-601-899-641-088
Composition,Full ADC,,[],[],"Claim 1 explicitly claims an antibody-payload conjugate, which includes both an antibody and a drug molecule, thus classifying it as a Full ADC. The focus is on the composition of the conjugate rather than any treatment method.",003-010-243-632-191
Clinical,,,"['breast cancer', 'lung cancer', 'liver cancer', 'gastric cancer', 'intestinal cancer', 'renal cancer', 'melanoma', 'non-small cell lung cancer']",[],"Claim 1 is a method for treating cancer, which classifies the patent as 'Clinical'. The diseases explicitly mentioned in the treatment method are extracted as clinical indications.",010-062-611-607-132
Clinical,,,"['malignant tumor', 'melanoma', 'small cell lung cancer', 'non-small cell lung cancer', 'human papilloma virus (HPV)-related tumor', 'gastric adenocarcinoma', 'multiple myeloma', 'B-cell lymphoma', 'Hodgkin lymphoma/primary mediastinal B-cell lymphoma', ""non-Hodgkin's lymphoma"", 'acute myeloid lymphoma', 'chronic myelogenous leukemia', 'chronic lymphoid leukemia', 'follicular lymphoma', 'diffuse large B-cell lymphoma', ""Burkitt's lymphoma"", 'immunoblastic large cell lymphoma', 'precursor B-lymphoblastic lymphoma', 'mantle cell lymphoma', 'acute lymphoblastic leukemia', 'mycosis fungoides', 'anaplastic large cell lymphoma', 'T-cell lymphoma', 'precursor T-lymphoblastic lymphoma', 'gastroesophageal junction cancer', 'head and neck squamous cell carcinoma', 'renal cell cancer', 'hepatocellular carcinoma']",['human patient'],"Claim 167 is a method of treating malignant tumors, making it a clinical claim. The patent includes a broad range of specific cancers as clinical indications.",005-159-147-288-835
Clinical,,,['light chain amyloidosis'],['newly diagnosed AL patient'],"Claim 1 is a method of treating light chain amyloidosis, which classifies the patent as 'Clinical'. The focus is on the treatment method rather than the composition of the antibody.",000-771-073-267-845
Clinical,,,"['gastric cancer', 'esophageal cancer', 'pancreatic cancer', 'lung cancer', 'ovarian cancer', 'colon cancer', 'hepatic cancer', 'head-neck cancer', 'cancer of the gallbladder']",[],"Claim 1 is a method of treating cancer diseases characterized by cells expressing claudin 18.2, making it primarily a clinical claim focused on treatment.",012-403-724-186-923
Clinical,,,['cancer'],[],"Claim 1 is a method of treating cancer, which classifies the patent as 'Clinical'. There are no claims directed to a specific molecule or composition.",015-430-559-804-70X
Composition,Unconjugated Antibody,,[],[],"Claim 22 describes an isolated nucleic acid molecule encoding a heavy chain variable region of an antibody that binds ErbB3, classifying it as a composition. The claims do not involve any covalent attachment to a payload, thus it is categorized as an Unconjugated Antibody.",008-613-247-605-726
Clinical,,,"['non-immunogenic cancer', 'melanoma', 'non-small cell lung carcinoma', 'renal cancer', 'head and neck cancer', 'bladder cancer']",[],"Claim 1 is a method of treating a non-immunogenic cancer, which classifies the patent as 'Clinical'. The diseases explicitly mentioned in the claims are extracted as clinical indications.",007-412-775-193-051
Composition,Unconjugated Antibody,,[],[],"Claim 1 describes a bispecific binding molecule without any covalent attachment to a non-antibody payload, classifying it as an 'Unconjugated Antibody'. The primary inventive concept is the composition of the molecule rather than a method of treatment.",012-850-969-008-484
Clinical,,,['brain metastases'],[],"Claim 1 is a method for treating or preventing brain metastases, which classifies the patent as 'Clinical'. There are no claims directed to a specific molecule or composition.",025-829-306-487-467
Clinical,,,"['cancer', 'solid tumor', 'hematological cancer']",[],"Claim 1 is a method of treating or preventing a disease, specifically mentioning the administration of a Cbl-b inhibitor compound and checkpoint inhibitors, which classifies the patent as 'Clinical'.",040-956-833-731-762
Composition,Unconjugated Antibody,,['cancer'],[],"Claim 1 describes a medicament comprising an antibody with immunological reactivity to CAPRIN-1, which classifies it as a composition. The claim does not involve any covalent attachment to a payload, thus it is categorized as an Unconjugated Antibody.",046-378-180-137-008
Clinical,,,['cancer'],['human subject in need thereof'],"Claim 1 is a method for treating cancer, which classifies the patent as 'Clinical'. The focus is on the treatment method rather than a composition or manufacturing process.",054-827-373-070-584
Clinical,,,['neuroblastoma'],[],"Claim 1 is a method for inhibiting neuroblastoma, which qualifies it as a method-of-treatment claim. Therefore, the primary patent type is classified as 'Clinical'.",008-528-443-377-525
Clinical,,,"['ErbB-2 positive tumor', 'ErbB-3 positive tumor', 'ErbB-2/ErbB-3 positive tumor']",['human subject'],"Claim 1 is a method of treating a human subject with specific tumor types, making it primarily a clinical claim.",022-405-082-188-311
Clinical,,,['infection'],"['mammal', 'human']","Claim 1 is a method of treating an infection using an antibody, which classifies the patent as 'Clinical'. The focus is on the treatment method rather than the composition of the antibody itself.",014-383-864-916-315
Clinical,,,"['B cell lymphoma', 'lung cancer', 'bronchus cancer', 'colorectal cancer', 'prostate cancer', 'breast cancer', 'pancreas cancer', 'stomach cancer', 'ovarian cancer', 'urinary bladder cancer', 'brain or central nervous system cancer', 'peripheral nervous system cancer', 'esophageal cancer', 'cervical cancer', 'melanoma', 'uterine or endometrial cancer', 'cancer of the oral cavity or pharynx', 'liver cancer', 'kidney cancer', 'biliary tract cancer', 'small bowel or appendix cancer', 'salivary gland cancer', 'thyroid gland cancer', 'adrenal gland cancer', 'osteosarcoma', 'chondrosarcoma', 'liposarcoma', 'testes cancer', 'malignant fibrous histiocytoma', 'skin cancer', 'head and neck cancer', 'lymphomas', 'sarcomas', 'multiple myeloma', 'leukemias']",[],"Claim 1 is a method for treating cancer, classifying the patent as 'Clinical'. The diseases listed in the claims are explicitly mentioned as part of the treatment method.",016-070-328-141-363
Composition,Full ADC,,[],[],"Claim 1 explicitly claims an antibody drug conjugate (ADC) comprising an antibody, a tridentate linker, and a drug part, which qualifies it as a 'Full ADC'. There are no method-of-treatment claims in the broadest independent claim.",023-714-264-962-780
Composition,,,[],[],"Claim 1 is directed to a compound with a specific structure, classifying it as a 'Composition'. Although there are method-of-treatment claims later, the broadest independent claim focuses on the molecule itself.",001-177-701-514-398
Clinical,,,[],[],"Claim 1 is a method of treatment involving the administration of therapeutic macromolecules and immunosuppressants, which classifies the patent as 'Clinical'. No specific diseases or patient populations are explicitly claimed in the treatment method.",006-182-148-174-233
Composition,Unconjugated Antibody,,[],[],"Claim 31 describes an anti-human CCR7 antibody, which is a molecule and thus classified as a 'Composition'. It does not involve any covalent attachment to a payload, so it is categorized as 'Unconjugated Antibody'.",022-750-917-076-922
Composition,Conjugated Payload,,[],[],"Claim 1 describes a pharmaceutical composition comprising an omega-3 PUFA-taxoid conjugate, which qualifies as a composition. The presence of a conjugate indicates a covalent attachment to a non-antibody payload, classifying it as 'Conjugated Payload'.",030-833-129-474-499
Clinical,,,['multiple myeloma'],[],"Claim 1 is a method of treating multiple myeloma, which classifies the patent as 'Clinical'. The focus is on the treatment method rather than the composition of the compounds.",026-262-478-986-723
Composition,Unconjugated Antibody,,['cancer'],[],"Claim 1 is directed to an isolated antibody that binds to CD112R, classifying it as a 'Composition'. The antibody is not covalently attached to any payload, thus it is categorized as 'Unconjugated Antibody'.",024-391-924-544-297
Composition,Unconjugated Antibody,,[],[],"Claim 93 describes a LAIR-1 antibody, which is a molecule and thus classified as a 'Composition'. There is no indication of covalent attachment to a payload, so it is classified as 'Unconjugated Antibody'.",030-554-654-314-926
Clinical,,,"['melanoma', 'breast cancer', 'primary liver cancer', 'metastatic liver cancer', 'prostate cancer', 'small cell lung cancer', 'non-small cell lung cancer']",[],"Claim 1 is a method of treatment for cancer, classifying the patent as 'Clinical'. The diseases explicitly mentioned in the treatment methods are extracted as clinical indications.",031-988-144-432-919
Clinical,,,"['cancer', 'hematological cancer', 'leukemia', 'lymphoma']",['mammal having a disease associated with expression of CD19'],"Claim 1 is a method of treating a mammal with a disease associated with CD19 expression, classifying it as a Clinical patent type.",031-589-799-187-557
Composition,Unconjugated Antibody,,[],[],"Claim 1 describes a combination of an EGFR binding antagonist antibody and an immunotherapeutic, without any covalent attachment to a payload, classifying it as a composition. The focus is on the antibody itself rather than a method of treatment.",025-775-533-074-768
Composition,Unconjugated Antibody,,[],[],"Claim 1 describes a therapeutic drug comprising an antibody, which classifies it as a 'Composition'. The antibody is not covalently attached to any payload, thus it is classified as 'Unconjugated Antibody'.",025-534-897-044-861
Clinical,,,"['hepatocellular carcinoma (HCC)', 'colorectal carcinoma (CRC)', 'glioblastoma (GB)', 'gastric cancer (GC)', 'esophageal cancer', 'non-small cell lung cancer (NSCLC)', 'pancreatic cancer (PC)', 'renal cell carcinoma (RCC)', 'benign prostate hyperplasia (BPH)', 'prostate cancer (PCA)', 'ovarian cancer (OC)', 'melanoma', 'breast cancer (BRCA)', 'chronic lymphocytic leukemia (CLL)', 'Merkel cell carcinoma (MCC)', 'small cell lung cancer (SCLC)', 'Non-Hodgkin lymphoma (NHL)', 'acute myeloid leukemia (AML)', 'gallbladder cancer', 'cholangiocarcinoma (GBC, CCC)', 'urinary bladder cancer (UBC)', 'uterine cancer (UEC)']",[],"Claim 1 is a method of treating cancer, which classifies the patent as 'Clinical'. The diseases listed in the claim are explicitly mentioned as part of the treatment method.",036-419-573-328-943
Composition,Unconjugated Antibody,,['cancer'],[],"Claim 24 describes a host cell comprising a nucleic acid encoding an anti-FGFR2IIIb antibody, classifying it as a composition. The antibody is not covalently attached to any payload, thus it is classified as an Unconjugated Antibody. Although treatment methods are mentioned later, the broadest independent claim focuses on the antibody itself.",033-835-401-515-367
Clinical,,,['cancer'],[],"Claim 1 is a method of reducing side effects associated with immunotherapy using an immune agonist antibody, which classifies it as a Clinical patent. The primary inventive concept is a method of treatment rather than a composition.",034-880-015-304-819
Composition,Conjugated Antibody,,[],[],"Claim 1 describes a compound that includes a prosthetic compound or radiohalogen precursor, which is a defined construct. The subsequent claims detail radiolabeled biomolecules that include antibodies, indicating covalent attachment to a non-antibody payload, classifying it as a 'Conjugated Antibody'.",032-930-159-365-75X
Composition,,,[],[],"Claim 1 is directed to a compound represented by a specific formula, classifying it as a 'Composition'. Although there are methods of treatment mentioned later, the broadest independent claim focuses on the chemical entity itself.",034-524-796-027-920
Clinical,,,"['hematologic malignancy', 'relapsed and/or refractory acute myeloid leukemia (AML)']","['subject in need thereof', 'human']","Claim 1 is a method for treating a hematologic malignancy, which classifies the patent as 'Clinical'. The focus is on treatment methods rather than the composition of the immunoconjugate.",043-610-147-347-542
Clinical,,,"['ARID1A-mutated cancer', 'pre-cancer', 'benign tumor']",[],"Claim 1 is a method of treating ARID1A-mutated cancers, which classifies the patent as 'Clinical'. There are no claims directed to a molecule or composition.",033-972-826-408-840
Composition,,,[],[],"Claim 1 is directed to a solid form of a specific chemical compound, classifying it as a 'Composition'. There are no claims that primarily focus on treatment methods or manufacturing processes.",040-056-890-911-977
Clinical,,,['cancer'],"['mammal', 'human']","Claim 1 is a method for treating cancer, which classifies the patent as 'Clinical'. The focus is on the treatment method rather than a specific composition or manufacturing process.",047-582-827-090-402
Clinical,,,"['skin cancer', 'connective tissue cancer', 'adipose cancer', 'breast cancer', 'head and neck cancer', 'lung cancer', 'stomach cancer', 'pancreatic cancer', 'ovarian cancer', 'cervical cancer', 'uterine cancer', 'anogenital cancer', 'kidney cancer', 'bladder cancer', 'colon cancer', 'prostate cancer', 'central nervous system (CNS) cancer', 'retinal cancer', 'blood cancer', 'neuroblastoma', 'multiple myeloma', 'lymphoid cancer']",[],"The broadest independent claim (Claim 17) is a method for treating cancer, classifying the patent as 'Clinical'.",048-145-738-253-207
Composition,Unconjugated Antibody,,[],[],"Claim 1 describes a tissue-targeting compound comprising a monoclonal antibody or an antigen-binding fragment, which classifies it as a composition. There is no covalent attachment to a non-antibody payload, thus it is categorized as an Unconjugated Antibody.",049-915-351-895-840
Clinical,,,['cancer'],[],"Claim 1 is a method of treating cancer, which classifies the patent as 'Clinical'. The focus is on the treatment method rather than a specific composition or manufacturing process.",073-697-801-438-506
Clinical,,,['non-squamous non-small cell lung cancer'],['human subjects with NSCLC who received previous osimertinib therapy and experienced progressive disease'],"Claim 1 is a method of treating non-squamous non-small cell lung cancer using a specific combination of drugs, which classifies it as a Clinical patent.",077-295-920-128-029
Composition,,,[],[],"Claim 1 is directed to a pharmaceutical composition comprising Afatinib and quercetin, classifying it as a 'Composition'. The claim does not focus on a method of treatment, manufacturing process, or any other category.",072-100-207-382-422
Composition,Unconjugated Antibody,,[],[],"Claim 63 is a method of treatment, but the broadest independent claim describes a modified immunoglobulin molecule, which is a bispecific antibody without a covalently attached payload. Therefore, it is classified as a 'Composition' and specifically as an 'Unconjugated Antibody'.",071-599-283-366-001
Composition,Unconjugated Antibody,,[],[],"Claim 109 describes a fusion protein that binds to EGFR and TGFβ, classifying it as a composition. The independent claim does not involve a method of treatment, thus it is classified as 'Composition' despite later treatment claims.",075-832-609-876-065
Clinical,,,[],[],"Claim 1 is a method for identifying compounds that modulate TNFα or CD40L interactions, which classifies it as a method-of-treatment claim. There are no claims directed to a specific molecule or composition.",060-203-735-083-107
Clinical,,,['metastatic disease'],[],"Claim 1 is a method for diagnosing and treating metastatic disease, making it a method-of-treatment claim. The focus is on the clinical application rather than a composition or manufacturing process.",061-659-365-393-221
Composition,Unconjugated Antibody,,[],[],"Claim 1 explicitly claims an antibody, classifying the patent as 'Composition'. The claims do not indicate any covalent attachment to a non-antibody payload, thus it is classified as 'Unconjugated Antibody'.",050-172-838-981-813
Composition,Unconjugated Antibody,,[],[],"Claim 1 explicitly claims an antibody that binds to specific polypeptides and inhibits osteoclast formation, classifying it as a composition. There is no mention of covalent attachment to a payload, thus it is categorized as an Unconjugated Antibody.",061-402-003-632-471
Clinical,,,"['Ewing sarcoma', 'Burkitt lymphoma', 'osteosarcoma', 'neuroblastoma', 'glioma', 'ALL', 'CIVIL', 'AML', 'MDS']",['human subject'],"Claim 1 is a method of treating a condition in a human subject, which classifies the patent as Clinical. The diseases explicitly mentioned in the treatment method are extracted as clinical indications.",056-263-560-389-904
Clinical,,,"['hepatocellular cancer', 'bladder cancer', 'breast cancer', 'cervical cancer', 'colorectal cancer', 'endometrial cancer', 'anal cancer', 'Merkel cell carcinoma', 'gastric cancer', 'head and neck cancer', 'kidney cancer', 'liver cancer', 'lung cancer', 'ovarian cancer', 'prostate cancer', 'esophageal cancer', 'gall bladder cancer', 'pancreatic cancer', 'thyroid cancer', 'skin cancer', 'leukemia', 'multiple myeloma', 'chronic lymphocytic lymphoma', 'adult T cell leukemia', 'B-cell lymphoma', 'acute myelogenous leukemia', ""Hodgkin's or non-Hodgkin's lymphoma"", ""Waldenstrom's Macroglubulinemia"", 'hairy cell lymphoma', ""Burkett's lymphoma"", 'glioblastoma', 'melanoma', 'rhabdosarcoma', 'sarcoma', 'non-small cell lung cancer']",[],"Claim 1 is a method of treating cancer, which classifies the patent as 'Clinical'. The diseases listed are explicitly mentioned in the treatment method.",065-090-598-364-810
Composition,,,[],[],"Claim 1 is directed to a peptide, which classifies the patent as a 'Composition'. There are no method-of-treatment claims in the first independent claim, and thus it does not fall under 'Clinical'.",079-889-999-496-73X
Clinical,,,['pulmonary metastasis of osteosarcoma cells'],[],"Claim 1 is a method of treating pulmonary metastasis of osteosarcoma cells, which classifies the patent as 'Clinical'. There are no claims directed to a composition or manufacturing process.",081-258-408-103-238
Clinical,,,['cancer'],[],"Claim 1 is a method of treating cancer associated with activation of the MAPK pathway, which classifies the patent as 'Clinical'. No specific patient populations are defined in the claims.",084-851-955-294-447
Clinical,,,"['colon cancer', 'lung cancer', 'breast cancer', 'pancreatic cancer', 'skin cancer', 'brain cancer', 'ovarian cancer', 'kidney cancer', 'stomach cancer', 'head and neck cancer', 'esophageal cancer', 'bladder cancer', 'rectal cancer', 'bone cancer', 'uterine cancer', 'prostate cancer', 'hematological malignancy']",[],"Claim 1 is a method for treating cancer, which classifies the patent as 'Clinical'. The diseases listed in the claims are explicitly mentioned as part of the treatment method.",080-312-925-925-983
Clinical,,,"['cancer', 'multiple myeloma']",[],"Claim 1 is a method of treating cancer, which classifies the patent as 'Clinical'. The primary inventive concept is focused on treatment methods rather than the composition of any molecules.",057-190-951-010-078
Clinical,,,['prostate cancer'],['mammal'],"Claim 1 describes a combination of compounds for therapeutic treatment, which classifies the patent as 'Clinical'. The primary inventive concept is a method of treatment rather than a composition.",061-271-525-114-64X
Clinical,,,['diarrhea'],[],"Claim 1 is a method of inhibiting or treating diarrhea, which classifies the patent as 'Clinical'. The focus is on the treatment method rather than the composition of the antibodies.",065-713-339-469-333
Composition,Unconjugated Antibody,,[],[],"Claim 1 describes a pharmaceutical combination comprising a PI3K inhibitor and an IGF1R inhibitor, which includes an IGF1R inhibitory antibody. The primary inventive concept is a composition of these inhibitors, with the antibody not being covalently attached to a payload, classifying it as an Unconjugated Antibody.",064-098-356-588-125
Clinical,,,"['lung cancer', 'breast cancer']",[],"Claim 1 is a method of treating cancer, which classifies the patent as 'Clinical'. The specific cancers mentioned in the claim are lung cancer and breast cancer.",068-724-083-665-156
Clinical,,,['cancer'],[],"Claim 1 is a method for preventing and/or treating cancer, which classifies the patent as 'Clinical'. The focus is on the treatment method rather than a composition or manufacturing process.",086-407-234-857-643
Clinical,,,['bladder cancer'],['patients in need thereof'],"Claim 1 is a method of treating bladder cancer, which classifies the patent as 'Clinical'. The focus is on the treatment method rather than a composition or manufacturing process.",073-351-883-552-311
Clinical,,,"['cancer', 'pancreatic cancer', 'biliary tract cancer', 'distant metastatic pancreatic cancer']","['patients with cancer which has not been previously treated with any anti-cancer drugs', 'patients with distant metastatic cancer', 'patients with distant metastatic pancreatic cancer which has not been previously treated with any anti-cancer drugs']","Claim 1 is a method for treating cancer, which classifies the patent as 'Clinical'. The focus is on treatment methods rather than specific compositions or manufacturing processes.",079-099-965-629-788
Composition,Unconjugated Antibody,,[],[],"Claim 1 describes an isolated monoclonal antibody that binds to PMEL17, classifying it as a 'Composition'. The antibody is not covalently attached to any payload, thus it is categorized as 'Unconjugated Antibody'.",094-613-592-652-936
Clinical,,,['epithelial cancer'],['mammalian subject in need thereof'],"Claim 1 is a method for treating epithelial cancer, which classifies the patent as 'Clinical'. The focus is on the treatment method rather than a composition or manufacturing process.",084-399-081-223-657
Composition,,,[],[],"Claim 1 is directed to an immunogenic composition comprising a peptide, which classifies it as a 'Composition'. Although there are method-of-treatment claims later, the broadest independent claim focuses on the composition itself.",083-315-611-891-584
Composition,Unconjugated Antibody,,[],[],"Claim 1 describes a CD20 binding agent, which is a type of antibody. It does not involve any covalent attachment to a payload, thus classifying it as an Unconjugated Antibody. There are treatment claims later, but the broadest independent claim is directed to the composition itself.",093-492-454-697-015
Composition,Unconjugated Antibody,,[],[],"Claim 1 explicitly claims an antibody that binds to PD-L1, classifying it as a composition. The claims do not involve any covalent attachment to a payload, thus it is categorized as an Unconjugated Antibody.",089-071-389-446-868
Clinical,,,"['neuroblastoma', 'glioblastoma', 'medulloblastoma', 'astrocytoma', 'melanoma', 'small-cell lung cancer', 'desmoplastic small round cell tumor', 'osteosarcoma', 'rhabdomyosarcoma', 'another soft tissue sarcoma']","['patients with GD2 positive cancer', 'patients suffering from primary refractory or relapsed high risk-neuroblastoma', 'patients with minimal residual disease in high-risk neuroblastoma']","Claim 1 is a method for treating GD2 positive cancer, which classifies the patent as 'Clinical'. The diseases and patient populations are explicitly mentioned in the treatment method.",107-646-048-750-699
Composition,Unconjugated Antibody,,[],[],"Claim 1 explicitly claims an antibody that binds to DR5, classifying it as a composition. There is no mention of a covalent attachment to a payload, thus it is categorized as an unconjugated antibody.",106-663-859-695-636
Clinical,,,"['cancer', 'tumor']",[],"Claim 1 is a method for reducing cytokine release associated with cancer treatment, making it a method-of-treatment claim. The primary inventive concept is clinical in nature, despite the mention of antibodies.",102-176-089-448-271
Clinical,,,['cancer'],[],"Claim 1 is a method of treating cancer, which classifies the patent as 'Clinical'. The primary inventive concept is focused on treatment rather than a composition or manufacturing process.",110-879-776-029-547
Clinical,,,"['cancer', 'colorectal cancer', 'BRAF V600E-mutant metastatic colorectal cancer']","['advanced colorectal cancer', 'metastatic colorectal cancer']","Claim 1 is a method-of-treatment claim, focusing on the use of a combination of compounds for treating diseases, which classifies the patent as 'Clinical'.",088-318-412-661-730
Composition,,,[],[],"Claim 1 describes a genetically engineered microorganism for producing anti-cancer molecules, classifying it as a 'Composition'. There are no claims directed to a method of treatment in the first independent claim.",094-196-854-243-872
Clinical,,,"['malignant glioma', 'pilocytic astrocytomas (grade I)', 'meningiomas', 'metastatic brain tumors', 'pituitary adenomas']",[],"Claim 1 is a method of treating CNS cancer, which classifies the patent as 'Clinical'. The diseases explicitly mentioned in the treatment method are extracted as clinical indications.",095-599-598-724-45X
Clinical,,,"['non-small cell lung cancer', 'pancreatic cancer']",[],"Claim 56 is a method of treating non-small cell lung cancer, making it the primary inventive concept. The focus is on treatment methods rather than a composition or manufacturing process.",094-336-894-348-320
Clinical,,,"['tumor', 'multiple myeloma', ""non-Hodgkin's lymphoma""]",[],"Claim 1 is a method of treating a tumor, which classifies the patent as 'Clinical'. The specific diseases mentioned in the claims include multiple myeloma and non-Hodgkin's lymphoma.",097-659-527-342-985
Clinical,,,"['cancer cachexia', 'pancreatic cancer']",[],"Claim 1 is a method for treating cancer cachexia, which classifies the patent as 'Clinical'. The primary inventive concept is a method of treatment rather than a composition of matter.",105-608-110-182-929
Composition,,,[],[],"Claim 1 describes a nitrogen-containing fused heterocyclic compound, which classifies it as a 'Composition'. There are no claims directed to methods of treatment or manufacturing processes in the broadest independent claim.",105-402-252-703-562
Composition,Unconjugated Antibody,,[],[],"Claim 1 explicitly claims an antibody that binds to BAI1, classifying it as a composition. There is no mention of covalent attachment to a non-antibody payload in the broadest claim, thus it is categorized as an Unconjugated Antibody.",103-178-589-463-414
Clinical,,,"['lymphoma', 'leukemia']",['human patient'],"Claim 30 is a method for treating lymphoma or leukemia, making it a clinical claim. The focus is on the treatment method rather than a composition or manufacturing process.",103-756-111-662-635
Composition,Unconjugated Antibody,,[],[],"Claim 1 describes a therapeutic antibody or antigen binding fragment, which classifies it as a composition. The claim does not involve any covalent attachment to a non-antibody payload, thus it is categorized as an Unconjugated Antibody.",106-546-136-750-010
Clinical,,,['cancer'],['cancer patients'],"Claim 1 is a method of potentiating CAR-modified immune cells cancer immunotherapy, which qualifies it as a method-of-treatment claim. The primary inventive concept is focused on treatment rather than a composition.",111-378-227-047-612
Clinical,,,['lung cancer'],['patients with non-small cell lung cancer (NSCLC)'],"Claim 34 is a method of treating lung cancer, which classifies the patent as 'Clinical'. The primary inventive concept is a treatment method rather than a composition or manufacturing process.",104-540-852-418-430
Composition,Conjugated Antibody,,"['CD38 positive disease', 'multiple myeloma']",[],"Claim 1 describes a combination of a desialylation agent and a CD38 targeting agent for treatment, indicating a composition. Claim 12 mentions a conjugate, which implies covalent attachment, classifying it as a Conjugated Antibody. The clinical indications are derived from the treatment claims.",112-349-078-467-261
Clinical,,,['cancer'],"['gastric cancer', 'lung cancer']","Claim 1 is a method of treating cancer, which classifies the patent as 'Clinical'. The specific cancers mentioned in the claim are gastric cancer and lung cancer.",113-436-970-886-928
Clinical,,,['cancer'],[],"Claim 1 is a method of treating cancer, which classifies the patent as 'Clinical'. The primary inventive concept is a treatment method rather than a composition or manufacturing process.",117-309-822-963-69X
Composition,Full ADC,,[],[],"Claim 1 explicitly claims an antibody-drug conjugate (ADC) comprising a defined structure, which includes an antibody, linker, and drug units, classifying it as a 'Full ADC'. The primary inventive concept is directed to the composition rather than a method of treatment.",114-876-548-669-413
Composition,,,[],[],"Claim 1 describes a compound with specific structural features, classifying it as a 'Composition'. There are no treatment methods or manufacturing processes claimed in the independent claim.",119-200-533-083-913
Clinical,,,['cancer'],[],"Claim 18 is a method for increasing immune cell activation in a subject, which qualifies it as a method-of-treatment claim. The primary inventive concept is focused on therapeutic use rather than a composition or manufacturing process.",117-579-125-373-109
Composition,Unconjugated Antibody,,"['melanoma', 'glioblastoma']",[],"Claim 1 describes an antibody with specific CDR sequences, classifying it as a 'Composition'. The antibody is not covalently attached to any payload, thus it is categorized as 'Unconjugated Antibody'. Although treatment methods are mentioned later, they do not override the primary classification.",127-570-183-370-696
CMC,,Conjugation Method,[],[],"Claim 1 is directed to a method for producing a compound, which focuses on the manufacturing process rather than a specific molecule or treatment method. Therefore, it is classified as CMC, specifically as a Conjugation Method.",122-740-352-053-876
Clinical,,,"['hematopoietic tumor', 'leukemia', 'lymphoma', 'myeloma']",[],"Claim 1 is a method of inhibiting the growth of cancer cells using an antibody conjugated to a cytotoxic agent, which classifies the patent as 'Clinical'. The diseases explicitly mentioned in the claims are hematopoietic tumors, leukemia, lymphoma, and myeloma.",124-239-348-555-842
Composition,Conjugated Antibody,,[],[],"Claim 1 describes a human or humanized antibody that is covalently conjugated to one or more moieties-of-interest through a linker, classifying it as a 'Conjugated Antibody'. The primary inventive concept is directed to the antibody construct itself rather than a method of treatment.",116-390-804-620-751
Clinical,,,['acute myelogenous leukemia'],[],"Claim 1 is a method for treating acute myelogenous leukemia (AML), which classifies the patent as 'Clinical'. There are no claims directed to a molecule or composition.",120-295-584-136-325
Clinical,,,"['CNS-cancer', 'CNS multiple myeloma']",[],"Claim 1 is a method of treating CNS-cancer using marizomib and bevacizumab, which classifies the patent as 'Clinical'. The diseases explicitly mentioned in the treatment methods are CNS-cancer and CNS multiple myeloma.",114-379-651-000-219
Clinical,,,"['immune system disease', 'autoimmune disease', 'inflammatory disease', 'anemia', 'clotting disorder', 'hemorrhagic condition', 'cancer']",[],"Claim 1 is a method of eliminating target hematopoietic stem cells in a subject, which qualifies it as a method-of-treatment claim. The focus is on the treatment method rather than a composition or manufacturing process.",136-473-152-521-852
Clinical,,,['lymphoma'],[],"Claim 152 is a method of treating lymphoma, making it the primary inventive concept. The claims focus on treatment rather than the composition of the conjugate.",133-474-780-951-517
Composition,Conjugated Antibody,,[],[],"Claim 1 describes a drug delivery system that includes a polymalic acid platform conjugated to a pro-drug and targeting antibodies, indicating a composition involving covalent attachment. The primary inventive concept is the composition itself rather than a method of treatment.",131-633-252-889-679
Clinical,,,['cancer'],['human subject'],"Claim 43 is a method of treating cancer, which classifies the patent as 'Clinical'. The focus is on treatment methods rather than any specific composition or manufacturing process.",131-104-069-169-039
Composition,,,[],[],"Claim 1 describes a composition comprising specific inhibitors for cancer treatment, which classifies it as a 'Composition'. There are no claims directed to a method of treatment in the first independent claim.",178-914-074-443-776
Clinical,,,"['lung cancer', 'brain cancer', 'breast cancer', 'cervical cancer', 'colon cancer', 'gastric cancer', 'head and neck cancer', 'kidney cancer', 'leukemia', 'liver cancer', 'ovarian cancer', 'pancreatic cancer', 'prostate cancer', 'skin cancer', 'testicular cancer']",[],"Claim 1 is a method for treating cancer, which classifies the patent as 'Clinical'. The specific types of cancer are explicitly mentioned in the claims.",172-380-593-123-270
Clinical,,,"['acute myeloid leukemia (AML)', 'myelodysplastic syndromes (MDS)', 'myeloproliferative neoplasms (MPN)', 'chronic myeloid leukemia (CML)', 'chronic myelomonocytic leukemia (CMML)']",[],"Claim 1 is a method for treating malignancies, specifically detailing the administration of a combination therapy, which classifies it as a Clinical patent type.",131-096-595-518-166
Clinical,,,"[""B-Cell Non-Hodgkin's lymphomas"", 'lymphocytic leukemias']",[],"Claim 18 is a method of treatment for specific cancers, making the primary inventive concept clinical in nature.",145-356-307-316-217
Clinical,,,['melanoma'],"['treatment naive', 'immune checkpoint inhibitor naive', 'previously treated with PD-L1 checkpoint inhibitor', 'Stage II melanoma', 'Stage III melanoma', 'Stage IV melanoma', 'resistant/refractory melanoma', 'metastatic melanoma']","Claim 22 is a method for treating melanoma, making it a method-of-treatment claim. The focus is on the clinical application rather than a composition or manufacturing process.",144-336-204-589-568
Clinical,,,['prostate cancer'],['metastatic castration-resistant prostate cancer'],"Claim 1 is a method of treating prostate cancer, which classifies the patent as 'Clinical'. The focus is on the treatment method rather than a composition or manufacturing process.",151-271-258-464-866
Clinical,,,"['malignant neoplastic cell proliferative disorders', 'renal cell carcinoma', 'melanoma']",[],"Claim 1 is a method of treating malignant neoplastic cell proliferative disorders, which classifies the patent as 'Clinical'. The composition is mentioned but not claimed as the primary inventive concept.",145-886-687-363-717
Clinical,,,"['endometrial hyperproliferative disorders', 'ovarian hyperproliferative disorders', 'ovarian cancer', 'epithelial ovarian cancer', 'endometriosis']",[],"Claim 1 is a method for treating endometrial or ovarian hyperproliferative disorders, classifying the patent as 'Clinical'. The focus is on treatment methods rather than specific compositions or manufacturing processes.",146-653-865-372-210
Composition,Conjugated Antibody,,[],[],"Claim 1 describes a fusion protein that includes an antibody moiety covalently linked to a TNFα moiety, classifying it as a 'Conjugated Antibody'. The primary inventive concept is the composition of the fusion protein itself, rather than a method of treatment.",150-512-567-805-757
Clinical,,,['cancer'],[],"Claim 1 is a method for providing an acceptable therapeutic index of a chemotherapeutic drug, which qualifies it as a method-of-treatment claim. The focus is on improving treatment outcomes for patients with cancer.",146-659-531-482-45X
Clinical,,,['cancer'],[],"Claim 1 is a method of preventing or treating cancer, which classifies the patent as 'Clinical'. The focus is on treatment methods rather than a specific composition or manufacturing process.",146-316-513-944-96X
Composition,Unconjugated Antibody,,[],[],"Claim 1 describes an aqueous formulation comprising an anti-angiogenic drug and a liposome, classifying it as a composition. The anti-angiogenic drug includes monoclonal antibodies like ranibizumab, which are not covalently attached to a payload, thus classifying it as an unconjugated antibody.",135-562-760-092-762
Composition,Unconjugated Antibody,,[],[],"Claim 1 describes a pharmaceutical combination comprising an anti-CD47 antibody and a second therapeutic agent, classifying it as a composition. The antibody is not covalently attached to a payload, thus it is categorized as an Unconjugated Antibody.",164-353-358-585-594
Composition,Unconjugated Antibody,,[],[],"Claim 1 describes an isolated antibody that binds to HER2, classifying it as a 'Composition'. There is no covalent attachment to a payload, thus it is categorized as 'Unconjugated Antibody'.",143-331-621-780-137
Composition,Unconjugated Antibody,,[],[],"Claim 1 describes a molecular target therapeutic drug containing a substance that neutralizes or inhibits CHRNB2, which includes antibodies as active ingredients. Since it primarily claims a therapeutic drug composition, it is classified as 'Composition'. The antibody is not covalently attached to a payload, thus it is classified as 'Unconjugated Antibody'.",143-333-326-157-341
Clinical,,,"['bladder cancer', 'breast cancer', 'clear cell kidney cancer', 'head/neck squamous cell carcinoma', 'lung squamous cell carcinoma', 'malignant melanoma', 'non-small-cell lung cancer (NSCLC)', 'ovarian cancer', 'pancreatic cancer', 'prostate cancer', 'renal cell cancer', 'small-cell lung cancer (SCLC)', 'triple negative breast cancer', 'advanced or metastatic melanoma']",[],"Claim 1 is a method for treating cancer, which classifies the patent as 'Clinical'. The specific cancers mentioned in the claim are extracted as clinical indications.",152-961-399-836-795
Clinical,,,['mature T cell lymphoma'],[],"Claim 1 is a method for treating a subject with mature T cell lymphoma, which classifies the patent as 'Clinical'. The focus is on treatment methods rather than the composition of the antibody drug conjugate.",157-531-762-403-874
Composition,Unconjugated Antibody,,[],[],"Claim 212 describes an isolated polynucleotide encoding an anti-CGRP antibody, which classifies as a composition. There are no claims of covalent attachment to a payload, thus it is classified as an Unconjugated Antibody.",158-179-365-129-660
Composition,,,[],[],"Claim 1 describes a pharmaceutical composition comprising a compound and aluminum-containing particles, classifying it as a 'Composition'. There are no claims directed to a method of treatment in Claim 1, thus it does not fall under 'Clinical'.",142-311-806-125-847
Composition,Conjugated Linker,,[],[],"Claim 17 describes a compound with a specific structure, indicating it is a chemical entity. The focus on linker-payloads suggests it is related to antibody-drug conjugates, classifying it as a 'Composition' with a subtype of 'Conjugated Linker'.",157-074-359-900-554
Clinical,,,['H3K27M-glioma'],[],"Claim 1 is a method of treating H3K27M-glioma, which classifies the patent as 'Clinical'. There are no claims directed to a composition or manufacturing process.",155-431-060-249-322
Composition,Unconjugated Antibody,,[],[],"Claim 15 describes an immunoglobulin single variable domain that binds to HVEM, classifying it as a composition. There are no claims of covalent attachment to a payload, thus it is categorized as an Unconjugated Antibody.",165-564-341-444-265
Composition,Unconjugated Antibody,,[],[],"Claim 1 describes a specific anti-S100A4 antibody, which classifies it as a 'Composition'. The claim does not involve any covalent attachment to a payload, thus it is categorized as 'Unconjugated Antibody'.",164-948-407-961-975
Composition,Unconjugated Antibody,,[],[],"Claim 1 describes a composition comprising L19-TNFα, which is an immunocytokine, indicating it is a composition rather than a method of treatment. There are no claims that involve covalent attachment to a payload, thus it is classified as an Unconjugated Antibody.",170-848-245-907-253
Clinical,,,['metastatic colorectal cancer'],['KRAS-mutated metastatic colorectal cancer patients'],"Claim 1 is a method of treating KRAS-mutated metastatic colorectal cancer, which classifies the patent as 'Clinical'. No composition or manufacturing claims are present in the independent claim.",169-806-211-561-804
Composition,Unconjugated Antibody,,[],[],"Claim 1 describes a polynucleotide encoding a chimeric receptor, which includes an anti-CD33 scFv, but does not involve any covalent attachment to a payload, thus classifying it as an Unconjugated Antibody under Composition.",174-259-405-494-292
CMC,,Process/Scale-Up,[],[],"Claim 23 is a method of producing engineered immune cells, focusing on the process of cell engineering rather than a composition of matter. Therefore, it is classified as CMC, specifically under Process/Scale-Up.",172-816-587-559-881
Composition,,,[],[],"Claim 1 describes a nanogel pharmaceutical composition comprising a biologic medicament and a biodegradable nanogel, classifying it as a 'Composition'. The method of treatment claim appears later and does not override the primary classification.",178-433-898-645-584
Clinical,,,['cancer'],['patients in need thereof'],"Claim 1 is a method of treating cancer, which classifies the patent as 'Clinical'. The focus is on the treatment regimen rather than a specific composition or manufacturing process.",179-780-403-067-886
Clinical,,,['folate receptor-alpha-positive ovarian cancer'],[],"The broadest independent claim (Claim 6) is a method for treating a specific type of cancer, classifying the patent as 'Clinical'.",186-299-697-587-037
Composition,,,[],[],"Claim 1 describes an allogeneic tumor cell vaccine comprising genetically engineered tumor cells and immunomodulatory molecules, classifying it as a 'Composition'. There are no claims directed to a method of treatment in the broadest independent claim.",186-760-194-520-992
Clinical,,,"['bladder cancer tumour', 'breast cancer tumour', 'colon cancer tumour', 'gastroenterological cancer tumour', 'kidney cancer tumour', 'lung cancer tumour', 'ovarian cancer tumour', 'pancreatic cancer tumour', 'prostate cancer tumour', 'proximal or distal bile duct cancer tumour', 'melanoma', 'colorectal cancer tumour', 'metastatic colorectal cancer tumour', 'metastatic pancreatic cancer tumour', 'triple-negative breast cancer tumour', 'small cell lung cancer tumour']",[],"Claim 1 is a method of treating a tumour, classifying the patent as 'Clinical'. The clinical indications are explicitly listed in the claims.",186-550-034-551-479
Composition,Full ADC,,[],[],"Claim 1 describes a lyophilized formulation of an anti-tissue factor antibody-drug conjugate (ADC), which includes both the antibody and the drug component, thus classifying it as a 'Full ADC'. There are no method-of-treatment claims in the independent claim.",185-334-807-672-385
Clinical,,,['multiple myeloma'],['relapsed or refractory'],"Claim 1 is a method of treating multiple myeloma, which classifies the patent as 'Clinical'. The focus is on the treatment method rather than the composition of the bispecific antibody.",169-547-918-631-198
Clinical,,,['cancer'],[],"Claim 1 is a method for treating cancer, which classifies the patent as 'Clinical'. There are no claims directed to a specific molecule or composition in the broadest independent claim.",171-341-724-822-496
Clinical,,,"['glioma', 'glioblastoma', 'refractory glioma']",['subjects who have failed treatment for glioma'],"Claim 1 is a method of treating glioma, which classifies the patent as Clinical. The focus is on treatment methods rather than a composition or manufacturing process.",177-032-413-715-182
Clinical,,,['non-small cell lung carcinoma'],['human patient'],"Claim 28 is a method of treating non-small cell lung carcinoma, making it a clinical claim. The focus is on treatment rather than a composition or manufacturing process.",164-196-066-159-239
Clinical,,,['multiple myeloma'],[],"Claim 1 is a method of treating multiple myeloma, which classifies the patent as 'Clinical'. There are no claims directed to a specific molecule or composition in the first independent claim.",169-083-872-552-917
Clinical,,,['non-small cell lung cancer'],['human subject'],"Claim 1 is a method of therapeutically treating non-small cell lung cancer, which classifies the patent as 'Clinical'. There are no claims directed to a composition or manufacturing process.",186-065-906-164-873
Composition,Full ADC,,[],[],"Claim 139 describes a conjugate that includes an antibody and a linker to a payload, indicating it is a full antibody-drug conjugate (ADC). The primary inventive concept is the composition of the conjugate itself, rather than any method of treatment.",181-388-145-170-893
Clinical,,,"['cancer', 'HIV-infection']","['specific population of cancer cells', 'specific population of human immunodeficiency virus (HIV)-infected cells']","Claim 57 is a method for treating diseases by selectively destroying specific populations of cells, which classifies the patent as 'Clinical'. The diseases and patient populations are explicitly mentioned in the claims.",179-148-021-284-608
Clinical,,,['CD20-expressing B-cell malignancy'],[],"Claim 1 is a method of administering a therapeutic protein to mitigate adverse effects in a specific treatment context, classifying it as a Clinical patent.",191-975-398-237-514
Clinical,,,['neoplastic disorder'],[],"Claim 244 is a method of treating a subject with a neoplastic disorder, making it a clinical claim. The focus is on treatment rather than a composition or manufacturing process.",193-431-565-935-713
Composition,Unconjugated Antibody,,[],[],"Claim 122 describes an isolated nucleic acid encoding a binding protein with multiple variable domains, indicating a multispecific antibody without covalent attachment to a payload. Therefore, it is classified as 'Unconjugated Antibody'. No method-of-treatment claims are present in the broadest independent claim.",194-916-403-208-371
Composition,Full ADC,,[],[],"Claim 1 describes a pharmaceutical composition comprising integrin activating compounds, which qualifies as a composition. The detailed claims include specific compounds and their structures, indicating a defined therapeutic construct, thus classifying it as a Full ADC.",195-738-009-582-469
Clinical,,,"['melanoma', 'head & neck cancer', 'classical Hodgkin lymphoma', 'urothelial carcinoma', 'gastric cancer', 'cervical cancer', 'primary mediastinal large-B-cell lymphoma', 'microsatellite instability-high cancer', 'non-small cell lung cancer', 'hepatocellular carcinoma', 'clear cell kidney cancer', 'colorectal cancer', 'breast cancer', 'squamous cell lung cancer', 'basal carcinoma', 'sarcoma', 'bladder cancer', 'endometrial cancer', 'pancreatic cancer', 'liver cancer', 'gastrointestinal cancer', 'multiple myeloma', 'renal cancer', 'mesothelioma', 'ovarian cancer', 'anal cancer', 'biliary tract cancer', 'esophageal cancer', 'salivary cancer']",[],"Claim 13 is a method of treating cancer, making the primary inventive concept clinical in nature. The claim specifies various types of cancer as indications for treatment.",197-939-056-797-466
Composition,Unconjugated Antibody,,[],[],"Claim 1 describes a lyophilized pharmaceutical formulation comprising an anti-CD19 antibody, which classifies it as a composition. The antibody is not covalently attached to any payload, thus it is categorized as an Unconjugated Antibody.",065-044-297-446-09X
Composition,Unconjugated Antibody,,[],[],"Claim 1 explicitly claims an antibody without any mention of covalent attachment to a payload, thus classifying it as an Unconjugated Antibody under the Composition category.",158-903-716-578-914
Composition,,,[],[],"Claim 1 describes a composition comprising extracellular vesicles with an immunomodulating component, classifying it as a 'Composition'. There are no claims directed to methods of treatment or manufacturing processes.",004-505-401-842-735
Clinical,,,"['iatrogenic hypocalcemia', 'secondary hyperparathyroidism', 'cancer progression']",['cancer patients'],"Claim 1 is a method of treating or preventing iatrogenic hypocalcemia and/or secondary hyperparathyroidism, which classifies the patent as 'Clinical'. The focus is on treatment methods rather than compositions.",158-332-728-656-338
Clinical,,,"['cancer', 'infectious disease', 'inflammatory disease', 'autoimmune disease']",[],"Claim 1 is a method for activating, expanding, and/or maintaining γδ T cells in a subject, which qualifies it as a method-of-treatment claim. The diseases mentioned in the abstract are explicitly claimed in the context of treatment, thus classifying the patent as Clinical.",127-746-865-472-653
Composition,Unconjugated Antibody,,[],[],"Claim 1 describes an antibody that binds to CD137 protein, which classifies it as a composition. It does not involve any covalent attachment to a payload, thus it is categorized as an Unconjugated Antibody.",124-405-481-513-79X
Composition,Full ADC,,[],[],"Claim 37 explicitly claims an antibody-drug conjugate, which includes a defined construct of an antibody covalently linked to a payload. This qualifies as a 'Full ADC' under the composition subtype.",037-211-329-197-842
Clinical,,,"[""non-Hodgkin's lymphoma""]",[],"Claim 1 is a method of treating a subject with refractory and/or relapsed non-Hodgkin's lymphoma, which classifies the patent as 'Clinical'. No specific composition or manufacturing methods are claimed in the broadest independent claim.",051-286-607-838-448
Composition,Unconjugated Antibody,,[],[],"Claim 1 describes a pharmaceutical composition that includes a multi-kinase inhibitor and a PD-1/PD-L1 antibody, classifying it as a 'Composition'. The antibody is not covalently attached to a payload, thus it is classified as 'Unconjugated Antibody'.",036-423-949-905-895
Clinical,,,['cystic lymphangioma'],[],"Claim 1 is a method for preventing or treating cystic lymphangioma, which classifies the patent as 'Clinical'. There are no claims directed to a specific molecule or composition.",161-911-499-307-111
Clinical,,,['cancer'],[],"Claim 1 is a method for treating cancer, which classifies the patent as 'Clinical'. The primary inventive concept is a method of treatment rather than a composition or manufacturing process.",192-801-926-331-202
Clinical,,,['multiple myeloma'],"['subjects who have received one to three prior treatments', 'subjects who are refractory to immunomodulatory drugs']","Claim 1 is a method of treating multiple myeloma, thus classifying the patent as 'Clinical'. The focus is on the treatment method rather than a composition or manufacturing process.",012-834-079-213-873
Composition,Unconjugated Antibody,,[],[],"Claim 1 is directed to an isolated cancer-targeting peptide, classifying it as a composition. The bispecific anti-cancer antibody in Claim 10 does not involve covalent attachment to a payload, thus it is classified as an unconjugated antibody.",077-627-115-888-779
Composition,Unconjugated Antibody,,[],[],"Claim 1 explicitly claims an antibody that binds to TREM2, classifying it as a composition. There are no claims of covalent attachment to a payload, thus it is categorized as an Unconjugated Antibody.",000-522-463-353-821
Clinical,,,['pulmonary fibrosis'],['subjects having idiopathic pulmonary fibrosis (IPF)'],"Claim 1 is a method for reducing progression of pulmonary fibrosis, which classifies it as a method-of-treatment claim. The primary inventive concept is focused on clinical use rather than a composition or manufacturing process.",149-095-159-038-317
Composition,Full ADC,,[],[],"Claim 1 explicitly claims an antibody-drug conjugate comprising an antibody moiety, a linker moiety, and a cytotoxic drug moiety, which fits the definition of a Full ADC. Although there are method-of-treatment claims later, the broadest independent claim is directed to the composition itself.",132-092-907-758-264
Clinical,,,"['mantle cell lymphoma', 'B cell ALL']",[],"Claim 1 is a method for treating mantle cell lymphoma or B cell ALL, which classifies the patent as 'Clinical'. No composition or manufacturing claims are present in the broadest independent claim.",114-449-796-125-136
Composition,,,[],[],"Claim 1 describes a multi-antigen construct comprising nucleotide sequences encoding immunogenic polypeptides, classifying it as a 'Composition'. Although there are treatment claims later, the broadest independent claim is directed to the construct itself.",006-157-006-927-450
Composition,Unconjugated Antibody,,[],[],"Claim 1 describes an immune effector cell comprising a chimeric antigen receptor (CAR) with specific binding domains, which classifies it as a composition. The CAR is not covalently attached to a payload, thus it is categorized as an Unconjugated Antibody.",003-749-956-524-903
Clinical,,,"['squamous cell carcinoma', 'small-cell lung cancer', 'non-small-cell lung cancer', 'adenocarcinoma of the lung', 'peritoneal carcinoma', 'skin cancer', 'melanoma in the skin or eyeball', 'rectal cancer', 'cancer near the anus', 'esophagus cancer', 'small intestinal tumor', 'endocrine gland cancer', 'parathyroid cancer', 'adrenal cancer', 'soft-tissue sarcoma', 'urethral cancer', 'hepatoma', 'gastrointestinal cancer', 'pancreatic cancer', 'glioblastoma', 'cervical cancer', 'ovarian cancer', 'liver cancer', 'bladder cancer', 'hepatocellular adenoma', 'breast cancer', 'colon cancer', 'large intestine cancer', 'endometrial carcinoma', 'uterine carcinoma', 'salivary gland tumor', 'kidney cancer', 'prostate cancer', 'vulvar cancer', 'thyroid cancer', 'head and neck cancers', 'brain cancer']",[],"Claim 1 is a method of treatment for solid cancers, classifying the patent as 'Clinical'. The diseases listed in the claims are explicitly mentioned as part of the treatment method.",004-838-489-291-936
Clinical,,,"['chemoresistant cancer', 'breast cancer']",[],"Claim 1 is a method of treating chemoresistant cancer, which classifies the patent as 'Clinical'. The primary inventive concept is the treatment method rather than a composition or manufacturing process.",006-232-819-111-886
Clinical,,,['Myelodysplastic Syndrome'],[],"Claim 27 is a method of treating a patient for Myelodysplastic Syndrome (MDS), making it a method-of-treatment claim. The primary inventive concept is focused on clinical use rather than a composition or manufacturing process.",007-769-954-473-640
Clinical,,,"['carcinoma', 'lymphoma', 'blastoma', 'sarcoma', 'leukemia', 'squamous cell cancer', 'small-cell lung cancer', 'non-small cell lung cancer', 'adenocarcinoma of the lung', 'squamous carcinoma of the lung', 'cancer of the peritoneum', 'hepatocellular cancer', 'gastrointestinal cancer', 'gastric cancer', 'pancreatic cancer', 'neuroendocrine cancer', 'glioblastoma', 'cervical cancer', 'ovarian cancer', 'liver cancer', 'bladder cancer', 'brain cancer', 'hepatoma', 'breast cancer', 'colon cancer', 'colorectal cancer', 'endometrial or uterine carcinoma', 'esophageal cancer', 'salivary gland carcinoma', 'kidney cancer', 'prostate cancer', 'vulval cancer', 'thyroid cancer', 'head and neck cancer']",['human'],"Claim 1 is a method for treating cancer, classifying the patent as 'Clinical'. The diseases treated are explicitly listed in the claims.",015-572-051-106-840
Clinical,,,"['lung cancer', 'renal cancer', 'colorectal cancer', 'gastric cancer', 'melanoma', 'head/neck cancer', 'thyroid cancer', 'pancreatic cancer', 'liver cancer', 'prostate cancer', 'bladder cancer', 'brain cancer', 'sarcoma', 'breast cancer', 'ovarian cancer', 'cervical cancer', 'endometrial cancer', 'blood cancer', 'ALL', 'CLL', 'AML', 'CML', 'Multiple Myeloma', 'recurrent endometrial cancer', 'advanced endometrial cancer', 'recurrent ovarian cancer', 'advanced ovarian cancer', 'recurrent cervical cancer', 'advanced cervical cancer', 'liposarcoma', 'synovial sarcoma', 'angiosarcoma', 'leiomyosarcoma', 'undifferentiated pleomorphic sarcoma']",[],"Claim 1 is a method of treatment for cancer, thus classifying the patent as 'Clinical'. The specific diseases treated are explicitly listed in the claims.",031-657-922-684-615
Clinical,,,['ovarian cancer'],['stage III-IV ovarian cancer patients'],"Claim 1 is a method of treatment for stage III-IV ovarian cancer patients, focusing on a specific regimen involving chemotherapy and a monoclonal antibody. Therefore, it is classified as 'Clinical'.",025-628-672-399-888
Composition,Unconjugated Antibody,,[],[],"Claim 1 explicitly claims an anti-Mcl-1 antibody, which classifies it as a 'Composition'. The claim does not involve any covalent attachment to a payload, thus it is categorized as 'Unconjugated Antibody'.",008-760-689-543-26X
CMC,,Conjugation Method,[],[],"Claim 74 is a method of preparing a conjugate, focusing on the conjugation process of an antibody with a drug-linker. This indicates a primary focus on manufacturing and process methods rather than a composition or clinical treatment.",013-954-595-920-817
Clinical,,,"['cancer', 'squamous cell carcinoma', 'small-cell lung cancer', 'non-small-cell lung cancer', 'adenocarcinoma of the lung', 'peritoneal carcinoma', 'skin cancer', 'melanoma in the skin or eyeball', 'rectal cancer', 'cancer near the anus', 'esophagus cancer', 'small intestinal tumor', 'endocrine gland cancer', 'parathyroid cancer', 'adrenal cancer', 'soft-tissue sarcoma', 'urethral cancer', 'chronic or acute leukemia', 'lymphocytic lymphoma', 'hepatoma', 'gastrointestinal cancer', 'pancreatic cancer', 'glioblastoma', 'cervical cancer', 'ovarian cancer', 'liver cancer', 'bladder cancer', 'hepatocellular adenoma', 'breast cancer', 'colon cancer', 'large intestine cancer', 'endometrial carcinoma or uterine carcinoma', 'salivary gland tumor', 'kidney cancer', 'prostate cancer', 'vulvar cancer', 'thyroid cancer', 'head and neck cancers', 'brain cancer', 'osteosarcoma']",[],"The broadest independent claim is a method of combination therapy for preventing or treating cancer, classifying the patent as 'Clinical'.",014-888-135-185-456
Clinical,,,['pancreatic ductal adenocarcinoma'],['patients diagnosed with PDAC that is responsive to treatment with an anti-EGFR antibody'],"Claim 1 is a method of diagnosing and treating pancreatic ductal adenocarcinoma (PDAC), making it primarily a clinical claim. The focus is on treatment methods rather than the composition of any specific molecule.",017-957-168-303-274
CMC,,Conjugation Method,[],[],"Claim 1 is a method for preparing a glycoprotein-toxic payload molecule conjugate, which primarily focuses on the manufacturing process of the conjugate rather than the composition itself or a method of treatment.",019-730-714-982-54X
Clinical,,,"['epidermal growth factor receptor (EGFR)-expressing cancer', 'hepatocyte growth factor receptor (c-Met)-expressing cancer']",[],"Claim 1 is a method of treating specific cancers using a bispecific antibody, which classifies the patent as 'Clinical'. The focus is on treatment methods rather than the composition of the antibody itself.",026-150-967-058-630
Clinical,,,['multiple myeloma'],"['patients in need', 'relapsed/refractory multiple myeloma in humans']","Claim 1 is a method for treating multiple myeloma, which classifies the patent as 'Clinical'. The focus is on the treatment method rather than a composition or manufacturing process.",019-961-797-966-497
Composition,,,[],[],"Claim 1 describes a combination of specific salts of chidamide and celecoxib, classifying it as a 'Composition'. There are no claims directed to a method of treatment in Claim 1, thus it does not fall under 'Clinical'.",037-780-677-559-264
Clinical,,,['hormone receptor positive breast cancer'],[],"Claim 1 is a method of treating hormone receptor positive breast cancer, which classifies the patent as 'Clinical'. There are no claims directed to a molecule or composition.",040-636-579-001-648
Composition,Conjugated Payload,,"['hyperproliferative disorders', 'cancer', 'autoimmune disease', 'rheumatoid arthritis']",[],"Claim 1 describes a liposomal composition comprising polyglutamated pemetrexed, which qualifies as a chemical entity. The focus is on the composition rather than treatment methods, despite treatment claims appearing later.",034-968-867-053-892
Clinical,,,['head and neck cancer'],['human subject harboring head and neck cancer'],"Claim 1 is a method of treating a human subject with head and neck cancer, making it a clinical claim. The focus is on treatment rather than a composition or manufacturing process.",044-260-002-978-975
Composition,Conjugated Antibody,,[],[],"Claim 1 describes a fusion protein that includes a linker and a protein with binding affinity, indicating a defined construct. The presence of a linker suggests covalent attachment, classifying it as a 'Conjugated Antibody'.",028-344-596-685-499
CMC,,Conjugation Method,[],[],"Claim 1 describes a process for preparing a purified conjugate, focusing on the method of conjugation rather than a specific molecule or treatment method. Therefore, it is classified as CMC with a subtype of Conjugation Method.",031-160-006-293-340
Clinical,,,[],[],"Claim 1 is a method for identifying β-glucan binding to immune cells, which classifies it as a method-of-treatment claim. There are no claims directed to a molecule or composition, thus the primary inventive concept is clinical.",030-182-990-688-869
Composition,Unconjugated Antibody,,[],[],"Claim 1 describes a pharmaceutical composition comprising an antibody that binds to a mutant calreticulin protein and another drug, classifying it as a 'Composition'. The antibody is not covalently attached to any payload, thus it is categorized as an 'Unconjugated Antibody'.",028-680-274-160-406
Clinical,,,['bladder cancer'],[],"Claim 1 is a method of treating bladder cancer, which classifies the patent as 'Clinical'. There are no claims directed to a molecule or composition, thus no composition subtype is applicable.",037-123-551-763-569
Clinical,,,['hematological malignancy'],['human patient'],"Claim 1 is a method of treating a human patient suffering from a hematological malignancy, which classifies the patent as 'Clinical'.",035-529-744-735-756
Composition,,,[],[],"Claim 1 describes a pharmaceutical combination comprising a specific compound and nivolumab, which classifies it as a 'Composition'. Although there are method-of-treatment claims later, the broadest independent claim is directed to the combination itself.",032-816-693-391-107
Composition,Unconjugated Antibody,,[],[],"Claim 1 primarily claims a medicament comprising an antibody with immunological reactivity to CAPRIN-1, which classifies it as a 'Composition'. The antibody is not covalently attached to any payload, thus it is categorized as 'Unconjugated Antibody'.",039-063-454-122-533
Composition,Unconjugated Antibody,,[],[],"Claim 1 explicitly claims an antibody molecule that binds to human CD73, classifying it as a composition. There are no claims of covalent attachment to a payload, thus it is categorized as an Unconjugated Antibody.",041-182-820-784-451
Clinical,,,['brain metastasis'],[],"Claim 1 is a method of treating brain metastasis, which classifies the patent as 'Clinical'. There are no claims directed to a molecule or composition.",048-727-989-954-470
Composition,,,[],[],"Claim 1 describes a composition comprising specific molecular formulas and epitopes, classifying it as a 'Composition'. There are no method-of-treatment claims in Claim 1, and thus it does not fall under 'Clinical'.",053-098-709-884-394
Clinical,,,"['head and neck cancer', 'lung cancer', 'stomach cancer', 'colon cancer', 'pancreatic cancer', 'prostate cancer', 'breast cancer', 'kidney cancer', 'bladder cancer', 'ovary cancer', 'cervical cancer', 'melanoma', 'glioblastoma', 'myeloma', 'lymphoma', 'leukemia', 'renal cell carcinoma', 'malignant melanoma', 'non-small cell lung cancer (NSCLC)', 'ovarian cancer', ""Hodgkin's lymphoma"", 'squamous cell carcinoma']",[],"Claim 1 is a method for treating cancer, which classifies the patent as 'Clinical'. The claim specifies various types of cancer as indications for treatment.",048-923-325-097-523
Clinical,,,['breast cancer'],[],"Claim 1 is a method for treating a breast condition, specifically breast cancer, making it a method-of-treatment claim. The focus is on the treatment method rather than a composition or manufacturing process.",048-754-042-723-18X
Clinical,,,"['PD-L1 negative cancer', 'breast cancer', 'renal cell carcinoma', 'urothelial carcinoma']","['subjects with PD-L1 negative cancer', 'subjects with immune therapy-naïve advanced urothelial carcinoma']","Claim 1 is a method for treating cancer, which classifies the patent as 'Clinical'. The claims detail specific cancers and patient populations involved in the treatment methods.",055-055-870-028-87X
Clinical,,,['prostate cancer'],[],"Claim 1 is a method for treating prostate cancer, which classifies the patent as 'Clinical'. There are no claims directed to a composition or manufacturing process.",055-802-542-602-242
Clinical,,,['HER2+ cancer'],[],"Claim 1 is a method for treating a patient suffering from HER2+ cancer, which classifies the patent as 'Clinical'. No specific patient populations are defined in the independent claim.",063-750-478-701-040
Clinical,,,['HER2-positive locally advanced or metastatic breast cancer'],[],"Claim 1 is a method of treating HER2-positive locally advanced or metastatic breast cancer, which classifies the patent as 'Clinical'. There are no claims directed to a molecule or composition.",059-320-624-835-166
Clinical,,,"['Nodal-related disorder or disease', 'cancer']",['subjects suffering from cancer'],"Claim 93 is a method of detecting Nodal in a sample using an antibody, which classifies the patent primarily as Clinical due to its focus on diagnostic and treatment methods.",059-723-336-665-808
Clinical,,,"['B cell malignancy', 'chronic lymphocytic leukemia (CLL)', 'plasma cell dyscrasia', 'acute leukemia', 'B cell acute lymphocytic leukemia (B-ALL)', 'non-Hodgkin’s lymphoma (NHL)', 'small lymphocytic lymphoma (SLL)', 'follicular lymphoma (FL)', 'mantle cell lymphoma (MCL)', 'diffuse large B-cell lymphoma (DLBCL)', 'Burkitt lymphoma', 'lymphoplasmacytic lymphoma', 'MALT lymphoma', 'marginal zone lymphoma (MZL)', 'extranodal marginal zone lymphoma (EMZL)', 'nodal marginal zone B-cell lymphoma (NZML)', 'splenic marginal zone B-cell lymphoma (SMZL)']",[],"Claim 49 is a method of treating a subject with a B cell malignancy, making it a clinical claim. The patent primarily focuses on treatment methods rather than the composition of the antibody itself.",059-479-025-267-659
Clinical,,,"['chronic lymphocytic leukemia', 'myeloid leukemia', 'non-Hodgkin lymphoma', 'Hodgkin lymphoma', 'myeloproliferative neoplasm', 'breast cancer', 'colon cancer', 'lung cancer', 'pancreatic cancer', 'head and neck cancer', 'gastrointestinal malignancy', 'liver cancer', 'cholangiocarcinoma', 'skin cancer', 'melanoma', 'sarcoma']","['mammal', 'human']","The broadest independent claim (Claim 10) is a method for treating cancer, classifying the patent as 'Clinical'.",068-100-245-989-44X
Clinical,,,"['tumor', 'bacterial infection', 'viral infection']",['tumor-bearing mammal'],"Claim 53 is a method of treating a tumor-bearing mammal, which classifies the patent as 'Clinical'. The primary inventive concept is a method of treatment rather than a composition or manufacturing process.",069-838-137-194-401
Composition,Unconjugated Antibody,,[],[],"Claim 1 describes an anti-CD39 antibody, which is a molecule and thus classified as 'Composition'. It does not involve any covalent attachment to a payload, so it is categorized as 'Unconjugated Antibody'.",068-752-798-500-10X
Composition,Unconjugated Antibody,,[],[],"Claim 1 describes a humanized anti-CD40 antibody, which classifies as a composition. It does not involve any covalent attachment to a payload, thus it is categorized as an Unconjugated Antibody.",077-685-596-822-329
Composition,Unconjugated Antibody,,[],[],"Claim 11 describes an anti-DR4 antibody fragment recombinant protein expression cassette, which classifies as a composition. The claims do not indicate any covalent attachment to a non-antibody payload, thus it is classified as an unconjugated antibody.",081-156-379-829-330
Composition,Unconjugated Antibody,,[],[],"Claim 1 describes a chimeric antigen receptor (CAR) specific to BCMA, which is a defined construct but does not involve a covalent attachment to a non-antibody payload. Therefore, it is classified as an 'Unconjugated Antibody'.",083-986-615-850-98X
Composition,Unconjugated Antibody,,[],[],"Claim 40 primarily claims an isolated nucleic acid encoding an antibody, classifying it as a 'Composition'. The antibodies described are not covalently attached to any payload, thus they are classified as 'Unconjugated Antibody'.",072-708-491-618-935
Clinical,,,"['colorectal cancer', 'pancreatic cancer', 'mesothelioma', 'glioma', 'neuroblastoma', 'ovarian cancer', 'glioblastoma', 'myelodysplastic syndromes (MDS)', 'breast cancer', 'prostate cancer', 'skin cancer', 'esophageal cancer', 'gastric cancer', 'astrocytic cancer', 'endometrial cancer', 'cervical cancer', 'bladder cancer', 'renal cancer', 'lung cancer', 'liver cancer', 'thyroid cancer', 'head and neck cancer']",[],"Claim 1 is a method of treating cancer, which classifies the patent as 'Clinical'. The diseases listed in the claim are explicitly mentioned as part of the treatment method.",090-671-059-550-077
Clinical,,,"['small cell lung cancer', 'sarcoma', 'lymphoma', 'leukemia', 'carcinoma', 'blastoma', 'germ cell tumor']",['human subject'],"Claim 1 is a method for treating cancer, which classifies it as a Clinical patent type. The diseases explicitly mentioned in the treatment method are extracted as clinical indications.",089-163-378-676-500
Composition,Unconjugated Antibody,,[],[],"Claim 72 claims a human or humanized antibody that binds LGR5, classifying it as a composition. There is no mention of covalent attachment to a payload, thus it is categorized as an Unconjugated Antibody.",095-498-784-499-302
Clinical,,,['Myelodysplastic Syndrome'],['subjects who are refractory or resistant to a previous treatment'],"Claim 1 is a method for treating Myelodysplastic Syndrome, which classifies the patent as 'Clinical'. The focus is on the treatment method rather than a composition or manufacturing process.",103-396-278-369-573
Clinical,,,"['biliary tract cancer', 'brain cancer', 'neuroblastomas', 'breast cancer', 'cervical cancer', 'ovarian cancer', 'choriocarcinoma', 'colorectal cancer', 'endometrial cancer', 'liver cancer', 'lung cancer', 'oesophageal cancer', 'gastric cancer', 'haematological neoplasms', 'intraepithelial neoplasms', 'oral cancer', 'pancreatic cancer', 'prostate cancer', 'sarcomas', 'skin cancer', 'testicular cancer', 'stromal tumours', 'germ cell tumours', 'thyroid cancer', 'renal cancer']",[],"Claim 1 is a method of treating a proliferative disease, classifying the patent as 'Clinical'. The diseases are explicitly mentioned in the treatment method.",100-366-418-235-344
Clinical,,,"['Trop-2 positive cancer', 'triple-negative breast cancer (TNBC)', 'non-small cell lung cancer (NSCLC)']","['mammalian subject', 'treatment naïve', 'human']","Claim 1 is a method of treating Trop-2 positive cancer, which classifies the patent as 'Clinical'. The focus is on treatment methods rather than the composition of molecules.",100-474-012-923-110
Clinical,,,"['eye disease', 'disorder characterized by increased angiogenesis']",[],"Claim 1 is a method for treating an eye disease or disorder by administering an antibody, which classifies it as a method-of-treatment claim. The primary inventive concept is clinical in nature, focusing on treatment rather than the composition of the antibody itself.",116-902-713-466-820
Clinical,,,"['cancer', 'squamous cell carcinoma', 'small-cell lung cancer', 'non-small-cell lung cancer', 'adenocarcinoma of the lung', 'peritoneal carcinoma', 'skin cancer', 'melanoma in the skin or eyeball', 'rectal cancer', 'cancer near the anus', 'esophagus cancer', 'small intestinal tumor', 'endocrine gland cancer', 'parathyroid cancer', 'adrenal cancer', 'soft-tissue sarcoma', 'urethral cancer', 'chronic or acute leukemia', 'lymphocytic lymphoma', 'hepatoma', 'gastrointestinal cancer', 'pancreatic cancer', 'glioblastoma', 'cervical cancer', 'ovarian cancer', 'liver cancer', 'bladder cancer', 'hepatocellular adenoma', 'breast cancer', 'colon cancer', 'large intestine cancer', 'endometrial carcinoma or uterine carcinoma', 'salivary gland tumor', 'kidney cancer', 'prostate cancer', 'vulvar cancer', 'thyroid cancer', 'head and neck cancers', 'brain cancer', 'osteosarcoma']",[],"The broadest independent claim (Claim 1) is a method of combination therapy for treating cancer, classifying the patent as 'Clinical'.",119-863-865-275-126
Clinical,,,['diffuse large B-cell lymphoma'],[],"Claim 1 is a method of treating diffuse large B-cell lymphoma with an anti-CD38 antibody, making it a clinical claim. The focus is on the treatment method rather than a composition or manufacturing process.",114-491-103-779-786
Clinical,,,['multiple myeloma'],[],"Claim 1 is a method of treating multiple myeloma, which classifies the patent as 'Clinical'. There are no claims directed to a specific molecule or composition in the first independent claim.",114-091-519-265-276
Clinical,,,['cancer'],"['patients in need thereof', 'HER2 overexpressed', 'HER2 amplified', 'HER2 mutant', 'resistant to treatment with an anti-HER2 antibody', 'resistant to treatment with an anti-HER2 antibody-drug conjugate']","Claim 40 is a method of treating cancer, which classifies the patent as 'Clinical'. The focus is on treatment methods rather than specific compositions.",113-060-433-269-905
Composition,Unconjugated Antibody,,[],[],"Claim 1 is directed to an antibody recognizing a specific SMO epitope, classifying it as a composition. There is no mention of covalent attachment to a payload, thus it is categorized as an Unconjugated Antibody.",119-877-435-289-920
Clinical,,,"['melanoma', 'acute myeloid leukemia (AML)', 'squamous cell carcinoma', 'renal cell carcinoma', 'non-small cell lung cancer (NSCLC)', 'small cell lung cancer (SCLC)', 'gastric cancer', 'bladder cancer', 'kidney cancer', 'head and neck cancer', 'Ewing sarcoma', ""Hodgkin's lymphoma"", 'Merkel cell carcinoma', 'breast cancer', 'prostate cancer']",[],"The broadest independent claim (Claim 1) is a method of treating cancer, classifying the patent as 'Clinical'.",115-023-588-188-835
Clinical,,,"['breast cancer', 'gastric cancer', 'colon cancer', 'rectal cancer', 'bladder cancer', 'pancreatic cancer', 'ovarian cancer', 'prostate cancer', 'lung cancer', 'hematological cancer', 'skin cancer', 'malignancies']",[],"Claim 1 is a method of treating cancer, which classifies the patent as 'Clinical'. The clinical indications are explicitly mentioned in the claims.",121-687-873-324-305
Clinical,,,['cancer'],[],"Claim 90 is a method of treating cancer, which makes the primary inventive concept a method-of-treatment claim. Therefore, the patent is classified as 'Clinical'.",109-250-258-654-613
Composition,Full ADC,,[],[],"Claim 1 explicitly claims an antibody-drug conjugate, which includes both the antibody and the conjugation moiety, indicating a defined construct. This aligns with the 'Full ADC' subtype as it encompasses the complete structure of an ADC.",117-594-953-992-330
Clinical,,,"['adrenal cancer', 'astrocytoma', 'basal cell carcinoma', 'biliary tract cancer', 'bladder cancer', 'bone cancer', 'brain and central nervous system cancer', 'breast cancer', 'cancer of the peritoneum', 'cervical cancer', 'choriocarcinoma', 'chondrosarcoma', 'Ewing sarcoma', 'colon and rectum cancer', 'connective tissue cancer', 'cancer of the digestive system', 'endometrial cancer', 'esophageal cancer', 'eye cancer', 'cancer of the head and neck', 'gastric cancer', 'gastrointestinal cancer', 'glioblastoma', 'hepatic carcinoma', 'hepatoma', 'intra-epithelial neoplasm', 'kidney or renal cancer', 'larynx cancer', 'leukemia', 'liver cancer', 'lung cancer', 'small-cell lung cancer', 'non-small cell lung cancer', 'adenocarcinoma of the lung', 'squamous carcinoma of the lung', 'melanoma', 'myeloma', 'neuroblastoma', 'oral cavity cancer', 'ovarian cancer', 'pancreatic cancer', 'pituitary gland cancer', 'prostate cancer', 'retinoblastoma', 'rhabdomyosarcoma', 'rectal cancer', 'cancer of the respiratory system', 'mesothelioma', 'salivary gland carcinoma', 'sarcoma', 'skin cancer', 'squamous cell cancer', 'stomach cancer', 'testicular cancer', 'thyroid cancer', 'uterine or endometrial cancer', 'cancer of the urinary system', 'vulval cancer', 'lymphoma', ""Hodgkin's lymphoma"", ""non-Hodgkin's lymphoma"", 'B-cell lymphoma', ""low grade/follicular non-Hodgkin's lymphoma"", ""small lymphocytic non-Hodgkin's lymphoma"", ""intermediate grade/follicular non-Hodgkin's lymphoma"", ""intermediate grade diffuse non-Hodgkin's lymphoma"", ""high grade immunoblastic non-Hodgkin's lymphoma"", ""high grade lymphoblastic non-Hodgkin's lymphoma"", ""high grade small non-cleaved cell non-Hodgkin's lymphoma"", ""bulky disease non-Hodgkin's lymphoma"", 'mantle cell lymphoma', 'AIDS-related lymphoma', ""Waldenstrom's macroglobulinemia"", 'chronic lymphocytic leukemia', 'acute lymphoblastic leukemia', 'Hairy cell leukemia', 'chronic myeloblastic leukemia', 'post-transplant lymphoproliferative disorder', 'abnormal vascular proliferation associated with phakomatoses', 'edema', ""Meigs' syndrome""]",[],"Claim 1 is a method of treating cancer, which classifies the patent as 'Clinical'. The broadest independent claim focuses on the treatment method rather than a composition or manufacturing process.",123-574-974-217-092
Composition,Unconjugated Antibody,,[],[],"Claim 1 describes a fusion protein comprising an antibody directed against CXCR4, which classifies as a composition. The antibody is not covalently attached to a non-antibody payload, thus it is classified as an Unconjugated Antibody.",125-318-275-601-212
Clinical,,,"['CNS infections', 'cancer', 'tumor of the nervous system', 'glioblastoma']","['mammal', 'human']","Claim 1 is a method of administering a therapeutic agent, which classifies the patent as 'Clinical'. The claims detail specific diseases and patient populations involved in the treatment method.",128-653-448-809-44X
Clinical,,,['cancer'],[],"Claim 1 is a method of treating cancer, which classifies the patent as 'Clinical'. The focus is on the treatment method rather than a specific composition or manufacturing process.",123-401-918-110-690
Clinical,,,['diffuse large B-cell lymphoma'],['human patient in need thereof'],"Claim 1 is a method for treating diffuse large B-cell lymphoma, which classifies the patent as 'Clinical'. It does not claim a specific molecule or composition as the primary inventive concept.",120-314-639-382-066
Clinical,,,['cancer'],[],"Claim 1 is a method of treating cancer, which classifies the patent as 'Clinical'. The focus is on the treatment method rather than any specific composition or manufacturing process.",130-157-628-210-986
Clinical,,,['cancer'],['subject having a functional immune system'],"Claim 1 is a method of treatment involving the administration of an anti-clusterin antibody to allow immune cell infiltration in tumors, classifying the patent as Clinical.",131-169-963-457-075
Composition,Unconjugated Antibody,,[],[],"Claim 1 describes an antibody-containing aqueous formulation, which classifies it as a 'Composition'. The claim does not involve any covalent attachment to a non-antibody payload, thus it is categorized as 'Unconjugated Antibody'.",142-576-511-663-721
Clinical,,,"['metastatic spread of primary cancer', 'progression of metastatic disease']",['subjects who have received treatment for a primary cancer'],"Claim 1 is a method of treatment, specifically aimed at reducing the risk of metastatic spread in subjects who have undergone treatment for primary cancer, thus classifying the patent as Clinical.",138-140-558-594-426
Composition,Unconjugated Antibody,,[],[],"Claim 1 describes a chimeric antigen receptor (CAR) which is a defined construct, classifying it as a 'Composition'. It does not involve any covalent attachment to a non-antibody payload, thus it is categorized as 'Unconjugated Antibody'.",143-323-537-537-636
Clinical,,,"['biliary tract cancer', 'bladder cancer', 'brain cancer', 'glioblastoma', 'medulloblastoma', 'breast cancer', 'cervical cancer', 'choriocarcinoma', 'colon cancer', 'endometrial cancer', 'esophageal cancer', 'gastric cancer', 'hematological neoplasm', 'acute lymphocytic and myelogenous leukemia', 'multiple myeloma', 'AIDS-associated leukemias', 'adult T-cell leukemia lymphoma', 'intraepithelial neoplasm', ""Bowen's disease"", ""Paget's disease"", 'liver cancer', 'lung cancer', 'lymphomas', ""Hodgkin's disease"", 'lymphocytic lymphoma', 'neuroblastomas', 'oral cancer', 'squamous cell carcinoma', 'ovarian cancer', 'pancreatic cancer', 'prostate cancer', 'rectal cancer', 'sarcomas', 'leiomyosarcoma', 'rhabdomyosarcoma', 'liposarcoma', 'fibrosarcoma', 'osteosarcoma', 'skin cancer', 'testicular cancer', 'stromal tumors and germ cell tumors', 'thyroid cancer', 'renal cancer']",['subject in need thereof'],"Claim 1 is a method of treating cancer, which classifies the patent as 'Clinical'. The clinical indications are explicitly listed in the claims, and the patient population is defined as 'subject in need thereof'.",139-945-183-375-474
Clinical,,,['breast cancer'],[],"Claim 1 is a method of treating breast cancer, which classifies the patent as 'Clinical'. There are no claims directed to a specific molecule or composition, thus no composition subtype is applicable.",148-643-189-456-622
Composition,Unconjugated Antibody,,[],[],"Claim 1 explicitly claims a monoclonal or polyclonal antibody or an antigen binding fragment, which classifies it as a 'Composition'. There is no mention of covalent attachment to a non-antibody payload, thus it is classified as 'Unconjugated Antibody'.",143-561-537-942-432
Composition,Unconjugated Antibody,,[],[],"Claim 1 describes a bispecific antibody that binds to EGFR and B7-H3 without any mention of a covalently attached payload, classifying it as an 'Unconjugated Antibody'. The primary inventive concept is the antibody itself, not a method of treatment or manufacturing process.",151-406-659-011-783
Composition,Full ADC,,[],[],"Claim 1 explicitly claims an antibody-drug conjugate, which qualifies as a composition. The structure of the claim indicates a defined construct that includes an antibody and a drug, fitting the criteria for a Full ADC.",146-847-880-737-009
Clinical,,,['cancer'],['subject suffering from glioma'],"Claim 1 is a method for treating cancer, specifically involving the administration of a checkpoint kinase inhibitor and immunotherapy, classifying it as a Clinical patent.",173-176-077-565-329
Composition,Unconjugated Antibody,,[],[],"Claim 1 describes an antibody or antigen-binding fragment, which classifies the patent as a 'Composition'. The claims focus on the antibody itself without any mention of covalent attachment to a payload, thus it is classified as 'Unconjugated Antibody'.",155-486-273-651-938
Composition,Unconjugated Antibody,,[],[],"Claim 4 describes a CD37-specific binding molecule, which is an antibody. There are no claims of covalent attachment to a payload, thus it is classified as an Unconjugated Antibody.",154-806-588-901-720
Composition,Conjugated Antibody,,[],[],"Claim 1 describes a random copolymer that includes functional agents, which can be antibodies or ADCs, indicating a composition of a defined construct. The presence of antibodies and ADCs in later claims supports the classification as a 'Conjugated Antibody' due to the potential for covalent attachment to non-antibody payloads.",154-416-983-396-978
Composition,,,[],[],"Claim 1 describes a lipid nanoparticle comprising mRNAs encoding specific polypeptides, classifying it as a composition. There are no method-of-treatment claims in the independent claim, and thus it does not fall under clinical or CMC categories.",158-206-927-719-330
Clinical,,,['pancreatic cancer'],[],"Claim 1 is a method for treating pancreatic cancer, which classifies the patent as 'Clinical'. The focus is on the treatment method rather than the composition of the immunoconjugate.",149-549-539-039-34X
Composition,Unconjugated Antibody,,[],[],"Claim 3 describes an isolated antibody, which classifies the patent as a 'Composition'. The antibody is not covalently attached to any payload, thus it is categorized as 'Unconjugated Antibody'.",155-133-359-580-575
Clinical,,,"['bladder cancer', 'prostate cancer', 'liver cancer', 'renal cancer', 'lung cancer', 'breast cancer', 'colorectal cancer', 'colon cancer', 'rectal cancer', 'pancreatic cancer', 'brain cancer', 'hepatocellular cancer', 'lymphoma', 'leukaemia', 'gastric cancer', 'cervical cancer', 'ovarian cancer', 'thyroid cancer', 'melanoma', 'head and neck cancer', 'skin cancer', 'soft tissue sarcoma', 'osteosarcoma']","['human patient', 'patients classified as having a performance status of 1-, 2, 3 or 4 according to the ECOG Scale', 'patients classified as not being of an age and/or sufficiently fit to tolerate two or more chemotherapy regimens', 'human patients of at least 50 years old', 'human patients 70 or more years old']","The broadest independent claim (Claim 56) is a method of treating cancer, classifying the patent as 'Clinical'.",165-448-169-437-195
Composition,Conjugated Payload,,[],[],"Claim 1 describes a pharmaceutical combination comprising an anti-TIM-3 antibody and a demethylating drug, indicating a composition of a defined therapeutic construct. The presence of a drug (demethylating agent) alongside the antibody suggests a conjugated payload scenario.",177-929-887-170-547
Composition,,,[],[],"Claim 1 describes a hematopoietic stem cell or progenitor cell comprising a vector for use in treating cancer, which classifies it as a composition. It does not primarily focus on a method of treatment, thus not qualifying as Clinical.",178-136-296-101-482
Composition,,,[],[],"Claim 1 describes an immunogenic composition comprising various agents, classifying it as a 'Composition'. There are no claims directed to a method of treatment in the first independent claim.",179-041-782-028-203
Clinical,,,['solid tumor'],[],"Claim 1 is a method of treating a solid tumor, which classifies the patent as 'Clinical'. There are no claims directed to a specific molecule or composition, thus no composition subtype is applicable.",165-384-756-621-958
Composition,Unconjugated Antibody,,[],[],"Claim 45 claims an isolated polypeptide, which classifies the patent as a 'Composition'. The broadest independent claim does not involve any covalent attachment to a payload, thus it is classified as 'Unconjugated Antibody'.",191-936-659-431-752
Clinical,,,['brain tumor'],['patients having the brain tumor'],"Claim 1 is a method for treating a brain tumor, which classifies the patent as 'Clinical'. The focus is on the method of treatment rather than a composition or manufacturing process.",185-935-502-987-574
Clinical,,,['serous ovarian cancer'],[],"Claim 1 is a method for treating serous ovarian cancer, which classifies the patent as 'Clinical'. The focus is on the treatment method rather than the composition of the antibody.",185-218-744-177-185
Composition,Unconjugated Antibody,,[],[],"Claim 65 describes a monoclonal antibody, which classifies the patent as a 'Composition'. The antibody is not covalently attached to any payload, thus it is categorized as 'Unconjugated Antibody'.",181-077-656-157-799
Clinical,,,"['cancer', 'unresectable or metastatic melanoma', 'advanced solid tumors']",[],"Claim 1 is a method of treating cancer, which classifies the patent as 'Clinical'. The focus is on the treatment method rather than a composition or manufacturing process.",198-049-197-725-273
Clinical,,,"['ovarian cancer', 'fallopian tube cancer', 'peritoneal cancer', 'breast cancer', 'sarcoma']",[],"Claim 1 is a method of treating various cancers, making it primarily a clinical claim. It does not claim a specific molecule or composition, thus it is classified as Clinical.",199-110-989-219-033
Composition,Unconjugated Antibody,,['cancer/tumor'],[],"Claim 1 describes a recombinant fusion protein that includes an antibody component, classifying it as a 'Composition'. The antibody is not covalently attached to a non-antibody payload, thus it is classified as an 'Unconjugated Antibody'. Although treatment methods are mentioned, they do not override the primary classification based on the broadest independent claim.",195-698-517-292-560
Clinical,,,['tumor'],[],"Claim 1 is a method of selecting patients for therapy based on tumor characteristics, which classifies it as a method-of-treatment claim. The primary inventive concept revolves around clinical application rather than a composition or manufacturing process.",194-890-765-884-26X
Composition,Conjugated Antibody,,[],[],"Claim 1 describes an antibody that binds to human P-cadherin, classifying it as a 'Composition'. The presence of later claims detailing an antibody drug conjugate indicates that the antibody is covalently conjugated to a payload, thus classifying it as 'Conjugated Antibody'.",043-451-324-630-774
CMC,,Conjugation Method,[],[],"Claim 1 describes a method for preparing an antibody-drug conjugate (ADC), focusing on the process of conjugation rather than the composition of the ADC itself. Therefore, it is classified as CMC, specifically as a Conjugation Method.",162-425-435-215-763
Composition,Unconjugated Antibody,,[],[],"Claim 1 describes a non-natural cell comprising polypeptides with binding domains, including antibodies, but does not claim any covalent attachment to a payload, thus classifying it as an Unconjugated Antibody. There are no method-of-treatment claims in the broadest independent claim.",063-661-008-848-975
Composition,Full ADC,,[],[],"Claim 1 is directed to a compound of Formula (I), which is a chemical entity. The patent includes claims for an antibody-drug conjugate (ADC) in later claims, specifically in Claim 47, which defines the ADC structure, thus classifying it as a Full ADC.",060-771-529-638-47X
Clinical,,,"['melanoma', 'mammary cancer', 'ovarian cancer', 'pancreatic cancer', 'lung cancer', 'liver cancer', 'esophageal cancer', 'colorectal cancer', 'colonic cancer', 'lymphoma', 'brain tumor', 'sarcoma', 'cervical cancer', 'prostate cancer', 'bladder cancer', 'osteosarcoma', 'head and neck cancers', 'renal cell carcinoma', 'stomach cancer']",[],"Claim 16 is a method-of-treatment claim, specifically using a PPARδ inhibitor in combination with an immunotherapeutic drug for treating tumors, which classifies the patent as 'Clinical'.",177-161-138-519-136
Clinical,,,"['cancer', 'autoimmune disease']",['human subject'],"Claim 1 is a method of promoting acceptance of immune cells in a human subject with cancer or an autoimmune disease, making it a method-of-treatment claim.",133-087-710-266-928
Clinical,,,['adrenocortical carcinoma'],[],"Claim 1 is a method of treating adrenocortical carcinoma, which classifies the patent as 'Clinical'. The focus is on the treatment method rather than a composition or manufacturing process.",089-339-992-068-907
Clinical,,,['cancer'],[],"Claim 1 is a method for treating cancer, which classifies the patent as 'Clinical'. The primary inventive concept is a method of treatment rather than a composition or manufacturing process.",188-919-316-503-950
Composition,,,[],[],"Claim 1 describes a compound with a specific chemical formula, classifying it as a 'Composition'. There are no method-of-treatment claims in Claim 1, and thus it does not fall under 'Clinical'.",185-779-495-614-208
Composition,Conjugated Antibody,,[],[],"Claim 1 describes an immunoconjugate comprising an antibody covalently attached to a thienoazepine moiety via a linker, classifying it as a 'Conjugated Antibody'. The primary inventive concept is the composition of the immunoconjugate rather than a method of treatment.",137-938-398-338-816
Clinical,,,['cancer'],['human'],"Claim 1 is a method for treating cancer, which classifies the patent as 'Clinical'. The focus is on the treatment method rather than a composition or manufacturing process.",162-714-326-999-125
Clinical,,,"['cancer', 'adenocarcinoma', 'breast cancer', 'pancreatic adenocarcinoma']",[],"Claim 1 is a method of treating cancer, which classifies the patent as 'Clinical'. The specific diseases mentioned in the claims are extracted as clinical indications.",012-495-355-593-793
Clinical,,,['uterine serous carcinoma'],[],"Claim 1 is a method of treating uterine serous carcinoma, which classifies the patent as 'Clinical'. There are no claims directed to a molecule or composition.",126-503-046-363-733
Composition,Full ADC,,[],[],"Claim 1 describes an enveloped delivery vehicle (EDV) comprising a nucleic acid-binding effector polypeptide and fusion polypeptides, which qualifies as a composition. The presence of methods of treatment in later claims does not override the classification as a composition since the broadest independent claim is directed to the construct itself.",020-481-822-828-428
Clinical,,,['cancer'],[],"Claim 1 is a method of treating cancer, which classifies the patent as 'Clinical'. There are no claims directed to a specific molecule or composition.",064-641-735-905-76X
Clinical,,,"['breast cancer', 'brain tumor', 'colorectal cancer', 'head and neck squamous cell carcinoma', 'hepatocellular carcinoma (HCC)', 'leukemia', 'acute myeloid leukemia (AML)', 'lymphoma', 'lung cancer', 'melanoma', 'mesothelioma', 'malignant pleural mesothelioma (MPM)', 'neuroblastoma', 'ovarian cancer', 'pancreatic cancer', 'prostate cancer', 'renal cell carcinoma', 'sarcoma']",['human'],"Claim 1 is a method of treating cancer, which classifies the patent as 'Clinical'. The clinical indications are explicitly listed in the dependent claims, and the patient population is specified as 'human'.",094-464-588-889-897
Composition,,,[],[],"Claim 1 describes a liposomal composition comprising an alpha polyglutamated tetrahydrofolate, which classifies it as a 'Composition'. There are no method-of-treatment claims in Claim 1, and thus it does not fall under 'Clinical'.",189-168-941-034-493
Clinical,,,"['cancer', 'colon cancer', 'breast cancer', 'lymphoma', 'non-small cell lung cancer']",[],"Claim 20 is a method of treatment for cancer, making the primary inventive concept clinical in nature. The claims specify various types of cancer treated, thus indicating the clinical indications.",081-074-067-508-483
Clinical,,,['cancer'],['cancer patient'],"Claim 1 is a method for inhibiting tumor progression in a cancer patient, which classifies the patent as 'Clinical'. The primary inventive concept is a method of treatment rather than a composition.",167-501-088-809-252
Clinical,,,"['relapsed or refractory B cell lymphoma', 'acute lymphoblastic leukemia']",[],"Claim 1 is a method for treating relapsed or refractory B cell lymphoma or acute lymphoblastic leukemia, which classifies the patent as 'Clinical'. No composition claims are present in the broadest independent claim.",042-395-096-293-293
Composition,Full ADC,,[],[],"Claim 1 explicitly claims an antibody-drug conjugate (ADC) comprising an antibody, a linker, and a payload (eribulin), which qualifies it as a 'Full ADC'. The primary inventive concept is the composition of the ADC rather than any method of treatment.",145-774-351-119-204
Clinical,,,['cholangio carcinoma'],[],"Claim 1 is a method of treating cholangiocarcinoma using an anti-Claudin-1 antibody, which classifies the patent as 'Clinical'. No composition claims are present in the independent claim.",007-086-232-689-439
Clinical,,,['cancer'],[],"Claim 1 is a method of treating cancer, which classifies the patent as 'Clinical'. There are no claims directed to a specific molecule or composition in the independent claim.",006-896-417-879-851
Composition,Full ADC,,[],[],"Claim 1 describes a conjugate comprising an anti-HER2 antibody and a maytansine payload, indicating a full ADC structure. The primary inventive concept is the composition of the conjugate rather than a method of treatment.",013-436-312-510-659
Clinical,,,"['colon cancer', 'lung cancer', 'triple negative breast cancer', 'melanoma', 'head and neck cancer', 'prostate cancer', 'bladder cancer', 'renal cancer']",[],"Claim 1 is a method of treating cancer, which classifies the patent as 'Clinical'. The diseases explicitly mentioned in the treatment method are extracted as clinical indications.",006-742-770-366-81X
Clinical,,,['tumor'],[],"Claim 1 is a method for inhibiting expression of a gene related to tumor immunity, making it a method-of-treatment claim. The primary inventive concept is focused on clinical applications rather than a composition or manufacturing process.",013-885-412-471-697
Composition,Unconjugated Antibody,,[],[],"Claim 1 explicitly claims a humanized 4-1BB monoclonal antibody, which classifies it as a 'Composition'. There are no claims of covalent attachment to a payload, thus it is categorized as 'Unconjugated Antibody'.",004-593-772-475-682
Composition,Conjugated Antibody,,['cancer'],[],"Claim 1 describes a benzodiazepine dimer, which is a defined construct, indicating a composition. The patent also discusses its use in ADCs, suggesting a conjugated structure. Although treatment methods are mentioned later, the broadest independent claim focuses on the composition itself.",023-979-145-438-63X
Clinical,,,"[""Crohn's disease""]",['animal'],"Claim 1 is a method for treating Crohn's disease, which classifies the patent as 'Clinical'. The focus is on the treatment method rather than the composition of the antibody.",025-675-630-568-729
Composition,Unconjugated Antibody,,[],[],"Claim 1 describes a bifunctional antibody-based targeting protein without any covalent attachment to a non-antibody payload, classifying it as an Unconjugated Antibody. The primary inventive concept is the composition itself rather than a method of treatment.",027-458-044-837-908
Composition,,,[],[],"Claim 1 explicitly claims a non-peripheral quaternary ammonium-modified zinc phthalocyanine, which is a chemical entity. Therefore, it is classified as 'Composition'. No specific treatment methods are claimed in Claim 1.",029-853-159-129-12X
Clinical,,,"['bladder cancer', 'breast cancer', 'uterine/cervical cancer', 'ovarian cancer', 'prostate cancer', 'testicular cancer', 'esophageal cancer', 'gastrointestinal cancer', 'pancreatic cancer', 'colorectal cancer', 'colon cancer', 'kidney cancer', 'head and neck cancer', 'lung cancer', 'stomach cancer', 'germ cell cancer', 'bone cancer', 'liver cancer', 'thyroid cancer', 'skin cancer', 'neoplasm of the central nervous system', 'lymphoma', 'leukemia', 'myeloma', 'sarcoma', 'virus-related cancer']",['human'],"Claim 82 is a method of treatment, specifically blocking MICA/B antigen shedding on a cell using a monoclonal antibody, which classifies the patent as 'Clinical'.",016-040-619-753-987
Composition,Unconjugated Antibody,,[],[],"Claim 39 claims a pharmaceutical composition comprising an anti-netrin-1 antibody, which classifies it as a 'Composition'. The antibody is not covalently attached to any payload, thus it is classified as 'Unconjugated Antibody'.",019-530-268-412-216
Clinical,,,['cancer'],[],"Claim 1 is a therapeutic method for cancer treatment, classifying the patent as 'Clinical'. The focus is on the method of treatment rather than a specific composition or manufacturing process.",017-315-408-033-038
Composition,,,[],[],"Claim 1 describes an extracellular vesicle isolated from human-derived cells, which classifies it as a composition. There are treatment claims later, but the broadest independent claim is directed to the composition itself.",023-706-194-311-789
Clinical,,,"['proliferative disorder', 'cancer', 'tumor']",[],"Claim 2 is a method of treatment for a proliferative disorder, making the primary inventive concept clinical in nature. The claims focus on administering a SIK3 inhibitor in conjunction with TRAIL or its agonists to treat specific diseases.",011-491-059-083-33X
Composition,Unconjugated Antibody,,[],[],"Claim 19 describes a DNA molecule encoding the variable chains of an antibody, which is classified as a composition. The antibody is not covalently attached to any payload, thus it is categorized as an Unconjugated Antibody.",015-624-905-585-972
Composition,Full ADC,,[],[],"Claim 1 explicitly claims an anti-B7-H3 antibody-drug conjugate, which includes both the antibody and the drug-linker, classifying it as a Full ADC. Although treatment methods are mentioned later, the broadest independent claim focuses on the composition of the ADC.",014-710-141-979-908
Composition,,,[],[],"Claim 1 is directed to a crystalline form of a specific chemical compound, classifying it as a 'Composition'. There are treatment claims later, but they do not override the primary classification based on the broadest independent claim.",012-975-326-120-359
Clinical,,,"['glioblastoma', 'sarcoma', 'melanoma']",['huLRRC15 stromal(+)/cancer(+) tumor'],"Claim 1 is a method of treating a specific type of tumor, which classifies the patent as 'Clinical'. The diseases and patient population are explicitly mentioned in the treatment method.",037-914-006-545-700
Clinical,,,"['myelodysplastic syndrome', 'multiple myeloma', 'acute myeloid leukemia', 'myeloproliferative neoplasm']","['subjects with a complex karyotype', 'subjects with a p53 mutation']","Claim 1 is a method of treating hematologic malignancies, which classifies the patent as 'Clinical'. The diseases and patient populations are explicitly mentioned in the treatment method.",032-452-387-457-927
Clinical,,,['follicular lymphoma'],['human subjects'],"Claim 50 is a method of treating follicular lymphoma, making it a clinical claim. The focus is on the treatment method rather than the composition of the bispecific antibody.",030-283-671-428-771
Clinical,,,['lung cancer'],[],"Claim 1 is a method of treatment for lung cancer, which classifies the patent as 'Clinical'. There are no claims directed to a molecule or composition.",025-340-980-862-456
Clinical,,,"['CD19-positive malignancy', 'CD19-positive B cell cancer', 'relapsed/refractory B cell malignancy']",['human subject'],"Claim 1 is a method of treating a CD19-positive malignancy, which classifies the patent as 'Clinical'. The focus is on treatment methods rather than a specific composition or manufacturing process.",032-623-037-100-833
Composition,Unconjugated Antibody,,[],[],"Claim 1 describes a bispecific antibody without any covalent attachment to a non-antibody payload, classifying it as an 'Unconjugated Antibody'. The primary inventive concept is the composition of the antibody itself, not a method of treatment.",051-290-932-419-96X
Clinical,,,"['cancer', 'solid cancer', 'tumor antigen']",[],"Claim 1 is a method for treating a subject, specifically involving immune effector cells and antigens, which classifies it as a Clinical patent. The focus is on treatment methods rather than a composition of matter.",053-282-122-720-462
Clinical,,,['tumor'],[],"Claim 1 is a method of treating a tumor, which classifies the patent as 'Clinical'. There are no claims directed to a specific molecule or composition.",045-278-268-580-659
Clinical,,,['relapsed or refractory follicular lymphoma'],[],"Claim 1 is a method of treating a subject with relapsed or refractory follicular lymphoma, which classifies the patent as 'Clinical'. There are no claims directed to a composition or manufacturing process.",040-268-160-770-142
Clinical,,,['B cell proliferative disorder'],[],"Claim 1 is a method of treating a subject with a B cell proliferative disorder, which classifies the patent as 'Clinical'. There are no claims directed to a specific molecule or composition.",039-791-488-869-542
Clinical,,,"['tumor', 'cancer']",['patient having a solid tumor'],"Claim 1 is a method of treating cancer, which classifies the patent as 'Clinical'. The indications and population are explicitly mentioned in the claim.",035-476-496-467-708
Composition,,,[],[],"Claim 1 describes an adjuvant composition, which is a chemical entity, thus classifying it as 'Composition'. There are no claims directed to a method of treatment or manufacturing processes.",038-154-467-559-395
Composition,Unconjugated Antibody,,[],[],"Claim 1 describes a detection agent that includes an antibody or a fragment thereof, which classifies it as a composition. There is no mention of covalent attachment to a payload, thus it is categorized as an Unconjugated Antibody.",046-489-392-597-753
Clinical,,,"['cancer', 'colorectal cancer']",['human subject'],"Claim 1 is a method of treatment involving the administration of specific doses of 5-fluorouracil and 6R-MTHF to human subjects, classifying the patent as Clinical.",047-386-456-051-94X
Clinical,,,['Hodgkin lymphoma'],[],"Claim 1 is a method of treating a subject afflicted with Hodgkin lymphoma, which classifies the patent as 'Clinical'. There are no claims directed to a molecule or composition, thus no composition subtype is applicable.",046-648-173-327-150
Clinical,,,"['breast cancer', 'colon cancer', 'rectal cancer', 'endometrial cancer', 'gastric carcinoma', 'glioblastoma', 'hepatocellular carcinoma', 'small cell lung cancer', 'non-small cell lung cancer', 'melanoma', 'ovarian cancer', 'cervical cancer', 'pancreatic cancer', 'prostate carcinoma', 'acute myelogenous leukemia', 'chronic myelogenous leukemia', ""non-Hodgkin's lymphoma"", 'thyroid carcinoma']",[],"Claim 1 is a method for treating cancer, which classifies the patent as 'Clinical'. The diseases listed are explicitly mentioned in the treatment method.",052-549-683-600-878
Clinical,,,"['cancer', 'viral infection']","['human subject', 'human γδ T cells']","Claim 1 is a method of promoting T cell activity, which qualifies it as a method-of-treatment claim. The primary inventive concept is clinical in nature, focusing on treatment methods rather than the composition of the antibodies.",089-434-108-715-508
Composition,Dual Combination,,[],[],"Claim 1 describes a combination of a compound and an immune checkpoint inhibitor, which classifies it as a 'Composition'. The combination of two components (IAP inhibitor and immune checkpoint inhibitor) suggests a 'Dual Combination' subtype.",062-858-822-003-304
Composition,Unconjugated Antibody,,[],[],"Claim 1 explicitly claims a monoclonal antibody or antigen-binding fragment, classifying it as a 'Composition'. There is no covalent attachment to a non-antibody payload, thus it is categorized as 'Unconjugated Antibody'.",048-193-685-886-161
Clinical,,,"['cancer', 'ovarian cancer', 'pancreatic cancer', 'cholangiocarcinoma', 'lung cancer', 'breast cancer', 'melanoma', 'hepatocellular carcinoma', 'glioblastoma', 'renal cell carcinoma', 'head and neck squamous cell carcinoma', 'colorectal cancer', 'colon cancer', 'kidney cancer', 'renal adenocarcinoma']",[],"Claim 1 is a method of treating cancer, which classifies the patent as 'Clinical'. The diseases mentioned in the claims are explicitly related to treatment methods.",066-284-288-133-728
Composition,Conjugated Antibody,,[],[],"Claim 1 describes a drug conjugate comprising a targeting moiety linked to a therapeutic agent, which qualifies as a composition. The subsequent claims specify that the targeting moiety can be an antibody, indicating a covalent attachment to a non-antibody payload, thus classifying it as a Conjugated Antibody.",071-105-024-684-221
Composition,Conjugated Antibody,,[],[],"Claim 1 describes a polynucleotide conjugate molecule comprising a binding moiety, which can include an antibody, covalently linked to a polynucleotide. This indicates a composition of a defined construct rather than a method of treatment, thus classifying it as 'Composition' and specifically as 'Conjugated Antibody' due to the covalent attachment.",069-132-162-751-72X
Clinical,,,['ovarian cancer'],[],"Claim 1 is a method of treating ovarian cancer, which classifies the patent as 'Clinical'. The primary inventive concept is the treatment method rather than a composition or manufacturing process.",059-123-889-468-231
Clinical,,,['cancer'],[],"Claim 1 is a method of treating cancer, which classifies the patent as 'Clinical'. The primary inventive concept is the treatment method involving amlexanox and checkpoint inhibitors.",061-103-399-749-149
Clinical,,,['multiple myeloma'],"['human subject in need thereof', 'relapsed or refractory multiple myeloma']","Claim 23 is a method of treating multiple myeloma, which qualifies it as a clinical claim. The focus is on the treatment regimen rather than the composition of the bispecific antibody.",058-909-036-658-613
Composition,Unconjugated Antibody,,[],[],"Claim 1 describes a cell penetrating anti-DNA binding protein, which is classified as a composition. It does not involve any covalent attachment to a non-antibody payload, thus it is categorized as an Unconjugated Antibody.",064-168-355-572-157
Clinical,,,['cancer'],[],"Claim 1 is a method for treating cancer, which classifies the patent as 'Clinical'. There are no claims directed to a composition or manufacturing process.",069-357-450-412-041
Clinical,,,['multiple myeloma'],[],"Claim 1 is a method of treating multiple myeloma, which classifies the patent as 'Clinical'. There are no claims directed to a molecule or composition as the primary inventive concept.",078-731-005-543-290
Clinical,,,"['pancreatic', 'lung', 'mesothelioma', 'stomach', 'esophagus', 'liver', 'biliary tract', 'bladder', 'head & neck', 'oral', 'nasopharyngeal', 'adult brain', 'colon', 'rectum', 'colorectal', 'prostate', 'ovarian', 'cervical', 'uterine', 'testicular', 'lymphoma', 'leukemia', 'skin', 'breast', 'kidney', 'neuroblastoma', 'Merkel cell carcinoma', 'myelodysplastic syndrome', 'myelofibrosis', 'multiple myeloma']",[],"Claim 1 is a method of treating cancer, which classifies the patent as 'Clinical'. The diseases listed in the claim are explicitly mentioned as part of the treatment method.",075-953-317-599-706
Clinical,,,"['malignant cancer', 'nasopharyngeal carcinoma']",[],"Claim 16 is a method of preventing or treating malignant cancer, specifically nasopharyngeal carcinoma, making it a clinical claim. The focus is on treatment methods rather than the composition of the antibody itself.",075-903-774-783-378
Clinical,,,['HER2-positive breast cancer'],"['human patient with HER2-positive, estrogen receptor-negative and progesterone receptor-negative breast cancer']","Claim 1 is a method of achieving a pathological complete response in a specific patient population with HER2-positive breast cancer, classifying the patent as Clinical.",079-786-935-444-971
Clinical,,,"['breast cancer', 'hormonally mediated breast cancer', 'triple negative breast cancer', 'colon carcinoma', 'colorectal cancer', 'lung cancer', 'melanoma', 'non-small cell carcinoma', 'lymphoma', ""Hodgkin's lymphoma"", ""non-Hodgkin's lymphoma"", ""Burkitt's lymphoma"", 'sarcoma']",['human patient'],"Claim 1 is a method of inhibiting tumor growth, classifying the patent as 'Clinical'. The clinical indications are explicitly mentioned in the treatment methods.",079-793-252-775-646
Clinical,,,['inflammatory condition'],[],"Claim 1 is a method of treatment using an anti-IL-6 antibody to reduce serum CRP levels in patients with an inflammatory condition, classifying the patent as 'Clinical'.",116-203-891-764-166
Clinical,,,['cancer'],['subject'],"Claim 1 is a method of treating cancer, which classifies the patent as 'Clinical'. The focus is on the treatment method rather than a composition or manufacturing process.",116-618-153-321-659
Clinical,,,['B-cell non-Hodgkin lymphoma'],['human subject'],"Claim 1 is a method of treating B-cell non-Hodgkin lymphoma, which classifies the patent as 'Clinical'. No composition or CMC claims are present in the broadest independent claim.",116-116-806-768-184
Clinical,,,['cancer'],['mammal'],"Claim 1 is a method of treating cancer, which classifies the patent as 'Clinical'. The primary inventive concept is a treatment method rather than a composition or manufacturing process.",100-043-921-459-381
Clinical,,,"['solid tumor', 'hepatocellular carcinoma', 'metastatic colorectal cancer in liver', 'lung cancer']",[],"Claim 1 is a method of enhancing an immune response to a solid tumor, which classifies the patent as 'Clinical'. The diseases explicitly mentioned in the claims are included in the clinical indications.",075-536-843-307-921
Composition,Unconjugated Antibody,,[],[],"Claim 1 describes an isolated T cell genetically modified to comprise an inactivated KLRB1 gene, which is a defined construct. The focus is on the composition of the modified T cell rather than a method of treatment, thus classifying it as 'Composition'.",086-963-939-591-029
Composition,,,[],[],"Claim 1 describes a vector comprising a multi-antigen construct, which is a defined construct. Therefore, it is classified as a 'Composition'. No treatment methods are claimed in the independent claim.",082-256-052-712-151
Clinical,,,"['cell proliferative disorder', 'tumor', 'cancer']","['mammal with a white blood cell count of less than 11,000 white blood cells per microliter']","Claim 1 is a method-of-treatment claim, focusing on administering specific agents to treat cell proliferative disorders, thus classifying the patent as Clinical.",084-506-755-222-759
Clinical,,,['multiple myeloma'],[],"Claim 1 is a method of treating multiple myeloma, which classifies the patent as 'Clinical'. The focus is on the treatment method rather than the composition of the antibody or any other entity.",087-169-343-073-587
Clinical,,,['cancer'],[],"Claim 1 is a method of treating cancer, which classifies the patent as 'Clinical'. The primary inventive concept is the treatment method rather than a composition or manufacturing process.",091-171-312-050-697
Clinical,,,"['cancer', 'non-small cell lung cancer', 'oral cancer', 'oropharyngeal cancer', 'nasopharyngeal cancer', 'respiratory cancer', 'urogenital cancer', 'gastrointestinal cancer', 'central or peripheral nervous system tissue cancer', 'endocrine or neuroendocrine cancer', 'hematopoietic cancer', 'glioma', 'sarcoma', 'carcinoma', 'lymphoma', 'melanoma', 'fibroma', 'meningioma', 'brain cancer', 'renal cancer', 'biliary cancer', 'pheochromocytoma', 'pancreatic islet cell cancer', 'Li-Fraumeni tumors', 'thyroid cancer', 'parathyroid cancer', 'pituitary tumors', 'adrenal gland tumors', 'osteogenic sarcoma tumors', 'multiple neuroendocrine type I and type II tumors', 'breast cancer', 'lung cancer', 'head and neck cancer', 'prostate cancer', 'esophageal cancer', 'tracheal cancer', 'liver cancer', 'bladder cancer', 'stomach cancer', 'pancreatic cancer', 'ovarian cancer', 'uterine cancer', 'cervical cancer', 'testicular cancer', 'colon cancer', 'rectal cancer', 'skin cancer']","['subjects determined to have one or more HER2 exon 21 mutations', 'human']","The broadest independent claim (Claim 1) is a method of treating cancer, classifying the patent as 'Clinical'. The claims detail various cancer types and patient populations relevant to the treatment method.",091-762-765-703-165
Composition,Unconjugated Antibody,,[],[],"Claim 1 describes a pharmaceutical composition comprising an anti-FGFR4 antibody and a bile acid sequestrant, classifying it as a 'Composition'. The anti-FGFR4 antibody is not covalently attached to any payload, thus it is classified as 'Unconjugated Antibody'.",091-755-010-125-98X
Clinical,,,['tumor'],"['breast cancer', 'colorectal cancer', 'kidney cancer']","Claim 1 is a method for treating a tumor, which classifies the patent as 'Clinical'. The specific types of tumors mentioned in the claims are extracted as clinical indications.",092-143-416-553-537
Composition,Full ADC,,[],[],"Claim 1 describes a pharmaceutical product comprising an anti-HER2 antibody-drug conjugate, which includes a drug-linker covalently attached to the antibody, classifying it as a 'Full ADC'. The primary inventive concept is directed to the composition rather than a method of treatment.",095-931-191-218-08X
Clinical,,,['advanced or metastatic extra-pulmonary neuroendocrine carcinoma'],"['patients in need thereof', 'patients who have previously progressed on at least one line of cytotoxic chemotherapy']","Claim 1 is a method for treating a specific type of cancer, which classifies the patent as 'Clinical'. The focus is on the treatment method rather than a composition or manufacturing process.",105-364-046-294-337
Composition,Full ADC,,[],[],"Claim 1 describes an antibody that specifically binds to CLDN18.2, classifying it as a composition. The patent also includes claims for an antibody-drug conjugate, which involves a defined construct of antibody, linker, and payload, thus qualifying it as a Full ADC.",114-423-429-406-82X
Composition,Unconjugated Antibody,,[],[],"Claim 1 explicitly claims an anti-DR5 antibody or an antigen-binding fragment, classifying it as a composition. There is no covalent attachment to a payload, thus it is categorized as an Unconjugated Antibody.",110-129-699-156-311
Composition,Unconjugated Antibody,,[],[],"Claim 1 explicitly claims an anti-Notch4 antibody or a binding fragment, which classifies it as a composition. There is no mention of covalent attachment to a payload, thus it is categorized as an Unconjugated Antibody.",110-199-022-193-317
Clinical,,,['ER-negative breast cancer'],[],"Claim 1 is a method for treating ER-negative breast cancer, which classifies the patent as 'Clinical'. There are no claims directed to a specific molecule or composition.",109-490-664-210-965
Clinical,,,['cancer'],['human subject'],"Claim 1 is a method of promoting a T-cell response in a human subject suffering from cancer, which classifies it as a Clinical patent type.",111-816-686-599-632
Composition,Conjugated Antibody,,[],[],"Claim 1 describes a ligand-drug conjugate, which indicates a covalent attachment of a drug to a ligand, classifying it as a composition. The presence of a targeting antibody in later claims further supports the classification as a conjugated antibody.",102-361-842-962-751
Clinical,,,['cancer'],['mammal'],"Claim 1 is a method for treating cancer in a mammal, which classifies it as a Clinical patent type. The focus is on the method of treatment rather than a composition or manufacturing process.",120-380-971-165-376
Composition,Unconjugated Antibody,,[],[],"Claim 1 explicitly claims an antibody or antigen-binding fragment, which classifies it as a 'Composition'. There is no mention of covalent attachment to a payload, thus it is classified as 'Unconjugated Antibody'.",129-621-006-232-575
Clinical,,,"['melanoma', 'ovarian cancer', 'breast cancer', 'cervical cancer', 'endometrial cancer', 'colon cancer', 'pancreatic cancer', 'prostate cancer', 'liver cancer', 'renal cancer', 'lung cancer', 'glioma', 'lymphoma']","['mammal', 'human']","Claim 1 is a method of treating cancer, which classifies the patent as 'Clinical'. The specific cancers and patient populations are explicitly mentioned in the claims.",121-558-014-720-51X
Composition,Unconjugated Antibody,,[],[],"Claim 1 explicitly claims an anti-CTLA4 antibody, which classifies it as a 'Composition'. The antibody is not covalently attached to any payload, thus it is categorized as 'Unconjugated Antibody'.",116-389-367-289-002
Composition,,,[],[],"Claim 1 describes a recombinant vaccinia virus, which classifies the patent as a 'Composition'. There are no claims directed to a method of treatment in Claim 1, thus it does not fall under 'Clinical'.",114-995-160-978-748
Clinical,,,['breast cancer'],['HER2 positive metastatic breast cancer patients'],"Claim 1 is a method for the treatment of breast cancer, which classifies the patent as 'Clinical'. The focus is on the treatment method rather than a composition or manufacturing process.",133-641-070-545-157
Clinical,,,['cancer'],['human subject'],"Claim 1 is a method of treating cancer, which classifies the patent as 'Clinical'. The focus is on the treatment method rather than a composition or manufacturing process.",130-832-122-859-338
Clinical,,,"['rectal cancer', 'colon cancer']",[],"Claim 18 is a method-of-treatment claim for a medicament used to treat rectal and colon cancer, making 'Clinical' the primary patent type.",130-830-960-562-999
Clinical,,,['cancer'],"['human', 'non-human animal']","Claim 1 is a method of enhancing ABCB5-positive cell function, which qualifies it as a method-of-treatment claim. The primary inventive concept revolves around clinical applications rather than a specific composition.",129-537-822-176-08X
Clinical,,,['hypertension'],[],"Claim 1 is a method of ameliorating hypertension in subjects receiving treatment with a DLL4 antagonist, making it primarily a method-of-treatment claim.",151-513-141-512-835
Clinical,,,['cancer'],['cancer patient non-responsive to treatment with an immune checkpoint inhibitor'],"Claim 1 is a method of treating cancer patients with an immune checkpoint inhibitor, which classifies it as a Clinical patent type. The focus is on treatment methods rather than a composition or manufacturing process.",150-499-603-804-468
Composition,Conjugated Antibody,,[],[],"Claim 1 describes a patient-specific therapeutic composition comprising a monoclonal antibody with a labeled fraction (which can be a drug) and an unlabeled fraction, indicating covalent attachment to a non-antibody payload. Therefore, it is classified as a 'Composition' and specifically as a 'Conjugated Antibody'.",146-914-358-024-070
Clinical,,,['cancer'],[],"Claim 1 is a method of treating cancer, which classifies the patent as 'Clinical'. There are no claims directed to a specific molecule or composition.",145-063-542-478-786
Clinical,,,[],['cancer'],"Claim 1 is a method for detecting cancer stem cells using antibodies, which classifies it as a method-of-treatment claim. The focus is on the detection of cancer stem cells, thus it falls under the 'Clinical' category.",143-716-583-271-039
Clinical,,,"['cytokine release syndrome', 'neoplastic disease', 'solid tumor', 'hematological cancer']","['human being', 'non-human primate']","Claim 1 is a method for the prevention or reduction of adverse events associated with immunotherapeutic treatment, classifying it as a Clinical patent type. The diseases and patient populations are explicitly mentioned in the treatment methods.",138-892-262-333-288
Clinical,,,['cancer'],['human subject'],"Claim 1 is a method of treating cancer, which classifies the patent as 'Clinical'. The focus is on the treatment method rather than a composition or manufacturing process.",154-294-535-556-47X
Composition,,,[],[],"Claim 1 describes a lyophilized formulation comprising a compound of Formula (I), which classifies it as a 'Composition'. There are no method-of-treatment claims in Claim 1, and the focus is on the formulation itself.",158-393-558-626-214
Composition,Full ADC,,[],[],"Claim 1 describes a conjugate that includes a targeting moiety, a linker, and an active agent, which fits the definition of a Full ADC. The focus is on the composition of the conjugate rather than a method of treatment.",147-011-394-858-661
Composition,Conjugated Antibody,,[],[],"Claim 1 describes a targeted PEGylated liposomal gemcitabine composition, which includes a targeting moiety comprising an antibody conjugated to a liposome. This indicates a covalent attachment to a non-antibody payload, classifying it as a 'Conjugated Antibody'. No method-of-treatment claims are present in Claim 1.",152-426-966-069-752
Composition,Dual Combination,,[],[],"Claim 16 describes a pharmaceutical combination comprising a STING activator and an anti-regulatory T cells agent, which classifies it as a composition. The combination of these components suggests a dual nature, but does not explicitly define a full ADC or conjugated components, thus classified as 'Dual Combination'.",157-016-175-753-216
Clinical,,,['lymphoproliferative cancer'],['subjects having lymphoproliferative cancer'],"Claim 1 is a method of treatment, specifically aimed at increasing cytotoxic activity of T cells in subjects with lymphoproliferative cancer, thus classifying the patent as 'Clinical'.",151-970-464-086-950
Clinical,,,['cancer'],[],"Claim 1 is a method of alleviating toxicity associated with Notch pathway inhibition, which classifies it as a method-of-treatment claim. Therefore, the primary patent type is 'Clinical'.",159-395-425-718-006
Clinical,,,['neoplastic disease'],[],"Claim 1 is a method for treating a neoplastic disease, which classifies the patent as 'Clinical'. There are no claims directed to a molecule or composition.",164-834-091-667-132
Clinical,,,['diffuse large B-cell lymphoma'],['human subjects'],"Claim 1 is a method of treating diffuse large B-cell lymphoma, which classifies the patent as 'Clinical'. The focus is on the treatment regimen rather than a specific molecule or composition.",180-958-627-577-472
Clinical,,,"['breast cancer', 'melanoma']",['human'],"Claim 1 is a method for treating or preventing cancer, which classifies the patent as 'Clinical'. The diseases explicitly mentioned in the treatment method are breast cancer and melanoma, and the patient population is specified as humans.",188-251-211-234-355
Composition,Unconjugated Antibody,,[],[],"Claim 1 describes an isolated antibody that binds to human interleukin-6, classifying it as a 'Composition'. There is no mention of covalent attachment to a payload, thus it is categorized as 'Unconjugated Antibody'.",187-401-907-564-728
Composition,Conjugated Antibody,,[],[],"Claim 1 describes an immunoconjugate comprising an immune checkpoint inhibitor linked to an oligonucleotide, indicating a covalent attachment to a non-antibody payload. This qualifies it as a 'Conjugated Antibody' under the composition subtype.",170-282-014-960-030
Composition,Unconjugated Antibody,,[],[],"Claim 1 explicitly claims an antibody that binds to LAG3, classifying it as a composition. There are no claims of covalent attachment to a payload, thus it is categorized as an unconjugated antibody.",169-276-468-893-518
Clinical,,,"['tumor', 'melanoma']",[],"Claim 1 is a method of treating a subject diagnosed with a tumor using an antibody and a BRAF inhibitor, which classifies it as a Clinical patent type.",164-520-774-315-134
Composition,Unconjugated Antibody,,[],[],"Claim 1 describes an anti-ErbB3 antibody, which is a molecule and thus classified as 'Composition'. It does not involve any covalent attachment to a payload, so it is categorized as 'Unconjugated Antibody'.",193-136-124-195-607
Clinical,,,"['cancer', 'leukemia', 'lymphoma', 'multiple myeloma']",[],"Claim 1 is a method of treating or preventing cancer, which classifies the patent as 'Clinical'. The diseases explicitly mentioned in the treatment method are extracted as clinical indications.",195-830-372-709-518
Clinical,,,"['gynaecological cancers', 'endometriosis', 'polycystic ovary syndrome']",[],"Claim 21 is a method for treating specific proliferative conditions, making the primary inventive concept a method of treatment.",193-843-469-987-514
Clinical,,,['B-cell lymphoma'],[],"Claim 1 is a method of treating B-cell lymphoma, which classifies the patent as 'Clinical'. There are no claims directed to a molecule or composition, hence no composition subtype is applicable.",175-799-937-062-830
Clinical,,,['cancer'],[],"Claim 1 is a method of treating a subject having cancer, which classifies the patent as 'Clinical'. The focus is on the treatment method rather than a composition or manufacturing process.",173-388-522-667-302
Clinical,,,"['solid tumor cancer', 'breast cancer', 'triple negative breast cancer', 'melanoma', 'bladder cancer', 'esophageal cancer', 'pancreatic cancer', 'gastric cancer', 'non-small-cell lung cancer (NSCLC)', 'renal cell carcinoma', ""Hodgkin's lymphoma"", ""Non-Hodgkin's lymphoma (NHL)"", 'endometrial cancer', 'squamous cell cancer of the head and neck (SCCHN)', 'colorectal cancer', 'glioblastoma', 'ovarian cancer', 'pharyngeal cancer', 'prostate cancer', 'small round blue cell tumor', 'small cell lung cancer', 'hepatocellular carcinoma', 'urothelial cancer', 'lymphoma', 'neuroblastoma', 'rhabdomyosarcoma', 'leiomyosarcoma', 'liposarcoma', 'synovial sarcoma', 'malignant peripheral sheath tumor (MPNST)', 'multiple myeloma (MM)']",[],"Claim 1 is a method of treating solid tumor cancer, classifying the patent as 'Clinical'. The broadest independent claim focuses on treatment methods rather than specific compositions or manufacturing processes.",168-392-137-936-132
Clinical,,,"['cancer', 'malignancy', 'myelodysplasia', 'myelodysplastic syndrome', 'preleukemia', 'hematologic cancer', 'acute myeloid leukemia (AML)', 'myeloproliferative neoplasm', 'chronic myeloid leukemia (CML)', 'Blastic plasmacytoid dendritic cell neoplasm']","['mammal', 'human']","Claim 1 is a method of inducing an immune response, classifying the patent as 'Clinical'. It explicitly mentions various diseases associated with CD33 expression, which are included in the clinical indications.",177-308-951-099-06X
Clinical,,,"['cancer', 'breast cancer', 'triple-negative breast cancer', 'ER+ breast cancer', 'HER2-positive breast cancer', 'HER2-low breast cancer', 'lung cancer', 'gastric cancer', 'gastroesophageal junction adenocarcinoma']",[],"Claim 1 is a method of treatment for a disease or condition, specifically cancer, which classifies the patent as 'Clinical'.",183-035-626-712-074
Composition,Unconjugated Antibody,,[],[],"Claim 1 describes a bispecific antibody without any covalent attachment to a non-antibody payload, classifying it as an 'Unconjugated Antibody'. The primary inventive concept is the composition of the antibody itself.",188-685-397-186-993
Clinical,,,['cancer'],[],"Claim 1 is a method for treating cancer, which classifies the patent as 'Clinical'. Although there are compositions mentioned, the broadest independent claim is directed to a method of treatment.",113-696-547-943-375
Clinical,,,['cancer'],[],"Claim 25 is a method of treating cancer, which classifies the patent as 'Clinical'. The primary inventive concept is a method of treatment rather than a composition or manufacturing process.",197-379-659-136-648
Clinical,,,"['cancer', 'multiple myeloma']",['human patient'],"Claim 1 is a method of treating cancer, which classifies the patent as 'Clinical'. The diseases explicitly mentioned in the treatment methods include cancer and multiple myeloma.",031-179-727-888-15X
Composition,Full ADC,,[],[],"Claim 1 explicitly claims an antibody-drug conjugate (ADC) compound, which includes a linker drug site-specifically conjugated to an antibody, classifying it as a 'Composition'. The broadest independent claim focuses on the ADC itself, not on treatment methods.",023-823-748-516-456
Clinical,,,"['acute lymphocytic leukemia (ALL)', 'acute myeloid leukemia (AML)', 'chronic lymphocytic leukemia (CLL)', 'chronic myelogenous leukemia (CML)', 'myeloproliferative disorder/neoplasm (MPDS)', 'myelodysplastic syndrome', 'lymphoma', 'T cell lymphoma', ""Hodgkin's lymphoma"", ""indolent non-Hodgkin's lymphoma"", ""aggressive non-Hodgkin's lymphoma"", ""Burkitt's lymphoma"", 'small cell follicular lymphoma', 'large cell follicular lymphoma', 'myeloma', 'multiple myeloma (MM)', 'giant cell myeloma', 'heavy-chain myeloma', 'light chain or Bence-Jones myeloma', 'sarcoma', 'soft tissue sarcoma', 'leiomyosarcoma (LMS)', 'undifferentiated pleomorphic sarcoma', 'myxofibrosarcoma', 'dedifferentiated liposarcoma', 'angiosarcoma', 'epithelioid sarcoma']",[],"Claim 1 is a method of treating cancer, which classifies the patent as 'Clinical'. The clinical indications are explicitly mentioned in the claims related to treatment methods.",010-214-302-260-171
Other,,,[],[],"Claim 113 is a method for determining attributes of a cell composition, focusing on epigenetic properties rather than claiming a specific molecule or treatment method. Therefore, it does not fit into the Composition, CMC, or Clinical categories.",168-301-595-438-433
Clinical,,,"['cancer', 'infection']",[],"The broadest independent claim (Claim 10) is a method of preventing and/or treating cancer and infection, classifying the patent as Clinical.",179-274-170-400-390
Composition,Full ADC,,[],[],"Claim 104 explicitly claims an antibody-drug conjugate (ADC), which includes the antibody, linker, and payload as a single defined construct. This makes it a 'Full ADC' under the composition subtype.",002-174-227-201-556
Clinical,,,['T cell lymphoma'],[],"Claim 1 is a method for treating T cell lymphoma, which classifies the patent as 'Clinical'. There are no claims directed to a specific molecule or composition.",086-136-705-138-900
Composition,,,[],[],"Claim 80 claims a specific compound, which classifies the patent as 'Composition'. Although there are method-of-treatment claims later, the broadest independent claim is directed to the molecule itself.",195-900-066-172-733
Composition,Full ADC,,[],[],"Claim 1 describes a ligand-drug conjugate, which includes an antibody (ligand unit) covalently attached to a camptothecin drug (payload) via a connecting unit, classifying it as a Full ADC. The primary inventive concept is the composition of the conjugate rather than a method of treatment.",160-036-141-399-120
Clinical,,,"['esophageal cancer', 'uterine cancer', 'liver cancer', 'cholangiocarcinoma', 'stomach cancer']",[],"Claim 1 is a method of treating cancer, which classifies the patent as 'Clinical'. The specific cancers mentioned in the claim are extracted as clinical indications.",152-770-456-986-537
Clinical,,,"['colorectal cancer', 'melanoma']",[],"Claim 1 is a method for treating colorectal cancer or melanoma, which classifies the patent as 'Clinical'. The focus is on treatment methods rather than a composition of a molecule.",138-269-683-652-223
Composition,Conjugated Antibody,,[],[],"Claim 1 describes an antibody linked to a cytotoxic agent, indicating a covalent attachment to a non-antibody payload, which classifies it as a 'Conjugated Antibody'. The primary inventive concept is the composition of the antibody itself rather than a method of treatment.",053-066-299-458-037
Composition,Unconjugated Antibody,,[],[],"Claim 1 describes a composition comprising a T-cell receptor that binds to a mutant RAS peptide, which classifies it as a composition. There is no mention of covalent attachment to a payload, thus it is classified as an Unconjugated Antibody.",134-637-799-447-396
Composition,,,[],[],"Claim 1 describes a hetero-structured RNA, which is a defined construct, classifying the patent as 'Composition'. Although there are method-of-treatment claims later, the broadest independent claim is directed to the molecule itself.",100-876-394-614-306
Clinical,,,['CD38-positive hematological malignancy'],[],"Claim 1 is a method of treating a subject with a CD38-positive hematological malignancy, which classifies the patent as 'Clinical'. No specific patient population is defined in the claim.",004-486-952-643-627
Clinical,,,"['cancer', 'viral infections']",[],"Claim 1 is a method of preventing aberrant cell proliferation using a single-domain antibody, which classifies the patent as Clinical. The clinical indications include cancer and viral infections, as explicitly mentioned in the claims.",011-225-776-883-231
Clinical,,,['multiple myeloma'],['patients having multiple myeloma and having received stem cell transplantation'],"Claim 1 is a method of treating multiple myeloma, which classifies the patent as 'Clinical'. The focus is on treatment methods rather than a composition or manufacturing process.",002-834-742-823-510
Composition,Unconjugated Antibody,,[],[],"Claim 1 is directed to the use of an anti-clusterin antibody for reducing tumor volume, which classifies it as a composition. The broadest independent claim does not involve a method of treatment or a manufacturing process, and the antibodies described are not covalently attached to any payload.",001-185-565-792-907
Composition,Conjugated Payload,,[],[],"Claim 1 describes a compound suitable for an antibody-drug conjugate, indicating it is a chemical entity. The focus is on the toxin molecule, which is a specific cytotoxic payload for antibody conjugation, thus classified as 'Conjugated Payload'.",022-939-359-330-779
Composition,Full ADC,,[],[],"Claim 1 describes a lyophilized composition comprising an antibody-drug conjugate, which qualifies as a chemical entity. The presence of the antibody-drug conjugate indicates it is a Full ADC, as it involves a defined construct with both antibody and drug components.",021-152-591-233-775
Clinical,,,['cancer'],[],"Claim 1 is a method of treating cancer, which classifies the patent as 'Clinical'. The focus is on the treatment method rather than a specific composition or manufacturing process.",018-072-259-748-859
Clinical,,,"['cancer', 'breast cancer']",['individuals with aberrant expression of FRS2β'],"Claim 1 is a method of treating cancer, which classifies the patent as 'Clinical'. The diseases explicitly mentioned in the claims include cancer and breast cancer, with a specific patient population defined as individuals with aberrant expression of FRS2β.",019-208-154-900-849
Composition,,,[],[],"Claim 1 is a method for generating extracellular vesicles, which is primarily a manufacturing process. However, the broadest independent claim is directed to a composition of extracellular vesicles, thus classifying it as 'Composition'.",022-533-525-137-65X
Clinical,,,"['PD-1 resistance', 'PDL-1 resistance', 'lung cancer', 'melanoma', 'kidney cancer', 'head and neck cancer', 'bladder cancer', 'upper gastrointestinal cancer', 'KRAS mutant cancer', 'EGFR mutant cancer']",[],"Claim 1 is a method of treating or preventing PD-1 or PDL-1 resistance, which classifies the patent as 'Clinical'. The focus is on treatment methods rather than specific compositions.",021-774-585-910-692
Clinical,,,['colorectal cancer'],[],"Claim 1 is a method of treating colorectal cancer, which classifies the patent as 'Clinical'. No composition claims are present in the independent claim.",025-137-478-758-641
Clinical,,,"['platinum-resistant ovarian cancer', 'fallopian tube cancer', 'primary peritoneal carcinoma']",[],"Claim 1 is a method of treating specific cancers, which classifies the patent as 'Clinical'. No composition claims are present in the independent claim.",031-328-299-217-670
Composition,Conjugated Antibody,,[],[],"Claim 1 describes a compound with a specific formula, indicating it is a chemical entity. The subsequent claims detail conjugates involving antibodies and drug units, which confirms the presence of covalent attachment to a non-antibody payload, classifying it as a Conjugated Antibody.",036-118-368-354-000
Composition,Conjugated Payload,,[],[],"Claim 1 describes a compound with a specific structure, which qualifies as a composition. The subsequent claims include conjugates and compositions, indicating the presence of a payload for antibody conjugation, thus classifying it as 'Conjugated Payload'. There are no method-of-treatment claims in the first independent claim.",035-011-565-205-358
Composition,Unconjugated Antibody,,[],[],"Claim 3 describes a pharmaceutical formulation comprising a therapeutic antibody molecule, which classifies it as a 'Composition'. The antibody is not covalently attached to any payload, thus it is classified as 'Unconjugated Antibody'.",036-581-251-083-299
Clinical,,,['CD70+ solid tumor'],['human patient'],"Claim 1 is a method for treating a CD70+ solid tumor, which classifies the patent as 'Clinical'. The focus is on the treatment method rather than a composition or manufacturing process.",046-883-264-118-266
Clinical,,,['cancer'],[],"Claim 1 is a method for preventing or treating cancer, which classifies the patent as 'Clinical'. The focus is on the treatment method rather than a composition or manufacturing process.",055-909-608-141-857
Composition,Conjugated Antibody,,['cancer'],[],"Claim 2 describes a pharmaceutical composition comprising a therapeutic peptide and an anti-cancer agent, indicating a defined construct. The presence of conjugation in claim 26 further supports the classification as 'Conjugated Antibody'. Although there are method-of-treatment claims, the broadest independent claim is directed to the composition itself.",048-069-851-207-761
Clinical,,,"['proliferative disease', ""Hodgkin's lymphoma"", ""non-Hodgkin's lymphoma"", 'Peripheral T-cell Lymphoma', 'Cutaneous T-cell Lymphoma', 'Diffuse Large B-cell Lymphoma', 'Follicular Lymphoma', 'Mantle-cell Lymphoma', 'Chronic Lymphocytic Leukemia', 'Anaplastic Large-cell Lymphoma', 'Acute Myeloid Leukemia', 'Acute Lymphoblastic Leukemia']",[],"Claim 1 is a method of treating a proliferative disease, which classifies the patent as 'Clinical'. The diseases explicitly mentioned in the treatment method are extracted as clinical indications.",040-118-620-150-283
Clinical,,,['cancer'],[],"Claim 1 is a method of treating cancer, which classifies the patent as 'Clinical'. The focus is on the treatment method rather than a composition or manufacturing process.",047-933-854-916-259
Composition,,,[],[],"Claim 1 describes a crystalline compound, which classifies the patent as a 'Composition'. There are no claims directed to a method of treatment in the broadest independent claim.",040-901-542-314-127
Clinical,,,"['gp100 positive cancer', 'melanoma', 'uveal melanoma']",[],"Claim 1 is a method of treating gp100 positive cancer, which classifies the patent as 'Clinical'. The specific diseases mentioned in the claims are extracted as clinical indications.",057-170-767-962-679
Clinical,,,['mammary carcinoma'],['subjects having mammary carcinoma stably expressing trastuzumab-specific antigen'],"Claim 1 is a method of suppressing or eliminating mammary carcinoma, which qualifies it as a method-of-treatment claim. Therefore, the primary patent type is classified as 'Clinical'.",082-061-811-522-94X
Composition,Conjugated Payload,,[],[],"Claim 1 describes a compound, which falls under the 'Composition' category. The context of the compound being used in an ADC suggests it is a conjugated payload, as it is intended for use as a drug component in an ADC.",062-803-669-766-103
Clinical,,,"['cancer', 'head & neck cancer', 'melanoma', 'urothelial cancer', 'non-small cell lung cancer', 'microsatellite instability (MSI) high tumors', 'kidney cancer', 'pancreatic cancer', 'colorectal cancer', 'multiple myeloma', 'small cell lung cancer', 'hepatocarcinoma', 'ovarian cancer']",[],"Claim 1 is a method of treating cancer, which classifies the patent as 'Clinical'. The diseases explicitly mentioned in the treatment method are extracted as clinical indications.",053-985-874-569-719
Clinical,,,"['breast cancer', 'gastroesophageal adenocarcinoma (GEA)', 'esophageal cancer', 'gastroesophageal junction cancer (GEJ)', 'gastric cancer', 'endometrial cancer', 'ovarian cancer', 'cervical cancer', 'non-small cell lung cancer (NSCLC)', 'anal cancer', 'colorectal cancer (CRC)']",['subjects having a HER2-expressing cancer'],"Claim 1 is a method of treating a subject with a HER2-expressing cancer using an anti-HER2 biparatopic antibody, classifying it as a Clinical patent.",062-601-109-094-77X
Composition,Unconjugated Antibody,,[],[],"Claim 1 explicitly claims an isolated anti-PD-L1 antibody, classifying it as a composition. There are no claims of covalent attachment to a payload, thus it is categorized as an unconjugated antibody.",058-657-477-719-591
Clinical,,,['malignant mesothelioma'],[],"The broadest independent claim (Claim 23) is a method for treating malignant mesothelioma, classifying the patent as 'Clinical'.",068-442-815-125-900
Clinical,,,"['tumor growth', 'cancer']",[],"Claim 63 is a method of inhibiting tumor growth, which classifies the patent as 'Clinical'. The primary inventive concept is a method of treatment rather than a composition of matter.",067-136-007-095-81X
Composition,Unconjugated Antibody,,[],[],"Claim 1 describes a composition comprising a polyvalent agent that binds to a cell surface antigen, which is classified as a composition. The claims primarily focus on antibodies without any covalent attachment to a payload, thus classifying it as an Unconjugated Antibody.",075-047-140-468-57X
Composition,Unconjugated Antibody,,['hepatocellular carcinoma'],[],"Claim 1 describes a pharmaceutical composition comprising a mixture of antibodies (anti-CTLA4 and anti-PD1) without any covalent attachment to a payload, classifying it as 'Composition' and specifically as 'Unconjugated Antibody'. The treatment claims appear later but do not override the primary classification.",068-993-390-628-756
CMC,,Process/Scale-Up,[],[],"Claim 1 is directed to a method for preparing an aluminum-manganese composite nanocrystal, which focuses on the manufacturing process rather than a composition or clinical treatment. Therefore, it is classified as CMC with a subtype of Process/Scale-Up.",076-255-904-970-598
Composition,Dual Combination,,[],[],"Claim 1 describes a pharmaceutical combination comprising lenvatinib and an antibody against human DLK-1, which classifies it as a 'Composition'. The combination of these two components fits the 'Dual Combination' subtype as it includes both a drug and an antibody.",076-451-797-465-083
Clinical,,,['relapsing multiple sclerosis'],[],"Claim 1 is a method-of-treatment claim for ofatumumab in relapsing multiple sclerosis, which classifies the patent as Clinical.",072-633-930-630-095
Clinical,,,"['CD127-positive leukemia', 'CD127-positive solid tumors']",[],"Claim 1 is a method for treating CD127-positive cancers, which classifies it as a Clinical patent type. The focus is on the treatment method rather than a composition or manufacturing process.",072-512-616-346-618
Composition,Unconjugated Antibody,,[],[],"Claim 1 describes a modified immune cell comprising a chimeric antigen receptor (CAR) and a microRNA, which classifies it as a composition. The claim does not involve a covalent attachment to a non-antibody payload, thus it is categorized as an Unconjugated Antibody.",079-331-652-614-431
Composition,Unconjugated Antibody,,[],[],"Claim 21 describes an antibody that binds to CD123 without any mention of covalent attachment to a payload, classifying it as an Unconjugated Antibody. The primary inventive concept is the antibody itself, not a method of treatment or manufacturing process.",076-998-018-196-97X
Composition,Unconjugated Antibody,,[],[],"Claim 1 explicitly claims an anti-Tie2 antibody or antigen-binding fragment, classifying it as a composition. There are no claims of covalent attachment to a payload, thus it is categorized as an Unconjugated Antibody.",078-356-006-344-451
Clinical,,,"['cytokine-related adverse event', 'cytokine release syndrome (CRS)', 'Coronavirus disease 2019 (COVID-19)', 'cytokine-mediated neurotoxicity']",[],"Claim 1 is a method of treating or preventing a cytokine-related adverse event or disease, classifying the patent as 'Clinical'. The diseases explicitly mentioned in the claims are included in the clinical indications.",079-702-529-408-19X
Clinical,,,['cancer'],[],"Claim 17 is a method of treating cancer, which classifies the patent as 'Clinical'. The focus is on the treatment method rather than a composition or manufacturing process.",093-206-472-628-945
Other,,,[],[],"Claim 1 is a method of making CAR-expressing cells, which does not fall under the categories of composition, CMC, or clinical treatment claims. The primary inventive concept is focused on a method rather than a specific composition or treatment.",094-472-079-185-947
Composition,Unconjugated Antibody,,[],[],"Claim 1 describes a monoclonal antibody or binding fragment, which classifies it as a 'Composition'. There is no mention of covalent attachment to a payload, thus it is categorized as 'Unconjugated Antibody'.",093-590-538-418-238
Composition,Unconjugated Antibody,,"['disease associated with imbalanced or abnormal activity of MMP-7', 'cancer', 'pancreatic cancer']",[],"Claim 5 is a method of treatment, but the broadest independent claim is directed to an antibody, classifying it as a Composition. The antibody is not covalently attached to any payload, thus it is classified as an Unconjugated Antibody.",089-795-807-175-241
Clinical,,,"['myelodysplastic syndrome', 'acute myeloid leukemia']",['subjects with at least one p53 mutation'],"Claim 1 is a method of treating myelodysplastic syndrome or acute myeloid leukemia, making it a clinical claim. The diseases and specific patient population are explicitly mentioned in the claim.",098-714-707-027-937
Composition,Conjugated Antibody,,[],[],"Claim 1 describes a compound that includes a cell binding agent covalently bonded to a cytotoxic agent, indicating a conjugated structure. This aligns with the definition of a 'Conjugated Antibody' as it involves a chemical attachment to a non-antibody payload.",097-125-793-743-929
Composition,Unconjugated Antibody,,[],[],"Claim 1 explicitly claims an anti-LSR antibody or its fragments, classifying it as a composition. There is no mention of covalent attachment to a payload, thus it is categorized as an unconjugated antibody.",100-516-873-280-80X
CMC,,Conjugation Method,[],[],"Claim 1 describes a preparation method for an antibody-drug conjugate, focusing on the process of conjugation and purification, which aligns with CMC classification.",100-820-477-585-202
Composition,Conjugated Linker,,[],[],"Claim 1 describes a camptothecin derivative, which is a chemical entity, thus classifying the patent as 'Composition'. The presence of claims related to linker-drug conjugates indicates that the primary inventive concept involves a specific linker for antibody conjugation.",106-886-654-548-227
Clinical,,,"['cancer', 'melanoma']","['mammal', 'human']","Claim 1 is a method for treating cancer, which classifies the patent as 'Clinical'. The claims detail specific cancer types and patient populations involved in the treatment method.",105-183-306-665-083
Clinical,,,['kidney cancer'],[],"Claim 1 is a method of identifying individuals with kidney cancer who may benefit from anti-cancer therapy, making it a method-of-treatment claim.",109-774-631-403-941
Composition,Unconjugated Antibody,,[],[],"Claim 1 describes a nucleic acid encoding a mutated humanized 12G4 monoclonal antibody, which classifies as a composition. The antibody is not covalently attached to any payload, thus it is categorized as an 'Unconjugated Antibody'.",104-452-319-237-690
Composition,,,[],[],"Claim 1 describes an expression vector encoding a cell surface receptor, which is a defined construct. This falls under the 'Composition' category as it claims a biological entity rather than a method of treatment.",102-796-153-822-430
Composition,Dual Combination,,[],[],"Claim 1 describes a linear peptide-polynucleotide complex, which is a defined therapeutic construct. The presence of method-of-treatment claims does not override the classification as Composition since the broadest independent claim is directed to the molecule itself.",115-053-512-299-720
Clinical,,,['cancer'],[],"Claim 1 is a method for treating or preventing cancer, which classifies the patent as 'Clinical'. No specific patient populations are mentioned in the claim.",118-221-328-899-792
Clinical,,,['B-cell non-Hodgkin lymphoma'],[],"Claim 1 is a method of treating B-cell non-Hodgkin lymphoma, which classifies the patent as 'Clinical'. No composition or manufacturing claims are the primary focus.",115-832-458-305-802
Clinical,,,"['CGRP-associated photophobia', 'light aversion', 'migraine', 'cluster headache']","['subjects in need thereof', 'chronic migraine sufferers', 'cluster headache sufferers']","Claim 75 is a method of inhibiting CGRP-associated photophobia or light aversion, making it a method-of-treatment claim. The focus is on the treatment of specific conditions and patient populations.",114-092-398-437-995
Clinical,,,"['cancer', 'lymphoma', 'leukemia']",['subject'],"Claim 1 is a method of treating cancer, which classifies the patent as Clinical. The diseases explicitly mentioned in the treatment method are lymphoma and leukemia.",119-555-429-760-243
Clinical,,,['cancer'],[],"Claim 1 is a method of treating cancer, which classifies the patent as 'Clinical'. The primary inventive concept is a treatment method rather than a composition.",134-854-607-750-421
Clinical,,,"['cancer', 'B cell malignancy', 'leukemia', 'lymphoma', 'diffuse large B-cell lymphoma (DLBCL)', 'relapsed and/or refractory DLBCL', 'Follicular Lymphoma (FL)', 'Marginal Zone Lymphoma/Mucosa-associated lymphoid tissue (MZL/MALT)', 'Mantle Cell Lymphoma (MCL)', 'precursor B-cell lymphoblastic leukemia/lymphoma', 'mature B-cell neoplasms', 'B-cell chronic lymphocytic leukemia (CLL)/small lymphocytic lymphoma (SLL)', 'B-cell prolymphocytic leukemia', 'lymphoplasmacytic lymphoma', 'hairy cell leukemia', ""Burkitt's lymphoma"", 'plasmacytoma', 'plasma cell myeloma', 'post-transplant lymphoproliferative disorder', ""Waldenstrom's macroglobulinemia"", 'anaplastic large-cell lymphoma (ALCL)']","['human patient', 'cancer patient']","Claim 1 is a method for treating cancer in a human patient, which classifies it as a Clinical patent type. The claim details various dosing regimens for an anti-CD37 immunoconjugate, focusing on treatment methods rather than the composition of the immunoconjugate itself.",135-862-565-495-739
Clinical,,,['lung cancer'],[],"Claim 1 is a method of targeting the lung microbiota and its immune pathways in subjects with lung cancer, making it primarily a method-of-treatment claim.",132-773-870-693-439
Clinical,,,"['solid tumor', 'hematologic malignancy']",[],"Claim 1 is a method for treating solid tumors or hematologic malignancies, which classifies the patent as 'Clinical'. There are no claims directed to a specific molecule or composition.",137-828-161-626-839
Clinical,,,"['basal cell carcinoma', 'bladder cancer', 'bone cancer', 'bowel carcinoma', 'breast cancer', 'carcinoid', 'anal squamous cell carcinoma', 'castration-resistant prostate cancer (CRPC)', 'cervical carcinoma', 'colorectal cancer (CRC)', 'colon cancer', 'cutaneous squamous cell carcinoma', 'endometrial cancer', 'esophageal cancer', 'gastric carcinoma', 'gastroesophageal junction cancer', 'glioblastoma/mixed glioma', 'glioma', 'head and neck cancer', 'hepatocellular carcinoma', 'hematologic malignancy', 'liver cancer', 'lung cancer', 'melanoma', 'Merkel cell carcinoma', 'multiple myeloma', 'nasopharyngeal cancer', 'osteosarcoma', 'ovarian cancer', 'pancreatic cancer', 'peritoneal carcinoma', 'undifferentiated pleomorphic sarcoma', 'prostate cancer', 'rectal carcinoma', 'renal cancer', 'sarcoma', 'salivary gland carcinoma', 'squamous cell carcinoma', 'stomach cancer', 'testicular cancer', 'thymic carcinoma', 'thymic epithelial tumor', 'thymoma', 'thyroid cancer', 'urogenital cancer', 'urothelial cancer', 'uterine carcinoma', 'uterine sarcoma']",[],"The broadest independent claim (Claim 1) is a method of treating cancer, classifying the patent as 'Clinical'. The specific diseases are explicitly mentioned in the treatment methods, thus included in the clinical indications.",129-830-797-958-284
Clinical,,,"['bladder cancer', 'cervical cancer']",[],"Claim 1 is a method of treating cancer, which classifies the patent as 'Clinical'. The specific diseases mentioned in the treatment method are bladder cancer and cervical cancer.",130-176-279-572-463
Clinical,,,['CNS lymphoma'],['immunocompetent subject'],"Claim 1 is a method of treating CNS lymphoma, which classifies the patent as 'Clinical'. The focus is on the treatment method rather than a composition or manufacturing process.",130-506-526-764-542
Composition,Unconjugated Antibody,,[],[],"Claim 1 describes a single chain variable fragment (scFv) peptide, which is a type of antibody. Since it does not involve any covalent attachment to a non-antibody payload, it is classified as an Unconjugated Antibody.",134-925-094-221-916
Clinical,,,['cancer'],['cancer patient having a CXCR4-ADRB2 heteromer in a cancer cell'],"Claim 1 is a method of inhibiting cancer progression, which classifies the patent as 'Clinical'. The focus is on treatment methods rather than a composition or manufacturing process.",131-232-049-751-677
Clinical,,,['breast cancer'],[],"Claim 1 is a method of treating breast cancer, which classifies the patent as 'Clinical'. No specific patient populations are mentioned in the method claims.",132-997-249-361-711
Clinical,,,['tumor'],"['subject having cancer', 'subject having a cold tumor']","Claim 1 is a method of inhibiting an immunosuppressive phenotype in macrophages, which qualifies it as a method-of-treatment claim. The primary inventive concept revolves around treatment methods rather than a composition or manufacturing process.",122-525-038-165-296
Composition,Dual Combination,,[],[],"Claim 1 describes a composition comprising inhibitors of PD1 and IL-17B, classifying it as a 'Composition'. The combination of two inhibitors indicates a 'Dual Combination' subtype, as it involves two distinct therapeutic entities.",137-340-950-812-694
Composition,Unconjugated Antibody,,[],[],"Claim 1 describes a method of enhancing tumor cell death using a multi-specific binding protein, which is classified as a composition. The multi-specific binding protein is a bispecific construct without a covalently attached payload, thus it is categorized as an 'Unconjugated Antibody'.",138-591-445-380-547
Clinical,,,"['human papilloma virus (HPV)-associated disease', 'cervical cancer']",[],"Claim 1 is a method of treating HPV-associated diseases, which makes it a clinical claim. The primary inventive concept is focused on treatment rather than a composition or manufacturing process.",137-137-267-749-236
Clinical,,,['prostate cancer'],"['patients in need thereof', 'metastatic castration-resistant prostate cancer']","Claim 1 is a method for treating prostate cancer, which classifies the patent as 'Clinical'. The focus is on treatment methods rather than a specific molecule or composition.",147-299-721-225-980
Composition,Unconjugated Antibody,,['cancer'],[],"Claim 1 describes a bispecific antibody and a third-generation EGFR tyrosine kinase inhibitor, classifying it as a composition. The antibody is not covalently attached to a payload, thus it is categorized as an 'Unconjugated Antibody'.",147-500-612-714-541
Composition,,,[],[],"Claim 1 describes a compound mixture, which includes a specific chemical entity and an MEK inhibitor, classifying it as a 'Composition'. The method-of-treatment claims appear later and do not override the primary classification.",141-788-549-905-317
Clinical,,,['renal carcinoma'],[],"Claim 1 is directed to the use of a combination of active ingredients for the treatment of renal carcinoma, making it a method-of-treatment claim.",145-762-602-551-010
Clinical,,,['pancreatic cancer'],['patients in need thereof'],"Claim 1 is a method of treating pancreatic cancer, which classifies the patent as 'Clinical'. The focus is on the treatment method rather than a composition or manufacturing process.",151-737-751-807-975
Composition,Full ADC,,[],[],"Claim 2 explicitly claims an anti-Her3 antibody-drug conjugate, which includes the antibody, linker, and payload as a single defined construct, classifying it as a Full ADC. The primary inventive concept is directed to the composition rather than a method of treatment.",148-592-025-870-547
Clinical,,,"['gastric cancer', 'gastroesophageal junction cancer']",[],"Claim 1 is a method of treating cancer, specifically gastric and gastroesophageal junction cancer, making it a clinical claim. The focus is on the treatment method rather than a composition or manufacturing process.",169-421-639-922-159
Clinical,,,"['solid cancer', 'cancer having Met amplification', 'cancer having a Met exon 14 mutation']",[],"Claim 1 is a method of treating a solid cancer, which classifies the patent as 'Clinical'. The focus is on treatment methods rather than a specific composition or manufacturing process.",165-598-712-206-473
Composition,Conjugated Antibody,,[],[],"Claim 1 describes a nanocarrier with a targeting moiety (antibody) covalently attached to it, which qualifies it as a 'Conjugated Antibody'. The primary focus is on the composition of the nanocarrier rather than treatment methods.",171-026-605-189-800
Clinical,,,['multiple myeloma'],[],"Claim 133 is a method of treating multiple myeloma using a bispecific antibody, which classifies the patent as 'Clinical'. The focus is on the treatment method rather than the composition of the antibody itself.",161-050-944-577-928
Clinical,,,"['stomach cancer', 'colon cancer', 'multiple myeloma']",[],"Claim 1 is a method of treating cancer, which classifies the patent as 'Clinical'. The specific cancers mentioned are explicitly claimed in the treatment method.",182-834-346-728-711
Clinical,,,['non-small cell lung cancer'],[],"Claim 1 is a method of treating non-small cell lung cancer with a combination therapy, which classifies the patent as 'Clinical'. The focus is on the treatment method rather than a composition or manufacturing process.",181-679-206-926-085
Composition,Unconjugated Antibody,,[],[],"Claim 1 describes a medicament comprising an antibody and other drugs for cancer treatment, classifying it as a composition. The antibody is not covalently attached to any payload, thus it is categorized as an 'Unconjugated Antibody'.",177-443-600-519-992
CMC,,Conjugation Method,[],[],"Claim 1 is directed to a method of preparing an antibody-drug conjugate (ADC), which focuses on the conjugation process rather than the composition of the ADC itself. Therefore, it is classified under CMC as a Conjugation Method.",177-241-361-789-366
Composition,Unconjugated Antibody,,[],[],"Claim 1 describes a pharmaceutical combination comprising an anti-clusterin antibody, which classifies it as a 'Composition'. The antibody is not covalently attached to any payload, thus it is categorized as 'Unconjugated Antibody'.",180-237-658-882-955
Composition,Unconjugated Antibody,,[],[],"Claim 1 describes a bispecific affinity reagent, which is a type of antibody without a covalently attached payload, thus classifying it as 'Unconjugated Antibody'. The primary inventive concept is the composition of the bispecific antibody rather than a method of treatment.",172-460-228-371-372
Clinical,,,['cancer'],['subjects having a cancer that is positive for a c-Met exon 14 skipping mutation'],"Claim 1 is a method of treating a subject with cancer, specifically targeting those with c-Met exon 14 skipping mutations, which classifies it as a Clinical patent.",169-119-971-876-126
Clinical,,,"['lung cancer', 'colorectal cancer', 'pancreatic cancer']",[],"Claim 1 is a combination therapy for treating solid tumors, which qualifies it as a method-of-treatment claim. The primary inventive concept revolves around the clinical use of the combination therapy rather than the composition of the compounds.",182-018-799-053-643
Composition,Unconjugated Antibody,,[],[],"Claim 1 describes an antibody targeting BCMA, which is a molecule and thus classified as a 'Composition'. It does not involve any covalent attachment to a payload, making it an 'Unconjugated Antibody'.",187-856-240-555-25X
Composition,Unconjugated Antibody,,[],[],"Claim 1 describes a monoclonal antibody or fragment that binds to adrenomedullin, classifying it as a composition. There is no mention of covalent attachment to a payload, thus it is categorized as an Unconjugated Antibody.",186-468-829-330-917
Composition,Full ADC,,[],[],"Claim 1 is a method of treating cancer, but it primarily claims an antibody-drug conjugate (ADC) comprising specific components, which classifies it as a 'Composition'. The ADC includes an antibody, a cleavable linker, and a cytotoxic agent, fitting the criteria for 'Full ADC'.",193-420-291-409-64X
Clinical,,,['colorectal cancer'],"['human', 'left-sided colorectal cancer']","Claim 1 is a method of treating colorectal cancer, which classifies the patent as 'Clinical'. The focus is on the treatment method rather than a composition or manufacturing process.",187-396-433-866-252
Clinical,,,['cancer'],['human'],"Claim 60 is a method for the treatment of cancer, which classifies the patent as 'Clinical'. The primary inventive concept is a method of treatment rather than a composition.",185-708-106-112-215
Clinical,,,"['solid cancer', 'colorectal cancer', 'pancreatic cancer']","['subjects in need thereof', 'subjects who have not been treated with a systemic anti-malignant tumor agent']","Claim 1 is a method for treating solid cancer, which classifies the patent as 'Clinical'. The focus is on treatment methods rather than specific compositions or manufacturing processes.",188-922-565-494-407
Clinical,,,"['leukemia', 'bladder cancer', 'breast cancer', 'cervical cancer', 'colon cancer', 'esophageal cancer', 'endometrial cancer', 'gastric cancer', 'glioblastoma', 'head and neck cancer', 'hepatocellular carcinoma', 'lung cancer', 'lymphoma', 'melanoma', 'multiple myeloma', 'neuroblastoma', 'neuroendocrine cancer', 'ovarian cancer', 'pancreatic cancer', 'prostate cancer', 'rectal cancer', 'renal cell carcinoma', 'rhabdoid cancer', 'sarcomas', 'urinary track cancer', 'acute myeloid leukemia (AML)', 'chronic myeloid leukemia (CML)', 'acute lymphocytic leukemia (ALL)', 'chronic lymphocytic leukemia (CLL)']",[],"Claim 1 is a method for treating cancer, which classifies the patent as 'Clinical'. The diseases treated are explicitly listed in the claims.",196-838-900-081-553
Clinical,,,['lymphoma'],[],"Claim 1 is a method of treating lymphoma, which classifies the patent as 'Clinical'. The focus is on the treatment method rather than the composition of the antibodies or compounds.",194-932-685-956-588
Composition,Unconjugated Antibody,,[],[],"Claim 1 explicitly claims an anti-FSTL1 antibody, which classifies it as a 'Composition'. The antibody is not covalently attached to any payload, thus it is categorized as 'Unconjugated Antibody'. There are no method-of-treatment claims in Claim 1.",193-154-903-199-622
Clinical,,,"['cancer', 'tumor', 'hyperplasia', 'immune disorder', 'inflammatory disorder']",[],"Claim 45 is a method of treating diseases associated with the CSF1R kinase signaling pathway, which qualifies it as a clinical claim. The focus is on treatment methods rather than the composition of a molecule.",050-577-299-395-027
Clinical,,,"['T-cell mediated inflammatory disease', 'cancer', 'graft-versus-host disease (GVHD)', 'acute GVHD', 'chronic GVHD']",[],"Claim 1 is a method of treating T-cell mediated inflammatory diseases, which classifies the patent as 'Clinical'. The focus is on treatment methods rather than the composition of the antibody.",007-559-280-201-183
Clinical,,,['cancer'],[],"Claim 1 is a method of treating cancer, which classifies the patent as 'Clinical'. There are no claims directed to a specific molecule or composition.",130-470-195-734-266
Clinical,,,['cancer'],[],"Claim 1 is a method for predicting the response of cancer patients to oncolytic virus therapy, which classifies it as a method-of-treatment claim. The primary inventive concept is focused on clinical application rather than a composition or manufacturing process.",047-106-065-723-420
Composition,Full ADC,,[],[],"Claim 1 describes a conjugate that includes a cell binding moiety, linkers, and payloads, indicating it is a defined therapeutic construct. The presence of a payload and linkers alongside the cell binding agent classifies it as a Full ADC.",072-174-337-144-598
Composition,Unconjugated Antibody,,[],[],"Claim 1 describes an exogenous nucleic acid molecule encoding a chimeric antigen receptor (CAR) and an RNA molecule, which classifies it as a composition. There are no claims of covalent attachment to a payload, thus it is classified as an Unconjugated Antibody.",145-757-231-215-15X
Composition,Unconjugated Antibody,,[],[],"Claim 1 describes a bispecific chimeric antigen receptor (CAR) without any covalent attachment to a non-antibody payload, classifying it as an 'Unconjugated Antibody'. The primary inventive concept is the composition of the CAR itself, not a method of treatment.",059-611-824-925-537
Clinical,,,"['breast cancer', 'colorectal cancer', 'diffuse large B-cell lymphoma', 'endometrial cancer', 'follicular lymphoma', 'gastric cancer', 'glioblastoma', 'head and neck cancer', 'hepatocellular cancer', 'lung cancer', 'melanoma', 'multiple myeloma', 'ovarian cancer', 'pancreatic cancer', 'prostate cancer', 'renal cell carcinoma']",[],"Claim 1 is a method of treating cancer, which classifies the patent as 'Clinical'. The diseases are explicitly mentioned in the treatment method.",054-130-551-844-803
Clinical,,,"['renal cell carcinoma', 'non-small cell lung cancer']",['human'],"Claim 72 is a method of treating renal cell carcinoma and non-small cell lung cancer, making it a method-of-treatment claim. The primary inventive concept is focused on clinical use rather than the composition of the bispecific antibody.",008-919-721-999-489
Clinical,,,['cancer'],"['individual who has not responded, or no longer responds, to chemotherapy and/or radiotherapy']","Claim 1 is a method of treating cancer, which classifies the patent as 'Clinical'. The focus is on the treatment method rather than a specific composition or manufacturing process.",082-090-705-343-772
Clinical,,,['myeloid leukemia'],[],"Claim 1 is a method for treating myeloid leukemia, which classifies the patent as 'Clinical'. The focus is on the treatment method rather than the composition of the bispecific antibody construct.",034-209-172-469-210
Composition,Dual Combination,,[],[],"Claim 1 describes a pharmaceutical composition comprising an anti-CD38 therapeutic agent and a DHODH inhibitor, which classifies it as a 'Composition'. The presence of both an antibody and a small molecule inhibitor indicates a 'Dual Combination' subtype.",044-973-333-628-996
Composition,Full ADC,,[],[],"Claim 1 describes a compound with a specific structure that includes a linker and a drug-linked pharmaceutical compound, indicating it is a defined construct. The presence of a drug in the broader claims suggests it is a full ADC, as it encompasses the entire conjugate structure.",126-970-128-775-646
Clinical,,,['cancer'],[],"Claim 1 is a method of inhibiting migration of endothelial cells or inhibiting angiogenesis in a subject having cancer, which classifies the patent as 'Clinical'. The focus is on treatment methods rather than a specific composition.",193-554-648-977-898
Composition,Dual Combination,,[],[],"Claim 1 describes a combination of a specific compound and an anti-EGFR antibody, classifying it as a 'Composition'. The combination of these two components fits the 'Dual Combination' subtype as it includes both a defined compound and an antibody.",199-366-511-138-292
Clinical,,,"['cancer', 'metastasis', 'circulating tumor cell cluster formation']",[],"Claim 1 is a method for reducing cancer metastasis, which classifies the patent as 'Clinical'. The focus is on treatment methods rather than a composition or manufacturing process.",008-187-340-661-571
Clinical,,,['cancer'],[],"Claim 1 is a method of treatment involving the administration of an adaptor molecule and retroviral particles to a subject, which explicitly states the treatment of cancer. Therefore, the primary classification is 'Clinical'.",146-168-222-466-724
Composition,,,[],[],"Claim 1 describes a genetically engineered bacterium, which qualifies as a composition. The primary inventive concept is the bacterium itself, not a method of treatment.",196-962-670-036-746
Clinical,,,['lymphoma'],['human subject'],"Claim 1 is a method of treating lymphoma, which classifies the patent as 'Clinical'. The focus is on the treatment regimen rather than a composition or manufacturing process.",093-773-325-422-876
Composition,Unconjugated Antibody,,[],[],"Claim 1 describes a fusion protein that includes an anti-TIGIT antibody, which is classified as a composition. It does not involve a covalent attachment to a non-antibody payload, thus it is categorized as an Unconjugated Antibody.",076-011-319-154-134
Composition,,,[],[],"Claim 1 explicitly claims a composition comprising gamma polyglutamated aminopterin, which classifies it as a 'Composition'. Although there are treatment claims later, the broadest independent claim is directed to the molecule itself.",068-014-891-791-621
Clinical,,,"['cancer', 'immune related disease']",[],"Claim 1 is a method of treating a disease, specifically mentioning the administration of a ligand-targeted cationic liposomal complex in combination with an immune checkpoint modulator. Therefore, the primary inventive concept is clinical in nature.",074-650-653-619-636
Composition,Full ADC,,['cancer'],[],"Claim 1 explicitly claims an antibody-drug conjugate, which includes an antibody, a peptidomimetic linker, and a drug moiety, classifying it as a Full ADC. The clinical indications for cancer treatment are mentioned in the abstract, but the primary inventive concept is the composition itself.",004-128-372-550-256
Clinical,,,['cancer'],['patient in need thereof'],"Claim 1 is a method of increasing a response to a chemotherapeutic or immunotherapeutic agent, classifying it as a method-of-treatment claim. The primary inventive concept is clinical in nature, focusing on treatment methods rather than a composition.",004-248-465-944-787
Clinical,,,"['cancer', 'melanoma']","['patients with positive PD-L1 expression', 'patients with tumor mutation burden (TMB) of ≥3.6 Muts/Mb', 'patients with BRAF gene mutation', 'patients with CDK4 or CCND1 gene amplification']","Claim 1 is a method for treating cancer using an anti-PD-1 antibody, which classifies the patent as 'Clinical'. The focus is on treatment methods rather than the composition of the antibody itself.",003-454-785-944-103
Composition,Unconjugated Antibody,,[],[],"Claim 131 is the first independent claim and it describes an isolated vector encoding a heavy chain variable region, which is a component of an antibody. Since it does not involve any covalent attachment to a payload, it is classified as an Unconjugated Antibody.",007-875-447-103-193
Clinical,,,['cancer'],[],"Claim 1 is a method of treating cancer, which classifies the patent as 'Clinical'. The focus is on the treatment method rather than a composition or manufacturing process.",005-222-526-853-223
Composition,Full ADC,,[],[],"Claim 1 describes a cell-binding agent-drug conjugate, which includes a drug linked to a cell-binding agent, indicating a defined construct. This fits the criteria for a Full ADC as it explicitly claims the combination of antibody, linker, and payload.",013-716-093-661-09X
Clinical,,,['adenocarcinoma'],[],"Claim 23 is a method for treating adenocarcinoma, making it a method-of-treatment claim. The primary inventive concept is focused on the clinical application of IT-139 in combination with gemcitabine.",019-206-206-241-138
Clinical,,,"['renal cell carcinoma', 'melanoma', 'ovarian cancer', 'breast cancer', 'prostate cancer', 'colon cancer', 'pancreatic cancer', 'bladder cancer', 'liver cancer', 'lung cancer', 'thyroid cancer']",[],"Claim 1 is a method of treating cancer, which classifies the patent as 'Clinical'. The specific cancers mentioned in the claim are extracted as clinical indications.",009-687-303-631-928
Composition,Unconjugated Antibody,,[],[],"Claim 1 describes a composition comprising a compound that inhibits a binding interaction, which classifies it as a 'Composition'. The claims include peptides and antibodies, but there is no indication of covalent attachment to a payload, thus it is classified as 'Unconjugated Antibody'.",022-873-617-525-132
Composition,Unconjugated Antibody,,[],[],"Claim 1 is a method for identifying cells using an anti-TfR1 antibody, which classifies the patent as a 'Composition' since it primarily involves an antibody. The antibody is not covalently attached to any payload, thus it is classified as 'Unconjugated Antibody'.",018-880-642-189-768
Composition,,,[],[],"Claim 143 describes a liposomal composition encapsulating an antifolate, which classifies it as a 'Composition'. There are no method-of-treatment claims in the independent claim, and the focus is on the structural aspects of the liposomal composition.",026-681-270-787-908
Composition,,,[],[],"Claim 1 describes a composition comprising an E-selectin antagonist and a mobilizer of hematopoietic stem cells or progenitor cells, classifying it as a 'Composition'. There are no claims directed primarily to methods of treatment in the independent claim.",027-479-703-653-962
Clinical,,,"['malignancy', 'matriptase-positive malignant B cell lymphoma', 'epithelial carcinoma', 'acute lymphoblastic leukemia', 'acute myelogenous leukemia', 'chronic lymphocytic leukemia', 'small lymphocytic lymphoma', 'chronic myelogenous leukemia', 'acute monocytic leukemia', ""Hodgkin's lymphomas"", ""Non-Hodgkin's lymphomas"", 'Mantle cell lymphoma', 'multiple myeloma']",[],"Claim 18 is a method of treating malignancies, making it a clinical claim. The focus is on the treatment method rather than the composition of the immunoconjugate.",018-532-190-457-977
Clinical,,,['chronic myelogenous leukemia'],[],"Claim 1 is a method of treating chronic myelogenous leukemia using an anti-CD70 antibody and a BCR-ABL1 tyrosine kinase inhibitor, classifying the patent as 'Clinical'.",034-266-182-791-239
Composition,Unconjugated Antibody,,[],[],"Claim 1 describes an engineered human Universal Chimeric Antigen Receptor (CAR) T Cell specific for CD22, which is a defined construct. It does not involve a covalent attachment to a non-antibody payload, thus classifying it as an Unconjugated Antibody.",036-771-262-213-199
Composition,Full ADC,,"['B-cell acute lymphoblastic leukemia (B-ALL)', 'B lymphoblastic lymphoma']",['pediatric'],"Claim 1 is a method of treatment but primarily claims a pharmaceutical composition comprising an antibody-drug conjugate (ADC). The broadest independent claim focuses on the ADC itself, classifying it as a 'Composition' and specifically as a 'Full ADC' due to the inclusion of both the antibody and the drug in a defined construct.",043-326-097-138-233
Clinical,,,['drug resistant avb3 polypeptide-expressing cancer'],[],"Claim 1 is a method for treating a specific type of cancer, which classifies the patent as 'Clinical'. The focus is on the treatment method rather than a composition or manufacturing process.",039-393-073-329-655
Clinical,,,"['thyroid cancer', 'hepatocellular carcinoma (HCC)', 'non-small cell lung cancer (NSCLC)', 'renal cell carcinoma (RCC)', 'endometrial cancer', 'squamous cell carcinoma of head and neck', 'glioblastoma', 'melanoma']",[],"Claim 1 is a method for treating cancer, which classifies the patent as 'Clinical'. The diseases listed in the claim are explicitly mentioned as part of the treatment method.",032-186-476-929-499
Clinical,,,"['primary biliary cholangitis (PBC)', 'non-alcoholic steatohepatitis (NASH)', 'non-alcoholic fatty liver disease (NAFLD)', 'primary sclerosing cholangitis (PSC)']",[],"Claim 61 is a method of treating liver disease, which makes the primary inventive concept clinical in nature. The diseases listed are explicitly mentioned in the treatment method.",034-995-278-038-233
Composition,Conjugated Payload,,[],[],"Claim 1 describes a composition that includes a stimulus response element and a payload, indicating a defined construct. The presence of a payload linked to the SRE suggests it is a conjugated construct, thus classified as 'Conjugated Payload'. No method-of-treatment claims are dominant in the independent claim.",060-462-010-132-158
Clinical,,,['cancer'],[],"Claim 30 is a method of treating cancer, which makes the primary inventive concept clinical in nature. The claims focus on the treatment method rather than the composition of the antibody or any other entity.",045-770-440-235-406
Composition,Unconjugated Antibody,,[],[],"Claim 1 explicitly claims a monoclonal antibody against PD-1, which classifies it as a 'Composition'. The antibody is not covalently attached to any payload, thus it is classified as 'Unconjugated Antibody'. There are no method-of-treatment claims in the independent claim.",063-490-212-072-47X
Clinical,,,['cancer'],['cancer patient'],"Claim 1 is a method for treating cancer patients, which classifies the patent as 'Clinical'. The focus is on the treatment regimen rather than any specific composition.",056-796-622-203-880
Clinical,,,['cancer'],['subjects affected with a cancer exhibiting recruitment of MDM2 to chromatin'],"Claim 1 is a method of treating and/or preventing cancer, which classifies the patent as 'Clinical'. The focus is on the treatment method rather than a composition or manufacturing process.",061-385-260-587-024
Clinical,,,"['cancer', 'renal cell carcinoma']",['human subject'],"Claim 1 is a method for treating cancer, specifically renal cell carcinoma, which classifies the patent as 'Clinical'. The focus is on the treatment method rather than a composition or manufacturing process.",067-660-736-759-955
Composition,Unconjugated Antibody,,[],[],"Claim 151 describes a multispecific antibody without any covalent attachment to a non-antibody payload, classifying it as an 'Unconjugated Antibody'. The primary inventive concept is the composition of the antibody itself, not a method of treatment.",070-511-529-653-698
Composition,Conjugated Antibody,,[],[],"Claim 1 describes an isolated antibody that is specifically conjugated with a cytotoxic agent, classifying it as a 'Conjugated Antibody'. The primary inventive concept is the composition of the antibody itself rather than a method of treatment.",066-622-754-014-515
Clinical,,,['locally advanced or metastatic triple negative breast cancer'],['individual'],"Claim 1 is a method for treating locally advanced or metastatic triple negative breast cancer, which classifies it as a Clinical patent type.",069-228-191-918-396
Clinical,,,['cancer'],[],"The broadest independent claim (Claim 1) is a method for administering a lipid particle to a subject, which qualifies as a method of treatment. The patent includes claims related to treating cancer, making 'Clinical' the appropriate classification.",067-312-293-811-417
Composition,Full ADC,,[],[],"Claim 1 explicitly claims an antibody-drug conjugate, which includes an anti-CD74 antibody and an Mcl-1 inhibitor drug moiety, classifying it as a 'Full ADC'. The primary inventive concept is directed to the composition of the ADC rather than methods of treatment.",079-454-696-030-702
Composition,Conjugated Linker,,['tumors'],[],"Claim 1 describes a compound (oxadiazole linker) that is used in the preparation of ADCs, classifying it as a composition. The focus is on the linker itself, which is a component for conjugation, thus classified as a 'Conjugated Linker'.",111-057-970-527-172
Clinical,,,"['locally advanced or metastatic solid tumors', 'castration-recurrent prostate cancer (CRPC)']",['patient in need of such treatment'],"Claim 1 is a method of treating cancer, specifically detailing the administration of a compound in combination with atezolizumab, thus classifying it as Clinical.",101-791-156-617-88X
Clinical,,,['cancer'],['subjects having cancer exhibiting a resistance to a tyrosine kinase inhibitor (TKI)'],"Claim 1 is a method of treating cancer, specifically targeting resistance to a TKI, which classifies the patent as 'Clinical'.",087-333-325-440-154
Clinical,,,"['fibrosis', 'fibrotic disorder', 'systemic sclerosis', 'idiopathic pulmonary fibrosis', 'primary sclerosing cholangitis', 'non-alcoholic steatohepatitis', 'primary focal glomerulosclerosis', 'primary segmental glomerulosclerosis', 'diabetic nephropathy', 'diastolic dysfunction', 'myelofibrosis', 'pulmonary fibrosis', 'alveolitis']","['patients suffering from fibrosis', 'patients suffering from systemic sclerosis']","Claim 47 is a method of treating fibrosis and/or fibrotic disorders, making it a clinical claim. The focus is on treatment methods rather than the composition of the antibody itself.",081-936-000-478-992
Composition,Unconjugated Antibody,,[],[],"Claim 1 is directed to an anti-EpCAM antibody, classifying it as a composition. The antibody is described without any covalent attachment to a non-antibody payload, thus it is classified as an 'Unconjugated Antibody'.",082-900-633-820-93X
Composition,Unconjugated Antibody,,[],[],"Claim 1 describes a bispecific antibody that binds to human PD-L1 and TIM-3 without any covalent attachment to a payload, classifying it as an 'Unconjugated Antibody'. The primary inventive concept is the antibody itself, not a method of treatment.",080-056-074-216-918
Composition,Unconjugated Antibody,,[],[],"Claim 1 is directed to an isolated polynucleotide encoding a chimeric antigen receptor (CAR), which is a defined construct. It does not involve any covalent attachment to a payload, thus classifying it as an Unconjugated Antibody.",102-249-358-278-384
CMC,,Conjugation Method,[],[],"Claim 1 describes a method for conjugating a compound to an antibody, focusing on the process of conjugation rather than the composition of a specific molecule. Therefore, it is classified as CMC with a subtype of Conjugation Method.",097-277-909-151-89X
Clinical,,,['cancer'],['host in need thereof'],"Claim 1 is a method of treatment for cancer, which classifies the patent as 'Clinical'. The focus is on the treatment regimen rather than a composition or manufacturing process.",099-056-192-442-019
Composition,Unconjugated Antibody,,[],[],"Claim 1 describes a compound that includes antibodies or antigen-binding fragments, without any mention of covalent attachment to a non-antibody payload, classifying it as an Unconjugated Antibody. The primary inventive concept is directed towards the composition of the antibody itself rather than methods of treatment.",087-589-297-730-734
Clinical,,,"['hyperproliferative disorder', 'cancer', 'glioma', 'glioblastoma']",[],"Claim 1 is a method for treating or preventing a hyperproliferative disorder, which classifies the patent as 'Clinical'. The focus is on treatment methods rather than a composition or manufacturing process.",081-973-829-102-818
Clinical,,,['glioblastoma'],['subjects having a biopsy-only glioblastoma tumor'],"Claim 1 is a method of treating a subject with glioblastoma, making it a clinical claim. The focus is on treatment methods rather than any specific composition or manufacturing process.",090-305-988-963-60X
Composition,,,[],[],"Claim 66 describes a therapeutic mRNA composition, which classifies it as a 'Composition'. There are no claims directed to methods of treatment or manufacturing processes.",088-194-898-651-628
Composition,Unconjugated Antibody,,[],[],"Claim 29 explicitly claims an isolated antibody or antigen-binding fragment, classifying it as a composition. There are no claims of covalent attachment to a payload, thus it is categorized as an Unconjugated Antibody.",093-122-002-027-397
Clinical,,,"['colorectal cancer', 'rectal cancer', 'colon cancer', 'thyroid cancer', 'oral cancer', 'pharyngeal cancer', 'laryngeal cancer', 'cervical cancer', 'brain cancer', 'lung cancer', 'ovarian cancer', 'bladder cancer', 'kidney cancer', 'liver cancer', 'pancreatic cancer', 'prostate cancer', 'skin cancer', 'tongue cancer', 'breast cancer', 'uterine cancer', 'gastric cancer', 'bone cancer', 'blood cancer']",[],"Claim 11 is a method of treating cancer, which classifies the patent as 'Clinical'. The broadest independent claim focuses on the treatment method rather than a composition or manufacturing process.",090-130-682-210-582
Clinical,,,['cancer'],"['mammal', 'cancer resistant to a chemotherapeutic agent']","Claim 1 is a method for treating a mammal with cancer, making it a method-of-treatment claim. The primary inventive concept is clinical in nature, focusing on treatment methods rather than compositions.",115-603-035-468-440
Clinical,,,['cancer'],"['subjects in need thereof', 'subjects diagnosed as having metastatic cancer', 'subjects diagnosed as having terminal cancer']","Claim 1 is a method for treating cancer, which classifies the patent as 'Clinical'. The focus is on the treatment method rather than a specific composition or manufacturing process.",106-589-420-489-171
Composition,Unconjugated Antibody,,[],[],"Claim 1 describes a composition comprising an antigen-binding region that binds to DKK1 or DKK4, which classifies it as a 'Composition'. The claim does not involve any covalent attachment to a non-antibody payload, thus it is classified as 'Unconjugated Antibody'.",120-636-842-163-282
Clinical,,,"['squamous cell carcinoma', 'nonsquamous cell carcinoma', 'non-small cell lung cancer (NSCLC)', 'small cell lung cancer', 'melanoma', 'hepatocellular carcinoma', 'renal cell carcinoma', 'ovarian cancer', 'head and neck cancer', 'urothelial cancer', 'breast cancer', 'prostate cancer', 'glioblastoma', 'colorectal cancer', 'pancreatic cancer', 'lymphoma', 'leiomyosarcoma', 'liposarcoma', 'synovial sarcoma', 'malignant peripheral sheath tumor (MPNST)']","['treatment naive', 'immune checkpoint treatment naive']","Claim 14 is a method for treating cancer, which classifies the patent as 'Clinical'. The claim details the combination of an HDAC inhibitor and a PD-L1 antibody for treatment, thus focusing on therapeutic use.",135-000-126-973-920
Composition,Unconjugated Antibody,,[],[],"Claim 1 describes an aqueous formulation comprising an anti-VEGF antibody, which classifies it as a 'Composition'. The formulation does not involve any covalent attachment to a non-antibody payload, thus it is categorized as 'Unconjugated Antibody'.",133-425-433-789-112
Composition,Unconjugated Antibody,,[],[],"Claim 1 describes a CEA CD3 bispecific antibody, which is classified as a composition. It does not involve any covalent attachment to a non-antibody payload, thus it is categorized as an Unconjugated Antibody.",116-012-527-097-510
Composition,Unconjugated Antibody,,[],[],"Claim 1 describes an anti-CD138 antibody molecule, which classifies it as a 'Composition'. It does not involve any covalent attachment to a payload, thus it is categorized as 'Unconjugated Antibody'.",113-836-749-519-179
Clinical,,,"['cancer', 'leukemia', 'myeloma', ""non-Hodgkin's lymphoma"", ""Hodgkin's lymphoma"", ""Waldenstrom's macroglobulinemia"", 'acute lymphoblastic leukemia', 'acute myeloid leukemia', 'chronic lymphocytic leukemia/small lymphocytic lymphoma', 'chronic myeloid leukemia', 'chronic myelomonocytic leukemia', 'multiple myeloma', 'classic Hodgkin lymphoma', 'nodular lymphocyte-predominant Hodgkin lymphoma', 'follicular lymphoma', 'lymphoplasmacytic lymphoma', 'marginal zone lymphoma', 'primary cutaneous anaplastic large cell lymphoma', 'diffuse large B-cell lymphoma', 'follicular large cell lymphoma', 'anaplastic large cell lymphoma', 'extranodal NK-/T-cell lymphoma', 'lymphomatoid granulomatosis', 'angioimmunoblastic T-cell lymphoma', 'peripheral T-cell lymphoma', 'primary central nervous system lymphoma', 'intravascular large B-cell lymphoma', 'mantle cell lymphoma', 'post-transplantation lymphoproliferative disorder', 'Burkitt lymphoma', 'lymphoblastic lymphoma', 'adult T-cell leukemia/lymphoma', 'B-cell lymphomas', 'glioblastoma', 'true histiocytic lymphoma', 'primary effusion lymphoma', 'plasmablastic lymphoma']",[],"Claim 1 is a method of treating cancer, which classifies the patent as 'Clinical'. The broadest claim focuses on treatment methods rather than a specific composition or manufacturing process.",115-744-704-805-459
Clinical,,,['cancer'],['subjects with HER2 mutation'],"Claim 1 is a method of treating cancer, which classifies the patent as 'Clinical'. The focus is on the treatment method rather than a composition or manufacturing process.",119-941-433-998-153
Clinical,,,['glioma'],[],"Claim 1 is a method of treatment for glioma, which classifies the patent as 'Clinical'. Although there are composition claims later, the primary inventive concept is the treatment method.",119-942-670-922-368
Clinical,,,"['malignant disease', 'autoimmune disease', 'inflammatory disease']","['subjects with T cell exhaustion', 'subjects not diagnosed with a B cell malignancy']","Claim 1 is a method of treatment, specifically addressing T cell exhaustion in subjects, which classifies the patent as 'Clinical'. The diseases treated include malignant, autoimmune, and inflammatory diseases.",113-945-893-134-356
Clinical,,,['cancer'],[],"Claim 1 is a method of treating cancer, which classifies the patent as 'Clinical'. The primary inventive concept is a treatment method rather than a composition or manufacturing process.",139-441-272-645-81X
Composition,Unconjugated Antibody,,[],[],"Claim 32 describes an isolated antibody that binds human galectin-9, classifying it as a composition. There are no claims of covalent attachment to a payload, thus it is categorized as an Unconjugated Antibody.",124-324-584-747-818
Composition,,,[],[],"Claim 1 describes an antitumor agent comprising ubenimex in combination with immune checkpoint inhibitors, classifying it as a composition. There are no claims directed to a method of treatment or manufacturing processes.",124-879-520-033-663
Clinical,,,['cancer'],['individuals with cancer or at risk of developing cancer resistant to a B-raf antagonist'],"Claim 1 is a method for treating cancer, which classifies the patent as 'Clinical'. The focus is on treatment methods rather than a specific composition or manufacturing process.",124-484-491-802-083
Composition,Unconjugated Antibody,,[],[],"Claim 1 describes an isolated antibody that binds to MICA, classifying it as a composition. There is no mention of covalent attachment to a payload, thus it is categorized as an Unconjugated Antibody.",127-993-738-879-715
Clinical,,,"['pancreatic cancer', 'esophageal cancer']",[],"Claim 1 is a method of reducing or inhibiting proliferation of cancer cells, which classifies the patent as 'Clinical'. The specific cancers mentioned in the claim are pancreatic and esophageal cancer.",128-452-755-613-227
Clinical,,,"['cancer', 'renal cell carcinoma', 'bladder cancer', 'breast cancer', 'clear cell kidney cancer', 'head/neck squamous cell carcinoma', 'lung squamous cell carcinoma', 'malignant melanoma', 'non-small-cell lung cancer (NSCLC)', 'ovarian cancer', 'pancreatic cancer', 'prostate cancer', 'small-cell lung cancer (SCLC)', 'triple negative breast cancer', 'acute lymphoblastic leukemia (ALL)', 'acute myeloid leukemia (AML)', 'chronic lymphocytic leukemia (CLL)', 'chronic myeloid leukemia (CML)', 'diffuse large B-cell lymphoma (DLBCL)', 'follicular lymphoma', ""Hodgkin's lymphoma (HL)"", 'mantle cell lymphoma (MCL)', 'multiple myeloma (MM)', 'myelodysplastic syndrome (MDS)', ""non-Hodgkin's lymphoma (NHL)"", 'small lymphocytic lymphoma (SLL)']",['human'],"Claim 1 is a method for treating cancer, classifying the patent as 'Clinical'. The clinical indications include various types of cancer explicitly mentioned in the claims.",153-055-724-030-560
Clinical,,,['cancer'],[],"Claim 1 is a method for treating cancer, which classifies the patent as 'Clinical'. The focus is on the treatment method rather than a specific composition or manufacturing process.",159-235-433-743-102
Composition,Unconjugated Antibody,,['cancer'],[],"Claim 90 describes an isolated polynucleotide encoding a bispecific antibody, which classifies as a composition. The bispecific antibody does not involve any covalent attachment to a payload, thus it is categorized as an Unconjugated Antibody.",140-685-238-160-671
Composition,Unconjugated Antibody,,[],[],"Claim 1 describes a composition comprising nucleic acid molecules encoding synthetic antibodies, which classifies it as a 'Composition'. The antibodies are not covalently attached to any payload, thus they are classified as 'Unconjugated Antibody'.",147-181-312-986-662
Composition,Unconjugated Antibody,,[],[],"Claim 1 describes a dosage unit comprising cell-penetrating unconjugated monospecific anti-DNA antibodies, which classifies it as a composition. There are no claims directed to a method of treatment in the independent claim.",144-329-367-782-252
Clinical,,,"['EGFR and/or C-Met expressing cancer', 'epithelial cell cancer', 'breast cancer', 'ovarian cancer', 'lung cancer', 'non-small cell lung cancer (NSCLC)', 'lung adenocarcinoma', 'small cell lung cancer', 'colorectal cancer', 'anal cancer', 'prostate cancer', 'kidney cancer', 'bladder cancer', 'head and neck cancer', 'pharynx cancer', 'cancer of the nose', 'pancreatic cancer', 'skin cancer', 'oral cancer', 'cancer of the tongue', 'esophageal cancer', 'vaginal cancer', 'cervical cancer', 'cancer of the spleen', 'testicular cancer', 'gastric cancer', 'cancer of the thymus', 'colon cancer', 'thyroid cancer', 'liver cancer', 'hepatocellular carcinoma (HCC)', 'sporadic or hereditary papillary renal cell carcinoma (PRCC)']",[],"Claim 1 is a method of treating cancer, which classifies the patent as 'Clinical'. The specific diseases treated are listed in the claims, while no specific patient populations are defined.",147-711-428-139-655
Composition,Dual Combination,,['cancer'],[],"Claim 1 describes a pharmaceutical combination comprising an antibody and bortezomib, classifying it as a composition. The combination of an antibody and a drug indicates a dual combination of components rather than a single defined construct.",144-495-213-121-201
Clinical,,,"['multiple myeloma', 'acute myeloid leukemia', 'myelodysplastic syndrome', 'myeloproliferative neoplasm', 'relapsed/refractory acute myeloid leukemia']",[],"Claim 21 is a method for inhibiting growth of cells expressing CD33, which qualifies it as a method-of-treatment claim. The focus is on the treatment methods rather than the composition of any specific molecules.",148-274-118-467-761
Composition,Unconjugated Antibody,,[],[],"Claim 1 explicitly claims an antibody, which classifies the patent as a 'Composition'. The antibody is not covalently attached to any payload, thus it is classified as 'Unconjugated Antibody'.",144-809-522-246-613
Clinical,,,"['tumor', 'cancer', 'leukemia', 'lymphoma', 'acute lymphoblastic leukemia', 'non-Hodgkin lymphoma']",[],"Claim 1 is a method of treatment involving administering consecutive doses of CAR-expressing cells to subjects with a disease, thus classifying the patent as 'Clinical'.",142-199-303-835-401
Clinical,,,['cancer'],['mammalian host'],"Claim 1 is a method of forming a composition of enriched tumor-specific immune anticancer agents, which is primarily a method-of-treatment claim. The focus is on enhancing immune cell activity for cancer immunotherapy, thus classifying it as Clinical.",156-935-598-524-344
Clinical,,,['hematologic malignancy'],[],"Claim 1 is a method of treating a hematologic malignancy, which classifies the patent as 'Clinical'. There are no claims directed to a molecule or composition, thus no composition subtype is applicable.",159-976-962-916-206
Clinical,,,['HER2-expressing breast tumor'],['patient in need thereof'],"Claim 1 is a method of treating a HER2-expressing breast tumor, which classifies the patent as 'Clinical'. The focus is on the treatment method rather than the composition of the antibody.",155-477-250-936-91X
Clinical,,,"['metastasis', 'primary tumor']",[],"Claim 1 is a method of inhibiting metastasis in a subject, which qualifies it as a method-of-treatment claim. Therefore, the primary patent type is classified as 'Clinical'.",156-894-709-002-605
Clinical,,,"['breast cancer', 'colon cancer', 'renal cell cancer', 'lung cancer', 'hepatocellular carcinoma', 'gastric cancer', 'ovarian cancer', 'pancreatic cancer', 'esophageal cancer', 'prostate cancer', 'sarcoma', 'bladder cancer', 'head and neck cancer', 'glioblastoma', 'diffuse large B-cell lymphoma', 'leukemia', 'melanoma', 'small cell lung cancer', 'non-small cell lung cancer']",['subject having an ε2 and an ε4 allele from polymorphisms at rs7412 or rs429358 in the ApoE gene'],"Claim 1 is a method of treating cancer based on specific genetic markers, classifying it as 'Clinical'.",166-862-644-900-274
Composition,Unconjugated Antibody,,[],[],"Claim 1 claims a composition comprising an antibody that specifically binds to IL7R, which classifies it as a 'Composition'. The claims do not indicate any covalent attachment to a non-antibody payload, thus it is classified as 'Unconjugated Antibody'.",174-400-578-989-584
Clinical,,,"['cancer', 'infectious pathogens', 'autoimmune diseases', 'neurological disorders', 'obesity']",['human subject'],"Claim 1 is a method for increasing the efficacy of a cancer immunotherapy or vaccine, which classifies the patent as 'Clinical'. The diseases and patient population are explicitly mentioned in the claims.",160-739-081-513-147
Clinical,,,"['CLDN18.2-associated disease', 'cancer']",[],"Claim 1 is a method of treating a CLDN18.2-associated disease, which classifies the patent as 'Clinical'. The primary inventive concept is a treatment method rather than a composition or manufacturing process.",175-846-828-054-910
Clinical,,,['multiple myeloma'],[],"Claim 206 is a method of treating multiple myeloma, which classifies the patent as 'Clinical'. The primary inventive concept is a treatment regimen rather than a composition of matter.",165-760-139-206-00X
Composition,Unconjugated Antibody,,[],[],"Claim 1 describes a recombinant HIDE1 protein, which is a defined construct and falls under the category of 'Composition'. It does not involve any covalent attachment to a non-antibody payload, thus classifying it as an 'Unconjugated Antibody'.",192-435-906-827-342
Clinical,,,['liver cancer'],['mammal'],"Claim 1 is a method of treatment for liver cancer, making it primarily a clinical claim. The focus is on the therapeutic use of a compound in combination with a monoclonal antibody.",181-127-457-672-002
Composition,Unconjugated Antibody,,[],[],"Claim 1 describes a recombinant modified vaccinia Ankara (MVA) virus, which is a defined construct. It does not involve a method of treatment or manufacturing process, thus classifying it as a 'Composition'. The virus does not involve a covalent attachment to a payload, hence it is classified as 'Unconjugated Antibody'.",178-693-505-673-156
Clinical,,,['metastatic cancer'],[],"Claim 1 is a method of treatment for metastatic cancer, making the primary inventive concept clinical in nature. The focus is on the treatment method rather than a composition or manufacturing process.",179-150-683-493-735
Composition,,,[],[],"Claim 1 describes a compound with a specific formula, classifying it as a 'Composition'. Although there are method-of-treatment claims later, the broadest independent claim is directed to a molecule, which takes precedence.",195-978-658-943-685
Clinical,,,['metastatic colorectal cancer'],[],"Claim 1 is a method of treating metastatic colorectal cancer, which classifies the patent as 'Clinical'. There are no claims directed to a composition or manufacturing process.",118-557-772-967-519
Clinical,,,"['cancer', 'lung cancer', 'non-small cell lung cancer']",[],"Claim 1 is a method of treating a proliferative disease, specifically cancer, which classifies the patent as 'Clinical'. The focus is on treatment methods rather than compositions.",183-759-946-891-79X
Clinical,,,['cancer'],[],"Claim 3 is a method for treatment, making the primary inventive concept clinical in nature. The broadest independent claim focuses on the administration of a T cell engaging agent and an NLRP3 inhibitor for treating a disease, specifically cancer.",080-366-808-930-437
Clinical,,,"['cancer', 'non-Hodgkin lymphoma', 'Hodgkin Lymphoma']",['patients in need of treatment or management'],"Claim 1 is a method of treating or managing cancer, which classifies the patent as 'Clinical'. The focus is on treatment methods rather than a specific composition.",193-782-181-610-527
Clinical,,,"['cytokine release syndrome', 'cancer', 'infection', 'inflammatory disease', 'viral infection']","['T-cells', 'dendritic cells', 'natural killer cells', 'myeloid cells', 'macrophages']","Claim 1 is a method of modifying an immune response in a subject, which classifies the patent as 'Clinical'. The claims detail various methods of treatment involving immune cells and specific inhibitors, focusing on therapeutic applications.",192-825-971-960-047
Clinical,,,"['disease', 'condition', 'cancer', 'hyperproliferative disease']",[],"Claim 1 is a method for treating a disease or condition, which classifies the patent as 'Clinical'. The specific diseases mentioned in the claims include cancer and hyperproliferative diseases.",198-177-277-477-51X
Composition,Unconjugated Antibody,,[],[],"Claim 1 describes an isolated heavy chain variable region polypeptide that binds to PD-L1, classifying it as a composition. The subsequent claims detail antibodies but do not indicate any covalent attachment to a payload, thus it is classified as an Unconjugated Antibody.",063-379-207-128-648
Composition,Other,,[],[],"Claim 1 describes a genetically modified NK-92 cell comprising specific components, classifying it as a composition. However, it does not fit into the defined subtypes for ADCs or other constructs, hence categorized as 'Other'. There are no method-of-treatment claims in the independent claim.",044-433-530-205-637
Composition,,,[],[],"Claim 95 describes a liposomal composition comprising alpha polyglutamated aminopterin, which qualifies as a composition. The primary inventive concept is directed to the composition itself rather than methods of treatment, despite treatment claims appearing later.",196-607-933-078-723
Clinical,,,"['melanoma', 'breast cancer', 'metastatic breast cancer', 'glioma', 'glioblastoma', 'adenocarcinoma', 'intestinal cancer', 'pancreatic cancer', 'bone cancer', 'kidney cancer', 'colon cancer', 'stomach cancer', 'chronic lymphocytic leukaemia', 'non-small cell lung cancer', 'advanced and/or metastatic kidney cancer', 'head and neck cancer', 'advanced melanoma', 'non-Hodgkin lymphoma', 'metastatic melanoma', 'lung cancer', 'age-related macular degeneration']",['patient in need thereof'],"Claim 1 is a method for treating various pathologies, making it a clinical claim. The focus is on the treatment method rather than the composition of the nanoparticles.",096-369-599-585-423
Clinical,,,['atopic dermatitis'],['subjects having moderate-to-severe AD'],"Claim 1 is a method of treating atopic dermatitis, which classifies the patent as 'Clinical'. The focus is on the treatment method rather than the composition of the antibody.",170-208-982-071-964
Composition,Unconjugated Antibody,,[],[],"Claim 1 describes an isolated monoclonal antibody, which classifies the patent as a 'Composition'. The antibody is not covalently attached to any payload, thus it is categorized as an 'Unconjugated Antibody'.",025-828-510-410-462
Clinical,,,['cancer'],[],"Claim 1 is a method of treating cancer, which classifies the patent as 'Clinical'. The focus is on predicting responsiveness to treatment and administering therapy, rather than on a specific molecule or composition.",160-132-470-382-717
Clinical,,,['multiple myeloma'],"['subjects with relapsed multiple myeloma', 'subjects with refractory multiple myeloma']","Claim 1 is a method of treating multiple myeloma, which classifies the patent as 'Clinical'. The indications and populations are explicitly mentioned in the treatment method.",184-268-262-020-010
Composition,,,[],[],"Claim 95 describes a liposomal composition comprising gamma polyglutamated pralatrexate, which classifies it as a 'Composition'. The primary inventive concept is directed to the composition itself rather than methods of treatment.",126-700-848-517-741
Composition,,,[],[],"Claim 1 describes a liposomal composition comprising gamma polyglutamated methotrexate, which classifies it as a 'Composition'. There are no claims that primarily focus on treatment methods in the first independent claim.",112-671-786-998-886
Clinical,,,"['melanoma', 'lymphoma', 'esophageal cancer', 'liver cancer', 'head and neck cancer', 'bladder cancer', 'endometrial cancer', 'kidney cancer', 'thyroid cancer', 'breast cancer', 'colorectal cancer', 'leukemia', 'lung cancer', 'pancreatic cancer', 'prostate cancer']",[],"Claim 1 is a method for treating cancer, which classifies the patent as 'Clinical'. The diseases listed in the claims are explicitly mentioned as part of the treatment method.",007-217-741-704-542
Clinical,,,"['cancer', 'cancer metastasis', 'viral infection']","['mammal', 'human']","Claim 1 is a method of reducing immune inhibition, which qualifies it as a method-of-treatment claim. The clinical indications include cancer and viral infections, and the population specified is mammals, including humans.",003-323-493-197-29X
Clinical,,,['follicular lymphoma'],['human subjects'],"Claim 49 is a method of treating follicular lymphoma using a bispecific antibody, which classifies the patent as 'Clinical'. The focus is on the treatment method rather than the composition of the antibody.",004-130-028-158-864
Composition,Full ADC,,[],[],"Claim 1 describes a pharmaceutical composition comprising an antibody-drug conjugate (ADC) and an anti-SIRPα antibody, which qualifies as a composition. The ADC is defined as having a drug-linker covalently attached to an antibody, indicating it is a Full ADC.",000-720-199-850-470
Clinical,,,"['triple-negative breast cancer', 'small cell lung cancer', 'non-small cell lung cancer', 'urothelial cancer', 'gastric cancer', 'pancreatic cancer', 'colorectal cancer', 'prostate cancer', 'ovarian cancer', 'renal cancer', 'bladder cancer']","['Trop-2 expressing cancer', 'human subject']","Claim 1 is a method of treating Trop-2 expressing cancer, which classifies the patent as 'Clinical'. The diseases and patient populations are explicitly mentioned in the treatment method.",013-775-054-692-846
Clinical,,,"['lung cancer', 'non-small cell lung cancer (NSCLC)']",[],"Claim 1 is a method of treating lung cancer, which classifies the patent as 'Clinical'. The diseases explicitly mentioned in the treatment method are lung cancer and non-small cell lung cancer (NSCLC).",013-864-024-679-039
Clinical,,,"['tumors', 'autoimmune diseases', 'infectious diseases']",[],"Claim 1 is a method of reducing dosage of an antibody-drug conjugate in treatment, which classifies the patent as 'Clinical'. The clinical indications are explicitly mentioned in the claims.",005-559-159-918-139
Clinical,,,['high-risk multiple myeloma'],[],"Claim 1 is a method of achieving negative minimal residual disease status in a subject having high-risk multiple myeloma, which classifies it as a clinical method of treatment.",014-200-156-458-865
Clinical,,,"['tumors', 'inflammatory diseases']",[],"Claim 1 is a method of treating tumors and/or inflammatory diseases, which classifies the patent as 'Clinical'. No composition claims are present in the broadest independent claim.",019-471-134-708-620
Composition,Unconjugated Antibody,,[],[],"Claim 1 describes a recombinant oncolytic herpes simplex virus comprising a nucleic acid encoding an anti-CD47 antibody, classifying it as a composition. The antibody is not covalently attached to a payload, thus it is categorized as an 'Unconjugated Antibody'.",022-441-904-427-675
Composition,Conjugated Linker,,[],[],"Claim 1 describes a toll-like receptor 7/8 agonist-functional drug complex, which is a defined construct involving a functional drug and a linker. This qualifies as a composition. The focus on the cleavable linker indicates it is primarily a conjugated linker rather than a full ADC.",016-061-881-721-035
Composition,Unconjugated Antibody,,[],[],"Claim 1 describes a combination of an anti-PD-L1 antibody and anlotinib, focusing on the antibody's amino acid sequence without any mention of covalent attachment to a payload, classifying it as an Unconjugated Antibody. The primary inventive concept is the composition rather than a method of treatment.",023-890-703-149-074
Composition,,,[],[],"Claim 1 is directed to a composition comprising specific inhibitors, classifying it as a 'Composition'. Although there are method-of-treatment claims later, the broadest independent claim focuses on the composition itself.",028-845-288-755-497
Clinical,,,"['EGFR expressing cancer', 'c-Met expressing cancer', 'non-small cell lung cancer (NSCLC)', 'epithelial cell cancer', 'breast cancer', 'ovarian cancer', 'lung cancer', 'squamous cell lung cancer', 'lung adenocarcinoma', 'small cell lung cancer', 'colorectal cancer', 'anal cancer', 'prostate cancer', 'kidney cancer', 'bladder cancer', 'head and neck cancer', 'pharynx cancer', 'cancer of the nose', 'pancreatic cancer', 'skin cancer', 'oral cancer', 'cancer of the tongue', 'esophageal cancer', 'vaginal cancer', 'cervical cancer', 'cancer of the spleen', 'testicular cancer', 'gastric cancer', 'cancer of the thymus', 'colon cancer', 'thyroid cancer', 'liver cancer', 'hepatocellular carcinoma (HCC)', 'sporadic or hereditary papillary renal cell carcinoma (PRCC)']",[],"Claim 1 is a method of treating cancer, classifying the patent as 'Clinical'. The broadest claim focuses on treatment methods rather than a composition or manufacturing process.",031-859-405-880-568
Clinical,,,['cancer'],"['human subject in need thereof', 'human subject with a KRAS mutation', 'human subject with a TP53 mutation', 'human subject with a KEAP1 mutation', 'human subject with PD-L1-positive cancer']","Claim 1 is a method of treating or preventing cancer, which classifies it as a Clinical patent type. The focus is on the treatment method rather than a composition or manufacturing process.",028-094-723-753-716
Clinical,,,"['cancer', 'malignant solid tumor', 'liquid tumor', 'lymphoma', 'metastatic cancer', 'unresectable cancer', 'recurrent cancer', 'melanoma', 'non-small cell lung cancer', 'squamous cell carcinoma of the head and neck', 'bladder cancer', 'renal cell carcinoma', 'cervical cancer', 'pancreatic cancer', 'ASST', 'diffuse large B-cell lymphoma', 'gastric cancer']","['subjects', 'human', 'adult']","Claim 1 is a method of treating cancer, classifying the patent as 'Clinical'. The indications and populations are explicitly mentioned in the treatment method.",035-590-330-654-086
Clinical,,,['cancer'],[],"Claim 1 is a method for treating cancer, which classifies the patent as 'Clinical'. The primary inventive concept is a method of treatment rather than a composition of matter.",046-670-366-991-489
Clinical,,,['cancer'],[],"Claim 1 is a method of treatment involving a combination therapy for cancer, making it primarily a clinical patent despite the presence of composition claims in later claims.",044-861-964-215-833
Clinical,,,"['melanoma', 'glioblastoma multiforme', 'anaplastic astrocytoma', 'ependymoma', 'meningioma', 'oligodendroglioma']",['human'],"Claim 60 is a method of reducing tumor burden and increasing survival in subjects with neoplasia, classifying the patent as 'Clinical'. The diseases explicitly mentioned in the treatment method are extracted as clinical indications.",032-946-471-612-141
Composition,,,[],[],"Claim 1 describes a composition comprising a procaspase-3 activator and a second active agent, which classifies it as a 'Composition'. There are no claims directed primarily to a method of treatment in the broadest independent claim.",036-813-199-813-003
Clinical,,,"['solid tumor', 'triple negative breast cancer']",['subject having a solid tumor expressing PD-1'],"Claim 1 is a method for treating a subject with a solid tumor, specifically targeting PD-1 expression, which classifies it as a Clinical patent type.",035-665-135-481-224
Composition,Unconjugated Antibody,,[],[],"Claim 1 describes a multispecific antibody without any covalent attachment to a non-antibody payload, classifying it as an 'Unconjugated Antibody'. The primary inventive concept is the composition of the antibody itself, not a method of treatment.",034-010-124-330-70X
Clinical,,,"[""non-Hodgkin's lymphoma"", 'rheumatoid arthritis']",['B cells'],"Claim 1 is a method of inducing apoptosis, which qualifies it as a clinical claim. The diseases and patient populations are explicitly mentioned in the treatment methods.",045-559-435-840-886
Clinical,,,"['ROR-1 expressing cancer', 'cancer susceptible to a BTK antagonist', 'lymphoma', 'leukemia', 'myeloma', 'AML', 'B-ALL', 'T-ALL', 'renal cell carcinoma', 'colon cancer', 'colorectal cancer', 'breast cancer', 'epithelial squamous cell cancer', 'melanoma', 'stomach cancer', 'brain cancer', 'lung cancer', 'pancreatic cancer', 'cervical cancer', 'ovarian cancer', 'liver cancer', 'bladder cancer', 'prostate cancer', 'testicular cancer', 'thyroid cancer', 'head and neck cancer', 'uterine cancer', 'adenocarcinoma', 'adrenal cancer', 'chronic lymphocytic leukemia (CLL)', 'small lymphocytic lymphoma', 'mantle cell lymphoma (MCL)', 'marginal cell B-Cell lymphoma', ""Burkitt's Lymphoma"", 'B cell leukemia']",[],"Claim 1 is a method of treating cancer, which classifies the patent as 'Clinical'. The claim details specific cancers targeted by the treatment method.",046-573-940-249-277
Clinical,,,['diarrhea'],"['subjects undergoing chemotherapy', 'subjects undergoing radiotherapy', 'subjects undergoing hematopoietic stem cell transplant']","Claim 482 is a method of treating diarrhea associated with chemotherapy, radiotherapy, or HSCT, making it a clinical claim. The focus is on treatment methods rather than the composition of the antibody.",044-569-367-086-422
Clinical,,,['cancer'],[],"Claim 1 is a method of treating cancer, which classifies the patent as 'Clinical'. The primary inventive concept is the treatment method rather than a composition or manufacturing process.",055-730-148-259-837
Clinical,,,['prostate cancer'],[],"Claim 1 is a method for identifying and treating subjects with prostate cancer, making it primarily a method-of-treatment claim.",051-874-984-770-216
Composition,,,[],[],"Claim 1 describes a composition comprising an agent that binds to 4-1BB and a specific benzamide compound, classifying it as a 'Composition'. Although there are method-of-treatment claims later, the broadest independent claim is directed to the composition itself.",061-324-871-243-686
Clinical,,,['hepatocellular carcinoma'],['human subject'],"Claim 1 is a method of treating hepatocellular carcinoma, which classifies the patent as 'Clinical'. The focus is on the treatment method rather than a composition or manufacturing process.",057-463-374-416-123
Composition,Unconjugated Antibody,,[],[],"Claim 1 explicitly claims an isolated antibody against IL-17RB, classifying it as a composition. There are no claims of conjugation to a payload, thus it is categorized as an Unconjugated Antibody.",058-283-876-082-221
Clinical,,,"['B cell malignancy', ""B-cell non-Hodgkin's lymphoma"", 'plasma cell dyscrasia', 'acute leukemia', 'B cell acute lymphocytic leukemia (B-ALL)', 'chronic lymphocytic leukemia (CLL)/small lymphocytic lymphoma (SLL)', 'follicular lymphoma (FL)', 'mantle cell lymphoma (MCL)', 'diffuse large B-cell lymphoma (DLBCL)', 'Burkitt lymphoma', 'lymphoplasmacytic lymphoma (Waldenstrom macroglobulinemia)', 'MALT lymphoma', 'marginal zone lymphoma (MZL)', 'extranodal marginal zone lymphoma (EMZL)', 'nodal marginal zone B-cell lymphoma (NZML)', 'splenic marginal zone B-cell lymphoma (SMZL)']",[],"Claim 52 is a method of treating B cell malignancies, making it a clinical claim. The focus is on treatment rather than a composition or manufacturing process.",069-284-091-581-569
Composition,Unconjugated Antibody,,"['acute myeloid leukemia', 'diffuse large B-cell lymphoma']",[],"Claim 1 explicitly claims an anti-CD25 antibody, classifying it as a 'Composition'. The antibody is not covalently attached to any payload, thus it is categorized as 'Unconjugated Antibody'. Although treatment claims exist, they do not override the primary classification.",071-569-177-204-968
Composition,Dual Combination,,[],[],"Claim 1 describes a pharmaceutical combination comprising CX-4945 and an anti-CTLA4 antibody, classifying it as a 'Composition'. The combination of these two components indicates a 'Dual Combination' subtype, as it involves two distinct therapeutic agents.",071-701-409-895-864
Composition,Unconjugated Antibody,,[],[],"Claim 1 describes an ErbB3 antibody, which is a molecule and thus classified as 'Composition'. It does not involve any covalent attachment to a payload, so it is categorized as 'Unconjugated Antibody'.",073-384-821-544-237
Composition,Conjugated Antibody,,[],[],"Claim 1 describes a compound that includes a radionuclide cation, indicating a covalent attachment to a non-antibody payload, thus classifying it as a 'Conjugated Antibody'. The primary inventive concept is a composition rather than a method of treatment.",082-112-987-018-146
Clinical,,,['cancer'],[],"Claim 1 is a method of enhancing programmed cell removal of living cancer cells, which classifies it as a Clinical patent type. The focus is on the method of treatment rather than a composition or manufacturing process.",082-648-059-491-868
Composition,,,[],[],"Claim 1 is directed to a pharmaceutical composition comprising specific components, classifying it as a 'Composition'. There are no claims that primarily focus on treatment methods or manufacturing processes.",085-261-746-506-833
Composition,Conjugated Antibody,,['pancreatic cancer'],[],"Claim 1 describes a pharmaceutical composition comprising specific active ingredients, classifying it as a 'Composition'. Claim 5 introduces a conjugated construct involving an antibody, thus it is classified as 'Conjugated Antibody'.",080-148-878-429-757
Clinical,,,['cancer'],[],"Claim 1 is a method of treating or preventing cancer, which classifies the patent as 'Clinical'. The primary inventive concept is a treatment method rather than a composition.",090-647-708-597-335
Clinical,,,['CD20+ cancer'],[],"Claim 1 is a method for treating a patient suffering from a CD20+ cancer, which classifies the patent as 'Clinical'. No specific patient populations are claimed in the method.",094-662-896-545-225
Composition,Unconjugated Antibody,,[],[],"Claim 1 is directed to an isolated polynucleotide encoding an antibody heavy chain, classifying it as a 'Composition'. The claims primarily focus on antibodies and their fragments without any covalent attachment to a non-antibody payload, thus it is classified as 'Unconjugated Antibody'.",102-983-608-372-522
Clinical,,,['multiple myeloma'],[],"Claim 1 is a method for inducing apoptosis in multiple myeloma cells, which classifies the patent as Clinical. The focus is on the treatment method rather than the composition of the antibody.",109-026-741-563-803
Composition,Full ADC,,[],[],"Claim 13 explicitly claims an antibody drug conjugate (ADC) comprising an antibody and a linker, which qualifies it as a composition. The claim details the structure of the ADC, indicating it is a defined construct with both antibody and payload components.",115-683-703-466-428
Clinical,,,['ovarian cancer'],[],"Claim 1 is a method for treating ovarian cancer, which classifies the patent as 'Clinical'. There are no claims directed to a molecule or composition.",114-483-489-634-706
Clinical,,,['colorectal cancer'],['patients with BRAF V600E mutation'],"Claim 1 is a method of treating colorectal cancer, specifically targeting patients with a BRAF V600E mutation, which classifies the patent as 'Clinical'.",115-212-764-667-556
Composition,Unconjugated Antibody,,[],[],"Claim 1 describes a chimeric antigen receptor, which is a defined construct and falls under the category of 'Composition'. The claims do not primarily focus on treatment methods, thus 'Composition' is the dominant inventive concept.",109-882-974-125-929
Clinical,,,['brain metastasis'],[],"Claim 1 is a method of treating brain metastasis, which classifies the patent as 'Clinical'. There are no claims directed to a molecule or composition that would warrant a 'Composition' classification.",113-830-920-949-746
Clinical,,,['CD38+ cancer'],[],"Claim 1 is a method for treating a patient suffering from a CD38+ cancer, which classifies the patent as 'Clinical'. No composition or CMC claims are present in the broadest independent claim.",112-631-857-955-925
Clinical,,,['acute lymphoblastic leukemia'],[],"Claim 1 is a method of treating a subject with relapsed or refractory acute lymphoblastic leukemia using an anti-CD38 antibody, classifying the patent as 'Clinical'.",125-987-895-363-559
Composition,,,[],[],"Claim 1 is directed to a vaccine comprising a polynucleotide encoding a HER3 polypeptide, classifying it as a 'Composition'. Although there are method-of-treatment claims, the broadest independent claim focuses on the composition itself.",122-575-840-464-715
Composition,Unconjugated Antibody,,[],[],"Claim 1 is directed to an antibody that specifically binds to MDR1, classifying it as a 'Composition'. The antibody is not covalently attached to any payload, thus it is categorized as an 'Unconjugated Antibody'.",132-129-082-486-474
Clinical,,,"['cancer', 'liver cancer', 'colon cancer', 'pancreatic cancer', 'lung cancer', 'bladder cancer', 'hepatocellular carcinoma']",[],"Claim 1 is a method of killing cancer cells, which classifies the patent as 'Clinical'. The claims detail various cancer types treated, thus indicating specific clinical indications.",131-129-188-614-570
Clinical,,,"['Burkitt lymphoma', 'leukemia']",[],"Claim 1 is a method of treating Burkitt lymphoma or leukemia, which classifies the patent as 'Clinical'. The focus is on the treatment method rather than the composition of the antibody.",137-583-407-228-556
Composition,Full ADC,,[],[],"Claim 16 describes a method of treatment but primarily focuses on the composition of an antibody-drug conjugate (ADC), which includes an antibody, linker, and drug moiety. Therefore, it is classified as a 'Composition' with a subtype of 'Full ADC' due to the explicit definition of the ADC construct.",137-136-471-080-344
Clinical,,,"['lung cancer', 'melanoma', 'renal cancer', 'liver cancer', 'myeloma', 'prostate cancer', 'breast cancer', 'colorectal cancer', 'pancreatic cancer', 'thyroid cancer', 'hematological cancer', 'leukemia', ""non-Hodgkin's lymphoma"", 'non-small cell lung cancer (NSCLC)', 'renal cell carcinoma', 'hepatocellular carcinoma']",[],"Claim 1 is a method of treating cancer, which classifies the patent as 'Clinical'. The diseases are explicitly mentioned in the treatment method.",128-398-557-791-431
Clinical,,,['non-small cell lung cancer (NSCLC)'],[],"Claim 1 is a method of treating non-small cell lung cancer (NSCLC) in a patient, which classifies the patent as 'Clinical'. There are no claims directed to a specific molecule or composition.",131-986-939-025-416
Composition,,,[],[],"Claim 1 describes a liposomal composition comprising a polyglutamated antifolate, which classifies it as a 'Composition'. There are no method-of-treatment claims in Claim 1, and thus it does not fall under 'Clinical'.",139-223-346-986-735
Composition,Full ADC,,[],[],"Claim 1 explicitly claims an antibody-drug conjugate (ADC) comprising an antibody, a trimaleimide linker, and a drug moiety, which fits the definition of a Full ADC. There are no method-of-treatment claims in the independent claim.",153-190-687-917-542
Composition,Unconjugated Antibody,,[],[],"Claim 1 claims a monoclonal antibody that inhibits HIF-1α, classifying it as a composition. There are no claims of covalent attachment to a payload, thus it is categorized as an Unconjugated Antibody.",150-869-387-153-159
Composition,Conjugated Antibody,,[],[],"Claim 1 describes a radiopharmaceutical system that includes a monoclonal antibody conjugated to a chelator, which qualifies it as a composition. The presence of treatment claims later does not override the classification based on the broadest independent claim.",146-721-071-313-050
Composition,Dual Combination,,[],[],"Claim 1 describes a composition comprising a compound and an immune checkpoint inhibitor, classifying it as a 'Composition'. The presence of both a first agent and a second agent (immune checkpoint inhibitor) indicates a 'Dual Combination' subtype.",151-397-473-020-057
Clinical,,,['small cell lung cancer'],[],"Claim 1 is a method-of-treatment claim for lurbinectedin in the treatment of cancer, specifically small cell lung cancer, which classifies the patent as Clinical.",167-358-830-786-931
Composition,Unconjugated Antibody,,[],[],"Claim 1 describes a cellular senescence-suppressing agent comprising an NTM function inhibitor, which can include an antibody. Since the broadest independent claim is directed to a composition rather than a method of treatment, it is classified as 'Composition'. The antibody is not covalently attached to a payload, thus it is classified as 'Unconjugated Antibody'.",168-662-294-678-621
Composition,Unconjugated Antibody,,[],[],"Claim 1 is directed to a humanized monoclonal anti-CD19 antibody, classifying it as a 'Composition'. There is no covalent attachment to a payload, thus it is categorized as 'Unconjugated Antibody'.",170-798-004-496-155
Composition,Unconjugated Antibody,,[],[],"Claim 1 is a method of screening for compounds, not a composition. However, the broadest independent claims later include isolated mutant SMO proteins, which classify as a composition. The antibody claims are not conjugated to a payload, thus classified as Unconjugated Antibody.",166-590-753-318-658
Composition,Unconjugated Antibody,,[],[],"Claim 1 is directed to a pharmaceutical composition comprising an anti-ILT3 antigen binding protein, classifying it as a 'Composition'. The composition does not involve any covalent attachment to a payload, thus it is categorized as 'Unconjugated Antibody'.",168-384-598-195-437
Clinical,,,['cancer'],['subjects having dysregulated lymphatic systems'],"Claim 1 is a method for treating cancer, which classifies the patent as 'Clinical'. The focus is on the treatment method rather than a composition or manufacturing process.",173-512-077-247-451
Clinical,,,['metastatic pancreatic ductal adenocarcinoma'],[],"Claim 1 is a method of treating metastatic pancreatic ductal adenocarcinoma, which classifies the patent as 'Clinical'. No composition or CMC claims are present in the independent claim.",189-465-126-916-263
Clinical,,,['melanoma'],"['mammal', 'human']","Claim 1 is a method of treating melanoma, which classifies the patent as 'Clinical'. The focus is on the treatment method rather than a composition or manufacturing process.",177-852-430-535-160
Composition,Unconjugated Antibody,,[],[],"Claim 1 describes a composition comprising an antibody that selectively binds to EPO or its receptor, classifying it as a 'Composition'. The claim does not involve any covalent attachment to a non-antibody payload, thus it is categorized as 'Unconjugated Antibody'.",160-937-286-985-970
Composition,Unconjugated Antibody,,['solid tumour'],[],"Claim 1 describes a combination therapy involving an antibody that binds to CD40, which classifies it as a composition. The antibody is not covalently attached to any payload, thus it is classified as an Unconjugated Antibody.",166-155-170-617-086
Clinical,,,['cancer'],['mammalian subject'],"Claim 1 is a method of treating cancer, which classifies the patent as 'Clinical'. The primary inventive concept is a treatment method rather than a composition or manufacturing process.",182-190-091-476-67X
Composition,,,[],[],"Claim 1 describes a combination of a urolithin and an immunotherapy treatment, which classifies it as a composition. Although treatment claims are present, the broadest independent claim focuses on the combination itself rather than a method of treatment.",159-438-124-919-899
Clinical,,,['cancer'],[],"Claim 1 is a method of treating cancer, which classifies the patent as 'Clinical'. No specific patient populations are mentioned in the independent claims.",117-107-074-730-181
Composition,Unconjugated Antibody,,[],[],"Claim 1 describes a T-cell engaging protein with two antigen binding units, which classifies it as a composition. It does not involve any covalent attachment to a non-antibody payload, thus it is categorized as an Unconjugated Antibody.",154-094-499-244-287
Composition,,,[],[],"Claim 1 describes a liposomal composition comprising a polyglutamated Antifolate, which classifies it as a 'Composition'. Although there are method-of-treatment claims later, the broadest independent claim is directed to a chemical entity.",184-623-631-522-256
Clinical,,,"['cancer', 'viral infection']",[],"Claim 1 is a method of treating cancer or viral infection, which classifies the patent as 'Clinical'. The focus is on treatment methods rather than specific compositions or manufacturing processes.",058-165-013-366-539
Composition,Full ADC,,[],[],"Claim 1 describes a substituted maleamide linker, which is part of a broader context involving antibody-drug conjugates (ADCs). The presence of claims that detail the conjugation of the linker to an antibody and a cytotoxic payload indicates that the primary inventive concept is a full ADC, thus classifying it as a 'Composition'.",172-535-464-602-703
Composition,Unconjugated Antibody,,['non-small cell lung cancer'],[],"Claim 1 describes a pharmaceutical composition comprising a mixture of antibodies (anti-CTLA4 and anti-PD1) without any covalent attachment to a drug or payload, classifying it as an Unconjugated Antibody. The treatment claims appear later but do not override the primary composition claim.",184-284-810-129-106
Composition,Unconjugated Antibody,,[],[],"Claim 1 describes a chimeric antigen receptor (CAR) polypeptide, which is a defined construct and falls under the 'Composition' category. It does not involve any covalent attachment to a non-antibody payload, thus classifying it as an 'Unconjugated Antibody'.",193-986-797-904-755
Clinical,,,"['B-cell proliferative disorder', ""non-Hodgkin's lymphoma"", 'Follicular lymphoma']","['human', 'high-risk subject']","Claim 1 is a method of treating a subject with a CD20-positive B cell proliferative disorder, which classifies the patent as 'Clinical'. The diseases and patient populations are explicitly mentioned in the treatment method.",185-457-844-143-140
Clinical,,,['follicular lymphoma'],['human'],"Claim 1 is a method for treating follicular lymphoma in humans, which classifies the patent as 'Clinical'. The focus is on the treatment method rather than a composition or manufacturing process.",011-534-385-533-874
Clinical,,,['non-small cell lung cancer'],[],"Claim 13 is a method for treating non-small cell lung cancer, which classifies the patent as 'Clinical'. The focus is on the treatment method rather than a composition or manufacturing process.",009-990-924-096-018
Composition,Full ADC,,[],[],"Claim 1 explicitly claims an antibody-drug conjugate (ADC) that includes both targeting monomers (antibodies) and drug monomers (toxin payloads) in a defined polymer structure, classifying it as a Full ADC composition.",076-692-777-342-104
Composition,Conjugated Payload,,[],[],"Claim 95 describes a liposomal composition comprising alpha polyglutamated lometrexol, which is a defined therapeutic construct. The focus is on the composition rather than treatment methods, thus classifying it as 'Composition' and specifically as 'Conjugated Payload' due to the encapsulation of the drug within a liposome.",028-275-425-725-613
Composition,Unconjugated Antibody,,[],[],"Claim 1 describes a pharmaceutical combination that includes an ILDR2 antagonist, specifically an anti-ILDR2 antibody, which is classified as a composition. The claim does not involve any covalent attachment to a non-antibody payload, thus it is categorized as an Unconjugated Antibody.",003-490-599-151-220
Clinical,,,['prostate cancer'],[],"Claim 15 is a method of treating prostate cancer, making it the primary inventive concept. The focus is on the treatment method rather than a composition or manufacturing process.",011-678-859-079-152
Composition,Full ADC,,[],[],"Claim 1 describes a pharmaceutical product comprising an antibody-drug conjugate, which includes a drug-linker conjugated to an anti-TROP2 antibody, classifying it as a 'Composition'. The claim explicitly defines the ADC structure, indicating it is a 'Full ADC'.",001-972-182-117-288
Clinical,,,['solid tumor'],[],"Claim 1 is a method of treating a solid tumor, which classifies the patent as 'Clinical'. The focus is on the treatment method rather than a composition or manufacturing process.",008-102-664-136-057
Clinical,,,['solid cancer'],[],"Claim 1 is a method for treating solid cancer, which classifies the patent as 'Clinical'. There are no claims directed to a specific molecule or composition, hence no composition subtype is applicable.",018-178-724-997-005
Composition,,,[],[],"Claim 71 describes a therapeutic nanoparticle comprising an oncologic drug and taurolidine, classifying it as a composition. The primary inventive concept is directed to the nanoparticle itself rather than a method of treatment.",048-516-822-952-166
Clinical,,,"['B-cell proliferative disorders', 'diffuse large B-cell lymphoma (DLBCL)']","['subjects aged 18 years or older', 'subjects aged between 6 months and 17 years', 'subjects aged between 18 years and 30 years']","Claim 1 is a method of treating a CD20-positive cell proliferative disorder, which classifies it as a Clinical patent. The diseases and patient populations are explicitly mentioned in the treatment method.",048-464-358-653-370
Clinical,,,['cancer'],['cancer patients with malignant tumors infiltrated by cancer-associated fibroblasts'],"Claim 1 is a method for selecting cancer patients for effective combination therapy, which classifies the patent as 'Clinical'. The focus is on patient selection based on specific tumor characteristics.",030-084-387-316-682
Clinical,,,['bladder cancer'],[],"Claim 16 is a method for treating bladder cancer, making it the primary inventive concept. Other claims relate to compositions but do not take precedence over the method claim.",025-705-620-703-75X
Clinical,,,['cancer'],[],"Claim 1 is a method of treating cancer, which classifies the patent as 'Clinical'. There are no claims directed to a specific molecule or composition as the primary inventive concept.",039-485-587-023-627
Composition,,,[],[],"Claim 1 describes a pharmaceutical combination comprising an HDAC6 selective inhibitor and a CD20 inhibitory antibody, classifying it as a 'Composition'. Although treatment methods are included in later claims, the broadest independent claim focuses on the combination of the two components.",034-693-274-699-794
Clinical,,,['ICI-induced myocarditis'],['human subject'],"Claim 1 is a method for reducing an immune-related adverse event in a human subject treated with immune checkpoint inhibitors, classifying it as a Clinical patent.",073-291-977-215-840
Composition,Unconjugated Antibody,,[],[],"Claim 1 describes an isolated antibody, which classifies the patent as a 'Composition'. The antibody is not covalently attached to any payload, thus it is classified as 'Unconjugated Antibody'.",076-831-390-138-683
Clinical,,,"['cancer', 'tumor', 'colon cancer', 'solid tumor', 'adenocarcinoma', 'colorectal tumor']",['non-responder'],"Claim 152 is a method of converting a non-responder to a responder in cancer therapy, making it a method-of-treatment claim. The focus is on clinical applications rather than compositions or manufacturing processes.",033-970-266-886-393
Clinical,,,['ovarian cancer'],['human patients diagnosed with ovarian cancer'],"Claim 1 is a method of treating ovarian cancer, which classifies the patent as 'Clinical'. The focus is on the treatment regimen involving an anti-VEGF antibody and chemotherapy.",040-120-587-758-571
Clinical,,,"['breast cancer', 'stomach cancer', 'non-small-cell lung cancer', 'bladder cancer', 'endometrial cancer', 'hepatocellular carcinoma', 'bile duct cancer', 'melanoma', 'esophageal cancer', 'colorectal cancer', 'renal cell carcinoma', 'head and neck cancer', 'pleural mesothelioma', ""Hodgkin's lymphoma""]",[],"Claim 14 is a method for treating tumors, which classifies the patent as 'Clinical'. The composition of the pharmaceutical agent is not the primary inventive concept, as the claim focuses on the treatment method.",057-906-705-479-349
Composition,,,[],[],"Claim 1 is directed to a compound of a specific formula, classifying it as a 'Composition'. There are no claims that primarily focus on treatment methods or manufacturing processes.",070-851-252-103-570
Clinical,,,"['pancreatic cancer', 'renal cell carcinoma', 'colorectal cancer', 'melanoma']",[],"Claim 1 is a method for treating various cancers, making it primarily a clinical claim. The focus is on the treatment method rather than a composition or manufacturing process.",065-568-707-167-489
Composition,,,[],[],"Claim 1 is directed to a pharmaceutical composition comprising a phenothiazine compound, classifying it as a 'Composition'. Although there are method-of-treatment claims later, the broadest independent claim focuses on the composition itself.",073-304-523-899-002
Composition,Unconjugated Antibody,,[],[],"Claim 1 describes an anti-PD-1 antibody molecule without any mention of covalent attachment to a payload, classifying it as an Unconjugated Antibody. The primary inventive concept is the antibody itself, not a method of treatment.",074-311-640-161-260
Composition,Unconjugated Antibody,,[],[],"Claim 1 describes a pharmaceutical composition comprising a bispecific antibody and a PARP inhibitor, focusing on the antibody itself without any covalent attachment to a drug. Therefore, it is classified as a 'Composition' and specifically as 'Unconjugated Antibody' since it does not involve a conjugated payload.",093-855-521-135-89X
Clinical,,,['cancer'],[],"Claim 1 is a method for inducing cell death of a chimeric antigen receptor cell, which qualifies it as a method-of-treatment claim. The primary inventive concept is focused on the treatment of cancer.",100-705-037-482-652
Clinical,,,['multiple myeloma'],[],"Claim 122 is a method of treating multiple myeloma with a bispecific antibody, making it a clinical claim. The primary inventive concept is focused on the treatment method rather than the composition of the antibody.",101-305-143-656-912
Composition,,,[],[],"Claim 1 is directed to a compound of formula (IV), which classifies it as a 'Composition'. Although there are method-of-treatment claims later, the broadest independent claim focuses on the chemical entity itself.",102-823-161-611-052
Clinical,,,"['B cell proliferative disorder', ""non-Hodgkin's lymphoma"", 'diffuse large B cell lymphoma (DLBCL)', 'follicular lymphoma (FL)', 'mantle cell lymphoma (MCL)', 'marginal zone lymphoma (MZL)', 'chronic lymphoid leukemia (CLL)']",[],"Claim 1 is a method of treating a subject with a B cell proliferative disorder using a bispecific antibody, which classifies the patent as 'Clinical'. The diseases explicitly mentioned in the treatment method are included in the clinical indications.",115-794-830-285-410
Composition,,,[],[],"Claim 33 describes a pharmaceutical composition in the form of an injectable nanocomposite gel, which includes active ingredients and specific components, classifying it as a 'Composition'. There are no method-of-treatment claims in the broadest independent claim.",107-861-535-741-409
Composition,Dual Combination,,[],[],"Claim 1 describes a pharmaceutical combination comprising a quinoline derivative and at least one antibody drug, classifying it as a 'Composition'. The combination of a defined compound and an antibody drug indicates a 'Dual Combination' subtype.",105-324-063-365-25X
CMC,,Conjugation Method,[],[],"Claim 1 describes a method for producing an antibody-drug conjugate, focusing on the manufacturing process rather than the composition of the ADC itself. Therefore, it is classified as CMC, specifically as a Conjugation Method.",106-092-675-613-900
Clinical,,,"['colorectal cancer', 'melanoma', 'thyroid cancer']",[],"Claim 1 is a method of treating a patient suffering from a proliferative disorder, which classifies the patent as 'Clinical'. The specific diseases mentioned in the claims are colorectal cancer, melanoma, and thyroid cancer.",098-261-724-339-896
Composition,Unconjugated Antibody,,[],[],"Claim 1 primarily describes a method of producing an anti-EGFR monoclonal antibody, which is classified as a composition. The antibody is not covalently attached to any payload, thus it is categorized as an Unconjugated Antibody.",136-343-202-979-031
Clinical,,,"['tumor', 'cancer']",[],"Claim 1 is a method of inhibiting tumor growth, which classifies the patent as 'Clinical'. The primary inventive concept is a method of treatment rather than a composition or manufacturing process.",141-435-731-139-66X
Clinical,,,"['cancer', 'hematological malignancy', 'leukemia', 'chronic myelogenous leukemia', 'breast cancer', 'cervical cancer', 'ovarian cancer', 'endometrial cancer', 'prostate cancer', 'colon cancer', 'bladder cancer', 'bone metastasis', 'colorectal cancer', 'esophagus cancer', 'head and neck cancer', 'small cell lung cancer', 'non-small cell lung carcinoid tumor', 'stomach carcinoma', 'renal cancer', 'renal cell carcinoma', 'clear cell renal cell carcinoma', 'papillary renal cell carcinoma', 'clear cell papillary renal cell carcinoma', 'chromophobe renal cell carcinoma']",['patients with chronic myeloid leukemia resistant to current tyrosine kinase inhibitor therapies'],"Claim 1 is a method of treating cancer, which classifies the patent as 'Clinical'. The broadest independent claim focuses on treatment methods rather than a composition or manufacturing process.",140-966-665-079-342
Composition,Unconjugated Antibody,,[],[],"Claim 1 explicitly claims an isolated antibody that binds to glypican-2 (GPC2), classifying it as a composition. The claim does not involve any covalent attachment to a payload, thus it is categorized as an Unconjugated Antibody.",148-822-854-954-108
Composition,,,[],[],"Claim 1 describes an immunogenic composition comprising dendritic cells and a CTLA-4 antagonist, classifying it as a 'Composition'. Although there are method-of-treatment claims later, the broadest independent claim is directed to a composition.",141-356-527-930-088
Composition,Full ADC,,[],[],"Claim 1 explicitly claims an antibody-drug conjugate, which includes an antibody and a non-antibody payload, thus classifying it as a 'Full ADC'. The primary inventive concept is directed to the composition of the ADC rather than a method of treatment.",167-816-964-659-781
Composition,Unconjugated Antibody,,[],[],"Claim 2 describes an anti-PD-L1 antibody, which is a molecule and thus classified as a 'Composition'. There is no covalent attachment to a payload, so it is categorized as 'Unconjugated Antibody'.",164-432-355-010-694
Clinical,,,['leukemia'],['human'],"The broadest independent claim (Claim 21) is a method of reducing leukemia relapse, classifying the patent as 'Clinical'.",148-695-744-708-863
Clinical,,,"['cancer', 'tumor', 'lung cancer', 'solid tumor']",['aged human'],"Claim 1 is a method of promoting an immune response to a tumor, which classifies the patent as 'Clinical'. The claims detail various cancer types and patient populations, supporting this classification.",148-377-655-679-550
Composition,Full ADC,,[],[],"Claim 16 describes a compound that is part of an antibody-drug conjugate (ADC), which includes an antibody and a payload linked together. This indicates a full ADC composition, as it encompasses the entire construct rather than just components or methods.",161-222-345-938-38X
Clinical,,,['chronic inflammation'],[],"Claim 113 is a method of treatment aimed at reducing CRP levels and increasing albumin levels in patients with chronic inflammation, making it primarily a clinical claim.",171-894-177-584-547
Composition,Dual Combination,,[],[],"Claim 1 describes a pharmaceutical composition comprising a Vascular Disrupting Agent and specific antibodies, classifying it as a 'Composition'. The combination of the VDA and antibodies indicates a 'Dual Combination' subtype since it involves two components (VDA and antibodies) without a covalent attachment to a payload.",182-690-895-735-236
Clinical,,,['gastric cancer'],"['locally advanced', 'unresectable', 'metastatic']","Claim 51 is a method of treating gastric cancer, making it a clinical claim. The focus is on the treatment method rather than a composition or manufacturing process.",016-989-375-012-832
Clinical,,,['Diffuse large B-cell lymphoma'],['human subjects'],"Claim 1 is a method of treating Diffuse large B-cell lymphoma, which classifies the patent as 'Clinical'. The focus is on the treatment method rather than the composition of the bispecific antibody.",163-429-256-517-015
Composition,Conjugated Payload,,['cancer'],[],"Claim 1 describes a camptothecin derivative compound, classifying it as a 'Composition'. The patent also includes claims for its use in an antibody-drug conjugate, indicating a specific cytotoxic payload for conjugation, thus classified as 'Conjugated Payload'.",135-598-405-116-613
Composition,,,[],[],"Claim 1 explicitly claims a composition comprising gamma polyglutamated tetrahydrofolate, which classifies it as a 'Composition'. There are no independent claims directed to methods of treatment or manufacturing processes.",072-285-985-249-357
Composition,Unconjugated Antibody,,[],[],"Claim 1 describes an antibody that specifically binds to ErbB3, classifying it as a 'Composition'. It does not involve any covalent attachment to a payload, thus it is categorized as 'Unconjugated Antibody'.",095-320-438-454-373
Composition,Unconjugated Antibody,,[],[],"Claim 1 describes a surrogate light chain polypeptide, which is a defined construct and falls under the category of 'Composition'. It does not involve any covalent attachment to a non-antibody payload, thus classifying it as 'Unconjugated Antibody'.",007-433-368-103-736
Composition,Conjugated Antibody,,[],[],"Claim 1 describes a compound that includes a binding agent (BA), which indicates it is a conjugated antibody. The primary inventive concept is directed to the composition of the molecule rather than a method of treatment.",004-623-520-427-507
Composition,Unconjugated Antibody,,[],[],"Claim 1 describes a humanized monoclonal antibody without any covalent attachment to a non-antibody payload, classifying it as an Unconjugated Antibody. The primary inventive concept is the antibody itself, not a method of treatment or manufacturing process.",001-872-618-841-835
Clinical,,,"['pancreatic cancer', 'breast cancer', 'colorectal cancer', 'ovarian cancer', 'renal cancer', 'prostate cancer', 'bladder cancer', 'gastrointestinal cancer', 'lung cancer', 'multiple myeloma']",[],"Claim 1 is a method for inhibiting cancer growth, which classifies it as a Clinical patent type. The diseases are explicitly mentioned in the context of the treatment method.",000-462-816-901-589
Clinical,,,"['cancer', 'Her2+ cancer', 'pancreatic cancer', 'ovarian cancer', 'colon cancer', 'breast cancer', 'prostate cancer', 'lung cancer']","['individual', 'human']","Claim 1 is a method of treating cancer, which classifies the patent as 'Clinical'. The diseases and patient populations are explicitly mentioned in the treatment method.",005-621-735-479-096
Clinical,,,"['hypersensitivity', 'autoimmune disease', 'transplant rejection', 'B-cell lymphoma']",[],"Claim 1 is a method for inducing B-cell immune tolerance, which qualifies it as a clinical claim. The subsequent claims detail various diseases and conditions that may be treated, thus supporting the classification.",009-689-940-168-656
Clinical,,,"['cancer', 'non-small cell lung cancer (NSCLC)', 'bladder cancer', 'breast cancer', 'clear cell kidney cancer', 'head/neck squamous cell carcinoma', 'lung squamous cell carcinoma', 'malignant melanoma', 'ovarian cancer', 'pancreatic cancer', 'prostate cancer', 'renal cell cancer', 'small-cell lung cancer (SCLC)', 'neuroblastoma', 'glioblastoma', 'rhabdomyosarcoma', 'diffuse large B-cell lymphoma (DLBCL)', 'anaplastic large-cell lymphoma (ALCL)', 'EBV-positive DLBCL', 'primary mediastinal large B-cell lymphoma', 'T-cell/histiocyte-rich large B-cell lymphoma', 'follicular lymphoma', ""Hodgkin's lymphoma (HL)"", 'mantle cell lymphoma (MCL)', 'multiple myeloma (MM)', 'myeloid cell leukemia-1 protein (Mcl-1)', 'myelodysplastic syndrome (MDS)', ""non-Hodgkin's lymphoma (NHL)"", 'small lymphocytic lymphoma (SLL)']",[],"Claim 1 is a method for treating cancer, classifying the patent as 'Clinical'. The broadest claim focuses on treatment methods rather than specific compositions or manufacturing processes.",010-633-180-243-651
Clinical,,,['cancer'],[],"Claim 1 is a method-of-treatment claim for an inhibitor of SUV39H1 in combination with immune checkpoint modulators for cancer treatment, classifying the patent as Clinical.",010-184-166-183-233
Clinical,,,"['hepatocellular carcinoma', 'glioblastoma', 'pleural mesothelioma', 'differentiated thyroid cancer', 'advanced renal cell carcinoma', 'ovarian cancer', 'pancreatic cancer', 'lung cancer', 'breast cancer']",[],"Claim 1 is a method of reducing viability of cancer cells and treating cancer, which classifies the patent as 'Clinical'. The diseases are explicitly mentioned in the claims as part of the treatment method.",016-835-207-599-345
Clinical,,,['cancer anorexia-cachexia syndrome'],[],"Claim 1 is a method of treatment for cancer anorexia-cachexia syndrome, making it primarily a clinical patent. The focus is on the treatment method rather than a composition or manufacturing process.",019-930-298-834-885
Composition,Unconjugated Antibody,,[],[],"Claim 37 describes a kit comprising a T cell expressing a chimeric antigen receptor (CAR) with a BCMA-specific binding domain, which classifies as a composition. The claim does not involve a covalently attached payload, thus it is categorized as an Unconjugated Antibody.",019-993-352-924-821
Clinical,,,"['cancer', 'von-Hippel Lindau disease']",['human patient in need thereof'],"Claim 1 is a method of treating cancer, which classifies the patent as 'Clinical'. The diseases explicitly mentioned in the treatment method are cancer and von-Hippel Lindau disease.",018-147-241-764-395
Clinical,,,"['cancer', 'infection']",[],"Claim 1 is a method of treating a subject with a condition that would benefit from an increased immune response, classifying the patent as 'Clinical'. The diseases explicitly mentioned in the claims include cancer and infections.",031-737-064-012-635
Composition,,,[],[],"Claim 1 describes a vaccine composition comprising an antigen and an integrin agonist, classifying it as a 'Composition'. There are no claims directed to methods of treatment or manufacturing processes.",026-916-653-640-683
Composition,Conjugated Antibody,,[],[],"Claim 28 describes a kit comprising nanoparticle complexes that include an anti-PD-L1 antibody covalently attached to paclitaxel, classifying it as a composition. The presence of the antibody and the drug in a defined construct indicates a conjugated antibody.",045-811-469-840-894
Clinical,,,"['tumor', 'cancer', 'solid tumor', 'melanoma', 'ovarian cancer', 'lung cancer', 'colorectal cancer', 'head and neck cancer', 'gastric cancer', 'breast cancer', 'renal cancer', 'urothelial cancer', 'bladder cancer', 'esophageal cancer', 'pancreatic cancer', 'hepatic cancer', 'thymoma', 'thymic carcinoma', 'brain cancer', 'glioma', 'adrenocortical carcinoma', 'thyroid cancer', 'other skin cancers', 'sarcoma', 'multiple myeloma', 'leukemia', 'lymphoma', 'myelodysplastic syndromes', 'endometrial cancer', 'prostate cancer', 'penile cancer', 'cervical cancer', ""Hodgkin's lymphoma"", ""non-Hodgkin's lymphoma"", 'Merkel cell carcinoma', 'mesothelioma']","['human subject', 'subject with advanced/metastatic disease', 'subject with prior systemic treatment regimens', 'subject not eligible for platinum-based therapy', 'subject with epithelial endometrial histology', 'subject with lung cancer', 'subject with triple negative breast cancer', 'subject with recurrent or metastatic head and neck cancer']","The broadest independent claim (Claim 1) is a method for treating cancer, classifying the patent as 'Clinical'. It includes various cancer types and patient populations in the treatment methods.",046-007-385-603-073
Composition,Unconjugated Antibody,,[],[],"Claim 1 explicitly claims an antibody that binds to human OX40, classifying it as a composition. There is no mention of covalent attachment to a payload, thus it is categorized as an Unconjugated Antibody.",037-735-008-851-142
Composition,,,[],[],"Claim 1 describes a compound mixture comprising specific chemical entities, classifying it as a 'Composition'. Although there are method-of-treatment claims, the broadest independent claim focuses on the chemical composition itself.",034-424-644-064-636
Clinical,,,"['thrombotic disease state', 'atherosclerosis']",[],"Claim 1 is a method of treating a thrombotic disease state, which classifies the patent as 'Clinical'. The primary inventive concept is a treatment method rather than a composition or manufacturing process.",034-828-878-401-165
Composition,,,[],[],"Claim 1 is directed to a compound, which classifies the patent as a 'Composition'. There are no claims related to methods of treatment or manufacturing processes.",037-793-979-077-984
Clinical,,,"['liver disease', 'liver fibrosis', 'liver cirrhosis', 'cancer', 'colorectal cancer', 'acute lymphoblastic leukemia', 'cardiovascular disease', 'fasting glycemia', 'glucose tolerance', 'insulin sensitivity', 'inflammation and fibrosis in COVID-19 infections', 'breast cancer regression', 'metabolic improvements for ciliopathy or Bardet-Biedel Syndrome', 'metabolic improvements for polycystic ovary syndrome (PCOS)']",[],"Claim 1 is a method of treating various diseases, making it a clinical claim. The focus is on treatment methods rather than the composition of the therapeutic agents.",046-762-712-592-105
Clinical,,,"['castration resistant prostate cancer', 'androgen-induced growth of prostate epithelial cells']","['mammalian subject', 'human']","Claim 1 is a method for reducing growth and metastasis of prostate cancer, which classifies it as a method-of-treatment claim. The primary inventive concept is focused on clinical applications rather than a composition or manufacturing process.",042-120-444-364-594
Clinical,,,['biliary tract cancer'],[],"Claim 1 is a method for treating biliary tract cancer using an anti-PD-L1 antibody and chemotherapy, classifying the patent as 'Clinical'. No composition or CMC claims are present in the broadest independent claim.",053-008-538-157-026
Clinical,,,"['multiple myeloma', 'non-hodgkins lymphoma']",[],"Claim 1 is a method for treating multiple myeloma or non-hodgkins lymphoma, which classifies it as a Clinical patent type.",053-601-570-514-537
Clinical,,,['solid cancer'],[],"Claim 66 is a method of increasing CD8+ T-cells in a solid cancer, which classifies the patent as 'Clinical'. The primary inventive concept is a method of treatment rather than a composition.",067-424-230-389-614
Clinical,,,['chronic myelomonocytic leukemia'],['patients with RAS pathway mutations'],"Claim 1 is a method for treating chronic myelomonocytic leukemia, which classifies the patent as 'Clinical'. The focus is on treatment methods rather than a specific composition or manufacturing process.",059-191-861-131-56X
Composition,Unconjugated Antibody,,['multiple myeloma'],[],"Claim 1 describes a bispecific antibody without any covalent attachment to a non-antibody payload, classifying it as 'Unconjugated Antibody'. The primary inventive concept is a composition, despite treatment claims appearing later.",060-729-974-248-550
Composition,Unconjugated Antibody,,[],[],"Claim 1 describes an isolated monoclonal antibody, which classifies the patent as a 'Composition'. The antibody is not covalently attached to any payload, thus it is classified as 'Unconjugated Antibody'.",063-199-333-948-358
Clinical,,,['HTLV-1 associated myelopathy'],"['HAM patients', 'asymptomatic HTLV-1 carriers']","Claim 1 is a therapeutic method for treating HTLV-1 associated myelopathy, making it primarily a method-of-treatment claim.",068-675-874-963-207
Composition,Conjugated Antibody,,[],[],"Claim 1 describes a therapeutic construct that includes an antibody specific for an immune checkpoint protein and an anti-cancer agent, indicating a defined construct. The presence of the antibody conjugated onto the delivery platform qualifies it as a 'Conjugated Antibody'.",072-247-692-226-840
Composition,Full ADC,,[],[],"Claim 1 describes an antibody that specifically binds to folate receptor α, which classifies it as a composition. The patent also includes claims for an antibody-drug conjugate, indicating a defined construct of antibody, linker, and payload, thus classifying it as a Full ADC.",053-552-740-929-041
Clinical,,,['glioblastoma'],[],"Claim 1 is a method of treating glioblastoma, which classifies the patent as 'Clinical'. There are no claims directed to a specific molecule or composition in the broadest independent claim.",066-858-280-981-87X
Clinical,,,"[""relapsed or refractory non-Hodgkin's lymphoma""]",['subjects aged about 65 years or older'],"Claim 1 is a method of treating a specific patient population with a defined disease, thus classifying the patent as Clinical.",059-656-006-421-74X
Composition,,,[],[],"Claim 1 describes an isolated engineered extracellular vesicle, which qualifies as a composition. Although there are method-of-treatment claims later, the broadest independent claim is directed to the composition itself.",094-618-415-302-479
Clinical,,,"['soft tissue sarcoma', 'pancreatic cancer', 'endometrial cancer', 'ovarian cancer', 'bone cancer', 'osteosarcoma', 'chondrosarcoma', 'rhabdomyosarcoma', 'prostate cancer', 'metastatic cancer']",['female'],"Claim 1 is a method of treating cancer, which classifies the patent as 'Clinical'. The clinical indications and population are explicitly mentioned in the claims.",091-454-449-659-743
Clinical,,,['urothelial carcinoma'],['patients with locally advanced or metastatic urothelial carcinoma'],"Claim 1 is a method for treating urothelial carcinoma, which classifies the patent as 'Clinical'. The focus is on the treatment method rather than the composition of the ADC.",085-913-167-635-295
Clinical,,,['tumors'],['cancer patient'],"Claim 1 is a method of treating tumors in a cancer patient, which classifies the patent as 'Clinical'. There are no claims directed to a specific molecule or composition.",073-386-170-773-667
Clinical,,,['colorectal cancer'],[],"Claim 1 is a method of treatment for colorectal cancer, focusing on removing immune suppression and stimulating the immune system, which classifies the patent as 'Clinical'.",077-975-140-687-54X
Composition,Unconjugated Antibody,,[],[],"Claim 1 describes an isolated nucleic acid molecule encoding a chimeric antigen receptor (CAR) with an anti-CLL-1 binding domain, which classifies as a composition. The claim does not involve any covalent attachment to a payload, thus it is categorized as an Unconjugated Antibody.",093-235-485-843-735
Clinical,,,['GD2 positive cancer'],[],"Claim 40 is a method for treating GD2 positive cancer, which classifies the patent as Clinical. The focus is on the treatment method rather than a composition or manufacturing process.",119-656-923-273-734
Clinical,,,"['cancer', 'von-Hippel Lindau disease']",['human patient in need thereof'],"Claim 1 is a method of treating cancer or von-Hippel Lindau disease, which classifies the patent as 'Clinical'. The focus is on treatment methods rather than any specific composition or manufacturing process.",093-846-479-950-721
Clinical,,,['cancer'],['human subject'],"Claim 1 is a method of treating cancer in a human subject, which classifies the patent as 'Clinical'. The focus is on the treatment method rather than a specific composition or manufacturing process.",102-914-441-994-688
Clinical,,,"['cancer', 'cytokine release syndrome']",['human patient'],"Claim 1 is a method for treating a disease, specifically cancer and cytokine release syndrome, making it a clinical patent. The focus is on treatment methods rather than a composition or manufacturing process.",097-262-480-361-63X
Composition,Unconjugated Antibody,,[],[],"Claim 1 describes a pharmaceutical composition comprising an antibody and an anticancer agent, classifying it as a 'Composition'. The antibody is not covalently attached to a payload, thus it is categorized as 'Unconjugated Antibody'.",092-941-958-465-626
Clinical,,,"['cancer', 'non-small cell lung cancer (NSCLC)', 'adenocarcinoma', 'endometrial cancer', 'breast cancer', 'ovarian cancer', 'cervical cancer', 'fallopian tube cancer', 'testicular cancer', 'primary peritoneal cancer', 'colon cancer', 'colorectal cancer', 'small intestine cancer', 'squamous cell carcinoma of the anus', 'squamous cell carcinoma of the penis', 'squamous cell carcinoma of the cervix', 'squamous cell carcinoma of the vagina', 'squamous cell carcinoma of the vulva', 'soft tissue sarcoma', 'melanoma', 'renal cell carcinoma', 'lung cancer', 'non-small cell lung cancer', 'adenocarcinoma of the lung', 'squamous cell carcinoma of the lung', 'stomach cancer', 'bladder cancer', 'gall bladder cancer', 'liver cancer', 'thyroid cancer', 'laryngeal cancer', 'salivary gland cancer', 'esophageal cancer', 'head and neck cancer', 'squamous cell carcinoma of the head and neck', 'prostate cancer', 'pancreatic cancer', 'mesothelioma', 'Merkel cell carcinoma', 'sarcoma', 'glioblastoma', 'hematological cancer', 'multiple myeloma', 'B-cell lymphoma', 'T-cell lymphoma', ""Hodgkin's lymphoma/primary mediastinal B-cell lymphoma"", 'chronic myelogenous leukemia', 'acute myeloid leukemia', 'acute lymphoblastic leukemia', ""non-Hodgkin's lymphoma"", 'neuroblastoma', 'CNS tumor', 'diffuse intrinsic pontine glioma (DIPG)', ""Ewing's sarcoma"", 'embryonal rhabdomyosarcoma', 'osteosarcoma', 'Wilms tumor']",[],"The broadest independent claim is a method of treating cancer, classifying the patent as 'Clinical'.",090-387-839-389-909
Clinical,,,['cancer'],['human subject in need thereof'],"Claim 1 is a method for treating cancer, which classifies the patent as 'Clinical'. The focus is on the treatment method rather than a composition or manufacturing process.",092-781-763-192-517
Clinical,,,"['pancreatic ductal adenocarcinoma', 'colorectal cancer', 'hepatocellular carcinoma', 'cholangiocarcinoma', 'renal cell carcinoma', 'urothelial cancer', 'head and neck cancer', 'breast cancer', 'lung cancer', 'gastrointestinal solid tumors']",[],"Claim 1 is a method for treating solid tumors, which classifies the patent as 'Clinical'. The diseases are explicitly mentioned in the treatment method.",104-421-446-899-740
Composition,,,[],[],"Claim 1 is a method of making a population of cells that express chimeric antigen receptors, which does not primarily claim a method of treatment or a manufacturing process. Therefore, it is classified as a 'Composition' patent.",110-474-067-782-223
Composition,Conjugated Antibody,,[],[],"Claim 64 describes a chimeric antigen receptor (CAR) T cell that is conjugated to a bi-functional molecule, indicating a covalent attachment to a non-antibody payload. This qualifies the patent as a 'Composition' and specifically as a 'Conjugated Antibody'.",115-010-095-435-743
Composition,,,[],[],"Claim 1 is directed to a compound of Formula (I), which classifies it as a 'Composition'. There are no claims that primarily focus on treatment methods or manufacturing processes in the independent claim.",109-585-379-102-764
Composition,Unconjugated Antibody,,[],[],"Claim 117 claims a pharmaceutical composition comprising an isolated anti-neuropilin-1 antibody, classifying it as a 'Composition'. The antibody is not covalently attached to any payload, thus it is categorized as 'Unconjugated Antibody'.",119-971-189-118-528
Clinical,,,"['squamous cell carcinoma', 'myeloma', 'small-cell lung cancer', 'non-small cell lung cancer', 'glioma', ""Hodgkin's lymphoma"", ""non-Hodgkin's lymphoma"", 'acute myeloid leukemia', 'multiple myeloma', 'gastrointestinal (tract) cancer', 'renal cancer', 'ovarian cancer', 'liver cancer', 'lymphoblastic leukemia', 'lymphocytic leukemia', 'colorectal cancer', 'endometrial cancer', 'kidney cancer', 'prostate cancer', 'thyroid cancer', 'melanoma', 'chondrosarcoma', 'neuroblastoma', 'pancreatic cancer', 'glioblastoma', 'cervical cancer', 'brain cancer', 'stomach cancer', 'bladder cancer', 'hepatoma', 'breast cancer', 'colon carcinoma', 'biliary tract cancer', 'head and neck cancer']",[],"Claim 1 is a method of treating cancer, classifying the patent as 'Clinical'. The clinical indications are explicitly listed in the claims.",126-857-771-019-554
Clinical,,,"['cancer', 'urothelial carcinoma', 'head and neck squamous cell carcinoma', 'melanoma', 'ovarian cancer', 'renal cell carcinoma', 'cervical cancer', 'gastrointestinal/stomach (GIST) cancer', 'non-small cell lung cancer (NSCLC)', 'acute myeloid leukemia (AML)', 'esophageal cancer']",[],"Claim 1 is a method of treating cancer, which classifies the patent as 'Clinical'. The specific types of cancer mentioned in the claims are extracted as clinical indications.",128-257-648-581-473
Composition,,,[],[],"Claim 1 describes a pharmaceutical composition comprising an anti-tumor drug and a liposome, which classifies it as a 'Composition'. There are no claims directed to methods of treatment in Claim 1.",131-210-371-716-434
Clinical,,,"['cancer', 'psoriasis', 'pathogenic infection']",[],"Claim 1 is a method of treating a disease, which classifies the patent as 'Clinical'. The diseases explicitly mentioned in the treatment method are cancer, psoriasis, and pathogenic infection.",120-990-467-434-088
Clinical,,,['urothelial carcinoma'],"['patients diagnosed with urothelial carcinoma', 'patients harboring FGFR2 or FGFR3 genetic alterations']","Claim 1 is a method of treating urothelial carcinoma, which classifies the patent as 'Clinical'. The focus is on the treatment method rather than a composition or manufacturing process.",138-671-308-544-525
Composition,Conjugated Antibody,,[],[],"Claim 22 describes a combination drug comprising a cancer immunotherapy agent and a compound, indicating a defined construct. The presence of a compound represented by a formula suggests a covalent attachment, classifying it as a 'Conjugated Antibody'.",132-580-173-349-64X
Clinical,,,"['gastric cancer', 'lung cancer', 'non-small cell lung cancer', 'breast cancer', 'ovarian cancer', 'liver cancer', 'bronchial cancer', 'nasopharyngeal cancer', 'laryngeal cancer', 'pancreatic cancer', 'bladder cancer', 'colon cancer', 'cervical cancer', 'bone cancer', 'non-small cell bone cancer', 'hematologic malignancy', 'skin cancer', 'head or neck cancer', 'uterine cancer', 'colorectal cancer', 'anal near cancer', 'fallopian tube cancer', 'endometrial cancer', 'vaginal cancer', 'vulva cancer', ""Hodgkin's disease"", 'esophageal cancer', 'small intestine cancer', 'endocrine cancer', 'thyroid cancer', 'parathyroid cancer', 'adrenal cancer', 'soft tissue sarcoma', 'urethral cancer', 'penile cancer', 'prostate cancer', 'chronic or acute leukemia', 'lymphocytic lymphoma', 'kidney or hydroureter cancer', 'renal cell carcinoma', 'renal pelvic carcinoma', 'salivary gland cancer', 'sarcoma cancer', 'pseudomyxoma peritonei', 'hepatoblastoma', 'testicular cancer', 'glioblastoma', 'cheilocarcinoma', 'ovarian germ cell tumors', 'basal cell carcinoma', 'multiple myeloma', 'gallbladder cancer', 'choroidal melanoma', 'cancer of the ampulla of Vater', 'peritoneal cancer', 'tongue cancer', 'small cell cancer', 'pediatric lymphoma', 'neuroblastoma', 'duodenal cancer', 'ureteral cancer', 'astrocytoma', 'meningioma', 'renal pelvis cancer', 'pudendum cancer', 'thymus cancer', 'central nervous system (CNS) tumors', 'primary central nervous system lymphoma', 'spinal cord tumors', 'brain stem neuroglioma', 'pituitary adenoma']",[],"Claim 1 is a method for treating cancer, classifying the patent as 'Clinical'. The broadest independent claim focuses on treatment methods rather than a composition or manufacturing process.",139-446-811-446-91X
Clinical,,,"['cancer', 'lymphoma', 'leukemia', 'multiple myeloma']",[],"Claim 1 is a method for treating CAR-T cell related toxicity, which classifies the patent as 'Clinical'. The diseases mentioned in the claims are explicitly related to the treatment method.",153-628-969-381-532
Clinical,,,['canine tumor'],[],"Claim 1 is a method for predicting the efficacy of a compound for treating canine tumors, which classifies the patent as 'Clinical'. The focus is on treatment methods rather than a composition or manufacturing process.",146-193-696-327-894
Clinical,,,['KRAS G12C-positive non-small cell lung cancer (NSCLC)'],[],"Claim 1 is a method of treating KRAS G12C-positive NSCLC, which classifies the patent as 'Clinical'. There are no claims directed to a molecule or composition, thus no composition subtype is applicable.",140-995-068-825-776
Composition,Unconjugated Antibody,,[],[],"Claim 1 describes an antibody that specifically binds to c-Kit, which classifies it as a composition. There is no mention of covalent attachment to a payload, thus it is classified as an Unconjugated Antibody.",141-745-431-206-801
Clinical,,,['cancer'],['subjects in need thereof'],"Claim 1 is a method of treating cancer, which classifies the patent as 'Clinical'. The focus is on the treatment method rather than a composition or manufacturing process.",143-401-355-300-559
Composition,Full ADC,,[],[],"Claim 1 describes a compound that includes an antibody, a linker, and an oligonucleotide, indicating a defined therapeutic construct. This aligns with the criteria for a 'Full ADC' classification.",145-345-053-478-086
Clinical,,,['B-cell malignancy'],['human patient'],"Claim 1 is a method for treating a B-cell malignancy, which classifies the patent as 'Clinical'. The focus is on the treatment method rather than a composition or manufacturing process.",147-337-240-501-539
Clinical,,,"['pain', 'bone cancer pain']",[],"Claim 1 is a method of treating pain, which classifies the patent as 'Clinical'. The primary inventive concept revolves around treatment methods rather than a specific composition.",144-781-213-988-582
Composition,Unconjugated Antibody,,[],[],"Claim 1 describes an isolated antibody, which classifies it as a 'Composition'. The antibody is not covalently attached to any payload, thus it is categorized as 'Unconjugated Antibody'.",150-180-095-827-430
Composition,Unconjugated Antibody,,[],[],"Claim 1 describes an engineered effector cell that specifically binds CD46, which is a defined construct but does not involve a covalent attachment to a non-antibody payload. Therefore, it is classified as 'Composition' and specifically as 'Unconjugated Antibody'.",174-998-427-147-186
Clinical,,,"['cancer', 'lymphoma', 'leukemia', 'multiple myeloma']",[],"Claim 1 is a method for treating CAR-T cell related toxicity, which classifies the patent as 'Clinical'. The claims detail various cancers treated, but do not claim a specific molecule or composition.",158-729-620-737-422
Composition,Full ADC,,['cancer'],[],"Claim 1 describes a therapeutic combination that includes a composition comprising a nucleic acid encoding a chimeric antigen receptor (CAR) molecule, which is a defined construct. This falls under 'Composition' as it claims a specific therapeutic entity. The presence of treatment claims later does not override this classification.",181-298-016-523-251
Clinical,,,['cancer'],[],"Claim 1 is a method of treating cancer, which classifies the patent as 'Clinical'. The focus is on the treatment method rather than a specific composition or manufacturing process.",162-850-670-042-767
Composition,Conjugated Antibody,,[],[],"Claim 1 describes a conjugate that includes a macromolecule (which can be an antibody) covalently bound to a payload, classifying it as a 'Conjugated Antibody'. The primary inventive concept is the composition of the conjugate rather than a method of treatment.",167-735-148-062-739
Clinical,,,"['solid tumor', 'haematological malignancy']",[],"Claim 17 is a method of treating human solid tumors and haematological malignancies, making it the primary inventive concept. The focus is on treatment rather than the composition of the ADC.",173-677-904-177-801
Composition,,,[],[],"Claim 1 describes a pharmaceutical combination comprising a compound and inhibitors, classifying it as a 'Composition'. There are no claims directed to a specific method of treatment in Claim 1.",168-493-628-931-54X
Composition,Unconjugated Antibody,,[],[],"Claim 1 describes an inhibitor of IL-38 that comprises an antibody, classifying it as a 'Composition'. The claim does not involve any covalent attachment to a non-antibody payload, thus it is categorized as 'Unconjugated Antibody'.",168-621-570-767-276
Clinical,,,"[""non-Hodgkin's lymphoma"", 'chronic lymphocytic leukemia', 'small lymphocytic lymphoma']",[],"Claim 1 describes a combination of an anti-CD19 antibody and a BCL-2 inhibitor for use in treating specific cancers, making it a method-of-treatment claim. The primary inventive concept is focused on clinical use rather than the composition of the antibody itself.",160-385-213-518-56X
Composition,Full ADC,,[],[],"Claim 1 explicitly claims an antibody drug conjugate (ADC) comprising an antibody linked to a maytansinol derivative, which qualifies as a chemical entity. The focus is on the composition of the ADC rather than treatment methods, thus classifying it as 'Composition' and specifically as 'Full ADC' due to the inclusion of all three components: antibody, linker, and payload.",187-196-200-675-141
Clinical,,,"['breast cancer', 'bladder cancer', 'head and neck cancer', 'non-small cell lung cancer', 'small cell lung cancer', 'colorectal cancer', 'gastrointestinal stromal tumor', 'gastroesophageal carcinoma', 'renal cell cancer', 'prostate cancer', 'liver cancer', 'colon cancer', 'pancreatic cancer', 'ovarian cancer', 'lymphoma', 'cutaneous T-cell lymphoma', 'melanoma']",[],"Claim 1 is a method of treating a tumor, which classifies the patent as 'Clinical'. The diseases are explicitly mentioned in the treatment methods, thus included in clinical indications.",188-004-402-553-641
Composition,Conjugated Antibody,,"['melanoma', 'non-small-cell lung cancer', 'breast cancer', 'ovarian cancer', 'cervical cancer', 'endometrial cancer', 'vulva cancer', 'urothelial cancer', 'bladder cancer', 'renal cancer', 'esophageal cancer', 'gastric cancer', 'pancreatic cancer', 'colorectal cancer', 'glial tumor', 'head and neck cancer', 'prostate cancer', 'penile cancer', 'testicular-embryonal cancer', 'neuroendocrine tumor', 'hepatocellular cancer']","['mammal', 'human']","Claim 1 describes a kit-of-parts that includes a polyplex and at least one antibody, indicating a composition of defined constructs. The antibody is capable of modulating immune checkpoint proteins, which implies covalent attachment to a non-antibody payload, classifying it as a 'Conjugated Antibody'.",026-942-415-959-751
Clinical,,,"['hematological cancer', ""non-Hodgkin's lymphoma"", 'germinal center B-cell type DLBCL', 'non-germinal center B-cell type DLBCL', 'primary refractory DLBCL', 'relapsed or refractory diffuse large B-cell lymphoma']",['human subjects in need thereof'],"Claim 1 is a method of treating hematological cancer, which classifies the patent as 'Clinical'. The focus is on treatment methods rather than a composition or manufacturing process.",172-181-020-623-313
Clinical,,,['pancreatic cancer'],[],"Claim 1 is a method for preparing a co-culture, which is a method-of-treatment claim. The primary inventive concept revolves around the treatment of pancreatic cancer, thus classifying it as Clinical.",196-367-156-198-914
Clinical,,,"['hyperproliferative disorder', 'cancer']","['mammal', 'HER2 positive patient']","Claim 1 is a method for treating a hyperproliferative disorder, classifying the patent as 'Clinical'. The focus is on treatment methods rather than the composition of the antibody-drug conjugate.",192-197-791-208-494
Clinical,,,['cancer'],[],"Claim 1 is a method for treating cancer, which classifies the patent as 'Clinical'. The primary inventive concept is the treatment method rather than a composition or manufacturing process.",194-078-731-643-604
Clinical,,,['lung cancer'],['human subject'],"Claim 221 is a method of treating lung cancer, which classifies the patent as 'Clinical'. The primary inventive concept is a method of treatment rather than a composition.",029-367-094-724-169
Composition,Conjugated Antibody,,[],[],"Claim 1 describes a conjugate that includes a biological macromolecule linked to a functional molecule via a linker, indicating a covalent attachment to a non-antibody payload. This qualifies it as a 'Conjugated Antibody'. There are no method-of-treatment claims in the broadest independent claim.",114-026-342-813-634
Composition,Conjugated Antibody,,[],[],"Claim 1 describes a medicament comprising a conjugate of a binding substance and a cytotoxin, which qualifies as a composition. The presence of a conjugate indicates covalent attachment to a non-antibody payload, classifying it as a 'Conjugated Antibody'.",132-848-532-814-393
Composition,Full ADC,,[],[],"Claim 1 describes a drug conjugate comprising calicheamicin derivatives and an antibody, indicating a defined therapeutic construct. This aligns with the 'Full ADC' subtype as it explicitly claims the antibody and the cytotoxic payload in a single construct.",113-363-909-332-50X
Clinical,,,"['cancer', 'colon cancer', 'colorectal cancer', 'pancreatic cancer', 'breast cancer', 'lung cancer', 'metastatic colorectal cancer']","['subjects having a cancer', 'mammalian subjects', 'human subjects']","Claim 1 is a method of treating cancer, which classifies the patent as 'Clinical'. The claim specifies the use of a humanized monoclonal antibody for treating various types of cancer, thus the clinical indications include specific cancers mentioned in the claim.",005-089-024-922-444
Clinical,,,"[""non-Hodgkin's lymphoma"", 'T-cell lymphoma', 'B-cell lymphoma', 'multiple myeloma', 'breast cancer', 'ovarian cancer', 'colorectal cancer', 'gastric cancer', 'melanoma', 'liver cancer', 'lung cancer', 'thyroid cancer', 'kidney cancer', 'brain cancer', 'cervical cancer', 'bladder cancer', 'esophageal cancer']",[],"Claim 1 is a method of treating cancer, which classifies the patent as 'Clinical'. The specific cancers mentioned in the claims are extracted as clinical indications.",003-153-408-771-447
Composition,,,[],[],"Claim 159 describes a composition comprising multiple viral vectors encoding specific antigens, which classifies the patent as a 'Composition'. The primary inventive concept is directed to the composition itself rather than a method of treatment.",002-524-677-968-153
Composition,Unconjugated Antibody,,[],[],"Claim 1 describes a composition comprising RNA encoding bispecific antibodies targeting CD3 and CLDN6, which does not involve any covalent attachment to a payload, thus classifying it as an 'Unconjugated Antibody'. There are no method-of-treatment claims in Claim 1.",010-301-469-898-076
Clinical,,,"['gastric cancer', 'gastroesophageal junction cancer']","['patients identified as having resectable gastric cancer', 'patients identified as having resectable gastroesophageal junction cancer']","Claim 1 is a method of treating patients with specific cancers, making it a clinical claim. The focus is on the treatment method rather than a composition or manufacturing process.",023-711-929-896-842
Composition,Conjugated Linker,,[],[],"Claim 1 describes a compound with a β-galactoside-introduced self-immolative linker, which indicates a chemical entity rather than a method of treatment. The focus is on the composition of the linker, which is intended for conjugation with proteins or active agents, classifying it as a 'Conjugated Linker'.",022-321-066-234-615
Clinical,,,"['basal cell carcinoma', 'bladder cancer', 'breast cancer', 'cervical cancer', 'cholangiocarcinoma', 'colorectal cancer', 'endometrial cancer', 'esophageal cancer', 'head and neck cancer', 'hepatocellular carcinoma', 'Hodgkin lymphoma', 'melanoma', 'mesothelioma', 'Merkel cell carcinoma', 'non-small cell lung cancer', 'renal cell carcinoma', 'small cell lung cancer', 'squamous cell carcinoma', 'stomach cancer', 'urothelial carcinoma']",[],"Claim 1 is a method of treating cancer, which classifies the patent as 'Clinical'. The clinical indications are explicitly listed in the claims.",010-385-900-496-455
Clinical,,,"['malignancies', 'chronic autoimmune-based inflammatory diseases', 'non-autoimmune-based inflammatory diseases', 'hemophilic arthropathy', 'hemophilia A', 'hemophilia B', 'von Willebrand disease', 'angiodysplasia', 'proliferative disorders', 'neurological disorders characterized by primary neuroinflammation']",[],"Claim 1 is a method of treating various diseases using negative functional modulators of erythropoietin, which classifies it as a Clinical patent.",013-531-039-733-063
Composition,Unconjugated Antibody,,[],[],"Claim 1 explicitly claims an antibody against integrin A6B4, classifying it as a composition. There is no mention of covalent attachment to a payload, thus it is categorized as an unconjugated antibody.",029-098-715-929-122
Composition,,,[],[],"Claim 1 describes a cell or population of cells with specific genetic modifications, classifying it as a composition. There are no method-of-treatment claims in the broadest independent claim.",029-917-213-141-374
Clinical,,,['pancreatic cancer'],[],"Claim 1 is a method for reducing pancreatic cancer lesions, which classifies the patent as 'Clinical' since it primarily focuses on a method of treatment.",029-098-872-822-847
Clinical,,,['recurrent tumor'],['patients who are minimal residual disease-positive (MRD+)'],"Claim 1 is a method of preventing a recurrent tumor in a patient, which classifies the patent as 'Clinical'. The focus is on treatment methods rather than a composition or manufacturing process.",032-107-936-120-220
Clinical,,,['cancer'],[],"Claim 1 is a method of treating cancer, which classifies the patent as 'Clinical'. The focus is on the treatment method rather than a composition or manufacturing process.",037-531-907-979-997
Clinical,,,"['adrenal cancer', 'astrocytoma', 'basal cell carcinoma', 'biliary tract cancer', 'bladder cancer', 'bone cancer', 'brain and central nervous system cancer', 'breast cancer', 'cancer of the peritoneum', 'cervical cancer', 'choriocarcinoma', 'chondrosarcoma', 'Ewing sarcoma', 'colon and rectum cancer', 'connective tissue cancer', 'cancer of the digestive system', 'endometrial cancer', 'esophageal cancer', 'eye cancer', 'cancer of the head and neck', 'gastric cancer', 'gastrointestinal cancer', 'glioblastoma', 'hepatic carcinoma', 'hepatoma', 'intra-epithelial neoplasm', 'kidney or renal cancer', 'larynx cancer', 'leukemia', 'liver cancer', 'lung cancer', 'small-cell lung cancer', 'non-small cell lung cancer', 'adenocarcinoma of the lung', 'squamous carcinoma of the lung', 'melanoma', 'myeloma', 'neuroblastoma', 'oral cavity cancer', 'ovarian cancer', 'pancreatic cancer', 'pituitary gland cancer', 'prostate cancer', 'retinoblastoma', 'rhabdomyosarcoma', 'rectal cancer', 'cancer of the respiratory system', 'mesothelioma', 'salivary gland carcinoma', 'sarcoma', 'skin cancer', 'squamous cell cancer', 'stomach cancer', 'testicular cancer', 'thyroid cancer', 'uterine or endometrial cancer', 'cancer of the urinary system', 'vulval cancer', 'lymphoma', ""Hodgkin's lymphoma"", ""non-Hodgkin's lymphoma"", 'B-cell lymphoma', ""low grade/follicular non-Hodgkin's lymphoma"", ""small lymphocytic non-Hodgkin's lymphoma"", ""intermediate grade/follicular non-Hodgkin's lymphoma"", ""intermediate grade diffuse non-Hodgkin's lymphoma"", ""high grade immunoblastic non-Hodgkin's lymphoma"", ""high grade lymphoblastic non-Hodgkin's lymphoma"", ""high grade small non-cleaved cell non-Hodgkin's lymphoma"", ""bulky disease non-Hodgkin's lymphoma"", 'mantle cell lymphoma', 'AIDS-related lymphoma', ""Waldenstrom's macroglobulinemia"", 'chronic lymphocytic leukemia', 'acute lymphoblastic leukemia', 'Hairy cell leukemia', 'chronic myeloblastic leukemia', 'post-transplant lymphoproliferative disorder', 'abnormal vascular proliferation associated with phakomatoses', 'edema', ""Meigs' syndrome""]",[],"The broadest independent claim is a method of treating cancer, classifying the patent as 'Clinical'. The claim specifies various cancer types as indications for treatment.",055-293-340-166-478
Clinical,,,['cancer'],[],"Claim 1 is a method of treating cancer, which classifies the patent as 'Clinical'. The focus is on the treatment method rather than a specific composition or manufacturing process.",048-482-450-382-349
Clinical,,,"['tumor burden', 'anti-PD1 therapy resistance']",[],"Claim 1 is a method of reducing tumor burden, which qualifies it as a method-of-treatment claim. The focus is on the treatment aspect rather than a composition or manufacturing process.",055-030-207-522-758
Clinical,,,['cancer'],['subjects in need thereof'],"Claim 1 is a method-of-treatment claim for intratumoral immunotherapy using specific virus particles to treat cancer, thus classifying it as 'Clinical'.",037-999-989-468-499
Composition,Full ADC,,[],[],"Claim 1 explicitly claims an antibody-drug conjugate (ADC), which includes a defined HER2 antibody and implies a covalent attachment to a payload, classifying it as a 'Full ADC'. The method-of-treatment claims do not override the primary classification of the composition.",033-172-522-171-439
Clinical,,,['multiple myeloma'],[],"Claim 1 is a method of treating multiple myeloma, which classifies the patent as 'Clinical'. There are no claims directed to a molecule or composition, so no composition subtype is applicable.",049-801-609-370-166
Clinical,,,"['ovarian cancer', 'fallopian tube cancer', 'primary peritoneal cancer', 'breast cancer', 'pancreatic cancer']",[],"Claim 1 is a method for treating various cancers, making it a method-of-treatment claim, which classifies the patent as 'Clinical'.",042-303-205-631-327
Clinical,,,['cancer metastasis'],['subjects having CCR5+ cancer'],"Claim 1 is a method of treating or preventing cancer metastasis, which classifies the patent as 'Clinical'. The focus is on the treatment method rather than a composition or manufacturing process.",041-372-446-142-834
Clinical,,,"['melanoma', 'non-small cell lung cancer']",['patients who previously received a PD-1-blocking antibody or PD-L1-blocking antibody and progressed on prior therapy'],"Claim 1 is a method for treating cancer, specifically melanoma and non-small cell lung cancer, making it a clinical claim. The focus is on the treatment method rather than a composition of matter.",082-915-834-624-806
Clinical,,,['follicular lymphoma'],['previously untreated subjects'],"Claim 1 is a method of treating previously untreated follicular lymphoma, which classifies the patent as 'Clinical'. There are no claims directed to a molecule or composition.",049-146-587-728-041
Clinical,,,['cancer'],['patients having a cancer with an NRG1 fusion'],"Claim 1 is a method of treating cancer patients, which classifies the patent as 'Clinical'. The focus is on the treatment method rather than a composition or manufacturing process.",070-185-079-455-393
Composition,Full ADC,,[],[],"Claim 4 describes a kit comprising a selective HDAC3 inhibitor and an immunotherapy agent, which indicates a composition of defined therapeutic constructs. The broadest independent claim focuses on the composition rather than a method of treatment, thus classifying it as 'Composition'.",071-628-990-401-590
Clinical,,,['hematologic cancer'],[],"Claim 1 is a method for treating hematologic cancer using an anti-CD30 antibody drug conjugate, which classifies it as a Clinical patent type.",077-957-283-489-154
Clinical,,,['clear cell renal cell carcinoma'],['patient'],"Claim 12 is a method for treating advanced clear cell renal cell carcinoma, making it a method-of-treatment claim. The primary inventive concept is focused on clinical use rather than a composition or manufacturing process.",109-650-032-310-845
Clinical,,,['cancer'],['subject having cancer characterized by a mutated MAPK signaling pathway'],"Claim 1 is a method of treating cancer, which classifies the patent as 'Clinical'. The focus is on the treatment method rather than a composition or manufacturing process.",095-309-726-871-06X
Composition,,,[],[],"Claim 1 describes a therapeutic agent for cancer comprising specific compounds, classifying it as a 'Composition'. There are no claims directed to methods of treatment or manufacturing processes.",091-293-296-030-033
Composition,,,[],[],"Claim 1 describes an aqueous composition comprising a lentiviral vector and specific buffers, classifying it as a 'Composition'. There are no treatment methods in Claim 1, and thus it does not fall under 'Clinical'.",099-899-110-135-847
Composition,,,[],[],"Claim 1 describes an immunotherapy composition comprising isolated peptides and nucleic acids, which classifies it as a 'Composition'. There are no claims directed to a method of treatment in Claim 1, thus it does not fall under 'Clinical'.",110-675-003-933-265
Composition,Unconjugated Antibody,,[],[],"Claim 1 describes a composition comprising an antibody and an endocytosis inhibitor, which classifies it as a 'Composition'. The antibody is not covalently attached to a payload, thus it is classified as 'Unconjugated Antibody'.",108-520-194-823-633
Clinical,,,"['cancer', 'cytokine release syndrome']",[],"Claim 1 is a method for treating cancer, which classifies the patent as 'Clinical'. The focus is on the treatment method rather than a composition or manufacturing process.",126-562-971-556-452
Composition,Unconjugated Antibody,,[],[],"Claim 1 primarily claims a medicament comprising an antibody with immunological reactivity to CAPRIN-1 protein, without any mention of covalent attachment to a drug or payload, classifying it as an Unconjugated Antibody under Composition.",118-448-476-629-096
Clinical,,,['multiple myeloma'],['subjects having a high-risk cytogenetic feature'],"Claim 116 is a method of treating multiple myeloma with a bispecific antibody and lenalidomide, making it a clinical claim. The focus is on treatment methods rather than the composition of the bispecific antibody.",117-936-504-495-248
Clinical,,,['hepatocellular carcinoma'],[],"Claim 1 is a method for the treatment of hepatocellular carcinoma, which classifies the patent as 'Clinical'. The focus is on the treatment method rather than the composition of the antibody.",114-288-005-798-453
Clinical,,,['cancer'],[],"Claim 1 is a method of treating or preventing cancer, which classifies the patent as 'Clinical'. The focus is on the treatment method rather than a specific composition or manufacturing process.",117-369-902-576-811
Composition,Unconjugated Antibody,,[],[],"Claim 1 describes a nucleic acid molecule encoding bispecific immune cell engagers, which classifies as a composition. The bispecific antibodies are not covalently attached to any payload, thus they are classified as 'Unconjugated Antibody'. There are treatment claims later, but they do not override the primary classification based on Claim 1.",120-391-194-753-336
Clinical,,,"['lung cancer', 'colorectal cancer', 'pancreatic cancer', 'pancreatic adenocarcinoma', 'colon adenocarcinoma', 'colorectal adenocarcinoma', 'lung adenocarcinoma', 'non-small cell lung cancer (NSCLC)', 'cholangiocarcinoma', 'uterine endometrial carcinoma', 'testicular germ cell cancer', 'ampullary carcinoma', 'cervical squamous cell carcinoma', 'appendiceal adenocarcinoma', 'bladder adenocarcinoma', 'small intestinal carcinoma', 'ovarian cancer', 'myelodysplastic syndromes']",[],"The broadest independent claim (Claim 2) is a method of treating a tumor, classifying the patent as 'Clinical'.",132-805-049-034-012
Clinical,,,"['acute lymphocytic leukemia (ALL)', 'acute myeloid leukemia (AML)', 'acute monocytic leukemia (AMoL)', 'chronic lymphocytic leukemia (CLL)', 'high-risk CLL', 'small lymphocytic lymphoma (SLL)', 'high-risk SLL', 'multiple myeloma (MM)', ""non-Hodgkin's lymphoma (NHL)"", 'mantle cell lymphoma (MCL)', 'follicular lymphoma (FL)', ""Waldenstrom's macroglobulinemia (WM)"", 'diffuse large B-cell lymphoma (DLBCL)', 'marginal zone lymphoma (MZL)', ""Burkitt's lymphoma (BL)"", 'hairy cell leukemia (HCL)', ""Richter's transformation"", 'T-cell prolymphocytic leukemia (T-PLL)']","['treatment-naïve patients', 'patients with relapsed disease', 'patients with refractory disease']","Claim 16 is a method of treating a hyperproliferative hematological disorder, which classifies the patent as 'Clinical'. The claims detail specific diseases and patient populations relevant to the treatment method.",137-848-071-742-64X
Clinical,,,['cancer'],['patients in need thereof'],"Claim 1 is a method of controlling cancer in a patient, which classifies the patent as 'Clinical'. The focus is on the treatment method rather than a specific composition or manufacturing process.",127-602-021-302-694
Composition,Unconjugated Antibody,,[],[],"Claim 1 describes an antibody that binds an RNA-protein complex, classifying it as a 'Composition'. It does not involve any covalent attachment to a payload, thus it is categorized as 'Unconjugated Antibody'. There are no method-of-treatment claims in the first independent claim.",143-679-203-314-464
Composition,Full ADC,,[],[],"Claim 1 describes a pharmaceutical product comprising an anti-HER2 antibody-drug conjugate, which includes a drug-linker covalently attached to the antibody, classifying it as a 'Full ADC'. The primary inventive concept is directed to the composition rather than a method of treatment.",141-539-598-312-123
Composition,,,[],[],"Claim 1 describes a composition comprising intact minicells containing functional nucleic acids and a chemotherapy agent, classifying it as a 'Composition'. There are no method-of-treatment claims in Claim 1, and thus it does not fall under 'Clinical'.",139-909-786-566-749
Clinical,,,"['osteosarcoma', 'rhabdomyosarcoma', 'neuroblastoma', 'kidney cancer', 'leukemia', 'renal transitional cell cancer', 'bladder cancer', ""Wilm's cancer"", 'ovarian cancer', 'pancreatic cancer', 'breast cancer', 'prostate cancer', 'bone cancer', 'lung cancer', 'non-small cell lung cancer (NSCLC)', 'pleural mesothelioma', 'gastric cancer', 'colorectal cancer', 'cervical cancer', 'synovial sarcoma', 'head and neck cancer', 'squamous cell carcinoma', 'lymphoma', 'diffuse large B-cell lymphoma', 'non-Hodgkin lymphoma', 'multiple myeloma', 'renal cell cancer', 'retinoblastoma', 'hepatoblastoma', 'hepatocellular carcinoma', 'melanoma', 'rhabdoid tumor of the kidney', ""Ewing's sarcoma"", 'chondrosarcoma', 'brain cancer', 'glioblastoma', 'meningioma', 'pituitary adenoma', 'vestibular schwannoma', 'primitive neuroectodermal tumor', 'medulloblastoma', 'astrocytoma', 'anaplastic astrocytoma', 'oligodendroglioma', 'ependymoma', 'choroid plexus papilloma', 'polycythemia vera', 'thrombocythemia', 'idiopathic myelofibrosis', 'soft tissue sarcoma', 'thyroid cancer', 'endometrial cancer', 'carcinoid cancer']",[],"Claim 1 is a method of treating cancer, which classifies the patent as 'Clinical'. The diseases listed in the claims are explicitly mentioned as part of the treatment method.",129-444-272-055-845
Clinical,,,"['brain cancer', 'lung cancer', 'cervical cancer', 'ovarian cancer', 'cancer of the central nervous system (CNS)', 'skin cancer', 'prostate cancer', 'sarcoma', 'breast cancer', 'leukemia', 'colorectal cancer', 'colon cancer', 'head cancer', 'neck cancer', 'endometrial cancer', 'kidney cancer']",[],"Claim 1 is a method for treating cancer, which classifies the patent as 'Clinical'. The clinical indications are explicitly listed in the claims.",151-979-428-551-49X
Composition,Unconjugated Antibody,,[],[],"Claim 1 describes an isolated monoclonal bispecific antibody, which classifies it as a composition. The antibody is not covalently attached to any payload, thus it is categorized as an 'Unconjugated Antibody'.",154-785-207-425-514
Clinical,,,['large B-cell lymphoma (LBCL)'],"['subjects having large B-cell lymphoma', 'subjects refractory to first-line chemoimmunotherapy', 'subjects relapsed within 12 months of first-line chemoimmunotherapy']","Claim 1 is a method of treating a subject with large B-cell lymphoma, which classifies the patent as 'Clinical'. The focus is on treatment methods rather than a composition or manufacturing process.",156-781-604-739-861
Composition,Unconjugated Antibody,,[],[],"Claim 1 describes a pharmaceutical composition comprising an anti-TIGIT antibody and an anti-CTLA4-anti-PD-1 bispecific antibody, both of which are not covalently attached to any payload, classifying it as 'Unconjugated Antibody'. The primary focus is on the composition rather than treatment methods.",156-742-984-141-041
Clinical,,,"['colorectal cancer', 'endometrial cancer', 'hepatocellular cancer', 'melanoma', 'non-small cell lung cancer', 'renal cell cancer', 'head and neck squamous cell cancer', 'urothelial cancer', 'biliary tract cancer', 'gastric cancer', 'glioblastoma', 'ovarian cancer', 'pancreatic cancer', 'triple-negative breast cancer']",[],"Claim 1 is a method for inhibiting tumors, which classifies the patent as 'Clinical'. The clinical indications are explicitly mentioned in the claims related to the method of treatment.",157-745-927-199-925
Clinical,,,"['breast cancer', 'triple negative breast cancer', 'biliary tract cancer', 'cervical cancer', 'cholangiocarcinoma', 'colorectal cancer', 'esophageal cancer', 'gastric cancer', 'gastroesophageal junction adenocarcinoma', 'hepatobiliary cancer', 'hepatocellular carcinoma', 'head and neck cancer', 'non-small cell lung cancer', 'renal cell carcinoma', 'skin squamous cell carcinoma', 'ovarian cancer', 'pancreatic cancer', 'urothelial cancer']",[],"Claim 43 is a method of treating cancer using an anti-human ILT2 antibody, which classifies the patent as 'Clinical'. The claim specifies various cancer types as indications for treatment.",146-435-106-938-345
Composition,Unconjugated Antibody,,[],[],"Claim 1 describes an aqueous solution of IgM, which is a composition of a biological entity. There are no claims related to treatment methods or manufacturing processes, thus it is classified as a composition.",147-850-638-044-945
Composition,Unconjugated Antibody,,[],[],"Claim 1 primarily claims a polynucleotide or vector, which includes sequences encoding antibodies but does not involve any covalent attachment to a payload. Therefore, it is classified as a composition, specifically as an unconjugated antibody.",164-437-065-726-849
Composition,Unconjugated Antibody,,[],[],"Claim 1 describes a nucleic acid molecule encoding a recombinant T cell receptor, which is a defined construct. It does not involve any covalent attachment to a payload, thus classifying it as an Unconjugated Antibody.",161-063-422-389-674
Clinical,,,"['non-small cell lung cancer', 'colorectal cancer']",[],"Claim 1 is a method for treating specific cancers, making it a method-of-treatment claim. The focus is on the treatment approach rather than a composition or manufacturing process.",174-740-610-387-307
Composition,Unconjugated Antibody,,['cancer'],[],"Claim 1 describes a pharmaceutical composition comprising an anti-CCR8 antibody, which classifies it as a 'Composition'. The antibody is not covalently attached to any payload, thus it is categorized as 'Unconjugated Antibody'.",172-930-662-538-175
Clinical,,,"['biliary tract cancer', 'brain cancer', 'neuroblastomas', 'breast cancer', 'cervical cancer', 'ovarian cancer', 'choriocarcinoma', 'colorectal cancer', 'endometrial cancer', 'liver cancer', 'lung cancer', 'oesophageal cancer', 'gastric cancer', 'haematological neoplasms', 'intraepithelial neoplasms', 'oral cancer', 'pancreatic cancer', 'prostate cancer', 'sarcomas', 'skin cancer', 'testicular cancer', 'stromal tumours', 'germ cell tumours', 'thyroid cancer', 'renal cancer']",[],"Claim 1 is a method of treating a proliferative disease, classifying the patent as 'Clinical'. The diseases are explicitly listed in the claims.",176-785-342-722-886
Composition,Dual Combination,,[],[],"Claim 1 describes a pharmaceutical combination comprising a histone deacetylase 6 inhibitor and a PD-L1 inhibitor, which classifies it as a 'Composition'. The combination of two distinct therapeutic agents fits the 'Dual Combination' subtype.",180-152-554-081-384
Composition,Dual Combination,,[],[],"Claim 1 describes a pharmaceutical formulation comprising a liposome composition and an immune checkpoint inhibitor, which classifies it as a 'Composition'. The liposome composition includes a drug, indicating a combination of components rather than a single entity, thus it is classified as 'Dual Combination'.",189-631-446-134-085
Clinical,,,"['cancer', 'HIV']","['subjects having cancer', 'subjects diagnosed with or suspected of having HIV']","Claim 1 is a method of modulating target cells, which classifies the patent as 'Clinical'. The claims detail methods of treatment for cancer and HIV, focusing on the administration of bryostatin agents.",180-658-496-755-851
Clinical,,,"['pancreatic tumor', 'colon tumor', 'ovarian tumor', 'breast tumor', 'liver tumor']",[],"Claim 1 is a method for inhibiting tumor growth using a monoclonal antibody, which classifies it as a method-of-treatment claim. The primary inventive concept is focused on clinical use rather than a composition or manufacturing process.",190-724-670-917-517
Composition,Full ADC,,[],[],"Claim 1 describes a compound represented by a formula, which is a chemical entity. The subsequent claims detail an antibody-drug conjugate, indicating a full ADC structure with antibody, linker, and payload components defined together.",198-409-690-685-216
Composition,,,[],[],"Claim 1 describes a vaccine comprising protein-targeted DNA and a heat-resistant soluble protein, classifying it as a 'Composition'. Although there is a method of treatment claim later, the broadest independent claim focuses on the composition of the vaccine itself.",111-351-348-698-577
Composition,Unconjugated Antibody,,[],[],"Claim 1 is directed to an isolated monoclonal antibody that binds to GARP, classifying it as a composition. There is no covalent attachment to a payload, thus it is categorized as an Unconjugated Antibody.",059-752-761-517-091
Composition,Full ADC,,[],[],"Claim 1 describes a compound that includes an antibody, linkers, and a cytotoxic payload, which qualifies it as a Full ADC. The primary inventive concept is directed to the composition of the ADC rather than methods of treatment.",087-591-128-298-613
Composition,Conjugated Antibody,,['cancer'],[],"Claim 1 describes a modified cell comprising a chimeric immune receptor (CAR) with a DOTA-binding domain, which qualifies as a composition. The presence of a DOTA-conjugated targeting ligand in later claims indicates a covalent attachment to a non-antibody payload, classifying it as a Conjugated Antibody.",085-872-380-564-619
Clinical,,,"['autoimmune disease', 'lupus', 'systemic lupus erythematosus', 'CNS lupus', 'scleroderma']",[],"Claim 1 is a method of treating an autoimmune disease, which classifies the patent as 'Clinical'. The focus is on treatment methods rather than compositions or manufacturing processes.",062-130-374-840-085
Composition,Unconjugated Antibody,,[],[],"Claim 1 is directed to an antibody against heparanase, classifying it as a 'Composition'. It does not involve any covalent attachment to a payload, thus it is categorized as 'Unconjugated Antibody'.",184-270-747-563-446
Composition,Unconjugated Antibody,,[],[],"Claim 1 explicitly claims an anti-IGF-1 receptor humanized antibody, which classifies it as a 'Composition'. The antibody is not covalently attached to any payload, thus it is categorized as 'Unconjugated Antibody'. There are treatment claims later, but they do not override the primary classification based on Claim 1.",009-402-037-937-200
Clinical,,,"['autoimmune disease', 'chronic infection', 'cancer']","['anti-PD-1 responder phenotype', 'anti-PD-1 non-responder phenotype']","Claim 1 is a method of treating a condition by improving the immune response, which classifies it as a Clinical patent. The diseases and patient populations are explicitly mentioned in the treatment methods.",141-321-963-298-971
Clinical,,,['B cell malignancy'],['subjects at or younger than 25 years of age'],"Claim 1 is a method of treating a subject with a B cell malignancy, thus classifying the patent as 'Clinical'. The focus is on the treatment method rather than a composition or manufacturing process.",024-072-673-653-836
Composition,,,[],[],"Claim 1 explicitly claims a compound, classifying the patent as 'Composition'. Although there are method-of-treatment claims later, the broadest independent claim is directed to the molecule itself.",004-519-316-292-369
Composition,Full ADC,,[],[],"Claim 1 explicitly claims an antibody-drug conjugate (ADC) comprising an automodified PARP, an antibody, and an active agent, which qualifies as a Full ADC. The primary inventive concept is directed to the composition of the ADC rather than a method of treatment.",003-669-790-850-142
Clinical,,,"['ovarian cancer', 'uterus cancer', 'breast cancer', 'lung cancer', 'liver cancer', 'colorectal cancer', 'bladder cancer', 'renal cancer', 'prostate cancer', 'pancreatic cancer', 'stomach cancer', 'bone cancer', 'skin cancer', 'leukemia', 'malignant soft tissue sarcoma']",[],"Claim 1 is a method of treating cancer, which classifies the patent as 'Clinical'. The broadest independent claim focuses on the treatment method rather than a composition or manufacturing process.",003-799-501-466-634
Composition,Unconjugated Antibody,,[],[],"Claim 1 describes a therapeutic agent comprising an IL-6 inhibitor, which is a composition of molecules rather than a method of treatment. The claims focus on the components of the therapeutic agent, including antibodies, without any indication of covalent attachment to a payload.",009-477-255-311-923
Clinical,,,"['cancer', 'solid tumor disease', 'non-small cell lung cancer']",[],"Claim 1 is a method for treating cancer, which classifies the patent as 'Clinical'. The broadest independent claim focuses on the treatment method rather than a composition or manufacturing process.",015-010-142-394-222
Clinical,,,['multiple myeloma'],['adult patients'],"Claim 1 is a method of improving progression-free survival in adult patients with multiple myeloma, making it primarily a clinical claim.",022-060-326-935-168
Clinical,,,['multiple myeloma'],[],"Claim 1 is a method of treatment for multiple myeloma, thus classifying the patent as 'Clinical'. The focus is on the treatment method rather than a specific composition or manufacturing process.",022-901-594-580-045
Clinical,,,['pancreatic cancer'],['human patient'],"Claim 1 is a method for treating pancreatic cancer, which classifies the patent as 'Clinical'. The focus is on the treatment method rather than a composition or manufacturing process.",017-588-986-583-318
Composition,,,[],[],"Claim 1 describes an adjuvant composition comprising encapsulated iNKT cell antigens and carriers, classifying it as a 'Composition'. There are no claims directed to methods of treatment in the first independent claim.",031-567-480-396-237
Composition,Unconjugated Antibody,,[],[],"Claim 1 describes a bifunctional HDGF-VEGF trapper antibody-based targeting protein, which is a molecule and thus classified as 'Composition'. It does not involve any covalent attachment to a non-antibody payload, making it an 'Unconjugated Antibody'.",023-941-521-938-651
Composition,Unconjugated Antibody,,[],[],"Claim 1 explicitly claims an isolated antibody, which classifies the patent as a 'Composition'. The antibody is not covalently attached to any payload, thus it is classified as 'Unconjugated Antibody'.",021-144-455-040-24X
Composition,,,[],[],"Claim 1 describes a compound of formula (I), which classifies it as a 'Composition'. There are no claims directed to methods of treatment or manufacturing processes in the first independent claim.",033-877-269-962-279
Clinical,,,"['juvenile myelomonocytic leukemia', 'acute myelogenous leukemia']",['human patient'],"Claim 1 is a method of treating specific leukemias in human patients, making it primarily a clinical claim.",039-684-868-316-057
Clinical,,,['immune rejection'],[],"Claim 14 is a method of conditioning a subject for transplant, which qualifies as a method-of-treatment claim. The primary inventive concept revolves around treatment methods rather than a composition or manufacturing process.",057-831-575-077-689
Clinical,,,"['adenocarcinoma', 'colorectal adenocarcinoma']",[],"Claim 1 is a method-of-treatment claim involving arfolitixorin for treating adenocarcinoma, thus classifying the patent as Clinical.",055-603-667-180-90X
Composition,Full ADC,,[],[],"Claim 1 explicitly claims a conjugate comprising an anti-CD26 antibody linked to triptolide, which qualifies as a Full ADC due to the covalent attachment of the antibody to a non-antibody payload. Although there are method-of-treatment claims later, the broadest independent claim is directed to the composition itself.",042-541-540-123-884
Clinical,,,"['cancer', 'B cell malignancy', 'lymphoma', 'multiple myeloma']",[],"Claim 1 is a method of treatment involving T cell therapy and an immunomodulatory compound, classifying the patent as 'Clinical'.",056-946-171-971-653
Clinical,,,"['neurodegenerative disease', 'melanoma', 'neuroblastoma', 'glioma', 'small cell lung cancer', 't-ALL', 'breast cancer', 'brain tumors', 'retinoblastoma', ""Ewing's sarcoma"", 'osteosarcoma', 'ovarian cancer', ""non-Hodgkin's lymphoma"", 'Epstein-Barr related lymphoma', ""Hodgkin's lymphoma"", 'leukemia', 'epidermoid carcinoma', 'prostate cancer', 'renal cell carcinoma', 'transitional cell carcinoma', 'lung cancer', 'colon cancer', 'liver cancer', 'stomach cancer', 'gastrointestinal cancer', 'pancreatic cancer', 'HIV', 'tuberculosis', 'malaria', 'influenza', 'Ebola', 'chicken pox', 'Hepatitis B', 'HPV', 'tetanus', 'pneumococcus', 'measles', 'mumps', 'rubella', 'influenza', 'polio', 'diphtheria', 'tetanus', 'pertussis', 'Rous Sarcoma Virus', 'rabies', 'rotavirus']","['immunocompromised subject', 'pediatric subject', 'geriatric subject']","Claim 1 is a method for inducing therapeutic IgG antibody titer levels, which classifies it as a method of treatment. The clinical indications and populations are explicitly mentioned in the claims.",067-367-421-970-585
Composition,,,[],[],"Claim 1 describes a set comprising vancomycin and a checkpoint inhibitor, which classifies as a composition. The primary inventive concept is directed to the composition itself rather than a method of treatment.",056-548-554-823-873
Composition,,,[],[],"Claim 1 is directed to a sesquiterpene derivative, classifying the patent as a 'Composition'. Although there are treatment claims later, the broadest independent claim focuses on the chemical entity itself.",077-088-214-051-771
Composition,Unconjugated Antibody,,[],[],"Claim 1 describes an antibody or antigen binding fragment, which classifies the patent as a 'Composition'. The claims do not indicate any covalent attachment to a payload, thus it is categorized as 'Unconjugated Antibody'.",071-843-118-187-28X
Composition,Full ADC,,[],[],"Claim 1 explicitly claims an antibody-drug conjugate (ADC), which includes an antibody covalently attached to a non-antibody payload, thus classifying it as a 'Full ADC'. The primary inventive concept is the composition of the ADC rather than any method of treatment.",090-636-677-430-298
Composition,Unconjugated Antibody,,[],[],"Claim 1 describes a humanized antibody capable of binding prostaglandin E2, classifying it as a composition. There is no mention of covalent attachment to a payload, thus it is categorized as an unconjugated antibody.",106-470-467-711-149
Clinical,,,"['tumor', 'cancer']",[],"Claim 1 is a method for treating tumors and/or cancers, which classifies the patent as 'Clinical'. The focus is on the treatment method rather than a specific composition or manufacturing process.",089-504-351-221-912
Clinical,,,['acute myeloid leukemia'],['subjects having relapsed or refractory acute myeloid leukemia'],"Claim 1 is a method of treating a subject with relapsed or refractory acute myeloid leukemia, which classifies the patent as 'Clinical'.",113-034-464-456-181
Clinical,,,['triple-negative mammary carcinoma'],[],"Claim 1 is a method for finding inhibitors for the treatment of triple-negative mammary carcinoma, which qualifies it as a method-of-treatment claim.",117-248-693-712-846
Clinical,,,['prostate cancer'],[],"Claim 1 is a method of treating prostate cancer, which classifies the patent as 'Clinical'. No composition claims are present in the broadest independent claim.",113-795-490-239-013
Composition,Conjugated Antibody,,[],[],"Claim 1 describes a composition comprising a chimeric antigen receptor (CAR) and a glycolysis accelerating metabolite, which classifies it as a 'Composition'. The CAR is a defined construct that includes an antibody component, thus it is classified as 'Conjugated Antibody' due to the implied functional relationship with the metabolite.",123-577-171-100-302
Clinical,,,['diffuse large B-cell lymphoma'],['human subjects'],"Claim 69 is a method of treating diffuse large B-cell lymphoma using a bispecific antibody, which classifies the patent as 'Clinical'. The focus is on the treatment method rather than the composition of the antibody.",126-948-257-149-448
Clinical,,,['cancer'],['subjects having a cancer characterized by growth of tumor cells expressing carcinoembryonic antigen (CEA)'],"Claim 1 is a method for treating cancer, specifically targeting CEA-positive tumors, which classifies it as a Clinical patent.",133-527-034-539-412
Composition,Full ADC,,[],[],"Claim 1 explicitly claims a pharmaceutical composition comprising an anti-CLDN18.2 antibody-drug conjugate, which includes the antibody, linker, and payload as a single defined construct, classifying it as a Full ADC.",131-936-087-305-374
Clinical,,,"['breast cancer', 'myeloma', 'liver cancer', 'gastric cancer', 'colorectal cancer', 'lung cancer', 'giant-cell tumor', 'renal cancer', 'throat cancer', 'parotid gland cancer']",[],"Claim 1 is a method for cancer immunotherapy, which classifies the patent as 'Clinical'. The diseases are explicitly mentioned in the treatment method.",128-478-354-351-380
Clinical,,,['pancreatic ductal adenocarcinoma'],[],"Claim 1 is a method for treating pancreatic ductal adenocarcinoma, which classifies the patent as 'Clinical'. The focus is on treatment methods rather than compositions or manufacturing processes.",140-544-835-761-978
Clinical,,,['cancer'],[],"Claim 1 is a method of treating cancer, which classifies the patent as 'Clinical'. There are no claims directed to a specific molecule or composition in the broadest independent claim.",143-482-907-155-212
Clinical,,,"['acute myeloid leukemia', 'myelodysplastic syndrome']","['subjects not eligible for standard intensive chemotherapy', 'subjects 60 years old or older']","Claim 1 is a method for treating acute myeloid leukemia (AML) or myelodysplastic syndrome (MDS), which classifies the patent as 'Clinical'. The diseases and specific patient populations are explicitly mentioned in the claim.",152-282-417-355-115
Composition,Full ADC,,[],[],"Claim 43 describes an isolated antibody that binds to STn, which is a composition. Additionally, claim 56 explicitly claims an antibody-drug conjugate (ADC) comprising an antibody conjugated to a therapeutic agent, qualifying it as a Full ADC. The primary inventive concept is directed to the composition of the antibody and ADC.",146-785-382-879-740
Composition,,,[],[],"Claim 1 describes a peptide composition, which classifies the patent as 'Composition'. There are no claims that primarily focus on treatment methods or manufacturing processes.",157-303-166-641-10X
Clinical,,,"['cancer', 'precancerous proliferative disorder', 'multiple myeloma', 'acute myelogenous leukemia', 'chronic myelogenous leukemia', 'myelodysplastic syndrome', 'myeloproliferative neoplasm', 'colorectal cancer', 'gastric cancer', 'ovarian cancer', 'non-small cell lung carcinoma', 'head and neck squamous cell cancer', 'pancreatic cancer', 'renal cancer', 'breast cancer', 'triple negative breast cancer', 'prostate cancer', 'esophageal cancer']",['mammalian subject'],"Claim 1 is a method for treating cancer or precancerous proliferative disorders, classifying the patent as 'Clinical'.",144-712-569-028-882
Clinical,,,"['colorectal cancer', 'melanoma', 'renal cancer', 'prostate cancer', 'pancreatic adenocarcinoma', 'breast cancer', 'lung cancer', 'esophageal cancer', 'squamous cell carcinoma of the head and neck', 'liver cancer', 'ovarian cancer', 'cervical cancer', 'thyroid cancer', 'glioblastoma', 'glioma', 'leukemia']","['subjects with familial adenomatous polyposis', 'subjects in need thereof']","The broadest independent claim (Claim 1) is a method of preventing cancer, classifying the patent as 'Clinical'.",152-961-393-320-237
Composition,Conjugated Linker,,['cancer'],[],"Claim 1 describes a composition comprising a polyplex and a polymeric conjugate, which includes covalent attachment of PEG moieties, indicating a defined construct. The primary inventive concept is a composition rather than a method of treatment.",158-085-750-682-983
Clinical,,,"['leukemia', 'acute myeloid leukemia']",[],"Claim 1 is a method for identifying leukemia stem cells, which is a method-of-treatment claim. The primary inventive concept revolves around treatment methods, thus classifying it as Clinical.",151-902-101-094-148
Clinical,,,['cancer'],"['patients with FGFR-genetically altered cancer', 'patients diagnosed with bladder cancer', 'patients diagnosed with locally advanced or metastatic urothelial cancer']","Claim 1 is a method of treating cancer, which classifies the patent as 'Clinical'. The claims detail specific patient populations and types of cancer treated.",164-829-270-695-925
Clinical,,,"['cancer', 'solid tumors']",[],"Claim 1 is a method of treating cancer, which classifies the patent as 'Clinical'. The primary inventive concept is the treatment method rather than a composition or manufacturing process.",177-920-192-864-218
Composition,Unconjugated Antibody,,[],[],"Claim 1 describes a specific antibody that binds to human HLA/NY-ESO, classifying it as a composition. The antibody is a bispecific antibody, but there is no mention of covalent attachment to a payload, thus it is classified as an 'Unconjugated Antibody'.",172-671-766-154-455
Clinical,,,['non-small cell lung cancer'],"['subjects in need thereof', 'non-small cell lung cancer that has failed EGFR-TKI treatment']","Claim 1 is a method of treating non-small cell lung cancer, which classifies the patent as 'Clinical'. The focus is on the treatment method rather than the composition of the antibody or drug.",185-495-616-516-002
Composition,Unconjugated Antibody,,['cancer'],['human subject suffering from a cancer with TRIM21 positive tumor cells'],"Claim 31 describes a compound that is an antagonist of the binding between CLEC-1 and TRIM21, which can include antibodies. The primary inventive concept is directed towards the composition of the compound rather than a method of treatment, thus classified as 'Composition'.",189-089-034-099-941
Composition,Conjugated Antibody,,[],[],"Claim 1 describes a cell surface ASGPR binding compound that includes a ligand moiety linked to a biomolecule, such as an antibody, indicating a conjugated construct. The primary inventive concept is directed towards the composition of the compound rather than a method of treatment.",186-803-536-888-672
Composition,,,[],[],"Claim 1 is directed to a compound of formula (I), which classifies it as a 'Composition'. Although there are method-of-treatment claims later, the broadest independent claim focuses on the chemical entity itself.",175-139-883-447-052
Clinical,,,"['multiple myeloma', 'tumors expressing CD38']",[],"Claim 1 is a method for inhibiting growth and/or proliferation of multiple myeloma cells, which classifies it as a Clinical patent. The focus is on treatment methods rather than a composition of matter.",192-730-313-967-886
Clinical,,,['cancer'],[],"Claim 1 is a method for treating cancer, which classifies the patent as 'Clinical'. The primary inventive concept is the treatment method rather than a composition or manufacturing process.",193-692-792-099-247
Composition,Conjugated Antibody,,[],[],"Claim 1 describes a conjugate that includes an Fc domain covalently linked to a moiety, indicating a chemical construct. This qualifies as a 'Composition' type patent, specifically a 'Conjugated Antibody' due to the covalent attachment of the antibody to a non-antibody payload.",188-665-519-275-479
Composition,Full ADC,,[],[],"Claim 1 explicitly claims ADCx19, which is an antibody drug conjugate, indicating a composition of matter. The claim focuses on the ADC itself rather than a method of treatment, thus classifying it as 'Composition' and specifically as 'Full ADC' due to the implied combination of antibody, linker, and payload.",184-731-517-619-087
Composition,Full ADC,,[],[],"Claim 28 primarily claims a method for treating cancer, but it describes an anti-TROP-2 antibody-drug conjugate, which includes a payload and an antibody in a defined construct. Therefore, it is classified as a 'Composition' with subtype 'Full ADC'.",094-071-744-495-930
Composition,Unconjugated Antibody,,[],[],"Claim 1 describes a pharmaceutical composition comprising a drug that reverses resistance to an anticancer drug, which classifies it as a Composition. The presence of an anti-IL-26 antibody in later claims indicates an antibody, but it is not covalently attached to a payload, thus classifying it as an Unconjugated Antibody.",034-433-559-812-77X
Composition,Full ADC,,[],[],"Claim 1 describes a composition that includes an immunoconjugate and a chemotherapeutic agent, which indicates a defined therapeutic construct. The presence of the immunoconjugate, which is a combination of interleukins and an Fc domain, along with a chemotherapeutic agent, classifies it as a Full ADC.",169-459-046-116-622
Composition,Conjugated Antibody,,[],[],"Claim 1 describes a copolymer that includes a target recognition molecule, which can be an antibody. The presence of a drug complex in later claims indicates potential therapeutic use, but the broadest independent claim focuses on the composition of the copolymer and its components, classifying it as a 'Composition'.",127-198-383-875-199
Clinical,,,['immune checkpoint inhibitor (ICI)-resistant tumor'],[],"Claim 1 is a method of treating a subject with an immune checkpoint inhibitor (ICI)-resistant tumor, which classifies it as a Clinical patent type.",055-131-992-115-332
Composition,Unconjugated Antibody,,[],[],"Claim 1 describes a ferritin nanocage comprising a PD-L1-binding peptide fused to a human ferritin heavy chain fragment, which classifies it as a composition. There is no covalent attachment to a non-antibody payload, thus it is categorized as an Unconjugated Antibody.",158-714-130-676-370
Composition,Full ADC,,[],[],"Claim 1 claims a camptothecin compound, which is a chemical entity. The broader inventive concept includes an antibody-drug conjugate (ADC) in later claims, specifically Claim 7, which defines the ADC structure, thus classifying it as a Full ADC.",109-397-067-081-134
Composition,,,[],[],"Claim 1 describes a liposomal composition comprising alpha polyglutamated methotrexate, which classifies it as a 'Composition'. There are no claims that primarily focus on treatment methods in Claim 1.",092-574-509-393-813
Composition,,,"['melanoma', 'non-small cell lung cancer', 'renal cell carcinoma', 'hodgkin lymphoma', 'head and neck cancer', 'urothelial carcinoma', 'hepatocellular carcinoma', 'small cell lung cancer']",[],"Claim 1 describes a pharmaceutical composition for treating cancer, which includes an immune checkpoint blockade and a CpG-oligodeoxynucleotide. This qualifies as a 'Composition' since it claims a defined therapeutic construct rather than a method of treatment.",009-027-646-324-328
Composition,Unconjugated Antibody,,[],[],"Claim 1 describes a pharmaceutical combination that includes an antibody (substance B) and a compound (substance A), but does not indicate any covalent attachment of the antibody to a non-antibody payload, classifying it as an Unconjugated Antibody. The primary inventive concept is a composition rather than a method of treatment.",003-381-574-566-910
Clinical,,,"[""non-Hodgkin's lymphoma""]",[],"Claim 1 is a method of treating a subject with non-Hodgkin's lymphoma, which classifies the patent as 'Clinical'. There are no claims directed to a molecule or composition.",012-700-822-801-345
Clinical,,,"['hematological malignancy', 'leukemia', 'lymphoma', 'diffuse Large B-Cell Lymphoma (DLBCL)', 'chronic myeloid leukemia (CML)', 'acute myeloid leukemia (AML)', 'chronic lymphocytic leukemia (CLL)', 'acute lymphocytic leukemia (ALL)', 'Hodgkin lymphoma', 'non-Hodgkin lymphoma', 'Mantle cell lymphoma (MCL)', 'primary mediastinal large B-cell lymphoma (PMBCL)', 'multiple myeloma']",[],"Claim 1 is a method of treating hematological malignancies, which classifies the patent as 'Clinical'. The focus is on treatment methods rather than composition or manufacturing processes.",013-066-170-209-135
Clinical,,,['cancer'],[],"Claim 1 is a method for treating a subject with a disease characterized by cells expressing a target antigen, specifically mentioning cancer as a potential condition. Therefore, it is classified as a Clinical patent.",011-929-928-702-31X
Clinical,,,['cancer'],[],"Claim 1 is a method for increasing the therapeutic index of a chemotherapeutic drug in cancer treatment, classifying it as a method-of-treatment claim.",039-214-854-931-490
Clinical,,,"['gastric cancer', 'gastroesophageal junction cancer']",[],"Claim 1 is a method of treating cancer, which classifies the patent as 'Clinical'. The specific cancers mentioned in the claim are gastric cancer and gastroesophageal junction cancer.",024-356-930-511-375
Clinical,,,['cancer'],[],"Claim 1 is a method of treating cancer, which classifies the patent as 'Clinical'. The primary inventive concept is focused on treatment methods rather than a composition or manufacturing process.",027-722-398-870-932
Clinical,,,"['cancer', 'metastasis of a cancer', 'relapse of a cancer']",[],"Claim 1 is a method of treating cancer, which classifies the patent as 'Clinical'. The claim specifies the treatment of cancer and its metastasis, making it the primary inventive concept.",016-081-027-285-754
Clinical,,,"['hematologic malignancy', 'solid tumor cancer']",[],"Claim 1 is a method of treating a hematologic malignancy, which classifies the patent as 'Clinical'. The focus is on treatment methods rather than a specific composition or manufacturing process.",022-081-363-009-246
Composition,Full ADC,,[],[],"Claim 1 explicitly claims a pharmaceutical composition comprising an anti-CD123 antibody-drug conjugate and a PARP inhibitor, classifying it as a 'Composition'. The presence of the antibody-drug conjugate indicates a 'Full ADC' subtype.",027-009-168-503-121
Composition,Conjugated Linker,,['tumor'],[],"Claim 1 is directed to a linker for preparing antibody-drug conjugates, classifying it as a composition. The broader inventive concept focuses on the linker itself, which is essential for ADC formation, thus categorized as a 'Conjugated Linker'.",038-289-121-794-257
Clinical,,,['colorectal cancer'],"['subjects with KRAS mutation', 'subjects at risk of developing colorectal cancer with KRAS mutation']","Claim 1 is a method of treating colorectal cancer, making it a clinical claim. The focus is on the treatment method rather than a composition or manufacturing process.",051-036-207-367-673
Clinical,,,['anaplastic large cell lymphoma'],"['patients in need thereof', 'patients suffering from ALK positive anaplastic large cell lymphoma']","Claim 1 is a method of treating anaplastic large cell lymphoma, which classifies the patent as 'Clinical'. The focus is on treatment methods rather than specific compositions or manufacturing processes.",051-728-401-669-138
Clinical,,,"['cancer', 'carcinoma', 'lymphoma', 'blastoma', 'sarcoma', 'leukemia', 'squamous cell cancer', 'small-cell lung cancer', 'non-small cell lung cancer', 'adenocarcinoma of the lung', 'squamous carcinoma of the lung', 'cancer of the peritoneum', 'hepatocellular cancer', 'gastrointestinal cancer', 'gastric cancer', 'pancreatic cancer', 'neuroendocrine cancer', 'glioblastoma', 'cervical cancer', 'ovarian cancer', 'liver cancer', 'bladder cancer', 'brain cancer', 'hepatoma', 'breast cancer', 'colon cancer', 'colorectal cancer', 'endometrial or uterine carcinoma', 'esophageal cancer', 'salivary gland carcinoma', 'kidney cancer', 'prostate cancer', 'vulval cancer', 'thyroid cancer', 'head and neck cancer']",[],"Claim 1 is a method of selecting subjects for treatment, which classifies the patent as 'Clinical'. The broadest claim focuses on treatment methods rather than a specific composition or manufacturing process.",056-647-912-638-779
Composition,Full ADC,,[],[],"Claim 1 describes a composition comprising an engineered immune cell and an agent for genetic disruption, which qualifies as a composition. The presence of a recombinant receptor and a genetic disruption agent suggests a defined therapeutic construct, aligning with the 'Full ADC' subtype.",065-329-988-633-31X
Clinical,,,['triple negative breast cancer'],['advanced or metastatic'],"Claim 1 is a method of treating advanced or metastatic triple negative breast cancer, making it primarily a clinical patent. The focus is on the treatment regimen rather than a composition or manufacturing process.",063-156-279-018-829
Composition,Full ADC,,[],[],"Claim 1 describes a compound that is part of an antibody-drug conjugate (ADC), indicating a defined construct involving an antibody and a payload. The presence of the ADC in the title and the structure in Claim 1 supports classification as 'Full ADC'.",087-614-269-119-091
Clinical,,,['tumor'],[],"Claim 1 is a method of treating a tumor, which classifies the patent as 'Clinical'. There are no claims directed to a molecule or composition, so 'Composition' does not apply.",075-864-314-729-646
Clinical,,,['cancer'],['subject in need thereof'],"Claim 1 is a method for treating cancer, which classifies the patent as 'Clinical'. The focus is on the treatment method rather than a composition or manufacturing process.",083-387-323-838-896
Clinical,,,['advanced non-small cell lung cancer'],['individual in need thereof'],"Claim 1 is a method for preventing or treating advanced non-small cell lung cancer, which classifies the patent as 'Clinical'. The focus is on treatment methods rather than a composition or manufacturing process.",090-241-443-456-368
Composition,,,[],[],"Claim 1 describes a genetically engineered microorganism, which classifies it as a 'Composition'. There are no claims directed to a method of treatment in Claim 1, thus it does not fall under 'Clinical'.",091-302-040-656-747
Clinical,,,"['acute disease', 'acute condition', 'SIRS', 'sepsis', 'diabetes', 'cancer', 'acute vascular diseases', 'heart failure', 'shock', 'septic shock', 'organ dysfunction', 'kidney dysfunction']",[],"Claim 1 is a method for stabilizing the circulation of a patient in therapy of an acute disease or condition, which classifies it as a Clinical patent type.",076-523-146-798-554
Composition,Full ADC,,[],[],"Claim 1 explicitly claims an antibody-drug conjugate, which includes a defined antibody, linker, and cytotoxic payload, classifying it as a Full ADC. The primary inventive concept is directed to the composition rather than methods of treatment.",106-888-797-763-214
Clinical,,,['pancreatic cancer'],[],"Claim 1 is a method of treating pancreatic cancer, which classifies the patent as 'Clinical'. There are no claims directed to a specific molecule or composition in the first independent claim.",097-445-222-573-295
Composition,Unconjugated Antibody,,[],[],"Claim 1 is directed to an isolated monoclonal antibody, classifying it as a 'Composition'. The antibody is not covalently attached to any payload, thus it is categorized as 'Unconjugated Antibody'.",122-522-562-444-562
Clinical,,,['glioma'],[],"Claim 1 is a method of treating glioma, which classifies the patent as 'Clinical'. There are no claims directed to a specific molecule or composition.",126-456-008-964-352
Clinical,,,['cancer'],[],"Claim 1 is a method of treating cancer, which classifies the patent as 'Clinical'. There are no claims directed to a specific molecule or composition.",123-223-971-407-822
Composition,Unconjugated Antibody,,[],[],"Claim 1 provides a composition comprising an antigen-binding molecule capable of binding to HER3, classifying it as a 'Composition'. The claims do not indicate any covalent attachment to a payload, thus it is classified as 'Unconjugated Antibody'.",118-381-107-352-825
Clinical,,,['cancer'],['subjects in need thereof'],"Claim 1 is a method of treatment using a PTPN22 inhibitor, which classifies the patent as 'Clinical'. The primary inventive concept revolves around treating cancer, thus focusing on the method rather than a composition.",135-952-599-078-457
Clinical,,,['cancer'],[],"Claim 1 is a method of preventing or treating cancer, which classifies the patent as 'Clinical'. The focus is on the treatment method rather than a composition or manufacturing process.",141-378-611-350-139
Composition,Unconjugated Antibody,,[],[],"Claim 1 is a method of treatment, but it primarily describes a monoclonal antibody and its components, classifying it as a composition. The antibody is not covalently attached to any payload, thus it is classified as an 'Unconjugated Antibody'.",153-620-081-820-727
Composition,Unconjugated Antibody,,['cancer'],[],"Claim 1 describes a fusion protein that includes a CD4 targeting moiety and an immunomodulatory moiety, which classifies it as a composition. The fusion protein does not indicate any covalent attachment to a non-antibody payload, thus it is classified as an Unconjugated Antibody.",150-862-350-929-310
Composition,,,[],[],"Claim 1 describes a combination of various inhibitors and a compound of formula I, which classifies it as a 'Composition'. The claim does not focus on a method of treatment, thus it is not classified as 'Clinical'.",148-752-536-655-013
Composition,,,[],[],"Claim 1 describes an oral pharmaceutical composition, which classifies it as a 'Composition'. There are no claims directed to methods of treatment in the independent claim, and thus it does not fall under 'Clinical'.",162-351-106-177-218
Clinical,,,['tumor'],['tumor patient'],"Claim 1 is a method-of-treatment claim focused on a therapeutic protocol for tumor patients, thus classifying the patent as Clinical.",167-715-712-678-289
Clinical,,,['Ph+ leukemia'],['patients'],"Claim 1 is a method for the treatment of Ph+ leukemia, which classifies the patent as 'Clinical'. The focus is on the treatment method rather than a composition or manufacturing process.",161-909-382-747-399
Clinical,,,['cancer'],[],"Claim 2 is a method of treatment for cancer, making it the primary inventive concept. Other claims focus on methods related to the treatment but do not claim a composition or manufacturing process.",179-736-263-981-765
Clinical,,,['relapsed or refractory diffuse large B-cell lymphoma (DLBCL)'],['human patients in need thereof'],"Claim 1 is a method for treating a specific disease, thus classifying the patent as 'Clinical'. The primary inventive concept revolves around the treatment method rather than a composition or manufacturing process.",190-860-513-312-609
Composition,Full ADC,,[],[],"Claim 15 explicitly claims an antibody drug conjugate (ADC), which includes a defined construct with an antibody, linker, and payload. This classification is based on the broadest independent claim being directed to a molecule rather than a method of treatment.",197-478-433-094-311
Clinical,,,['lung cancer'],[],"Claim 1 is a method for treating lung cancer, which classifies the patent as 'Clinical'. There are no claims directed to a specific molecule or composition, hence no composition subtype is applicable.",187-163-954-837-230
Composition,Unconjugated Antibody,,[],[],"Claim 1 describes an isolated monoclonal antibody that specifically binds to PD-L2, classifying it as a 'Composition'. It does not involve any covalent attachment to a payload, thus it is categorized as 'Unconjugated Antibody'.",183-193-079-090-061
Clinical,,,"['non-small cell lung carcinoma', 'metastatic NSCLC']",[],"Claim 1 is a method of treating a tumor in a subject afflicted with NSCLC, which classifies the patent as 'Clinical'. The diseases explicitly mentioned in the treatment method are non-small cell lung carcinoma and metastatic NSCLC.",045-868-476-825-69X
Composition,Conjugated Antibody,,[],[],"Claim 1 describes a compound with a specific formula, indicating it is a chemical entity. The presence of conjugates in the claims suggests that the compound is a conjugated antibody, as it involves covalent attachment to a non-antibody payload.",192-934-694-088-459
Composition,Full ADC,,[],[],"Claim 1 describes an immunoconjugate that includes an antibody linked to a drug moiety, which qualifies it as a Full ADC. The primary inventive concept is the composition of the immunoconjugate rather than a method of treatment.",180-102-885-179-081
Composition,Unconjugated Antibody,,[],[],"Claim 1 describes a bispecific antibody targeting PD-1 and CTLA4 without any mention of a covalently attached payload, classifying it as an 'Unconjugated Antibody'. The primary inventive concept is the composition of the antibody itself, not a method of treatment.",101-880-347-615-144
Composition,Unconjugated Antibody,,[],[],"Claim 1 describes a chimeric antigen receptor (CAR) molecule, which is a defined construct and falls under the 'Composition' category. It does not involve any covalent attachment to a non-antibody payload, thus classifying it as an 'Unconjugated Antibody'.",077-140-074-286-055
Clinical,,,['cancer'],[],"Claim 1 is a method of assessing or predicting response of cancer to treatment, which classifies the patent as 'Clinical'. No specific patient populations are claimed.",111-513-359-132-324
Clinical,,,['cancer'],[],"Claim 1 is a method for the prevention or treatment of cancer, which classifies the patent as 'Clinical'. The focus is on the treatment method rather than a composition or manufacturing process.",098-171-424-563-950
Composition,,,[],[],"Claim 1 describes a liposomal composition comprising gamma polyglutamated pemetrexed, which classifies it as a 'Composition'. There are no claims that primarily focus on treatment methods in the independent claim.",178-903-563-209-805
Clinical,,,"['DLL3-positive cancer', 'small cell lung cancer (SCLC)', 'relapsed/refractory SCLC (RR SCLC)', 'extensive disease SCLC (ED SCLC)']",['human'],"Claim 1 is a method of treating DLL3-positive cancer, which classifies the patent as 'Clinical'. The claims detail specific treatment regimens and patient populations, focusing on the therapeutic application rather than a composition.",002-337-594-220-832
Clinical,,,"['diffuse large B-cell lymphoma', 'non-Hodgkin lymphoma', 'chronic lymphocytic leukemia', 'acute lymphoblastic leukemia']",[],"The broadest independent claim (Claim 24) is a method of treating diffuse large B-cell lymphoma, which classifies the patent as 'Clinical'. The claims detail specific treatment regimens involving an anti-CD19 antibody and other agents.",000-942-217-481-167
Clinical,,,"['cancer', 'colon cancer', 'non-small cell lung cancer', 'bladder urothelial carcinoma', 'esophageal carcinoma', 'stomach adenocarcinoma', 'mesothelioma', 'liver hepatocellular carcinoma', 'diffuse large B cell lymphoma', 'kidney renal clear cell carcinoma', 'head and neck squamous cell carcinoma', 'cholangiocarcinoma', 'cervical squamous cell carcinoma', 'endocervical adenocarcinoma', 'melanoma']",[],"Claim 1 is a method of treating cancer, which classifies the patent as 'Clinical'. The diseases explicitly mentioned in the treatment method are extracted as clinical indications.",005-895-801-548-976
Composition,,,[],[],"Claim 17 describes a chelate resulting from the complexation of a ligand with metallic cations, classifying it as a composition. There are no method-of-treatment claims in the broadest independent claim.",006-026-839-824-392
Composition,Full ADC,,[],[],"Claim 25 explicitly claims an antibody-drug conjugate (ADC) with a defined structure, which includes an antibody, linker, and bioactive molecule, classifying it as a 'Full ADC'. The primary inventive concept is the composition of the ADC rather than a method of treatment.",011-425-126-802-985
Clinical,,,"['cancer', 'lung cancer', 'non-small cell lung cancer (NSCLC)']",[],"Claim 1 is a method of treating cancer, which classifies the patent as 'Clinical'. The claims detail specific cancer types and treatment methods, but do not primarily focus on a composition or manufacturing process.",003-415-381-139-130
Clinical,,,"['cancer', 'bladder cancer', 'breast cancer', 'non-small cell lung cancer', 'colorectal cancer', 'renal cell carcinoma', 'hepatocellular carcinoma', 'melanoma']",['human patient in need thereof'],"Claim 1 is a method of treating cancer, which classifies the patent as 'Clinical'. The diseases and patient population are explicitly mentioned in the treatment method.",022-030-043-976-958
Composition,,,[],[],"Claim 1 describes a specific crystalline form of a compound, which classifies the patent as a 'Composition'. Although there are method-of-treatment claims later, the broadest independent claim is directed to the molecule itself.",019-032-406-861-289
Composition,Unconjugated Antibody,,[],[],"Claim 1 describes a chimeric antigen receptor expressing cell, which includes an immune cell and a specific chimeric antigen receptor. This falls under the 'Composition' category as it claims a defined construct rather than a method of treatment.",028-392-429-235-26X
Clinical,,,['non-Hodgkin lymphoma'],[],"Claim 1 is a method of treating non-Hodgkin lymphoma, which classifies the patent as 'Clinical'. The focus is on the treatment method rather than the composition of the antibody-drug conjugate.",034-478-406-557-72X
Composition,Unconjugated Antibody,,['cancer'],[],"Claim 1 describes a medicament comprising an antibody and various drugs for cancer treatment, classifying it as a 'Composition'. The antibody is not covalently attached to any payload, thus it is categorized as 'Unconjugated Antibody'.",060-573-865-502-056
Composition,Unconjugated Antibody,,[],[],"Claim 1 describes an anti-IL18-BP antibody, which classifies it as a 'Composition'. It does not involve any covalent attachment to a payload, thus it is categorized as 'Unconjugated Antibody'. There are treatment claims later, but they do not affect the classification of the broadest independent claim.",037-772-296-138-028
Composition,,,[],[],"Claim 1 describes a bifunctional compound with a specific structure, classifying it as a 'Composition'. Although treatment methods are mentioned later, the broadest independent claim focuses on the compound itself.",050-422-671-802-500
Clinical,,,"['cancer', 'tumor']",[],"Claim 1 is a method of inhibiting endosomal trafficking of PD-L1, which is a method-of-treatment claim. The primary inventive concept is focused on treatment methods rather than a composition.",074-022-115-783-052
Clinical,,,"['cancer', 'pancreatic cancer']",[],"Claim 1 is a method for the treatment or prevention of cancer, classifying the patent as 'Clinical'. The focus is on the treatment method rather than a specific composition or manufacturing process.",071-495-570-315-649
Clinical,,,['pediatric acute myeloid leukemia'],['patients in need thereof'],"Claim 1 is a method of treating pediatric acute myeloid leukemia, which classifies the patent as 'Clinical'. The focus is on the treatment method rather than the composition of the antibody conjugate.",075-312-008-367-40X
Composition,Unconjugated Antibody,,[],[],"Claim 1 describes an isolated monoclonal antibody, which classifies the patent as a 'Composition'. The antibody is not covalently attached to any payload, thus it is categorized as 'Unconjugated Antibody'.",074-537-784-333-860
Other,,,[],[],"Claim 1 describes a bio-degradable means for use as a drinking straw, stirrer, and chopstick, which does not fall under the categories of composition, CMC, or clinical methods. The primary inventive concept is related to a physical product rather than a chemical entity or treatment method.",103-719-187-102-463
Clinical,,,"['cancer', 'cytokine release syndrome']",[],"Claim 1 is a method for treating cancer and inhibiting tumor growth, which classifies it as a Clinical patent. The focus is on treatment methods rather than a specific composition or manufacturing process.",095-182-819-898-338
Composition,Unconjugated Antibody,,[],[],"Claim 1 describes an isolated multispecific antibody construct without any covalent attachment to a payload, classifying it as an 'Unconjugated Antibody'. The primary inventive concept is directed towards the antibody itself, not a method of treatment or manufacturing process.",098-123-428-732-92X
Composition,Full ADC,,[],[],"Claim 1 describes a pharmaceutical product comprising an anti-HER2 antibody-drug conjugate, which includes a drug-linker covalently attached to the antibody, classifying it as a Full ADC. The primary inventive concept is directed towards the composition rather than a method of treatment.",103-766-225-929-093
Clinical,,,['diffuse large B-cell lymphoma'],['human subjects'],"Claim 1 is a method of treating diffuse large B-cell lymphoma, which classifies the patent as 'Clinical'. The focus is on the treatment method rather than the composition of the bispecific antibody.",108-956-767-267-003
Clinical,,,['cancer'],['overweight or obese individuals'],"Claim 1 is a method for the treatment of cancer in overweight or obese individuals, making it a method-of-treatment claim. The primary inventive concept is clinical in nature.",122-182-163-987-262
Clinical,,,"['mesothelioma', 'lung cancer', 'kidney cancer']",[],"Claim 1 is a method of identifying relationships in genetic networks related to immunotherapy responses, which classifies the patent as 'Clinical'. The treatment claims specify diseases such as mesothelioma, lung cancer, and kidney cancer.",117-197-045-493-000
Composition,Unconjugated Antibody,,['cancer'],['FGFR2-positive'],"Claim 1 describes a combination of an antibody and a tyrosine kinase inhibitor, focusing on the antibody itself, which does not involve covalent attachment to a payload. Therefore, it is classified as 'Composition' with the subtype 'Unconjugated Antibody'. The treatment of cancer is mentioned in later claims, but the primary inventive concept remains the antibody combination.",117-567-918-119-006
Composition,Full ADC,,[],[],"Claim 1 explicitly claims a pharmaceutical composition comprising an antibody drug conjugate, which includes a defined structure indicating a full ADC. There are no method-of-treatment claims in the first independent claim, thus it is classified as Composition.",123-721-020-156-177
Composition,Full ADC,,[],[],"Claim 1 is directed to a compound of Formula (I), which is a chemical entity. The broadest independent claim describes a compound that can be part of an antibody-drug conjugate (ADC), thus classifying it as a Full ADC.",136-937-096-586-813
Composition,,,[],[],"Claim 1 describes a compound, which classifies the patent as 'Composition'. Although there are later claims related to treatment methods, the broadest independent claim focuses on the chemical entity itself.",130-540-502-704-51X
Clinical,,,['cancer'],"['cancer patient non-responsive to treatment', 'cancer patient with a favorable response']","Claim 1 is a method of treating cancer patients, which classifies it as a Clinical patent type. The focus is on treatment methods rather than any specific composition or manufacturing process.",131-693-268-088-643
Composition,,,[],[],"Claim 1 describes a pharmaceutical composition comprising a compound as an active ingredient, which classifies it as a 'Composition'. There are no claims directed to methods of treatment in the independent claim, thus it does not fall under 'Clinical'.",143-817-632-847-624
Clinical,,,['clonal hematopoiesis'],[],"Claim 1 is a method of treating clonal hematopoiesis, which classifies the patent as 'Clinical'. There are no claims directed to a specific molecule or composition.",153-571-625-969-119
Composition,Unconjugated Antibody,,[],[],"Claim 1 describes an antibody that binds CLL-1, classifying it as a composition. The antibody is not covalently attached to any payload, thus it is categorized as an 'Unconjugated Antibody'.",162-330-533-838-954
Clinical,,,"['DLL3-positive cancer', 'small cell lung cancer (SCLC)', 'relapsed/refractory SCLC (RR SCLC)', 'extensive disease SCLC (ED SCLC)']",[],"Claim 1 is a method of treating DLL3-positive cancer, which classifies the patent as 'Clinical'. The focus is on the treatment regimen rather than a specific molecule or composition.",162-872-743-664-522
Clinical,,,"['EBV-associated disease', 'EBV-associated disorder', 'EBV-associated condition']",[],"Claim 43 is a method of treating or preventing EBV-associated diseases, making it a clinical claim. The composition claim (Claim 44) is secondary and does not override the primary method of treatment claim.",148-492-600-826-705
Composition,,,[],[],"Claim 1 describes a composition comprising various compounds and NK cells, which classifies it as a 'Composition'. There are no claims directed to a method of treatment in Claim 1, thus it does not fall under 'Clinical'.",156-194-687-614-653
Composition,,,[],[],"Claim 14 describes a combination of mRNA molecules and PD-1 pathway inhibitors, which classifies it as a 'Composition' since it claims a defined construct rather than a method of treatment.",162-156-218-898-016
Clinical,,,['cancer'],[],"Claim 1 is a method for treating and/or preventing cancer, which classifies the patent as 'Clinical'. The focus is on the treatment method rather than the composition of the antibody or conjugate.",190-231-074-703-111
Clinical,,,['anti-cancer immunity'],['HLA-C1+'],"Claim 1 is a method for enhancing anti-tumor activity of lymphocytes, which classifies it as a method of treatment. The focus is on the clinical application rather than a composition or manufacturing process.",180-705-867-008-804
Clinical,,,['RAS wild type colorectal cancer'],[],"Claim 1 is a method of treating RAS wild type colorectal cancer, which classifies the patent as 'Clinical'. There are no claims directed to a specific molecule or composition.",187-011-420-230-036
Composition,Full ADC,,"['neoplastic disease', 'tumor', 'melanoma', 'neuroblastoma']",[],"Claim 1 describes a targeted therapeutic agent that includes a binding moiety and a cytotoxic drug moiety, indicating it is a composition. The presence of a drug conjugated to a binding moiety qualifies it as a Full ADC.",180-248-392-469-760
Composition,Unconjugated Antibody,,[],[],"Claim 1 describes a modified antibody with specific chemical functional groups but does not involve any covalent attachment to a non-antibody payload, classifying it as an Unconjugated Antibody under Composition.",180-085-656-058-436
Clinical,,,['gastric neoplasia'],['patients with EGFR biomarker'],"Claim 1 is a method for treating gastric neoplasia, which qualifies it as a method-of-treatment claim. The focus is on the treatment of patients with specific EGFR biomarkers, making it primarily clinical in nature.",184-522-854-031-718
Composition,Full ADC,,[],[],"Claim 1 explicitly claims a ligand-drug conjugate, which includes an anti-claudin antibody and a defined linker and payload, classifying it as a Full ADC. There are treatment claims later, but the broadest independent claim is directed to the composition itself.",059-457-523-964-177
Clinical,,,"['lung cancer', 'ovarian cancer', 'gastric cancer', 'hepatocellular carcinoma', 'colorectal cancer', 'esophageal cancer', 'malignant glioma', 'pancreatic cancer', 'prostate cancer', 'Merkel cell carcinoma', 'head and neck cancer', 'renal cell carcinoma', 'bladder cancer', 'liver cancer', 'non-small cell lung cancer (NSCLC)', 'metastatic gastroesophageal cancer', 'recurrent/metastatic squamous cell head and neck cancer (HNSCC)']","['human subject in need thereof', 'immunosuppressed']","Claim 1 is a method for treating a tumor in a human subject, classifying the patent as 'Clinical'. The clinical indications and populations are explicitly mentioned in the treatment methods.",198-935-522-751-587
Composition,Full ADC,,['cancer'],[],"Claim 1 describes an immunoconjugate comprising an anti-CEACAM5-antibody, which indicates a defined construct involving an antibody and a payload for treating cancer. This qualifies as a Full ADC since it involves a covalent attachment to a cytotoxic agent.",073-210-944-503-689
Composition,Unconjugated Antibody,,[],[],"Claim 1 describes a T cell expressing a chimeric antigen receptor (CAR) polypeptide, which is a defined construct. It does not involve a covalent attachment to a non-antibody payload, thus classifying it as an Unconjugated Antibody.",147-632-697-474-181
Clinical,,,"['gastric cancer', 'lung cancer', 'brain tumor', 'lymphoma', 'colon cancer', 'pancreatic cancer', 'breast cancer']",[],"Claim 1 is a method of enhancing tumor penetration of an anticancer drug, which classifies the patent as 'Clinical'. The diseases are explicitly mentioned in the treatment method claims.",005-442-557-358-06X
Clinical,,,"['breast cancer', 'gastric cancer', 'colorectal cancer', 'non-small cell lung cancer', 'esophageal cancer', 'salivary gland cancer', 'esophagogastric junction adenocarcinoma', 'bile duct cancer', 'pancreatic cancer', 'ovarian cancer', 'uterine cancer', 'sarcoma']","['patients having resistance or refractoriness to an existing anti-HER2 drug', 'patients having a history of treatment with an existing anticancer drug']","Claim 37 is a method-of-treatment claim, focusing on administering an antibody-drug conjugate to treat HER2-expressing cancer. The primary inventive concept is clinical in nature, as it details treatment methods and patient populations.",193-750-460-021-024
Composition,Full ADC,,[],[],"Claim 50 explicitly claims an antibody-drug conjugate, which includes a bispecific antibody covalently attached to a camptothecin drug, qualifying it as a Full ADC. The primary inventive concept is directed to the composition of the ADC rather than a method of treatment.",007-614-295-473-308
Composition,,,[],[],"Claim 1 is directed to a pharmaceutical composition comprising an antigen and a first responder-targeting agent, classifying it as a 'Composition'. There are no claims that primarily focus on treatment methods or manufacturing processes.",010-177-614-812-334
Clinical,,,"['disease', 'cancer']","['subject in need thereof', 'triple negative breast cancer', 'endocrine resistant estrogen receptor positive (ER+) breast cancer']","Claim 1 is a method of treating a disease or disorder, which classifies the patent as 'Clinical'. The clinical indications and populations are derived from the treatment methods described.",027-474-184-205-291
Clinical,,,['cancer'],[],"Claim 1 is a method of treating cancer, which classifies the patent as 'Clinical'. The focus is on treatment methods rather than compositions or manufacturing processes.",013-476-763-328-983
Clinical,,,['cancer'],[],"Claim 1 is a method for treating cancer, which classifies the patent as 'Clinical'. The focus is on the treatment method rather than a specific composition or manufacturing process.",008-885-935-883-091
Composition,Full ADC,,[],[],"Claim 1 is directed to an isolated antibody, which classifies the patent as a 'Composition'. The presence of claim 10, which describes an ADC comprising the antibody conjugated to a cytotoxic drug, indicates that it is a 'Full ADC' since it explicitly claims the antibody, linker, and payload in a defined construct.",009-360-448-387-159
Clinical,,,['melanoma'],['melanoma patient'],"Claim 1 is a method for activating CD8+ T cells in melanoma patients, which classifies the patent as 'Clinical'. There are no claims directed to a specific molecule or composition.",016-235-543-342-080
Composition,Unconjugated Antibody,,[],[],"Claim 1 describes a bispecific antibody as an anticancer agent, which classifies it as a composition. The antibody is not covalently attached to any payload, thus it is categorized as an Unconjugated Antibody.",020-900-985-247-04X
Clinical,,,['cancer'],[],"Claim 1 is a method of treating cancer, which classifies the patent as 'Clinical'. The focus is on the treatment method rather than a composition or manufacturing process.",016-750-458-607-677
Composition,Unconjugated Antibody,,[],[],"Claim 1 describes a nucleic acid molecule encoding a recombinant T cell receptor (TCR), which is classified as a composition. The TCR is not covalently attached to any payload, thus it is categorized as an Unconjugated Antibody.",034-075-255-904-969
Clinical,,,['esophageal cancer'],['advanced or metastatic esophageal squamous cell carcinoma'],"Claim 1 is a method of preventing or treating esophageal cancer, which classifies the patent as 'Clinical'. The focus is on the treatment method rather than the composition of the antibody.",043-811-483-672-484
Composition,Conjugated Antibody,,[],[],"Claim 1 describes a composition comprising a delivery vehicle conjugated to a targeting domain that binds to CD4+ T cells, indicating a defined construct. The presence of a targeting domain that can be an antibody suggests a conjugated construct, thus classifying it as 'Conjugated Antibody'.",043-970-224-830-28X
Composition,,,[],[],"Claim 1 describes an immunostimulatory spherical nucleic acid (IS-SNA), which is a defined construct, thus classifying the patent as 'Composition'. The method-of-treatment claims appear later and do not override the primary classification.",047-349-069-525-540
Clinical,,,"['tumor', 'cancer']",[],"Claim 1 is a method of treating a tumor or cancer, which classifies the patent as 'Clinical'. The focus is on the treatment method rather than a composition or manufacturing process.",048-649-210-967-745
Clinical,,,"['cancer', 'fibrotic disorder']",[],"Claim 1 is a method for treating cancer or fibrotic disorders, making it a method-of-treatment claim. The focus is on the therapeutic use of a protein kinase inhibitor, which aligns with the 'Clinical' classification.",053-656-864-396-503
Composition,Unconjugated Antibody,,[],[],"Claim 1 describes a pharmaceutical composition comprising multiple antibodies and an enzyme, which classifies it as a 'Composition'. The antibodies are not covalently attached to any payload, thus it is categorized as 'Unconjugated Antibody'. There are treatment claims later, but they do not affect the classification of Claim 1.",065-234-839-597-958
Clinical,,,"['cancer', 'non-small cell lung cancer (NSCLC)', 'small cell lung cancer (SCLC)', 'papillary thyroid cancer', 'classical Hodgkin lymphoma (cHL)', 'primary mediastinal large B-Cell lymphoma (PMBCL)', 'soft-tissue sarcoma', 'liposarcoma', 'leiomyosarcoma', 'carcinoma', 'adenocarcinoma of the prostate', 'prostatic intraepithelial neoplasia', 'squamous cell carcinoma', 'gastric adenocarcinoma', 'melanoma', 'triple-negative breast cancer']",[],"Claim 1 is a method of providing cancer immunotherapy, which classifies the patent as 'Clinical'. The diseases are explicitly mentioned in the treatment method.",069-060-925-230-931
Composition,Unconjugated Antibody,,[],[],"Claim 1 describes a pharmaceutical composition comprising a fusion protein and an anticancer agent, which classifies it as a 'Composition'. The fusion protein includes an antibody component (anti-FAP) but does not indicate covalent attachment to a non-antibody payload, thus it is classified as 'Unconjugated Antibody'.",079-253-616-716-456
Clinical,,,"['cancer', 'multiple myeloma']",[],"Claim 52 is a method of treating cancer, which is the primary inventive concept. The claims focus on combination therapies involving a BCMA bispecific antibody, classifying the patent as Clinical.",078-578-548-114-419
Clinical,,,"['multiple myeloma', 'lymphoma']",[],"Claim 1 is a method of treating multiple myeloma, which classifies the patent as 'Clinical'. The diseases explicitly mentioned in the treatment methods are multiple myeloma and lymphoma.",079-168-050-756-03X
Clinical,,,['HER2 positive cancer'],[],"Claim 1 is a method of treating HER2 positive cancer, which classifies the patent as 'Clinical'. There are no claims directed to a molecule or composition, thus no composition subtype is applicable.",080-525-603-049-473
Clinical,,,['cancer'],['poorly immunogenic cancer'],"Claim 1 is a method of treating cancer, which classifies the patent as 'Clinical'. The focus is on the treatment method rather than a composition or manufacturing process.",083-457-280-858-248
Composition,Unconjugated Antibody,,[],[],"Claim 54 describes an engineered antibody, which classifies it as a composition. There is no mention of covalent attachment to a non-antibody payload, thus it is classified as an Unconjugated Antibody.",098-875-949-313-327
Clinical,,,"['autoimmune or inflammatory disease', 'rheumatoid arthritis']",[],"Claim 1 is a method of treating an autoimmune or inflammatory disease, specifically rheumatoid arthritis, making it a clinical claim.",075-775-435-142-302
Composition,Unconjugated Antibody,,[],[],"Claim 1 describes a chimeric antigen receptor, which is a type of antibody construct. It does not involve any covalent attachment to a payload, thus classifying it as an Unconjugated Antibody.",095-506-664-227-027
Clinical,,,"['radiation-resistant cancer', 'drug-resistant cancer']",[],"Claim 1 is a method for treating radiation- or drug-resistant cancer, which classifies the patent as 'Clinical'. The focus is on the treatment method rather than a composition or manufacturing process.",110-141-591-338-334
Composition,Conjugated Payload,,"['ovarian cancer', 'gastric cancer', 'colorectal cancer', 'cervical cancer', 'pancreatic cancer']","['subjects who have previously undergone chemotherapy', 'subjects who are refractory or resistant to platinum-based chemotherapeutic agents']","Claim 1 describes a cyclodextrin-containing polymer-topoisomerase inhibitor conjugate, classifying it as a composition. The conjugate is specifically defined, indicating a covalent attachment to a payload (topoisomerase inhibitor), thus it falls under 'Conjugated Payload'.",113-957-372-067-74X
Clinical,,,"['colorectal cancer', 'gastric cancer', 'gastroesophageal junction cancer', 'esophageal cancer', 'lung cancer', 'uterine cervix cancer', 'pancreatic cancer', 'ovarian cancer', 'thyroid cancer', 'bladder cancer', 'endometrial cancer', 'breast cancer', 'liver cancer', 'biliary tract cancer', 'prostate cancer', 'skin cancer']",[],"Claim 20 is a method of treating cancer, which classifies the patent as 'Clinical'. The claim specifies the treatment of various cancers, thus the clinical indications are extracted from the claims.",130-163-068-192-513
Clinical,,,"['disease associated with expression of a tumor antigen', 'cancer', 'hematologic cancer', 'non-cancer related indication associated with expression of the tumor antigen']",['subject having a disease'],"Claim 1 is a method of treating a subject, which classifies the patent as 'Clinical'. The claims detail the treatment of various diseases and specify patient populations, supporting this classification.",121-383-485-639-468
Composition,,,[],[],"Claim 1 is directed to a compound of formula (I), which classifies it as a 'Composition'. There are no claims that primarily focus on treatment methods or manufacturing processes.",127-471-655-332-003
Clinical,,,"['cancer', 'myeloma', 'multiple myeloma', 'relapsed multiple myeloma', 'refractory multiple myeloma', 'smoldering multiple myeloma']",[],"Claim 1 is a method for treating cancer, which classifies the patent as 'Clinical'. The diseases explicitly mentioned in the treatment methods are extracted as clinical indications.",141-354-514-141-742
Clinical,,,"['cancer', 'ascites', 'glioblastoma', 'glioma', 'neuroblastoma', 'astrocytoma', 'carcinomatous meningitis', 'colon cancer', 'rectal cancer', 'colorectal cancer', 'endometrial cancer', 'ovarian cancer', 'breast cancer', 'prostate cancer', 'lung cancer', 'mesothelioma', 'melanoma', 'renal cancer', 'liver cancer', 'pancreatic cancer', 'gastric cancer', 'esophageal cancer', 'urinary bladder cancer', 'cervical cancer', 'cardiac cancer', 'gall bladder cancer', 'skin cancer', 'bone cancer', 'cancers of the head and neck', 'leukemia', 'lymphoma', 'lymphosarcoma', 'adenocarcinoma', 'fibrosarcoma']",[],"Claim 1 is a method of treating cancer and ascites, making it a clinical claim. The focus is on treatment methods rather than specific compositions or manufacturing processes.",149-815-308-338-341
Composition,Unconjugated Antibody,,[],[],"Claim 1 primarily claims a medicament comprising an antibody with immunological reactivity to CAPRIN-1, which classifies it as a 'Composition'. The antibody is not covalently attached to any payload, thus it is categorized as 'Unconjugated Antibody'.",147-704-634-457-958
Clinical,,,"['T-cell lymphoma', 'follicular lymphoma', 'chronic lymphocytic leukemia', 'small lymphocytic lymphoma']","['human patient in need thereof', 'relapsed or refractory T-cell lymphoma', ""indolent non-Hodgkin's lymphoma"", 'progressive chronic lymphocytic leukemia']","Claim 1 is a method of treating T-cell lymphoma, which classifies the patent as 'Clinical'. The focus is on treatment methods rather than compositions or manufacturing processes.",152-701-771-135-186
Clinical,,,"['breast cancer', 'gastric cancer', 'colorectal cancer', 'lung cancer', 'esophageal cancer', 'salivary gland cancer', 'esophagogastric junction adenocarcinoma', 'biliary tract cancer', ""Paget's disease"", 'pancreatic cancer', 'ovarian cancer', 'bladder cancer', 'prostate cancer', 'uterine carcinosarcoma']",[],"Claim 1 is a method of treating cancer, which classifies the patent as 'Clinical'. The diseases are explicitly mentioned in the treatment method.",149-380-639-973-681
Composition,Unconjugated Antibody,,['tumor diseases'],[],"Claim 1 describes an antigen-binding construct, specifically a single domain VHH fragment, which classifies it as a composition. There is no covalent attachment to a payload, thus it is categorized as an Unconjugated Antibody. The treatment of tumor diseases is mentioned, but the primary claim focuses on the construct itself.",164-259-811-762-739
Composition,Conjugated Antibody,,[],[],"Claim 1 describes a bifunctional compound that includes a binding moiety linked to a receptor binding moiety, indicating a defined construct. The presence of a linker and the nature of the binding moieties suggest that this is a conjugated antibody construct.",160-538-115-444-207
Clinical,,,"['persistent viral infection', 'cancer']",['human'],"Claim 1 is a method for diagnosing and treating a human subject with a persistent viral infection or cancer, making it primarily a method-of-treatment claim.",167-313-702-299-54X
CMC,,Conjugation Method,[],[],"Claim 1 describes a method for producing a conjugate of a radioactive metal nuclide and an antibody, focusing on the process of conjugation rather than the composition of the antibody or any therapeutic use, thus classifying it as CMC with a subtype of Conjugation Method.",169-062-542-312-985
Clinical,,,"['leukemia', 'myelodysplastic syndrome']",[],"Claim 1 is a method for treating or preventing leukemia and myelodysplastic syndrome, which classifies it as a Clinical patent type.",179-063-287-182-227
Clinical,,,"['plasma cell disorder', 'multiple myeloma']",[],"Claim 1 is a method of measuring M-protein in a biological sample from a subject with a plasma cell disorder, classifying the patent as primarily clinical in nature.",176-308-689-078-063
Clinical,,,"['B cell proliferative disorder', 'high grade B-cell lymphoma', ""non-Hodgkin's lymphoma"", 'DLBCL']","['previously untreated subjects', 'elderly subjects', 'unfit subjects']","Claim 1 is a method of treating a subject with a B cell proliferative disorder, classifying the patent as 'Clinical'. The focus is on treatment methods rather than the composition of the antibody itself.",187-077-956-574-939
Composition,,,[],[],"Claim 1 describes a composition of matter comprising a chemotherapeutic agent and a monoamine oxidase A inhibitor, classifying it as a 'Composition'. There are no claims that primarily focus on treatment methods in the independent claim.",121-113-746-368-759
Composition,Full ADC,,['cancer'],[],"Claim 1 describes a drug conjugate comprising a drug moiety covalently attached to an antibody, which qualifies as a Full ADC. The primary inventive concept is the composition of the drug conjugate itself, despite treatment claims appearing later.",029-397-905-334-12X
Composition,Unconjugated Antibody,,[],[],"Claim 1 describes a combination of an anti-CD19 antibody and a BCL-2 inhibitor, focusing on the antibody itself without any covalent attachment to a payload, classifying it as an Unconjugated Antibody under Composition.",029-178-387-408-941
Composition,,,['cancer'],[],"Claim 1 describes a pharmaceutical composition comprising a DDX54 inhibitor and a cancer immunotherapy agent, classifying it as a 'Composition'. Although there are method-of-treatment claims, the broadest independent claim focuses on the composition itself.",067-505-633-997-870
Clinical,,,['neuroblastoma'],[],"Claim 1 is a method of treating neuroblastoma, which classifies the patent as Clinical. There are no claims directed to a molecule or composition.",192-279-046-264-698
Clinical,,,['breast cancer'],['HER2-positive early breast cancer patients with residual disease'],"Claim 1 is a method of adjuvant therapy for treating HER2-positive early breast cancer, classifying the patent as 'Clinical'. The focus is on treatment methods rather than a composition or manufacturing process.",160-149-104-294-304
Composition,Dual Combination,,[],[],"Claim 1 describes a combination of antitumor medicaments, which includes an apoptosis inducer and a multi-targeted kinase inhibitor, classifying it as a 'Composition'. The combination of these components suggests a 'Dual Combination' subtype.",098-706-280-221-975
Composition,Conjugated Antibody,,[],[],"Claim 1 describes a medicament comprising a conjugate of a binding substance and a cytotoxin, indicating a defined therapeutic construct. The presence of a conjugate implies covalent attachment to a non-antibody payload, classifying it as 'Conjugated Antibody'.",047-334-858-745-579
Clinical,,,['cancer'],[],"The broadest independent claim (Claim 20) is a method of treating cancer, classifying the patent as 'Clinical'. No specific patient populations are defined in the claims.",136-070-379-239-273
Clinical,,,"[""Alzheimer's disease"", ""Parkinson's disease"", 'Lewy body dementia', 'brain tumors', 'stroke', ""Huntington's disease"", 'multiple sclerosis', 'amyotrophic lateral sclerosis (ALS)', 'acute spinal cord injury', 'encephalitis', 'epilepsy', 'seizures', 'meningitis', 'motor neuron disease (MND)', 'cerebral aneurysm']",[],"Claim 1 is a method of treating CNS diseases, which classifies the patent as 'Clinical'. The diseases listed in the claim are explicitly mentioned as part of the treatment method.",091-616-219-779-757
Clinical,,,['non-small cell lung cancer'],"['patients with advanced, locally advanced, or metastatic non-small cell lung cancer with EGFR exon 19 deletions or exon 21 L858R substitution mutations']","Claim 1 is a method of treatment for non-small cell lung cancer, making it primarily a clinical patent. The focus is on the treatment regimen and patient population.",138-321-909-341-563
Composition,Unconjugated Antibody,,[],[],"Claim 1 describes a pharmaceutical composition comprising an antibody that specifically binds to CD47, which classifies it as a 'Composition'. The antibody is not covalently attached to any payload, thus it is categorized as an 'Unconjugated Antibody'.",013-084-897-398-458
Clinical,,,"['CD38-positive hematological malignancy', 'cancer', 'neurological disorder', 'liver disease']",[],"Claim 1 is a method of treating a disease, which classifies the patent as 'Clinical'. The diseases mentioned in the claim are explicitly listed as part of the treatment method.",024-007-346-432-63X
Clinical,,,['cancer'],"['HER2-positive cancer', 'cancer insensitive or irresponsive to a treatment with a HER2-targeting agent']","Claim 16 is a method of preventing and/or treating cancer, which classifies the patent as 'Clinical'. The focus is on treatment methods rather than the composition of the antibody-drug conjugate.",012-578-602-711-229
Clinical,,,['solid tumor'],[],"Claim 22 is a method for treating a solid tumor, making the primary inventive concept a method of treatment. The claims focus on the administration of an anti-PD-1 antibody in specific patient scenarios, which aligns with the clinical classification.",016-500-294-619-361
Composition,Unconjugated Antibody,,[],[],"Claim 1 explicitly claims a composition comprising an anti-CD44 monoclonal antibody or a fragment thereof, classifying it as a 'Composition'. The antibody is not covalently attached to any payload, thus it is categorized as 'Unconjugated Antibody'.",018-693-678-111-547
Composition,Conjugated Linker,,[],[],"Claim 1 describes a compound of a specific formula, classifying it as a composition. The presence of claims related to conjugates and linkers indicates that the primary inventive concept involves a linker for antibody conjugation, thus classified as 'Conjugated Linker'.",029-369-230-064-492
Clinical,,,"['gastric adenocarcinoma', 'gastroesophageal junction adenocarcinoma', 'HER2-positive cancer']",[],"Claim 43 is a method of treating specific cancers using antibodies, making it a method-of-treatment claim. The primary inventive concept is focused on clinical applications rather than compositions or manufacturing processes.",042-211-671-480-636
Clinical,,,['cancer'],[],"Claim 1 is a method of treating cancer, which classifies the patent as 'Clinical'. No specific patient populations are mentioned in the independent claims.",061-539-094-589-268
Clinical,,,"['melanoma', 'solid tumor', 'virally-induced cancer', 'viral infection']","['patients in need of vaccination treatment', 'patients resistant to or relapsed from an immunotherapy', 'patients in need thereof']","Claim 1 is a method for enhancing immune function in a patient, which classifies it as a Clinical patent. The claims detail various treatment methods and patient populations, focusing on therapeutic approaches rather than specific compositions.",045-924-154-150-021
Composition,,,[],[],"Claim 1 describes a combination therapy comprising a SHP2 inhibitor and a PD-L1 binding antagonist, which classifies it as a 'Composition' since it claims a defined therapeutic construct rather than a method of treatment.",040-119-806-966-883
Composition,,,[],[],"Claim 1 describes a combination comprising iadademstat and a PD(L)1 inhibitor, which classifies it as a 'Composition'. The claim does not focus on a method of treatment or manufacturing process.",069-793-154-031-640
Composition,Conjugated Antibody,,[],[],"Claim 1 describes a modified antibody with a cysteine-containing motif, which indicates a chemical entity. The subsequent claims detail the modified antibody-drug conjugate, confirming that the antibody is covalently conjugated to a drug, classifying it as a 'Conjugated Antibody'.",081-109-637-777-472
Clinical,,,"['colorectal cancer', 'solid cancers']",[],"Claim 1 is a method of treating colorectal cancer and/or metastases, which classifies the patent as 'Clinical'. The focus is on treatment methods rather than a specific composition or manufacturing process.",095-435-925-378-240
Clinical,,,['newly diagnosed multiple myeloma'],[],"Claim 1 is a method of treatment involving a combination therapy for newly diagnosed multiple myeloma, thus classifying the patent as Clinical.",099-938-887-355-08X
Clinical,,,"['cancer', 'acute myeloid leukemia (AML)', 'myelodysplastic syndrome (MDS)']",[],"Claim 1 is a method for treating cancer, which classifies the patent as 'Clinical'. The specific diseases mentioned in the claims include AML and MDS.",108-213-248-155-600
Clinical,,,['CD20-positive cancer'],['obinutuzumab-tolerant'],"Claim 1 is a method of treating a subject with obinutuzumab-tolerant CD20-positive cancer, which classifies the patent as 'Clinical'. The focus is on the treatment method rather than a composition.",114-660-067-527-542
Clinical,,,"['cancer', 'lung cancer', 'non-small cell lung cancer']",[],"Claim 1 is a method for treatment of cancer, which classifies the patent as 'Clinical'. The claims detail specific cancer types and treatment methods, but do not claim a composition or construct.",107-573-519-216-763
Composition,Full ADC,,[],[],"Claim 1 explicitly claims an antibody drug conjugate comprising an antibody, a linker, and a payload, which qualifies as a 'Full ADC'. There are no method-of-treatment claims in the independent claim, thus it is classified as 'Composition'.",133-818-448-814-904
Clinical,,,['NRAS-mutant melanoma'],[],"Claim 1 is a method of treating NRAS-mutant melanoma, which classifies the patent as 'Clinical'. There are no claims directed to a molecule or composition.",127-392-328-191-519
Composition,Unconjugated Antibody,,[],[],"Claim 1 describes an antibody that binds to human mutant calreticulin, classifying it as a composition. There are no claims of covalent attachment to a payload, thus it is categorized as an unconjugated antibody.",142-371-989-020-398
Clinical,,,['cancer'],[],"Claim 1 is a method of treating cancer, which classifies the patent as 'Clinical'. The focus is on the treatment method rather than a specific composition or manufacturing process.",162-327-335-452-148
Composition,Unconjugated Antibody,,[],[],"Claim 14 describes a chimeric antigen receptor, which is a defined construct and falls under the 'Composition' category. It does not involve any covalent attachment to a non-antibody payload, thus classifying it as an 'Unconjugated Antibody'.",151-896-439-582-917
Clinical,,,['cancer'],[],"Claim 1 is a method of treating a disease, specifically cancer, which classifies the patent as 'Clinical'. No composition claims are present in the broadest independent claim.",158-651-031-840-31X
Clinical,,,['cancer'],[],"Claim 1 is a method of treating cancer, which classifies the patent as 'Clinical'. The focus is on the treatment method rather than a composition or manufacturing process.",155-455-090-905-534
Clinical,,,['myxoid/round cell liposarcoma'],[],"Claim 1 is a method of treating a patient diagnosed with myxoid/round cell liposarcoma, which classifies the patent as 'Clinical'. No composition claims are present in the broadest independent claim.",169-230-496-066-700
Clinical,,,['cancer'],['human subject in need thereof'],"Claim 144 is a method of treating cancer in a human subject, making it a clinical claim. The focus is on the treatment method rather than a composition or manufacturing process.",176-479-697-255-919
Clinical,,,['cancer'],[],"Claim 1 is a method of treating cancer in a patient, which classifies the patent as 'Clinical'. No specific patient populations are defined in the independent claim.",176-267-676-942-168
Composition,Unconjugated Antibody,,[],[],"Claim 1 describes an antigen-binding protein that binds to Claudin6, which is classified as a composition. The claim does not involve any covalent attachment to a payload, thus it is categorized as an Unconjugated Antibody.",171-385-724-091-368
Composition,,,[],[],"Claim 1 describes a pharmaceutical combination formulation comprising lipopeptides and poly (I:C) for preventing or treating cancer, classifying it as a 'Composition'. Although there are method-of-treatment claims later, the broadest independent claim focuses on the composition itself.",182-208-039-937-160
Composition,,,[],[],"Claim 1 describes a pharmaceutical composition comprising a fusion protein and an anticancer agent, classifying it as a 'Composition'. There are no claims directed primarily to a method of treatment or manufacturing processes.",184-864-795-805-057
Clinical,,,"['gastric cancer', 'ovarian cancer', 'uterine cancer', 'cervical cancer', 'small cell lung cancer', 'non-small cell lung cancer', 'pancreatic cancer', 'breast cancer', 'colorectal cancer', 'esophageal cancer', 'retinoblastoma', 'oral cancer', 'salivary gland cancer', 'laryngeal cancer', 'pharyngeal cancer', 'kidney cancer', 'prostate cancer', 'melanoma', 'liver cancer', 'gallbladder cancer', 'biliary tract cancer', 'thyroid cancer', 'bladder cancer', 'brain cancer', 'central nervous system cancer', 'bone tumor', 'skin cancer', ""non-Hodgkin's lymphoma""]",[],"Claim 9 is a method for treating cancer, which classifies the patent as 'Clinical'. The specific diseases treated are explicitly listed in the claims.",187-456-684-638-598
Composition,Unconjugated Antibody,,[],[],"Claim 1 describes a multispecific antigen-binding molecule, which is classified as a composition. It does not involve any covalent attachment to a non-antibody payload, thus it is categorized as an Unconjugated Antibody.",186-663-441-215-262
Composition,,,[],[],"Claim 1 describes a composition comprising an extracellular vesicle and a STING agonist, classifying it as a 'Composition'. There are no claims that primarily focus on treatment methods or manufacturing processes.",009-215-019-431-122
Clinical,,,['cancer'],[],"Claim 1 is a method for treating cancer, which classifies the patent as 'Clinical'. Although it discusses a bispecific antibody, the primary inventive concept is the treatment method itself.",193-979-257-844-346
Composition,,,[],[],"Claim 1 describes a composition comprising a genetically modified T cell expressing a CAR and a SMAC mimetic, classifying it as a 'Composition'. Although there are method-of-treatment claims, the broadest independent claim is directed to the composition itself.",196-912-061-498-026
Composition,Full ADC,,['cancer'],[],"Claim 1 describes an immunoconjugate comprising an anti-CEACAM5-antibody, which indicates a defined construct with a covalently attached payload for treating cancer. This qualifies as a Full ADC due to the inclusion of both the antibody and the cytotoxic agent in a single construct.",114-513-969-370-281
Clinical,,,"['tumors', 'autoimmune disease', 'transplant rejection', 'allergies', 'infections']",[],"Claim 1 is a method of regulating immune responses or resisting tumors, which classifies the patent as 'Clinical'. The diseases mentioned in the claims are explicitly related to the treatment methods described.",041-548-457-590-030
Clinical,,,"['hematologic malignancy', 'leukemia', 'pre-leukemia', 'myelodysplastic syndrome (MDS)', 'acute myelogenous leukemia (AML)', 'chronic myelomonocytic leukemia (CMML)']",[],"Claim 1 is a method of providing hematopoietic stem cell engraftment, which qualifies it as a method-of-treatment claim. The primary inventive concept revolves around the treatment regimen rather than a composition.",196-520-678-083-346
Clinical,,,['cancer'],"['mammalian patient', 'human']","Claim 1 is a method of treating cancer, which classifies the patent as 'Clinical'. The focus is on the treatment method rather than a composition or manufacturing process.",127-138-253-496-380
Composition,Unconjugated Antibody,,['multiple myeloma'],"['subjects who have received prior treatment', 'lenalidomide-refractory subjects']","Claim 1 describes a method of treatment involving CAR-T cells, but it primarily claims the composition of T cells with a chimeric antigen receptor (CAR) targeting BCMA, classifying it as a 'Composition'. The CAR-T cells are not covalently attached to a payload, thus it is classified as 'Unconjugated Antibody'.",085-078-924-588-697
Clinical,,,['cancer'],['human subject'],"Claim 89 is a method for therapeutically treating cancer, making the primary inventive concept a method of treatment. Therefore, the patent is classified as 'Clinical'.",006-083-411-452-736
Composition,Full ADC,,[],[],"Claim 1 explicitly claims an antibody-drug conjugate, which includes an anti-CD20 monoclonal antibody, a cytotoxic agent, and a linker, thus classifying it as a 'Full ADC'. The primary inventive concept is the composition itself rather than any method of treatment.",008-523-842-627-859
Clinical,,,"['relapsed or refractory large B cell lymphoma', 'follicular lymphoma']",[],"Claim 1 is a method of treating a subject with relapsed or refractory large B cell lymphoma, classifying the patent as 'Clinical'. No composition or CMC claims are present in the independent claim.",005-630-740-809-285
Clinical,,,['cancer'],"['mammal', 'human']","Claim 1 is a method of preventing recurrence of cancer in mammals, which classifies the patent as 'Clinical'. The focus is on treatment methods rather than compositions or manufacturing processes.",005-386-503-079-539
Clinical,,,"['serrated colorectal cancer', 'pancreatic cancer', 'inflammatory bowel disease', 'ulcerative colitis', ""Crohn's disease"", 'fibrosis', 'fibrostenosis']",[],"Claim 1 is a method for treating a disease, specifically detailing the treatment of serrated colorectal cancer and other conditions, thus classifying it as 'Clinical'.",014-995-007-388-017
Composition,Full ADC,,[],[],"Claim 1 explicitly claims an antibody-drug conjugate, which includes the antibody, linker, and agent moiety, thus classifying it as a 'Full ADC'. There are no method-of-treatment claims in the broadest independent claim.",021-424-005-996-945
Clinical,,,['cancer'],"['human subject', 'tumor associated with ovarian cancer', 'peritoneal cancer', 'fallopian cancer', 'uterine cancer', 'vaginal cancer', 'vulvar cancer', 'cervical cancer']","Claim 1 is a method for treating cancer, which classifies it as a Clinical patent type. The specific patient populations and cancer types are explicitly mentioned in the claim.",024-932-241-056-752
Composition,Conjugated Antibody,,[],[],"Claim 22 describes a cell surface-binding molecule-camptothecin analog conjugate, indicating a covalent attachment of a payload to a binding molecule, classifying it as a 'Conjugated Antibody'. The primary focus is on the composition of the conjugate rather than treatment methods.",029-944-914-300-634
Clinical,,,"['cancer', 'hematologic cancer', 'solid tumor']",[],"Claim 1 is a method for treating cancer, which classifies the patent as 'Clinical'. The focus is on the method of treatment rather than a specific composition or manufacturing process.",030-277-623-882-346
Clinical,,,"['breast cancer', 'lung cancer', 'colorectal cancer', 'neuroblastoma', 'pancreatic cancer', 'brain cancer', 'stomach cancer', 'skin cancer', 'testicular cancer', 'prostate cancer', 'ovarian cancer', 'liver cancer', 'esophageal cancer', 'cervical cancer', 'head and neck cancer', 'melanoma', 'glioblastoma']",[],"Claim 1 is a method of treating cancer, which classifies the patent as 'Clinical'. The diseases explicitly mentioned in the treatment methods are extracted as clinical indications.",022-813-945-323-893
Clinical,,,"['glioma', 'glioblastoma', 'lymphoma', 'melanoma', 'neuroblastoma', 'non-small cell lung cancer', 'renal cell carcinoma', 'small cell lung cancer']",[],"Claim 1 is a method for the treatment of cancer, which classifies the patent as 'Clinical'. The specific cancers mentioned in the dependent claims are extracted as clinical indications.",034-467-791-125-005
Composition,Unconjugated Antibody,,[],[],"Claim 1 describes a pharmaceutical composition comprising a bispecific construct targeting CD33 and CD3, which is classified as a composition. The bispecific construct does not involve covalent attachment to a payload, thus it is categorized as an Unconjugated Antibody.",037-130-914-376-96X
Clinical,,,"['B-cell lymphoma', 'T-cell malignancy', ""non-Hodgkin's lymphoma (NHL)"", 'mantle cell lymphoma (MCL)', 'multiple myeloma (MM)', 'acute myelogenous leukemia (AML)', 'chronic myelogenous leukemia (CML)', 'myelodysplastic syndrome', 'acute lymphoblastic leukemia (ALL)', 'chronic lymphocytic leukemia (CLL)', 'hairy cell leukemia (HCL)']",[],"Claim 1 is a method of treating cancer, which classifies the patent as 'Clinical'. The diseases listed in the dependent claims are explicitly mentioned in the treatment methods.",055-218-085-314-225
Clinical,,,['hypocalcemia'],['patients with skeletal-related complications due to solid tumors'],"Claim 1 is a method of administering a pharmaceutical composition, which includes anti-RANKL antibodies, calcium, and vitamin D, indicating a method-of-treatment claim. The focus is on the treatment of hypocalcemia in patients with skeletal-related complications due to solid tumors.",050-694-789-026-649
Clinical,,,['cancer'],[],"Claim 1 is a method of treating cancer, which classifies the patent as 'Clinical'. There are no claims directed to a specific molecule or composition in the first independent claim.",046-308-135-064-934
Clinical,,,['colorectal cancer'],['previously treated advanced inoperable metastatic colorectal cancer'],"Claim 1 is a method of treating colorectal cancer, which classifies the patent as 'Clinical'. The primary inventive concept is focused on treatment methods rather than a composition or manufacturing process.",042-327-394-639-26X
Clinical,,,['cancer'],"['subject in need thereof', 'human']","Claim 1 is a method of treating cancer, which classifies the patent as 'Clinical'. The claims detail the treatment of cancers resistant to EGFR inhibitors, specifically mentioning patient populations and types of cancer.",043-747-147-082-385
Composition,Unconjugated Antibody,,['colorectal cancer'],[],"Claim 1 describes a pharmaceutical composition comprising estrogen and an anti-PD-L1 antibody, classifying it as a 'Composition'. The anti-PD-L1 antibody is not covalently attached to any payload, thus it is classified as 'Unconjugated Antibody'.",053-016-994-585-614
Composition,Dual Combination,,[],[],"Claim 1 describes a pharmaceutical combination comprising a PD-1 inhibitor and a TLR agonist, which classifies it as a composition. The combination of these two components suggests a dual combination of active ingredients rather than a single defined construct or method of treatment.",036-538-156-766-522
Composition,,,"[""non-Hodgkin's lymphoma""]",[],"Claim 26 describes a pharmaceutical composition comprising a combination of a specific compound and an anti-PD-1 antibody, classifying it as a 'Composition'. Although there are treatment claims later, the broadest independent claim focuses on the composition itself.",064-407-486-188-177
Clinical,,,"['CMS4 enriched microsatellite stable colorectal cancer', 'non-small cell lung cancer (NSCLC)', 'pancreatic adenocarcinoma', 'muscle invasive bladder cancer', 'ovarian granulosa cell tumor (GCT)', 'head and neck squamous cell carcinoma', 'hepatocellular carcinoma (HCC)', 'urothelial cancer']",[],"Claim 1 is a method of treating cancer, which classifies the patent as 'Clinical'. The diseases treated are explicitly mentioned in the claims.",063-454-928-667-673
Clinical,,,"['cancer', 'neuroblastoma', 'glioblastoma', 'small-cell lung carcinoma', 'breast cancer']",[],"Claim 16 is a method for treating cancer, which classifies the patent as 'Clinical'. The diseases explicitly mentioned in the claims are extracted as clinical indications.",077-321-080-968-119
Clinical,,,"['prostate cancer', 'breast cancer', 'bladder cancer', 'lung cancer', 'colorectal cancer', 'pancreatic cancer', 'liver cancer', 'renal cancer', 'renal cell carcinoma', 'melanoma', 'sarcoma', 'head and neck', 'glioblastoma']",[],"Claim 1 is a method of sensitizing cancer in a subject, which classifies the patent as 'Clinical'. The broadest independent claim focuses on treatment methods rather than a composition or manufacturing process.",091-214-405-733-347
Clinical,,,"['cancer', 'tumor']",[],"Claim 1 is a method for increasing NK cell cytotoxicity and preventing inactivation, which classifies it as a method-of-treatment claim. The primary inventive concept is focused on clinical applications rather than a composition or manufacturing process.",089-629-898-879-282
Composition,,,[],[],"Claim 1 describes a fusion polypeptide, which is a defined construct, thus classifying it as a 'Composition'. There are no method-of-treatment claims in Claim 1, and the focus is on the composition itself.",099-852-370-805-490
Clinical,,,"['myeloid malignancy', 'acute myeloid leukemia (AML)', 'myelodysplastic syndromes (MDS)', 'myeloproliferative neoplasms (MPN)', 'chronic myeloid leukemia (CML)', 'chronic myelomonocytic leukemia (CMML)']",['human subject resistant to BCL-2 inhibitor treatment'],"Claim 51 is a method of treating a myeloid malignancy, which classifies the patent as 'Clinical'. The clinical indications and population are derived from the treatment method described.",089-772-529-009-099
Composition,Unconjugated Antibody,,[],[],"Claim 1 describes a phase transition adjusting element comprising a multivalent phase transition domain and ligands, which can include antibodies. However, it does not specify any covalent attachment to a non-antibody payload, thus classifying it as an Unconjugated Antibody.",083-432-958-175-440
Clinical,,,"['endometrial cancer', 'MSI-H tumor', 'dMMR tumor']",['patients in need thereof'],"Claim 18 is a method for treating endometrial cancer, which classifies the patent as 'Clinical'. The focus is on treatment methods rather than the composition of the antibody.",144-675-392-005-633
Clinical,,,"['tumor', 'cancer']",[],"Claim 20 is a method for treating a tumor, which classifies the patent as 'Clinical'. The primary inventive concept is a method of treatment rather than a composition or manufacturing process.",149-508-553-715-93X
Composition,Unconjugated Antibody,,[],[],"Claim 1 describes an antibody that specifically binds LRP6, classifying it as a 'Composition'. The antibody is not covalently attached to any payload, thus it is categorized as 'Unconjugated Antibody'.",104-138-927-336-646
Clinical,,,"['pancreatic cancer', 'colorectal cancer', 'breast cancer', 'lung cancer', 'myeloma', 'mantle cell lymphoma']",[],"Claim 1 is a method of treating cancer, which classifies the patent as 'Clinical'. The specific cancers mentioned in the claims are extracted as clinical indications.",110-951-388-364-953
Composition,Conjugated Antibody,,[],[],"Claim 1 describes cytotoxic lipid particles comprising a surface-associated antibody against PD-L1, indicating a covalent attachment to a non-antibody payload. This qualifies as a 'Conjugated Antibody' under the composition subtype.",124-022-878-997-990
Clinical,,,['cancer'],[],"Claim 1 is a method of treating a subject with an HDAC inhibitor, which classifies the patent as 'Clinical' since it focuses on a method of treatment rather than a composition or manufacturing process.",125-258-450-395-152
Composition,,,[],[],"Claim 1 describes a trans-splicing ribozyme targeting cancer-specific genes, classifying it as a composition. The focus is on the ribozyme itself rather than a method of treatment, despite later claims involving treatment.",134-597-255-764-162
Composition,Unconjugated Antibody,,[],[],"Claim 1 claims a pharmaceutical combination comprising an anti-CD40 antibody, which classifies it as a 'Composition'. The antibody is not covalently attached to any payload, thus it is categorized as 'Unconjugated Antibody'.",138-744-914-510-960
Composition,Unconjugated Antibody,,[],[],"Claim 1 describes a pharmaceutical formulation comprising a multispecific antibody, which is classified as a composition. Since there is no mention of covalent attachment to a non-antibody payload, it is categorized as an 'Unconjugated Antibody'.",147-958-333-222-274
Composition,Unconjugated Antibody,,[],[],"Claim 1 describes an antigen-binding protein, which is classified as a composition. The claim does not involve any covalent attachment to a payload, thus it is categorized as an Unconjugated Antibody.",144-982-181-525-68X
Clinical,,,['pancreatic cancer'],[],"Claim 1 is a method of treating pancreatic cancer by administering an antibody, which classifies the patent as 'Clinical' since it focuses on a treatment method rather than a composition.",161-712-208-275-622
Clinical,,,['small cell lung cancer'],['patients in need'],"Claim 49 is a method for treating small cell lung cancer, which qualifies it as a clinical claim. The focus is on the treatment method rather than a composition or manufacturing process.",162-833-541-759-29X
Clinical,,,['kidney cancer'],[],"Claim 1 is a method of treating kidney cancer, which classifies the patent as 'Clinical'. The focus is on the treatment method rather than a composition or manufacturing process.",174-772-970-104-32X
Composition,Unconjugated Antibody,,[],[],"Claim 2 describes an EpCAM binding antibody, which classifies the patent as a 'Composition'. The claim does not involve any covalent attachment to a payload, thus it is categorized as 'Unconjugated Antibody'.",188-225-078-432-088
Clinical,,,['renal cancer'],[],"Claim 1 is a method for treating renal cancer, which classifies the patent as 'Clinical'. The primary inventive concept is the treatment method rather than a composition or manufacturing process.",180-992-373-403-534
Composition,Unconjugated Antibody,,[],[],"Claim 1 explicitly claims an anti-LAG3 monoclonal antibody, classifying it as a 'Composition'. There is no mention of covalent attachment to a payload, thus it is categorized as 'Unconjugated Antibody'.",196-857-624-941-935
Clinical,,,"['pancreatic duct adenocarcinoma', 'malignant melanoma', 'ovarian cancer', 'brain cancer', 'breast cancer', 'lung cancer', 'liver cancer', 'bile duct cancer', 'GI tract cancer', 'prostate cancer', 'uterine cancers', 'mesothelioma', 'sarcoma']","['metastatic cancer', 'immunotherapy-refractory cancer', 'unresectable cancer', 'stage I cancer', 'stage II cancer', 'stage III cancer', 'stage IV cancer']","Claim 1 is a method of treating cancer, which classifies the patent as 'Clinical'. The clinical indications and populations are explicitly mentioned in the claims.",198-540-897-745-654
Composition,,,[],[],"Claim 1 describes a composition for treating multiple myeloma, focusing on the structural components of the liposome and its contents rather than a method of treatment. Therefore, it is classified as a 'Composition'.",057-378-793-618-567
Composition,Unconjugated Antibody,,[],[],"Claim 1 describes a composition comprising nanoentities that include an antibody, but does not indicate any covalent attachment to a non-antibody payload, classifying it as an Unconjugated Antibody. There are no method-of-treatment claims in the independent claim.",145-368-356-314-830
Clinical,,,"['lung cancer', 'renal cell carcinoma', 'colon cancer', 'colorectal cancer', 'breast cancer', 'epithelial squamous cell cancer', 'melanoma', 'stomach cancer', 'brain cancer', 'pancreatic cancer', 'cervical cancer', 'ovarian cancer', 'liver cancer', 'bladder cancer', 'prostate cancer', 'testicular cancer', 'thyroid cancer', 'head and neck cancer', 'uterine cancer', 'adenocarcinoma', 'biliary cancer', 'adrenal cancer']",[],"Claim 1 is a method of treating cancer, which classifies the patent as 'Clinical'. The clinical indications are explicitly mentioned in the treatment method.",161-345-570-886-643
Clinical,,,"['epithelial endometrial cancer', 'epithelial ovarian cancer', 'MMMT']",[],"Claim 1 is a method of treating cancer, which classifies the patent as 'Clinical'. The diseases explicitly mentioned in the treatment method are epithelial endometrial cancer, epithelial ovarian cancer, and MMMT.",195-966-638-179-570
Clinical,,,"['melanoma', 'non-small cell lung cancer', 'small cell lung cancer', 'head and neck cancer', 'urothelial cancer', 'breast cancer', 'gastric cancer', 'gastroesophageal junction adenocarcinoma', 'multiple myeloma', 'hepatocellular cancer', 'non-Hodgkin lymphoma', 'primary mediastinal large B-cell lymphoma', 'renal cancer', 'classical Hodgkin lymphoma', 'mesothelioma', 'ovarian cancer', 'esophageal cancer', 'anal cancer', 'biliary tract cancer', 'colorectal cancer', 'cervical cancer', 'endometrial cancer', 'cutaneous squamous cell cancer', 'thyroid cancer', 'prostate cancer', 'glioblastoma', 'Merkel cell carcinoma', 'salivary cancer']",[],"Claim 1 is a method of treating cancer, which classifies the patent as 'Clinical'. The claim specifies the administration of an anti-PD-1 antibody for treating various cancers, thus the clinical indications are extracted from the claim.",171-605-113-681-539
Composition,,,[],[],"Claim 1 is directed to a compound as a FAK inhibitor, classifying it as a 'Composition'. There are no claims of a method of treatment in the first independent claim.",054-329-119-877-903
Composition,Full ADC,,['cancer'],[],"Claim 1 explicitly defines an antibody-drug conjugate (ADC) structure, which includes an antibody, a linker, and a drug portion, classifying it as a 'Full ADC'. Although there are method-of-treatment claims later, the broadest independent claim is directed to the composition itself.",144-516-406-605-288
Clinical,,,"['tumor', 'NSCLC', 'melanoma', 'esophageal squamous cell carcinoma', 'NPC', 'breast cancer']",[],"Claim 1 is a method for treating a tumor, which classifies the patent as 'Clinical'. The specific tumors mentioned in the claims are extracted as clinical indications.",044-434-815-576-209
Composition,,,['small cell lung cancer'],[],"Claim 1 describes a combined pharmaceutical composition for treating small cell lung cancer, which classifies it as a 'Composition'. Although there are method-of-treatment claims later, the broadest independent claim focuses on the composition itself.",100-067-347-458-435
Clinical,,,['neuroblastoma'],"['individual', 'human', 'pediatric patient']","Claim 1 is a method for treating neuroblastoma, which classifies the patent as 'Clinical'. The focus is on treatment methods rather than any specific composition or manufacturing process.",005-053-385-704-480
Composition,Full ADC,,[],[],"Claim 1 describes a pharmaceutical composition that includes an anti-HER2 antibody-drug conjugate, which is a defined construct involving a drug-linker covalently attached to the antibody. This qualifies as a 'Full ADC' since it encompasses the complete antibody-drug conjugate structure.",003-111-079-263-023
Composition,,,[],[],"Claim 1 describes a therapeutic agent comprising a CHK1 inhibitor or a liposome encapsulating a CHK1 inhibitor, which classifies it as a composition. There are no method-of-treatment claims in the first independent claim.",003-344-304-103-243
Clinical,,,[],[],"Claim 1 is a method of adoptive cell therapy, which classifies the patent as 'Clinical'. There are no specific diseases or patient populations explicitly claimed in the treatment methods of the independent claims.",028-090-176-051-505
Composition,Unconjugated Antibody,,[],[],"Claim 1 explicitly claims a Vκ4-1-IgLC polypeptide, which is a defined construct. The focus is on the composition of the polypeptide rather than any method of treatment, despite treatment claims appearing later.",021-171-691-946-813
Composition,,,[],[],"Claim 1 describes a pharmaceutical composition comprising a protein or peptide and 5-aminolevulinic acid, classifying it as a 'Composition'. There are no claims directed to methods of treatment in the broadest independent claim.",024-606-367-090-629
Clinical,,,['nucleophosmin 1 (NPM1)-expressing cancer'],[],"Claim 1 is a method of treating NPM1-expressing cancer, which classifies the patent as 'Clinical'. The focus is on the treatment method rather than the composition of the antibody or ADC.",039-628-123-523-370
Clinical,,,"['cancer', 'inflammatory disease associated with myeloid derived suppressor cells']","['individual mammal', 'human', 'mouse']","Claim 1 is a method of treating cancer, which classifies the patent as 'Clinical'. The claims detail specific diseases and patient populations involved in the treatment method.",032-775-867-626-562
Clinical,,,"['multiple sclerosis (MS)', 'schizophrenia (SZ)', 'bipolar disorder (BP)', 'unipolar or psychotic depression', 'clinically isolated syndrome (CIS, with neurological symptom)', 'chronic inflammatory demyelinating polyneuropathy (CIDP)', 'epilepsy', 'psoriasis', 'cancer', 'inflammatory pancreatitis', 'diabetes']",[],"Claim 1 is a method-of-treatment claim, focusing on inhibiting the expression and/or replication of a virus in patients, thus classifying the patent as 'Clinical'.",035-752-618-187-711
Composition,Unconjugated Antibody,,['cancer'],[],"Claim 1 describes a medicament comprising an antibody with immunological reactivity to CAPRIN-1 protein, classifying it as a composition. There is no mention of covalent attachment to a payload, thus it is categorized as an Unconjugated Antibody.",052-816-475-283-795
Composition,Full ADC,,[],[],"Claim 1 explicitly claims an antibody-drug conjugate (ADC) comprising an antibody, a linker, and a toxin, which fits the definition of a Full ADC. The primary inventive concept is directed to the composition of the ADC rather than a method of treatment.",059-458-276-663-231
Composition,,,[],[],"Claim 1 is directed to a pharmaceutical composition comprising hydroxyprogesterone caproate and an additional therapeutic agent, classifying it as a 'Composition'. Although treatment methods are mentioned later, they do not override the primary claim type.",085-114-902-426-756
Clinical,,,"['breast cancer', 'lung cancer', 'uterine cancer', 'colon cancer', 'rectal cancer', 'endometrial cancer', 'stomach cancer', 'intestinal cancer', 'renal cancer', 'acute lymphoblastic leukemia (ALL)', 'chronic lymphocytic leukemia (CLL)', 'acute myeloid leukemia (AML)']",[],"Claim 1 is a method for treating cancer, which classifies the patent as 'Clinical'. The diseases are explicitly mentioned in the treatment claims.",085-381-254-735-855
Composition,Unconjugated Antibody,,[],[],"Claim 1 describes a vasoactive intestinal peptide receptor (VIP-R) antagonist, which is a peptide molecule. Since it does not involve any covalent attachment to a non-antibody payload, it is classified as an 'Unconjugated Antibody'. There are no method-of-treatment claims in the first independent claim.",098-142-995-935-188
Clinical,,,['diffuse large B-Cell Lymphoma'],['ctDNA high risk patients'],"Claim 1 is a method of treating diffuse large B-Cell Lymphoma, thus classifying the patent as 'Clinical'. The focus is on treatment methods rather than the composition of the bispecific antibody.",096-857-431-499-786
Clinical,,,"['cancer', 'neuroblastoma', 'glioblastoma', 'small-cell lung carcinoma', 'breast cancer']",[],"Claim 16 is a method for treating cancer, making it a method-of-treatment claim. The primary inventive concept is focused on clinical use rather than a composition or manufacturing process.",119-469-323-289-499
Clinical,,,['Glioblastoma multiforme'],[],"Claim 1 is a method for treating Glioblastoma multiforme (GBM), which classifies the patent as 'Clinical'. The focus is on treatment methods rather than compositions or manufacturing processes.",158-156-040-560-370
Clinical,,,"['solid tumor', 'viral infection']",[],"Claim 1 is a method of treating a subject with a solid tumor, which classifies the patent as 'Clinical'. The focus is on treatment methods rather than compositions or manufacturing processes.",134-300-347-681-17X
Composition,,,"['cancer', 'colorectal cancer']",[],"Claim 1 claims a hydroxycarboxylic acid for use as a medicament, which classifies it as a 'Composition'. Although it mentions treatment, the primary focus is on the chemical entity itself rather than a method of treatment.",138-153-734-701-087
Clinical,,,"['squamous cell carcinoma of the head and neck (HNSCC)', 'hepatocellular carcinoma (HCC)', 'Kras mutant non-small cell lung adenocarcinoma (NSCLC)', 'Kaposi sarcoma (KS)', 'bladder', 'cholangiocarcinoma (CCA)']","['patients in need thereof', 'recurrent cancer', 'resistant cancer', 'refractory cancer']","Claim 17 is a method for treating cancer, making it a clinical patent. The clinical indications and populations are explicitly mentioned in the claims.",140-931-761-807-071
Composition,,,[],[],"Claim 1 describes a composition of matter comprising a chemotherapeutic agent and creatine, classifying it as a 'Composition'. Although there are method-of-treatment claims later, the broadest independent claim is directed to a composition.",128-643-029-515-421
Composition,Full ADC,,[],[],"Claim 1 describes a compound that includes an antibody, linkers, and a payload, which qualifies it as a Full ADC. The primary inventive concept is directed to the composition of the ADC rather than methods of treatment.",143-619-663-700-687
Clinical,,,"['cancer', 'acute lymphoblastic leukemia', 'chronic lymphocytic leukemia', 'small lymphocytic lymphoma', 'non-Hodgkin lymphoma', 'mantle cell lymphoma', 'diffuse large B cell lymphoma', 'multiple myeloma']","['subject', 'refractory to prior CAR T immunotherapy']","Claim 1 is a method of immunotherapy for treating cancer, which classifies it as a Clinical patent type. It explicitly mentions various cancers and patient populations in the treatment method.",145-936-786-263-124
Clinical,,,"['hematological disease', 'solid cancer', 'multiple myeloma', 'relapsed or refractory multiple myeloma', 'acute myeloid leukemia', 'chronic myeloid leukemia', 'chronic lymphocytic leukemia', 'acute lymphoblastic leukemia', 'non-Hodgkin lymphoma', 'Hodgkin lymphoma']",[],"Claim 1 is a method of treating a subject with a proliferative disorder, classifying the patent as Clinical. The diseases treated are explicitly mentioned in the claims.",154-421-765-423-444
Composition,Conjugated Antibody,,[],[],"Claim 1 describes a nanoparticle comprising targeting agents, which classifies it as a composition. The presence of targeting agents that can be antibodies indicates a covalent attachment to a non-antibody payload, thus classifying it as a Conjugated Antibody.",145-744-454-242-101
Clinical,,,['cancer'],['human subject'],"Claim 1 is a method of treating cancer, which classifies the patent as 'Clinical'. The focus is on the treatment method rather than a composition or manufacturing process.",159-199-837-776-263
Clinical,,,"['cancer', 'autoimmune disease']",['individual'],"The broadest independent claim (Claim 3) is a method for treatment, classifying the patent as 'Clinical'. It explicitly mentions treating diseases such as cancer and autoimmune diseases.",163-955-024-984-108
Clinical,,,"['B cell lymphoma', 'T cell lymphoma', 'myeloma', 'leukemia', 'hematopoietic neoplasias', 'thymoma', 'lymphoma', 'sarcoma', 'lung cancer', 'liver cancer', 'non-Hodgkins lymphoma', 'Hodgkins lymphoma', 'uterine cancer', 'cervical cancer', 'endometrial cancer', 'adenocarcinoma', 'breast cancer', 'pancreatic cancer', 'colon cancer', 'anal cancer', 'renal cancer', 'bladder cancer', 'prostate cancer', 'ovarian cancer', 'primary or metastatic melanoma', 'squamous cell carcinoma', 'basal cell carcinoma', 'brain cancer', 'angiosarcoma', 'hemangiosarcoma', 'head and neck carcinoma', 'thyroid carcinoma', 'soft tissue sarcoma', 'bone sarcoma', 'testicular cancer', 'gastrointestinal cancer', 'stomach cancer', 'glioblastoma', 'small cell lung cancer', 'non-small cell lung cancer']",[],"The broadest independent claim is a method of treating cancer, classifying the patent as 'Clinical'.",174-537-738-414-905
Clinical,,,"['tumor', 'CDK12-amplified tumor']",[],"Claim 1 is a method of preventing, alleviating, or treating tumors, which classifies it as a Clinical patent. The focus is on treatment methods rather than a specific composition or manufacturing process.",080-839-725-226-556
Composition,Dual Combination,,[],[],"Claim 52 describes a combination of adaptor compounds and activity modifying compounds for modifying T cell activity, which classifies it as a composition. The combination includes structural elements that suggest a dual combination of components rather than a single defined construct.",128-354-894-457-667
Clinical,,,"['cancer', 'osteoporosis', 'Paget disease of bone', 'hypercalcemia']",['subjects in need thereof'],"Claim 19 is a method of treating cancer, making it the primary inventive concept. The claims detail specific diseases and patient populations related to the treatment method.",182-637-902-612-865
Clinical,,,"['follicular lymphoma', 'T cell lymphoma', 'adenoid cystic carcinoma', 'solid cancer', 'colon cancer', 'breast cancer', 'lung cancer', 'esophageal cancer', 'endometrial cancer', 'gastrointestinal cancer', 'cholangiocarcinoma', 'nasopharyngeal cancer', 'melanoma', 'mesothelioma', 'mantle cell lymphoma', 'anal cancer', 'head and neck cancer', 'appendiceal cancer', 'sebaceous cancer', ""non-Hodgkin's lymphoma""]",[],"Claim 1 is a method of treating cancer, which classifies the patent as 'Clinical'. The clinical indications are explicitly mentioned in the treatment methods.",178-294-770-278-597
Composition,Unconjugated Antibody,,[],[],"Claim 1 describes an antibody that binds ACVR2A, classifying it as a 'Composition'. It does not involve any covalent attachment to a payload, thus it is categorized as 'Unconjugated Antibody'. Although treatment methods are mentioned later, they do not affect the classification of the broadest independent claim.",190-135-394-900-843
Clinical,,,"['malignant peripheral nerve sheath tumors (MPNST)', 'mesothelioma', 'pancreatic cancer', 'lung cancer', 'bladder cancer', 'head and neck cancer', 'esophageal cancer', 'diffuse large B cell lymphoma (DLBCL)', 'stomach cancer', 'melanoma']",[],"Claim 1 is a method for treating cancer, which classifies the patent as 'Clinical'. The specific cancers mentioned in the dependent claims are extracted as clinical indications.",185-851-812-237-674
Clinical,,,['cancer'],[],"Claim 1 is a method of treating cancer, which classifies the patent as 'Clinical'. The focus is on the treatment method rather than a specific composition or manufacturing process.",109-853-690-255-331
Composition,Full ADC,,[],[],"Claim 2 explicitly claims an antibody drug conjugate (ADC) with a defined structure, which includes an antibody, linker, and payload, classifying it as a Full ADC. The broadest independent claim is directed to the molecule itself, not a method of treatment.",005-507-866-767-697
Composition,Unconjugated Antibody,,[],[],"Claim 1 explicitly claims an anti-DKK1 antibody, which classifies it as a 'Composition'. The antibody is not covalently attached to any payload, thus it is categorized as 'Unconjugated Antibody'.",026-813-223-472-497
Clinical,,,['cancer'],[],"Claim 1 is a method for treating cancer, which classifies the patent as 'Clinical'. No specific patient populations are defined in the independent claims.",103-547-658-057-366
Clinical,,,"['lung cancer', 'colorectal cancer', 'breast cancer', 'prostate cancer', 'ovarian cancer', 'cervical cancer', 'sarcoma', 'skin cancer', 'testicular cancer', 'renal cancer', 'brain cancer', 'leukemia']",[],"Claim 1 is a method of treating cancer, which classifies the patent as 'Clinical'. The specific types of cancer mentioned in the claims are extracted as clinical indications.",093-008-080-098-95X
Clinical,,,"['esophagogastric cancer', 'gynecological cancer', 'cholangiocarcinoma']","['immunotherapy-naïve patients', 'patients suffering from esophagogastric cancer', 'patients suffering from gastroesophageal cancer', 'patients suffering from gastric cancer']","Claim 1 is a method of treating cancer, which classifies the patent as 'Clinical'. The claims detail specific cancers and patient populations involved in the treatment method.",002-108-558-830-650
Composition,Conjugated Antibody,,[],[],"Claim 1 is a method of treating cancer, but it primarily claims an antibody linked to a cytotoxic effector, which qualifies it as a composition. The antibody is covalently conjugated to a cytotoxic effector, thus classifying it as a 'Conjugated Antibody'.",053-222-296-404-334
Clinical,,,"['sepsis', 'septic shock', 'acute respiratory distress syndrome', 'pneumonitis', 'secondary bacterial pneumonia', 'infection caused by a coronavirus']",[],"Claim 1 is a method of treating individuals suffering from various diseases, making the primary inventive concept clinical in nature.",014-454-766-734-150
Clinical,,,"['glioblastoma multiforme', 'recurrent glioblastoma multiforme']",[],"Claim 16 is a method for treating glioblastoma multiforme, which qualifies it as a clinical patent. The focus is on treatment methods rather than a composition or manufacturing process.",011-282-840-128-355
Clinical,,,['brain tumor'],[],"Claim 1 is a method for treating a brain tumor, which classifies the patent as 'Clinical'. The focus is on the treatment method rather than a composition or manufacturing process.",006-307-291-943-53X
Composition,Conjugated Antibody,,[],[],"Claim 1 describes a conjugate that includes an antibody covalently attached to a PROTAC, which qualifies it as a 'Conjugated Antibody'. The primary inventive concept is the composition of the conjugate itself, rather than a method of treatment.",043-567-337-828-389
Composition,Conjugated Antibody,,[],[],"Claim 1 describes a composition comprising a delta-opioid receptor targeting ligand covalently conjugated to an immunomodulatory molecule, indicating a defined construct. The presence of treatment claims later does not override the classification as Composition.",014-136-146-151-68X
Clinical,,,"['tumor', 'colorectal cancer', 'hepatocarcinoma', 'lung cancer', 'pancreatic cancer', 'breast cancer', 'liver cancer', 'head and neck cancer', 'Castleman disease tumor', 'thyroid cancer', 'medulloblastoma', 'glioblastoma multiforme', 'glioma', 'sarcoma', 'anaplastic astrocytoma', 'kidney cancer', 'stomach cancer', 'malignant ascites', 'metastatic prostate cancer', 'non-metastatic prostate tumor', 'solid tumor', 'leukemia', 'melanoma', 'myeloma', 'lymphoma']",[],"Claim 1 is a method for treating a tumor, classifying the patent as 'Clinical'. The broadest claim focuses on treatment rather than a composition or manufacturing process.",008-590-750-972-567
Composition,,,[],[],"Claim 1 describes polyinosinic-polycytidylic acid molecules, which are a defined chemical entity. There are no method-of-treatment claims in the independent claim, thus it is classified as a Composition.",021-623-304-036-807
Composition,Full ADC,,[],[],"Claim 1 describes a pharmaceutical composition comprising an antibody-drug conjugate (ADC) and a PARP inhibitor, which qualifies as a composition. The ADC is defined with a drug-linker covalently attached to the antibody, indicating it is a Full ADC.",023-834-852-942-053
Composition,,,[],[],"Claim 1 describes a composition for use in immunotherapy comprising soluble β-glucan, a checkpoint inhibitor, and an anti-angiogenic antibody, classifying it as a 'Composition'. The method-of-treatment claims do not override this classification.",023-387-465-368-31X
CMC,,Formulation/Stability,[],[],"Claim 1 describes a non-liquid formulation of a VEGF antagonist, focusing on the manufacturing process of combining excipients and lyophilizing the mixture. This indicates a primary emphasis on formulation and stability rather than a composition or clinical method.",016-622-305-196-495
Composition,,,[],[],"Claim 47 is directed to a compound, which classifies the patent as 'Composition'. Although there are method-of-treatment claims later, the broadest independent claim focuses on the molecule itself.",043-872-556-449-187
Composition,Full ADC,,[],[],"Claim 1 explicitly claims an antibody-drug conjugate, which includes an antibody, linkers, and a payload, thus classifying it as a Full ADC. There are no method-of-treatment claims in the first independent claim.",034-169-870-188-025
CMC,,Conjugation Method,[],[],"Claim 1 describes a process for preparing a cell-binding agent cytotoxic agent conjugate, focusing on the method of conjugation rather than the composition of the conjugate itself.",053-260-026-429-061
Clinical,,,['cancer'],[],"Claim 1 is a method of treating cancer, which classifies the patent as 'Clinical'. The focus is on treatment methods rather than compositions or manufacturing processes.",054-756-334-058-51X
Clinical,,,"['cancer', 'gastric cancer', 'esophageal cancer', 'pancreatic cancer', 'lung cancer', 'ovarian cancer', 'colon cancer', 'hepatic cancer', 'head-neck cancer', 'cancer of the gallbladder']",[],"Claim 1 is a method for treating or preventing cancer, which classifies the patent as 'Clinical'. The diseases are explicitly mentioned in the treatment method.",069-793-579-445-769
Composition,Conjugated Payload,,[],[],"Claim 1 describes a cancer-cell proliferation inhibitor that includes a conjugate of a compound, indicating a composition of a defined construct. The presence of a conjugate suggests a covalent attachment to a non-antibody payload, classifying it as 'Conjugated Payload'.",051-172-843-672-755
Composition,Unconjugated Antibody,,[],[],"Claim 1 explicitly claims an anti-ceramide monoclonal antibody, classifying it as a composition. There is no covalent attachment to a payload, thus it is categorized as an unconjugated antibody.",076-570-754-673-343
Clinical,,,"['glioblastoma', 'liver cancer', 'pancreatic cancer', 'non-small cell lung cancer', 'breast cancer', 'endometrial carcinoma', 'chondrosarcoma']",[],"Claim 1 is a method of reducing the viability of cancer cells, which classifies the patent as 'Clinical'. The diseases are explicitly mentioned in the context of the claimed method.",081-538-428-629-671
Composition,,,[],[],"Claim 1 describes a composition comprising nanoparticles loaded with TGF-β and IL-2, which classifies it as a 'Composition'. There are no claims directed to methods of treatment in Claim 1.",063-131-255-269-892
Clinical,,,['HER2-positive early breast cancer'],['patients with high risk of cancer recurrence'],"Claim 1 is a method of treatment for HER2-positive early breast cancer patients, focusing on increasing invasive disease-free survival, thus classifying it as 'Clinical'.",060-489-257-256-566
Clinical,,,"['cancer', 'prostate cancer', 'colorectal cancer', 'pancreatic cancer', 'cervical cancer', 'stomach cancer', 'endometrial cancer', 'brain cancer', 'liver cancer', 'bladder cancer', 'ovarian cancer', 'testicular cancer', 'head cancer', 'neck cancer', 'skin cancer', 'mesothelial lining cancer', 'blood cancer', 'esophageal cancer', 'breast cancer', 'muscle cancer', 'connective tissue cancer', 'lung cancer', 'adrenal gland cancer', 'thyroid cancer', 'kidney cancer', 'lymphoid system cancer', 'bone marrow cancer', 'bone cancer', 'glioblastoma', 'mesothelioma', 'renal cell carcinoma', 'gastric carcinoma', 'sarcoma', 'choriocarcinoma', 'cutaneous basocellular carcinoma', 'testicular seminoma', 'melanoma']",[],"Claim 1 is a method for treating cancer, which classifies the patent as 'Clinical'. The claim details the treatment method and the types of cancer involved.",071-319-560-239-432
Clinical,,,"['brain cancer', 'glioblastoma']",['human subject'],"Claim 1 is a method of delivering an immunotherapy agent to treat cancer, specifically brain cancer, which classifies it as a Clinical patent type.",071-655-052-097-063
Clinical,,,"['cancer', 'autoimmune disorder', 'inflammatory disease']",[],"Claim 1 is a method of reducing Treg function, which is a method-of-treatment claim. The primary inventive concept is focused on clinical applications rather than a composition or manufacturing process.",082-610-736-987-454
Composition,,,[],[],"Claim 1 describes a lipid nanoparticle composition, which classifies it as a 'Composition'. There are no claims directed to methods of treatment in Claim 1, and thus it does not fall under 'Clinical'.",102-359-747-205-098
Composition,,,[],[],"Claim 1 describes a pharmaceutical composition comprising lipid nanoparticles containing mRNA, which classifies it as a 'Composition'. There are no method-of-treatment claims in the independent claim.",109-643-549-077-50X
Composition,Conjugated Antibody,,[],[],"Claim 34 describes a pharmaceutical composition comprising an immunoconjugate, which indicates a covalent attachment of an antibody to a non-antibody payload. Therefore, it is classified as a 'Composition' and specifically as 'Conjugated Antibody'.",095-635-340-427-381
Clinical,,,['non-small cell lung cancer (NSCLC)'],['patients suffering from cancers driven by deregulated Human Epidermal Growth Factor Receptor (HER1/Human EGFR)'],"Claim 1 is a method of treating a specific cancer, thus it is classified as 'Clinical'. The primary inventive concept revolves around the treatment regimen involving ALK inhibitors and immunogenic polypeptides targeting EGF.",092-381-789-651-029
Clinical,,,['cancer'],[],"Claim 1 is a method for treating cancer, which classifies the patent as 'Clinical'. The focus is on the treatment method rather than a specific molecule or composition.",099-011-363-977-140
Clinical,,,['glioblastoma'],[],"Claim 1 is a method of treating glioblastoma, which classifies the patent as 'Clinical'. The focus is on the treatment method rather than the composition of the antibody-drug conjugate.",093-769-502-088-302
Composition,Conjugated Antibody,,[],[],"Claim 1 describes a compound comprising a TRPV6-binding peptide conjugated to a biomolecule, indicating a covalent attachment to a non-antibody payload. This classifies the patent as a 'Composition' with a subtype of 'Conjugated Antibody'.",096-205-447-372-778
Clinical,,,['cancer'],['mammal'],"Claim 1 is a method of treating cancer, which classifies the patent as 'Clinical'. The composition of GLA is part of the treatment method, but the primary inventive concept is the method itself.",099-884-720-525-955
Clinical,,,"['cancer', 'colorectal cancer', 'melanoma', 'lung cancer', 'hepatocellular carcinoma', 'head and neck cancer', 'breast cancer', 'esophagus cancer', ""Hodgkin's disease"", 'bladder cancer', 'renal cell carcinoma']",[],"Claim 1 is a method of treating cancer, which classifies the patent as 'Clinical'. The specific diseases mentioned in the treatment methods are extracted as clinical indications.",103-723-941-090-188
Clinical,,,"['melanoma', 'head and neck cancer', 'bladder cancer', 'breast cancer', 'lung cancer', 'colorectal cancer']",[],"Claim 1 is a method of treating cancer, which classifies the patent as 'Clinical'. The specific cancers mentioned in the claims are extracted as clinical indications.",106-497-117-157-926
Composition,Conjugated Antibody,,[],[],"Claim 1 describes a therapeutic probe that includes a bioorthogonal ligation moiety, an active agent (which includes antibodies), and a polymer spacer, indicating a defined construct. The presence of an active agent that is an antibody and the mention of covalent bonding suggest it is a conjugated antibody.",117-508-764-296-762
Clinical,,,"['tumor', 'cancer']",['subject in need'],"Claim 23 is a method of treating a tumor or cancer, making it primarily a clinical claim. The composition details are part of the treatment method rather than the main inventive concept.",114-735-314-683-344
Clinical,,,['primary central nervous system lymphoma'],['relapsed/refractory primary central nervous system lymphoma'],"Claim 1 is a method for the treatment of primary central nervous system lymphoma, which classifies the patent as 'Clinical'. The focus is on the treatment method rather than a composition or manufacturing process.",112-673-929-995-447
Clinical,,,"['solid tumor', 'CLDN6-positive solid tumor', 'advanced solid tumor', 'relapsed or refractory advanced solid tumor', 'testicular cancer']",['human'],"Claim 1 is a method of treating a solid tumor in humans, which classifies the patent as 'Clinical'. The specific diseases and patient population are explicitly mentioned in the treatment method.",127-428-344-065-899
Clinical,,,"['acromegaly', 'gigantism', 'dwarfism', 'short stature', 'hypopituitarism', 'X-linked acrogigantism', ""Cushing's disease""]","['human', 'non-human animal', 'livestock']","The broadest independent claim (Claim 15) is a method for reducing hormone secretion, classifying the patent as 'Clinical' due to its focus on treatment methods rather than compositions.",122-825-784-061-266
Clinical,,,['solid tumor'],['cancer patient'],"Claim 1 is a method of improving immune function in cancer patients, specifically targeting solid tumors, thus classifying it as a Clinical patent.",139-890-154-072-452
Clinical,,,['bladder cancer'],[],"Claim 1 is a method for treating bladder cancer, which classifies the patent as 'Clinical'. No specific patient populations are defined in the claims.",138-692-962-631-319
Composition,,,[],[],"Claim 1 describes a prophylactic and/or therapeutic agent for cancer containing an mPGES-1 inhibitor, which classifies it as a 'Composition'. There are no claims directed to a method of treatment or manufacturing processes in the independent claim.",130-046-732-851-44X
Clinical,,,"['cancer', 'autoimmune or inflammatory disease', 'infectious disease']",[],"Claim 1 is a method of treatment involving T cell therapy and a DGK inhibitor, classifying the patent as 'Clinical'. The diseases mentioned in the claims are explicitly related to the treatment methods.",177-622-958-537-486
Composition,,,[],[],"Claim 1 is directed to a peptide, which classifies the patent as a 'Composition'. There are no method-of-treatment claims in the first independent claim, and thus it does not fall under 'Clinical'.",182-085-651-002-655
Composition,,,[],[],"Claim 1 describes a pharmaceutical composition comprising microdevices with a biocompatible biodegradable polymeric shell, which classifies it as a 'Composition'. There are no claims directed to a method of treatment in the independent claim.",135-080-403-913-831
Clinical,,,['newly diagnosed multiple myeloma'],[],"Claim 1 is a method of treating newly diagnosed multiple myeloma, which classifies the patent as 'Clinical'. There are no claims directed to a specific molecule or composition.",149-514-208-760-300
Clinical,,,"['cancer', 'infection']","['subject suffering from a NK cell-responsive condition', 'subject at risk of suffering from a NK cell-responsive condition']","Claim 1 is a method for treating a subject, which classifies the patent as 'Clinical'. The diseases explicitly mentioned in the treatment method are cancer and infection.",147-706-964-902-224
Composition,Conjugated Linker,,[],[],"Claim 1 describes a sustained release pharmaceutical formulation comprising a therapeutic agent with elastin-like peptide structural units, classifying it as a 'Composition'. The presence of a chemical conjugate between the active agent and ELP in later claims indicates a 'Conjugated Linker' subtype.",137-792-269-244-646
Composition,,,[],[],"Claim 1 describes a compound of a specific formula, classifying it as a 'Composition'. Although there are method-of-treatment claims later, the broadest independent claim is directed to the molecule itself.",149-631-940-852-583
Clinical,,,['liver cancer'],[],"Claim 1 is a method for determining the efficacy of an anti-GPC3 antibody for liver cancer, which classifies the patent as 'Clinical' since it focuses on treatment methods rather than a composition.",164-413-933-569-972
Composition,Conjugated Linker,,[],[],"Claim 1 describes an immunogenic composition comprising a glycan conjugate, which indicates a chemical entity. The focus is on the composition rather than treatment methods, thus classified as 'Composition'. The glycan conjugate includes a linker, qualifying it as a 'Conjugated Linker'.",156-398-277-721-485
Composition,,,[],[],"Claim 1 describes a self-amplifying RNA (saRNA) comprising modified nucleotides and a cargo of interest, classifying it as a composition. There are no method-of-treatment claims in Claim 1, and thus it does not fall under the clinical category.",158-351-633-701-662
Clinical,,,['EGFR T790M-positive non-small cell lung cancer'],['human patient'],"Claim 1 is a method of treating a specific cancer, which classifies the patent as 'Clinical'. The focus is on the treatment method rather than a composition or manufacturing process.",156-711-405-091-181
Composition,Unconjugated Antibody,,[],[],"Claim 1 describes a medicament comprising an antibody and various drugs for cancer treatment, classifying it as a 'Composition'. The antibody is not covalently attached to any payload, thus it is categorized as 'Unconjugated Antibody'.",173-622-876-302-661
Clinical,,,['cancer'],[],"Claim 1 is a method of screening for cancer, which classifies the patent as 'Clinical'. Although antibodies are mentioned later, the primary inventive concept is a method of treatment, not a composition.",175-859-767-252-915
Clinical,,,['breast cancer'],[],"The broadest independent claim (Claim 10) is a method for treating breast cancer, classifying the patent as 'Clinical'. No composition claims are present in the independent claims.",166-128-220-730-48X
Clinical,,,['ovarian cancer'],['human'],"Claim 1 is a method for killing human ovarian cancer cells, which classifies the patent as 'Clinical' since it primarily focuses on treatment methods rather than compositions.",189-355-883-657-708
Clinical,,,"['cancer', 'pregnancy complication']","['individual in need', 'pregnant woman']","Claim 1 is a method of affecting the immune system and treating related diseases, classifying the patent as 'Clinical'. The clinical indications include cancer and pregnancy complications, with specified populations in the claims.",182-418-700-595-016
Clinical,,,"['lung cancer', 'colorectal cancer', 'pancreatic cancer', 'hepatocellular carcinoma', 'breast cancer', 'renal cell carcinoma', 'endometrial cancer', 'ovarian cancer']",[],"Claim 1 is a method of treating cancer, which classifies the patent as 'Clinical'. The diseases explicitly mentioned in the treatment method are extracted as clinical indications.",171-349-570-188-870
Clinical,,,"['cancer', 'melanoma', 'colon carcinoma', 'breast cancer', 'pancreatic cancer', 'ovarian cancer', 'prostate cancer', 'fibrosarcoma', 'myxosarcoma', 'liposarcoma', 'chondrosarcoma', 'osteogenic sarcoma', 'chordoma', 'angiosarcoma', 'endotheliosarcoma', 'lymphangiosarcoma', 'lymphangioendotheliosarcoma', 'synovioma', 'mesothelioma', ""Ewing's tumor"", 'leiomyosarcoma', 'rhabdomyosarcoma', 'squamous cell carcinoma', 'basal cell carcinoma', 'adenocarcinoma', 'sweat gland carcinoma', 'sebaceous gland carcinoma', 'papillary carcinoma', 'papillary adenocarcinomas', 'cystadenocarcinoma', 'medullary carcinoma', 'bronchogenic arcinoma', 'renal cell carcinoma', 'hepatoma', 'bile duct carcinoma', 'choriocarcinoma', 'seminoma', 'embryonal carcinoma', ""Wilms' tumor"", 'cervical cancer', 'testicular tumor', 'lung carcinoma', 'small cell lung carcinoma', 'bladder carcinoma', 'epithelial carcinoma', 'glioma', 'astrocytoma', 'meduloblastoma', 'merkel cell carcinoma', 'craniopharyngioma', 'ependymoma', 'pinealoma', 'hemangioblastoma', 'acoustic neuroma', 'oligodendroglioma', 'meningioma', 'neuroblastoma', 'retinoblastoma', 'leukemias', 'polycythemia vera', 'lymphoma', 'multiple myeloma', ""Waldenstrom's macroglobulinemia"", 'heavy chain disease']",[],"Claim 1 is a method of treating cancer, which classifies the patent as 'Clinical'. The clinical indications include a wide range of cancers explicitly mentioned in the claims.",185-287-419-298-759
Clinical,,,['cancer'],[],"Claim 1 is a method for treating cancer, which classifies the patent as 'Clinical'. The focus is on the treatment method rather than a composition or manufacturing process.",193-902-491-106-098
Clinical,,,['cancer'],['patients in need thereof'],"Claim 1 is a method for treating cancer, which classifies the patent as 'Clinical'. The focus is on the treatment method rather than a specific composition.",193-130-506-391-083
Clinical,,,['solid tumor'],[],"Claim 1 is a method for treating a solid tumor, which classifies the patent as 'Clinical'. There are no claims directed to a specific molecule or composition, thus no composition subtype is applicable.",197-371-971-357-166
Clinical,,,['cancer'],['cancer poorly responding to immunotherapy'],"Claim 1 is a method of treating cancer, which classifies the patent as 'Clinical'. The focus is on the treatment method rather than a composition or manufacturing process.",199-131-942-634-849
Clinical,,,"['pulmonary injury', 'respiratory distress syndrome', 'pneumonia', 'pulmonary edema', 'acute lung injury', 'ventilator-induced lung injury', 'smoking-induced lung injury', 'lung cancer', 'pathological apnea', 'asphyxia', 'ischemic heart disease', 'acute myocardial infarction', 'ischemic encephalopathy', 'ischemic stroke', 'ocular ischemic disease', 'ischemic optic neuropathy', 'inflammation', 'septicemia', 'renal failure', 'tissue fibrosis', 'bronchial dysplasia', 'fetal distress', 'postsurgical hypoxia', 'anemia', 'hypovolemia', 'rheumatoid arthritis', 'poisoning', 'ischemia reperfusion injury', 'vascular embolism', 'COVID-19']",[],"Claim 1 is a method for treating hypoxia-related diseases, classifying the patent as 'Clinical'. The clinical indications are explicitly listed in the claims as diseases treated by the VEGF inhibitor.",051-060-334-487-176
Composition,Full ADC,,[],[],"Claim 1 is directed to a compound of Formula (I), which is a chemical entity. The patent includes claims for an antibody-drug conjugate (ADC) in Claim 79, which explicitly defines the ADC structure, thus classifying it as a Full ADC.",113-002-961-661-139
Clinical,,,['cancer'],[],"Claim 1 is a method for treating cancer, which classifies the patent as 'Clinical'. The primary inventive concept is the method of treatment rather than a composition or manufacturing process.",120-784-396-416-730
Composition,Conjugated Antibody,,[],[],"Claim 49 describes a conjugate that includes an antibody covalently attached to a payload, classifying it as a 'Conjugated Antibody'. The primary inventive concept is the composition of the conjugate rather than the treatment methods that appear later.",133-690-829-296-08X
Composition,Full ADC,,[],[],"Claim 1 explicitly claims a therapeutic agent comprising an anti-HER3 antibody-drug conjugate, classifying it as a 'Composition'. The presence of the drug conjugate indicates it is a 'Full ADC' as it includes both the antibody and the drug-linker construct.",153-559-123-748-197
Clinical,,,"['pancreatic cancer', 'lung cancer', 'colorectal cancer', 'cholangiocarcinoma', 'liver cancer']",[],"Claim 1 is a method-of-treatment claim for various types of cancer, which classifies the patent as 'Clinical'. No composition or CMC claims are present in the broadest independent claim.",128-772-656-221-888
Clinical,,,['melanoma'],"['human', 'animal']","Claim 2 is a method of treating melanoma, making the primary inventive concept a method of treatment. Other claims provide details on the treatment regimen but do not change the classification.",166-038-488-954-063
Composition,Full ADC,,[],[],"Claim 1 explicitly claims an antibody-drug conjugate (ADC) with defined components, including an antibody, linker, and drug, which classifies it as a 'Full ADC'. There are no method-of-treatment claims in the independent claim, thus it is classified under 'Composition'.",126-234-910-564-157
Composition,,,[],[],"Claim 1 describes an isolated peptide with CTL inducibility, classifying it as a composition. Although there are treatment claims later, the broadest independent claim focuses on the peptide itself, not a method of treatment.",005-703-396-033-32X
Clinical,,,"['cancer', 'glioblastoma']",[],"Claim 1 is a method of treating cancer, which classifies the patent as 'Clinical'. The specific indication of glioblastoma is mentioned in subsequent claims, but the primary claim focuses on the treatment method.",006-814-016-073-222
Clinical,,,['graft-versus-host disease'],[],"Claim 1 is a method for treating graft-versus-host disease (GVHD) by administering an IL-6 receptor antibody, making it a method-of-treatment claim.",003-316-001-645-039
CMC,,Process/Scale-Up,[],[],"Claim 76 is a method of preparing silk microspheres, focusing on the manufacturing process rather than a composition or treatment method. Therefore, it is classified as CMC, specifically under Process/Scale-Up.",006-961-731-685-885
Clinical,,,"['breast cancer', 'lung cancer', 'liver cancer', 'gastric cancer', 'intestinal cancer', 'kidney cancer', 'urothelial cancer', 'cervical cancer', 'ovarian cancer', 'endometrial cancer', 'melanoma', 'non-small cell lung cancer', 'thyroid cancer']",[],"Claim 1 is a method of treating tumors, which classifies the patent as 'Clinical'. The specific diseases are explicitly mentioned in the treatment method.",006-610-768-659-379
Composition,,,[],[],"Claim 1 describes a lyophilate composition comprising a specific molecule and bulking agent, classifying it as a 'Composition'. There are later method-of-treatment claims, but the broadest independent claim is directed to the composition itself.",025-453-297-263-636
Clinical,,,"['Acute Lymphoblastic Leukemia (ALL)', 'Acute Myeloid Leukemia (AML)', 'Adrenocortical Carcinoma', 'Anal Cancer', 'Appendix Cancer', 'Atypical Teratoid/Rhabdoid Tumor', 'Basal Cell Carcinoma', 'Bile Duct Cancer', 'Bladder Cancer', 'Bone Cancer', 'Brain Tumor', 'Astrocytoma', 'Brain and Spinal Cord Tumor', 'Brain Stem Glioma', 'Central Nervous System Atypical Teratoid/Rhabdoid Tumor', 'Central Nervous System Embryonal Tumors', 'Breast Cancer', 'Bronchial Tumors', 'Burkitt Lymphoma', 'Carcinoid Tumor', 'Carcinoma of Unknown Primary', 'Central Nervous System Cancer', 'Cervical Cancer', 'Childhood Cancers', 'Chordoma', 'Chronic Lymphocytic Leukemia (CLL)', 'Chronic Myelogenous Leukemia (CML)', 'Chronic Myeloproliferative Disorders', 'Colon Cancer', 'Colorectal Cancer', 'Craniopharyngioma', 'Cutaneous T-Cell Lymphoma', 'Ductal Carcinoma In Situ (DCIS)', 'Embryonal Tumors', 'Endometrial Cancer', 'Ependymoblastoma', 'Ependymoma', 'Esophageal Cancer', 'Esthesioneuroblastoma', 'Ewing Sarcoma', 'Extracranial Germ Cell Tumor', 'Extragonadal Germ Cell Tumor', 'Extrahepatic Bile Duct Cancer', 'Eye Cancer', 'Fibrous Histiocytoma of Bone', 'Gallbladder Cancer', 'Gastric Cancer', 'Gastrointestinal Carcinoid Tumor', 'Gastrointestinal Stromal Tumors (GIST)', 'Germ Cell Tumor', 'Extracranial Germ Cell Tumor', 'Extragonadal Germ Cell Tumor', 'Ovarian Germ Cell Tumor', 'Gestational Trophoblastic Tumor', 'Glioma', 'Hairy Cell Leukemia', 'Head and Neck Cancer', 'Heart Cancer', 'Hepatocellular Cancer', 'Histiocytosis', 'Langerhans Cell Cancer', 'Hodgkin Lymphoma', 'Hypopharyngeal Cancer', 'Intraocular Melanoma', 'Islet Cell Tumors', 'Kaposi Sarcoma', 'Kidney Cancer', 'Langerhans Cell Histiocytosis', 'Laryngeal Cancer', 'Leukemia', 'Lip and Oral Cavity Cancer', 'Liver Cancer', 'Lobular Carcinoma In Situ (LCIS)', 'Lung Cancer', 'Lymphoma', 'AIDS-Related Lymphoma', 'Macroglobulinemia', 'Male Breast Cancer', 'Medulloblastoma', 'Medulloepithelioma', 'Melanoma', 'Merkel Cell Carcinoma', 'Malignant Mesothelioma', 'Metastatic Squamous Neck Cancer with Occult Primary', 'Midline Tract Carcinoma Involving NUT Gene', 'Mouth Cancer', 'Multiple Endocrine Neoplasia Syndrome', 'Multiple Myeloma/Plasma Cell Neoplasm', 'Mycosis Fungoides', 'Myelodysplastic Syndrome', 'Myelodysplastic/Myeloproliferative Neoplasm', 'Chronic Myelogenous Leukemia (CIVIL)', 'Acute Myeloid Leukemia (AML)', 'Myeloma', 'Multiple Myeloma', 'Chronic Myeloproliferative Disorder', 'Nasal Cavity Cancer', 'Paranasal Sinus Cancer', 'Nasopharyngeal Cancer', 'Neuroblastoma', 'Non-Hodgkin Lymphoma', 'Non-Small Cell Lung Cancer', 'Oral Cancer', 'Oral Cavity Cancer', 'Lip Cancer', 'Oropharyngeal Cancer', 'Osteosarcoma', 'Ovarian Cancer', 'Pancreatic Cancer', 'Papillomatosis', 'Paraganglioma', 'Paranasal Sinus Cancer', 'Nasal Cavity Cancer', 'Parathyroid Cancer', 'Penile Cancer', 'Pharyngeal Cancer', 'Pheochromocytoma', 'Pineal Parenchymal Tumors of Intermediate Differentiation', 'Pineoblastoma', 'Pituitary Tumor', 'Plasma Cell Neoplasm', 'Pleuropulmonary Blastoma', 'Breast Cancer', 'Primary Central Nervous System (CNS) Lymphoma', 'Prostate Cancer', 'Rectal Cancer', 'Renal Cell Cancer', 'Renal Pelvis Cancer', 'Ureter Cancer', 'Transitional Cell Cancer', 'Retinoblastoma', 'Rhabdomyosarcoma', 'Salivary Gland Cancer', 'Sarcoma', 'Sézary Syndrome', 'Skin Cancer', 'Small Cell Lung Cancer', 'Small Intestine Cancer', 'Soft Tissue Sarcoma', 'Squamous Cell Carcinoma', 'Squamous Neck Cancer with Occult Primary', 'Stomach Cancer', 'Supratentorial Primitive Neuroectodermal Tumors', 'T-Cell Lymphoma', 'Testicular Cancer', 'Throat Cancer', 'Thymoma', 'Thymic Carcinoma', 'Thyroid Cancer', 'Transitional Cell Cancer of the Renal Pelvis and Ureter', 'Gestational Trophoblastic Tumor', 'Unknown Primary', 'Unusual Cancer of Childhood', 'Urethral Cancer', 'Uterine Cancer', 'Uterine Sarcoma', 'Waldenström Macroglobulinemia', 'Wilms Tumor']",[],"The broadest independent claim is a method of identifying a therapeutic agent, which classifies the patent as 'Clinical'. The claims detail various cancer types treated, thus indicating a wide range of clinical indications.",014-018-824-148-651
Clinical,,,['cancer'],['human subject'],"Claim 1 is a method of treating cancer, which classifies the patent as 'Clinical'. The focus is on the treatment method rather than a composition or manufacturing process.",010-544-039-055-796
Composition,,,['colorectal cancer'],[],"Claim 1 describes a composition for enhancing immunotherapy efficacy in colorectal cancer, classifying it as a 'Composition'. The focus is on the composition itself rather than a method of treatment.",010-695-155-816-300
Clinical,,,"['lung cancer', 'bone metastasis']",[],"Claim 1 is a method for customized therapy for lung cancer with bone metastasis, focusing on diagnosis and treatment, which classifies it as a Clinical patent.",041-828-455-683-66X
Clinical,,,['soft tissue sarcoma'],['patients in need thereof'],"Claim 14 is a method for treating soft tissue sarcoma, which classifies the patent as Clinical. The focus is on the treatment method rather than the composition of the antibody or drug.",033-898-513-546-166
Clinical,,,['cancer'],[],"Claim 1 is a method of treating cancer, which classifies the patent as 'Clinical'. There are no claims directed to a specific molecule or composition, thus no composition subtype is applicable.",039-323-636-611-379
Clinical,,,['multiple myeloma'],[],"Claim 1 is a method of treating multiple myeloma, which classifies the patent as 'Clinical'. There are no claims directed to a molecule or composition that would warrant a 'Composition' classification.",044-123-622-167-099
Composition,Unconjugated Antibody,,[],[],"Claim 1 describes a composition for generating synthetic antibodies, which classifies it as a 'Composition'. The antibodies are not covalently attached to any payload, thus they fall under 'Unconjugated Antibody'.",042-103-337-327-929
Clinical,,,['cancer'],['subjects having cancer who previously received an autologous cell therapy'],"Claim 1 is a method for reducing cancer cells in a subject, which qualifies it as a method-of-treatment claim. The focus is on the treatment regimen rather than a specific composition or manufacturing process.",059-595-899-502-750
Composition,Unconjugated Antibody,,['cancer'],[],"Claim 1 describes a medicinal composition comprising a non-coding RNA molecule and an antibody targeting a tumor antigen, classifying it as a 'Composition'. The antibody is not covalently attached to a payload, thus it is classified as 'Unconjugated Antibody'.",060-265-377-017-41X
CMC,,Conjugation Method,[],[],"Claim 1 is a method of producing a magnetic liposome, which primarily focuses on the manufacturing process rather than a composition or treatment method. The emphasis on antibody conjugation in subsequent claims supports classification as a Conjugation Method.",056-091-633-748-704
Composition,,,[],[],"Claim 1 is directed to a compound of formula I, classifying it as a 'Composition'. Although there are method-of-treatment claims later, the broadest independent claim focuses on the molecule itself.",064-231-763-978-403
Clinical,,,['cancer'],['mammal'],"Claim 1 is a method of treating cancer, which classifies the patent as 'Clinical'. The focus is on the treatment method rather than a composition or manufacturing process.",077-652-345-059-831
Composition,,,[],[],"Claim 1 is directed to a pharmaceutical composition comprising immune checkpoint inhibitors and chemotherapeutic drugs, classifying it as a 'Composition'. Although there are method-of-treatment claims, the broadest independent claim focuses on the composition itself.",077-636-147-797-040
Composition,,,[],[],"Claim 1 describes a vein-formation promoting agent comprising phosphatidylcholine, classifying it as a composition. There are no method-of-treatment claims in the first independent claim.",076-868-356-092-908
Clinical,,,['multiple myeloma'],['relapsed or refractory multiple myeloma'],"Claim 1 is a method of treating multiple myeloma, which classifies the patent as 'Clinical'. The primary inventive concept is focused on treatment methods rather than a composition or manufacturing process.",079-709-324-592-589
Clinical,,,['non-small-cell lung cancer'],"['human patient with NSCLC', 'patient with relapsed or refractory treatment']","Claim 1 is a method of treating non-small-cell lung cancer, which classifies the patent as 'Clinical'. The focus is on the treatment method rather than a composition or manufacturing process.",118-426-229-246-71X
Clinical,,,"['head and neck cancer', 'head and neck squamous cell carcinoma (HNSCC)', 'colorectal cancer']",[],"Claim 1 is a method of treatment, specifically aimed at reducing or overcoming resistance to cetuximab in patients, which classifies the patent as 'Clinical'.",107-759-931-972-515
Composition,Full ADC,,[],[],"Claim 1 explicitly claims an antibody-drug conjugate (ADC) comprising an antibody, a linker, and a Bcl-xL inhibitor payload, which qualifies it as a 'Full ADC'. The focus is on the composition of the ADC rather than treatment methods.",114-027-374-968-264
Composition,Full ADC,,['cell proliferative disorders'],[],"Claim 1 describes a compound with a specific structure, which is part of an immunoconjugate (ADC) that includes an antibody and a payload. The primary inventive concept is the composition of the ADC, thus classified as 'Full ADC'.",125-148-878-315-267
Composition,Dual Combination,,[],[],"Claim 1 describes a dual-drug link assembly unit, which is a defined construct that can be linked to a targeting linker, indicating a composition of a drug conjugate. The focus is on the structural components rather than a method of treatment.",129-671-782-886-251
Clinical,,,['cytokine release syndrome'],"['subjects receiving CAR T cells', 'subjects with leukemia', 'subjects with lymphoma']","The broadest independent claim (Claim 2) is a method of treating cytokine release syndrome in subjects who have received CAR T cells, classifying the patent as 'Clinical'.",125-263-527-653-073
Clinical,,,"['bladder cancer', 'breast cancer', 'cervical cancer', 'colon cancer', 'esophageal cancer', 'esophageal squamous cell carcinoma', 'head and neck cancer', 'liver cancer', 'lung cancer', 'melanoma', 'myeloma', 'rhabdomyosarcoma', 'inflammatory myofibroblastoma', 'neuroblastoma', 'pancreatic cancer', 'prostate cancer', 'kidney cancer', 'renal cell carcinoma', 'sarcoma', 'skin cancer', 'gastric cancer', 'testicular cancer', 'thyroid cancer', 'uterine cancer', 'mesothelioma', 'cholangiocarcinoma', 'leiomyosarcoma', 'liposarcoma', 'nasopharyngeal carcinoma', 'neuroendocrine carcinoma', 'ovarian carcinoma', 'salivary adenocarcinoma', 'metastases caused by spindle cell carcinoma', 'anaplastic large cell lymphoma', 'undifferentiated thyroid cancer', ""non-Hodgkin's lymphoma"", ""Hodgkin's lymphoma"", 'glioma', 'acute myeloid leukemia', 'acute lymphocytic leukemia', 'diffuse large B-cell lymphoma', 'follicular lymphoma', 'chronic lymphocytic leukemia', 'chronic myelogenous leukemia']",[],"Claim 1 is a method for treating tumors, classifying the patent as 'Clinical'. The broad scope of diseases treated is explicitly listed in the claims.",122-925-404-268-723
Clinical,,,['cancer'],"['tumor', 'metastatic tumor']","Claim 53 is a method for delivering an antibody-anti-fugetactic agent complex to treat cancer, making it a method-of-treatment claim. The primary inventive concept is clinical in nature, focusing on treatment methods rather than the composition of the antibody or complex.",135-181-216-882-040
Composition,Dual Combination,,[],[],"Claim 1 describes a combination of a BRAF inhibitor and a PD-1 axis binding antagonist, classifying it as a 'Composition'. The combination of two therapeutic agents fits the 'Dual Combination' subtype.",139-577-992-868-133
Clinical,,,"['gastric cancer', 'esophageal cancer', 'lung cancer', 'thymic carcinoma', 'biliary tract cancer']",[],"Claim 1 is a method for treating tumors, which classifies the patent as 'Clinical'. The specific types of tumors mentioned in the claim are extracted as clinical indications.",174-193-861-668-736
Clinical,,,"['immune checkpoint blockade (ICB)-induced immune related adverse events (irAEs)', 'ICB-induced colitis']",[],"Claim 22 is a method of treating ICB-induced irAEs, making it the primary inventive concept. The claims focus on treatment methods rather than compositions or manufacturing processes.",170-365-839-635-535
Clinical,,,['cancer'],[],"Claim 1 is a method of treatment involving the administration of a recombinant plasma membrane-based vesicle to treat cancer, making it primarily a clinical patent.",157-035-450-767-254
CMC,,Conjugation Method,[],[],"Claim 1 describes a method of preparing a cell-binding agent-cytotoxic agent conjugate, focusing on the steps involved in the conjugation process. Therefore, it is classified as CMC with a subtype of Conjugation Method.",149-715-882-103-872
Composition,Conjugated Antibody,,[],[],"Claim 1 describes a therapeutic drug and targeting conjugate comprising an immunoglobulin (antibody) covalently attached to a polymeric scaffold and a therapeutic agent, classifying it as a 'Conjugated Antibody'. The primary inventive concept is the composition of the conjugate rather than a method of treatment.",184-969-751-495-246
Clinical,,,"['nephropathy', 'hypertension', 'migration of leukocytes']",[],"Claim 1 is a method for treating nephropathy or hypertension, classifying the patent as 'Clinical'. The focus is on treatment methods rather than a composition or manufacturing process.",190-551-990-158-334
Clinical,,,"['solid tumor', 'breast cancer', 'colon cancer', 'triple negative breast cancer']",[],"Claim 1 is a method of treating a solid tumor, which classifies the patent as 'Clinical'. The diseases explicitly mentioned in the treatment methods are solid tumor, breast cancer, colon cancer, and triple negative breast cancer.",197-509-528-253-687
Other,,,[],[],"Claim 833 describes an ingestible device with various components for delivering a dispensable substance, but it does not claim a specific molecule, antibody, or method of treatment. Therefore, it is classified as 'Other'.",196-685-146-918-395
Clinical,,,['triple negative breast cancer'],['individual'],"Claim 1 is a method for treating triple negative breast cancer, which classifies the patent as 'Clinical'. No composition claims are present in the independent claim.",193-455-235-129-635
Composition,Unconjugated Antibody,,[],[],"Claim 1 describes an extracellular vesicle comprising an antisense oligonucleotide, which classifies as a composition. Although there are references to antibodies in later claims, they do not indicate covalent attachment to a payload, thus classifying the primary inventive concept as an unconjugated antibody.",025-671-992-198-616
Clinical,,,['cancer'],[],"Claim 1 is a method of preventing or treating cancer, which classifies the patent as 'Clinical'. There are no claims directed to a specific molecule or composition.",195-440-141-364-280
Composition,,,[],[],"Claim 95 describes a liposomal composition comprising alpha polyglutamated raltitrexed, which classifies it as a 'Composition'. Although there are method-of-treatment claims later, the broadest independent claim is directed to the composition itself.",068-147-881-955-791
Clinical,,,"['cancer', 'small cell lung cancer', 'urothelial carcinoma', 'triple negative breast cancer', 'metastatic non-squamous non-small cell lung cancer']",[],"Claim 20 is a method of treating cancer, which makes the primary inventive concept a method-of-treatment claim. Therefore, the patent is classified as 'Clinical'.",069-281-508-547-419
Clinical,,,['antitumor effect'],[],"Claim 1 is a method for enhancing the antitumor effect of an immune checkpoint inhibitor, which classifies it as a method-of-treatment claim. Therefore, the primary patent type is 'Clinical'.",078-909-680-882-435
Clinical,,,"['leukopenia', 'thrombocytopenia']","['subjects in need', 'subjects with cancer']","Claim 11 is a method for treating leukopenia and/or thrombocytopenia, which classifies the patent as 'Clinical'. The focus is on the treatment method rather than a composition or manufacturing process.",155-813-227-608-301
Composition,Full ADC,,[],[],"Claim 1 explicitly claims an antibody-drug conjugate (ADC) comprising an anti-ROR1 antibody and a linker to an active agent, which qualifies as a Full ADC. The primary inventive concept is directed to the composition of the ADC rather than methods of treatment.",180-068-866-368-876
Composition,Full ADC,,[],[],"Claim 1 describes an antibody-active agent conjugate, which includes an antibody covalently linked to an isosubstrate and an active agent, fitting the definition of a Full ADC. The primary inventive concept is the composition itself rather than any method of treatment.",004-673-907-446-601
Composition,Conjugated Payload,,[],[],"Claim 1 describes a compound with a specific structure, which classifies it as a 'Composition'. The mention of potential use in treatment does not override this classification. The compound is likely intended for conjugation, indicating it is a 'Conjugated Payload'.",013-890-609-791-56X
Clinical,,,['cancer'],['subject having a tumor'],"Claim 1 is a method of treating cancer, which classifies the patent as 'Clinical'. The focus is on the treatment method rather than a composition or manufacturing process.",004-571-748-185-303
Clinical,,,"['solid tumor', 'cutaneous T cell lymphoma (CTCL)']",[],"Claim 1 is a method of treating a solid tumor, which classifies the patent as 'Clinical'. The diseases explicitly mentioned in the claims are solid tumors and cutaneous T cell lymphoma.",016-773-103-149-461
Composition,Full ADC,,[],[],"Claim 1 describes a pharmaceutical product comprising an antibody-drug conjugate (ADC) and a RASG12C inhibitor, which classifies it as a 'Composition'. The ADC is explicitly defined, indicating it includes an antibody, linker, and payload, thus qualifying as a 'Full ADC'.",016-433-929-196-108
Composition,Conjugated Antibody,,['tumor'],[],"Claim 1 describes a molecular construct comprising an anti-CD38 antibody covalently linked to lenalidomide molecules, classifying it as a 'Composition'. The presence of a method of treatment claim does not override this classification.",033-411-150-847-682
Clinical,,,['cancer'],['human'],"Claim 1 is a method of treating cancer, which classifies the patent as 'Clinical'. The focus is on the treatment method rather than a composition or manufacturing process.",027-900-336-533-614
Clinical,,,['cancer'],[],"Claim 1 is a method of treating cancer, which classifies the patent as 'Clinical'. The primary inventive concept is the treatment method rather than a composition or manufacturing process.",055-609-896-349-913
Clinical,,,['cancer'],[],"Claim 1 is a method for the treatment of cancer, which classifies the patent as 'Clinical'. The focus is on the treatment method rather than any specific composition.",055-022-291-297-847
Clinical,,,['small cell lung cancer'],[],"Claim 15 is a method for treating small cell lung cancer, which qualifies it as a method-of-treatment claim. The primary inventive concept is focused on the treatment method rather than a composition or manufacturing process.",041-921-009-394-581
Composition,Conjugated Antibody,,[],[],"Claim 1 describes a conjugate comprising a cell-binding agent covalently linked to a dimer compound, indicating a chemical entity. This qualifies as a 'Composition' type patent, specifically a 'Conjugated Antibody' due to the covalent attachment of the cell-binding agent to the dimer compound.",040-392-283-416-934
Composition,,,[],[],"Claim 1 describes an engineered Natural Killer (NK) cell, which is a defined construct. Since it claims a molecule rather than a method of treatment, it is classified as 'Composition'.",092-217-445-202-356
Clinical,,,"['cancer', 'proliferative disease']",[],"Claim 1 is a method of treating cancer or a proliferative disease, which classifies the patent as 'Clinical'. The focus is on the treatment method rather than a specific composition or manufacturing process.",085-192-261-265-844
Clinical,,,"['lymphoma', 'leukemia', 'multiple myeloma']","['B-cell', 'T-cell']","Claim 1 is a method for treating leukocyte associated diseases, specifically lymphoma, leukemia, and multiple myeloma, thus classifying it as a Clinical patent.",072-466-017-120-241
Composition,Conjugated Antibody,,[],[],"Claim 2 describes a compound that is a ligand-drug conjugate, indicating a covalent attachment to a non-antibody payload, which classifies it as a 'Conjugated Antibody'. The primary inventive concept is directed to the composition of the conjugate rather than a method of treatment.",074-526-277-539-406
Composition,Full ADC,,[],[],"Claim 1 explicitly claims an antibody-drug conjugate, which includes an anti-CD48 antibody, a linker, and an Mcl-1 inhibitor drug moiety, thus classifying it as a 'Full ADC'. The primary inventive concept is directed to the composition rather than methods of treatment.",073-351-692-122-159
Clinical,,,['cancer'],[],"Claim 1 is a method for treating a condition associated with aberrant keratinocyte epithelial cell proliferation, which qualifies it as a method-of-treatment claim. The primary inventive concept is focused on clinical application rather than a composition or manufacturing process.",096-441-613-854-532
Clinical,,,"['cancer', 'autoimmune disease']",[],"Claim 1 is a method of treating cancer or autoimmune disease, which classifies the patent as 'Clinical'. The focus is on treatment methods rather than the composition of molecules.",099-693-754-547-763
Clinical,,,['renal cell carcinoma'],[],"Claim 1 is a method of suppressing regulatory T cells, which classifies the patent as 'Clinical'. The primary inventive concept is a method of treatment rather than a composition.",074-717-599-076-899
Clinical,,,"['HER2 expressing breast cancer', 'HER2 expressing gastric cancer']",['patients in need thereof'],"Claim 1 is a method of treating specific cancers, making it a clinical claim. The focus is on the treatment method rather than a composition or manufacturing process.",091-957-992-742-551
Clinical,,,"['metastatic triple negative breast cancer', 'locally advanced triple negative breast cancer']","['patients having MTNBC', 'patients having locally advanced TNBC']","Claim 1 is a method of treating metastatic triple negative breast cancer, which classifies the patent as 'Clinical'. The focus is on treatment methods rather than any specific composition.",107-754-502-900-967
Composition,Full ADC,,"['cervical cancer', 'endometrial cancer', 'ovarian cancer', 'prostate cancer', 'pancreatic cancer', 'esophageal cancer', 'bladder cancer', 'urinary tract cancer', 'urothelial carcinoma', 'lung cancer', 'non-small cell lung cancer', 'Merkel cell carcinoma', 'colon cancer', 'colorectal cancer', 'gastric cancer', 'breast cancer']",[],"Claim 1 describes an immunoconjugate comprising an antibody covalently attached to a payload, classifying it as a 'Full ADC'. Although treatment methods are mentioned later, the primary inventive concept is the composition of the immunoconjugate.",126-157-043-951-960
Composition,Conjugated Linker,,[],[],"Claim 1 describes a polymeric scaffold that is useful for conjugation with an antibody, indicating a composition of a defined construct. The focus is on the structural aspects of the scaffold and its linkers, classifying it as a 'Conjugated Linker'.",115-576-418-121-97X
Clinical,,,"['leukemia', 'prostate cancer', 'breast cancer', 'stem cell cancer', 'ovarian cancer', 'mesothelioma', 'renal cell carcinoma', 'melanoma', 'pancreatic cancer', 'lung cancer', 'HBV-induced hepatocellular carcinoma', 'multiple myeloma']",[],"Claim 1 describes a combination treatment involving an immune cell and a TNFα signal potentiator, which is a method of treatment. Therefore, the primary classification is 'Clinical'.",123-468-950-898-226
Composition,,,['cancer'],[],"Claim 1 describes a compound with a specific structure, classifying it as a 'Composition'. Although there are method-of-treatment claims later, the broadest independent claim is directed to the molecule itself.",120-485-333-802-810
Clinical,,,"['acute myeloid leukemia (AML)', 'chronic myeloid leukemia (CML)', 'acute lymphatic leukemia (ALL)', 'chronic lymphatic leukemia (CLL)', ""Hodgkin's disease"", 'Non-Hodgkin lymphoma', 'multiple myeloma', 'myelodysplastic syndrome (MDS)', 'myeloproliferative diseases']",[],"Claim 1 is a method of treating hematological malignancy, classifying the patent as 'Clinical'. The diseases are explicitly mentioned in the treatment methods.",125-838-931-938-315
Clinical,,,['cancer'],"['human', 'dog', 'cat', 'mouse']","Claim 1 is a method of treating cancer, which classifies the patent as 'Clinical'. The diseases and patient populations are explicitly mentioned in the claims.",129-449-020-048-537
Clinical,,,['ovarian cancer'],['stage III-IV ovarian cancer patients'],"Claim 1 is a method for improving survival in ovarian cancer patients, making it a method-of-treatment claim. The primary inventive concept is clinical in nature, focusing on treatment regimens rather than a composition.",148-236-451-620-590
Composition,Conjugated Antibody,,[],[],"Claim 1 describes a method of treatment but primarily focuses on an anti-angiogenic formulation comprising thyroid hormone analogs and monoclonal antibodies, indicating a composition of a conjugated antibody. The broadest independent claim is directed to the composition rather than a method of treatment.",147-889-245-427-134
Clinical,,,['small cell lung cancer'],[],"Claim 1 is a method for treating small cell lung cancer, which classifies the patent as 'Clinical'. There are no claims directed to a molecule or composition that would change this classification.",153-584-745-775-709
Composition,,,[],[],"Claim 1 describes a hydrogel composition loaded with specific components, classifying it as a 'Composition'. Although there are method-of-treatment claims later, the broadest independent claim focuses on the composition itself.",141-879-907-125-673
Clinical,,,['cancer'],[],"Claim 1 is a method for treating cancer, which classifies the patent as 'Clinical'. The focus is on the treatment method rather than a specific composition or manufacturing process.",145-809-761-898-017
Composition,,,[],[],"Claim 1 describes a compound of a specific formula, which classifies it as a 'Composition'. There are no claims directed to methods of treatment or manufacturing processes in the broadest independent claim.",144-921-272-701-82X
Clinical,,,['cancer'],[],"Claim 1 is a method for preparing activated antigen-presenting cells, which is a method-of-treatment claim. The primary inventive concept revolves around the treatment of cancer using these cells.",164-676-839-437-812
Composition,Full ADC,,[],[],"Claim 116 explicitly claims an antibody-drug conjugate (ADC) comprising a payload, which includes both the antibody and the drug in a defined construct. This makes it a 'Full ADC' under the composition category.",191-847-811-461-573
Clinical,,,"['cancer', 'infectious disease', 'infection']",['human patient'],"Claim 1 is a method of treating cancer, which classifies the patent as 'Clinical'. The diseases mentioned in the claims are explicitly related to the treatment method.",160-305-081-712-930
Clinical,,,"['colorectal cancer', 'metastatic colorectal cancer']",['human patient'],"Claim 1 is a method of treating colorectal cancer, making it primarily a clinical patent. The focus is on the treatment regimen rather than a composition or manufacturing process.",163-866-994-367-755
Clinical,,,['B-cell lymphoma'],['elderly high risk diffuse large B-cell lymphoma'],"Claim 1 is a method for treating a specific type of lymphoma, which classifies the patent as 'Clinical'. The focus is on the treatment method rather than a composition or manufacturing process.",190-963-015-260-860
Composition,Conjugated Antibody,,[],[],"Claim 1 describes a compound that includes a linker and specifies a structure that allows for covalent attachment to a non-antibody payload, indicating it is a conjugated construct. Subsequent claims detail specific antibodies conjugated to dolastatin, reinforcing the classification as a conjugated antibody.",123-305-433-837-883
Composition,Full ADC,,[],[],"Claim 1 explicitly claims a multi-drug antibody drug conjugate (MD-ADC) comprising an antibody and covalently attached linking assembly units with drug units, classifying it as a 'Full ADC'. There are no method-of-treatment claims in the first independent claim.",103-164-946-629-041
Composition,Dual Combination,,[],[],"Claim 1 describes a pharmaceutical combination comprising a compound of Formula (I) and an anti-PD-1 antibody, classifying it as a Composition. The combination of these two components indicates a Dual Combination subtype.",181-036-587-298-457
Composition,Conjugated Antibody,,[],[],"Claim 1 describes a compound that includes a monovalent cellular component binder covalently bound to a monovalent targeted autophagy adapter protein binder, indicating a conjugated construct. The focus is on the composition of the compound rather than a method of treatment.",058-186-782-996-896
Composition,Full ADC,,[],[],"Claim 1 describes a compound of Formula (I), which is a conjugate involving a NAMPT inhibitor linked to a linker, indicating it is a defined construct. The presence of an ADC in Claim 38 further supports the classification as a Full ADC.",148-118-895-014-316
Clinical,,,['tumor'],['exhausted tumor infiltrating lymphocytes (TILs)'],"Claim 1 is a method of treating exhausted tumor infiltrating lymphocytes (TILs), which classifies the patent as 'Clinical'. The focus is on the treatment method rather than a composition or manufacturing process.",079-204-271-877-56X
Composition,,,[],[],"Claim 12 describes a pharmaceutical combination comprising regorafenib and nivolumab, which classifies it as a 'Composition'. The primary inventive concept is the combination of these two compounds rather than a method of treatment.",000-384-818-008-777
Clinical,,,"['carcinomas of the bladder', 'breast', 'cervix', 'colon', 'endometrium', 'kidney', 'lung', 'esophagus', 'ovary', 'prostate', 'pancreas', 'salivary gland', 'thyroid gland', 'skin', 'stomach', 'testes', 'leukemias', 'lymphomas']",[],"Claim 38 is a method of treating cancer, which classifies the patent as 'Clinical'. The diseases are explicitly mentioned in the treatment methods.",023-085-809-635-394
Composition,Conjugated Linker,,[],[],"Claim 73 describes a linker-active agent that is designed for covalent attachment to antibodies, classifying it as a composition. The focus is on the linker structure rather than a specific antibody-drug conjugate, thus it is categorized as a 'Conjugated Linker'.",017-556-651-637-998
Clinical,,,['cancer'],"['subject having, or at risk of developing, a cancer']","Claim 1 is a method of treating cancer using an HDAC inhibitor, which classifies the patent as 'Clinical'. The focus is on the treatment method rather than a specific composition.",022-264-417-994-678
Composition,,,[],[],"Claim 1 describes modified tumor-derived extracellular vesicles (EVs), which classifies the patent as a 'Composition'. There are no claims directed to methods of treatment in the broadest independent claim.",029-959-443-665-179
Clinical,,,['acute myeloid leukemia'],[],"Claim 1 is a method for treating acute myeloid leukemia, which classifies the patent as 'Clinical'. The focus is on the treatment method rather than a composition or manufacturing process.",032-146-418-568-908
Composition,,,[],[],"Claim 1 describes a composition comprising engineered nucleic acids, which classifies it as a 'Composition'. There are no claims that primarily focus on treatment methods or manufacturing processes.",038-904-236-812-912
Clinical,,,"['cancer associated with EBV infection', 'EBV-positive cancer']",['subject infected with EBV'],"Claim 1 is a method of reactivating a latent Epstein-Barr virus in a cell, which classifies the patent as 'Clinical' since it primarily focuses on treatment methods rather than a composition or manufacturing process.",046-430-524-860-95X
Composition,,,[],[],"Claim 1 describes a pharmaceutical formulation comprising a liposome composition and an immune checkpoint inhibitor, which classifies it as a 'Composition'. There are no claims directed to a method of treatment in Claim 1.",048-660-015-971-586
Clinical,,,['metastatic renal cell carcinoma'],"['patients in need thereof', 'refractory to nivolumab']","Claim 1 is a method for treating cancer, specifically metastatic renal cell carcinoma, which classifies the patent as Clinical. The focus is on treatment methods rather than a composition or manufacturing process.",055-461-210-807-708
Composition,Full ADC,,[],[],"Claim 1 describes a linker-drug, which is part of an antibody-drug conjugate (ADC) as defined in Claim 9. The broadest independent claim is directed to a chemical entity, classifying it as a Composition, specifically a Full ADC due to the inclusion of the antibody, linker, and drug unit in the defined construct.",040-100-501-057-312
Clinical,,,['melanoma'],[],"Claim 1 is a method of preventing and/or treating melanoma, which classifies the patent as 'Clinical'. There are no claims directed to a molecule or composition.",049-223-208-695-478
Composition,,,[],[],"Claim 1 claims a PD-L1 expression inhibitor comprising a compound with a PAI-1 inhibitory effect, which classifies it as a composition. The focus is on the compound itself rather than a method of treatment.",050-424-073-662-092
Composition,,,[],[],"Claim 1 discloses a pharmaceutical composition comprising azvudine, which classifies it as a 'Composition'. Although there are method-of-treatment claims later, the broadest independent claim is directed to the composition itself.",047-792-716-328-890
Composition,Conjugated Antibody,,[],[],"Claim 1 describes a composition comprising a CD47-SIRPα blocking agent and anti-cancer agents, which qualifies as a composition. The presence of a blocking agent suggests it may be an antibody or similar construct, and the context implies potential conjugation with anti-cancer agents, thus classifying it as a 'Conjugated Antibody'.",061-376-282-190-023
Clinical,,,['pancreatic cancer'],[],"Claim 1 is a method for assisting a diagnosis of pancreatic cancer, which classifies it as a method-of-treatment claim. The primary inventive concept revolves around the clinical application rather than a composition or manufacturing process.",057-158-495-670-143
Clinical,,,"['VEGF-expressing cancer', 'skin cancer']","['mammal', 'human']","Claim 73 is a method for treating a VEGF-expressing cancer, which qualifies it as a method-of-treatment claim, thus classifying the patent as 'Clinical'.",083-263-028-477-536
Clinical,,,"['cancerous tumor', 'melanoma', 'lymphoma']",['human'],"Claim 1 is a method of treating a cancerous tumor, which classifies the patent as 'Clinical'. The clinical indications include various types of cancer and the patient population is specified as humans.",081-893-718-536-744
Clinical,,,['cancer'],[],"Claim 1 is a method of preventing, suppressing, or treating cancer, which classifies the patent as 'Clinical'. There are no claims directed to a specific molecule or composition.",056-265-845-653-886
Clinical,,,"['cancer', 'tumor']",[],"Claim 52 is a method for treatment, prevention, or prevention of recurrence of cancer or tumor, making it a method-of-treatment claim. Therefore, the primary classification is 'Clinical'.",054-562-311-535-074
Composition,Full ADC,,[],[],"Claim 1 describes a pharmaceutical composition that includes an antibody-drug conjugate (ADC) and a kinase inhibitor, indicating a defined construct. The presence of the ADC, which is a combination of an antibody, linker, and drug, classifies it as a Full ADC.",067-636-137-152-086
Clinical,,,['cancer'],['subject in need thereof'],"Claim 1 is a method of treating cancer, which classifies the patent as 'Clinical'. The focus is on the treatment method rather than a composition or manufacturing process.",064-634-249-958-588
Composition,,,[],[],"Claim 1 describes a recombinant polypeptide comprising a chimera, which classifies it as a composition. Although there are method-of-treatment claims later, the broadest independent claim is directed to the molecule itself.",067-407-339-661-429
Composition,Unconjugated Antibody,,[],[],"Claim 1 is directed to a monoclonal antibody that specifically binds to advillin, classifying it as a 'Composition'. There is no covalent attachment to a payload, thus it is categorized as 'Unconjugated Antibody'.",073-427-726-949-84X
Clinical,,,"['solid tumors', 'cancer', 'colorectal cancer']",['humans'],"Claim 1 is a method of treating solid tumors in humans, which classifies the patent as 'Clinical'. The diseases explicitly mentioned in the treatment method include solid tumors and colorectal cancer.",082-413-361-515-676
Clinical,,,['non-small cell lung cancer'],['human subject'],"Claim 1 is a method of treating non-small cell lung cancer using an anti-cMet ADC, which classifies the patent as 'Clinical'. The focus is on the treatment method rather than the composition of the ADC.",079-167-481-262-117
Clinical,,,['glioblastoma'],[],"Claim 1 is a method of treating glioblastoma, which classifies the patent as 'Clinical'. The focus is on treatment methods rather than the composition of any molecules.",095-855-888-506-872
Clinical,,,['cancer'],"['bone cancer', 'cervical cancer']","Claim 1 is a method of treating cancer, which classifies the patent as 'Clinical'. The specific cancers mentioned in the claim are bone cancer and cervical cancer.",092-735-827-953-032
Clinical,,,"['hematological malignancy', 'B-cell malignancy', 'chronic lymphocytic leukemia (CLL)', 'small lymphocytic lymphoma (SLL)', ""non-Hodgkin's lymphoma"", 'diffuse large B-cell lymphoma (DLBCL)', 'mantle cell lymphoma (MCL)', 'multiple myeloma (MM)', ""Burkitt's lymphoma"", 'acute lymphoblastic leukemia']",[],"Claim 1 is a method for treating a hematological malignancy, classifying the patent as 'Clinical'. The diseases explicitly mentioned in the treatment method are extracted as clinical indications.",088-318-696-277-860
Clinical,,,['cancer'],[],"Claim 1 is a method for treating cancer, which classifies the patent as 'Clinical'. The focus is on treatment methods rather than a specific composition or manufacturing process.",114-923-052-389-724
Clinical,,,"['lymphoid malignancy', 'B-cell malignancy', 'B-cell lymphoma', 'non-Hodgkin B-cell lymphoma']",['human patient in need thereof'],"Claim 1 is a method of treating a lymphoid malignancy, which classifies the patent as 'Clinical'. The focus is on treatment regimens rather than a specific composition.",125-845-558-798-750
Composition,Full ADC,,[],[],"Claim 1 explicitly claims an antibody-drug conjugate, which includes both the antibody and the drug-linker structure, classifying it as a Full ADC. The primary inventive concept is directed to the composition of the ADC rather than a method of treatment.",117-970-902-830-995
Composition,,,[],[],"Claim 1 describes a pharmaceutical composition comprising a purified bacterial mixture, classifying it as a 'Composition'. There are no claims directed to a method of treatment in Claim 1, and thus it does not fall under 'Clinical'.",115-976-046-500-356
Composition,Unconjugated Antibody,,[],[],"Claim 1 describes a cytokine fusion protein, which is a defined construct and falls under the 'Composition' category. It does not involve a covalent attachment to a non-antibody payload, thus it is classified as 'Unconjugated Antibody'.",130-895-351-166-269
Composition,Unconjugated Antibody,,['cancer'],[],"Claim 1 describes a medicament comprising an antibody with immunological reactivity to CAPRIN-1, which classifies it as a composition. The claim does not involve any covalent attachment to a payload, thus it is categorized as an Unconjugated Antibody.",139-351-194-174-178
CMC,,Purification/Downstream,[],[],"Claim 1 is directed to a method for purifying a mixture of cysteine-linked antibody-drug conjugates, focusing on the purification process rather than the composition of the conjugates themselves.",159-722-505-424-10X
Composition,Full ADC,,[],[],"Claim 1 explicitly describes an antibody-drug conjugate (ADC) comprising an antibody covalently attached to a drug moiety via a linker, classifying it as a 'Full ADC'. There are no method-of-treatment claims in the broadest independent claim.",162-674-126-966-261
Composition,,,[],[],"Claim 1 describes a pharmaceutical composition comprising a splicing-controlling compound, which classifies it as a 'Composition'. There are no claims directed to a method of treatment or manufacturing processes in the first independent claim.",179-136-440-900-614
Clinical,,,['newly diagnosed multiple myeloma'],[],"Claim 1 is a method of treating newly diagnosed multiple myeloma, which classifies the patent as 'Clinical'. There are no claims directed to a molecule or composition that would change this classification.",171-319-583-727-821
Clinical,,,['cancer'],['subjects in need thereof'],"Claim 1 is a method of treating cancer, which classifies the patent as 'Clinical'. The focus is on the treatment method rather than a composition or manufacturing process.",175-505-560-946-962
Composition,Conjugated Linker,,[],[],"Claim 32 describes a compound, which includes a linker-payload and is part of an antibody-drug conjugate, classifying it as a composition. The focus is on the structural aspects of the linker and its use in ADCs rather than treatment methods.",170-891-508-578-898
Composition,Full ADC,,[],[],"Claim 1 describes a compound that includes an antibody, a cleavable linker, and a payload, which qualifies it as a Full ADC. The primary focus is on the composition of the ADC rather than treatment methods.",195-007-655-089-493
Composition,Conjugated Linker,,[],[],"Claim 1 describes an isolated carrier, which is a defined construct, thus classifying it as a 'Composition'. The presence of a conjugate in later claims indicates a specific linker for antibody conjugation, making it a 'Conjugated Linker'.",186-505-281-387-474
Clinical,,,"['lung cancer', 'non-small cell lung cancer', 'squamous cell cancer', 'adenocarcinoma', 'endometrial cancer', 'endometrial serous cancer', 'endometroid cancer', 'pancreatic cancer', 'glioblastoma', 'resistant-recurrent breast cancer', 'head and neck cancer', 'multiple myeloma cancer', 'neuroblastoma', 'cholangiocarcinoma', 'colorectal cancer', 'larynx cancer', 'tongue cancer', 'prostate cancer', 'breast cancer', 'ovarian cancer', 'liver cancer', 'esophageal cancer', 'gall bladder cancer', 'bladder cancer', 'gastric cancer']",[],"Claim 24 is a method for treating cancer, making the primary inventive concept clinical in nature. The claim specifies a composition for treatment, but since it is a method of treatment, it is classified as Clinical.",185-764-752-374-531
Clinical,,,['triple negative breast cancer'],['cancer patients'],"Claim 1 is a method for selecting patients for cancer therapy, which qualifies it as a method of treatment. The focus is on patient selection and treatment regimens rather than a specific molecule or composition.",091-486-396-411-192
Clinical,,,[],[],"Claim 1 is a method of treatment involving positioning a nanoplatform and applying a magnetic field to tumor tissue, which classifies the patent as Clinical. No specific diseases or patient populations are explicitly claimed in the treatment methods.",122-375-610-941-831
Clinical,,,['non-small cell lung carcinoma'],[],"Claim 1 is a method of treating non-small cell lung carcinoma (NSCLC) by administering tumor infiltrating lymphocytes (TILs), classifying the patent as 'Clinical'.",186-628-182-324-363
Clinical,,,"['cancer', 'solid cancer', 'blood cancer']",[],"Claim 11 is a method for treating cancer, which makes the primary inventive concept a method of treatment. Therefore, the patent is classified as 'Clinical'.",193-859-613-769-025
Composition,Dual Combination,,[],[],"Claim 1 describes a pharmaceutical combination of immune checkpoint inhibitors and PDE4-selective inhibitors, classifying it as a 'Composition'. The combination of two different types of therapeutic agents fits the 'Dual Combination' subtype.",075-365-221-280-927
Composition,Conjugated Payload,,[],[],"Claim 1 describes a therapeutic composition comprising a carbon-nitride dot nanocarrier with covalently attached doxorubicin and transferrin, classifying it as a 'Composition'. The presence of covalent attachment to a non-antibody payload (doxorubicin) qualifies it as 'Conjugated Payload'.",149-739-704-551-214
Clinical,,,"['cancer', 'disease or disorder associated with fat accumulation', 'heart disease or disorder', 'disease or disorder associated with a blood clot', 'infected tissue']","['mammal', 'human']","Claim 1 is a method for ablating tissue within a mammal, which classifies it as a method-of-treatment claim. The primary inventive concept revolves around clinical applications for various diseases, thus categorizing the patent as 'Clinical'.",054-780-045-051-40X
Clinical,,,"['melanoma', 'breast cancer', 'lung cancer', 'ovarian cancer', 'brain cancer', 'liver cancer', 'cervical cancer', 'colon cancer', 'colorectal cancer', 'renal cancer', 'skin cancer', 'head & neck cancer', 'bone cancer', 'esophageal cancer', 'bladder cancer', 'uterine cancer', 'lymphatic cancer', 'stomach cancer', 'pancreatic cancer', 'testicular cancer', 'lymphoma', 'leukemia']",[],"Claim 1 is a method for enhancing cancer immunotherapy treatment, classifying the patent as 'Clinical'.",112-875-840-479-310
Clinical,,,"['melanoma', 'pancreatic ductal adenocarcinoma', 'colorectal adenocarcinoma']",[],"Claim 1 is a method of treatment, specifically aimed at enhancing anti-cancer therapy by modulating PD-L1 expression, which classifies the patent as 'Clinical'.",024-222-930-655-391
Composition,Conjugated Antibody,,[],[],"Claim 1 describes a molecule for inducing calcification in tumor cells, which qualifies as a composition. The molecule includes targeting and calcification-inducing units, indicating a potential for conjugation, thus classifying it as a 'Conjugated Antibody'.",007-666-320-583-686
Composition,,,[],[],"Claim 30 discloses an anti-cancer composition comprising a 5-HTR2B antagonistic compound and an immunomodulatory compound, classifying it as a 'Composition'. The method-of-treatment claims appear later and do not override the primary composition claim.",012-966-347-804-86X
Clinical,,,['cancer'],[],"The broadest independent claim (Claim 1) is a method of treating cancer, which classifies the patent as 'Clinical'. No specific patient populations are defined in the claims.",012-968-351-100-776
Clinical,,,"['cancer', 'carcinoma', 'squamous cell carcinoma', 'epidermoid carcinoma', 'bladder cancer', 'breast cancer', 'colon cancer', 'gastroenterological cancer', 'kidney cancer', 'lung cancer', 'ovarian cancer', 'pancreatic cancer', 'prostate cancer', 'proximal or distal bile duct cancer', 'melanoma', 'relapsed or refractory cancer', 'metastasized cancer']",['human'],"Claim 59 is a method-of-treatment claim, focusing on administering a Btk inhibitor in combination with an anti-PD-1 antibody for treating cancer, thus classifying the patent as Clinical.",023-421-349-829-664
Composition,Conjugated Antibody,,[],[],"Claim 1 describes a T cell covalently bound to a liposome containing an immunostimulatory cytokine, indicating a defined construct. This qualifies as a composition due to the covalent attachment of the liposome (payload) to the T cell (antibody-like construct).",029-336-457-196-173
Clinical,,,"['melanoma', 'colon cancer']",[],"Claim 1 is a method for enhancing the potency of an immune checkpoint inhibitor, which qualifies it as a method-of-treatment claim. Therefore, the primary patent type is classified as 'Clinical'.",020-210-100-282-043
Clinical,,,['tumor'],[],"Claim 1 is a method of treating a patient having a tumor, which classifies the patent as 'Clinical'. The focus is on the treatment method rather than a composition or manufacturing process.",029-441-198-097-502
Clinical,,,['hepatocellular carcinoma'],['human subject'],"Claim 1 is a method of treating hepatocellular carcinoma, which classifies the patent as 'Clinical'. No composition or CMC claims are present in the broadest independent claim.",024-819-707-583-200
Clinical,,,"['neoplasia', 'anal intraepithelial neoplasia', 'high-grade squamous intraepithelial neoplasia', 'dysplasia', 'anal dysplasia', 'dysplastic lesion', 'high-grade dysplastic lesion', 'condyloma', 'anal cancer', 'anal tumor', 'HPV infection', 'HPV-induced condition']",[],"Claim 1 is a method for treating various conditions, making it a clinical claim. The diseases are explicitly listed in the claim, qualifying them for extraction.",046-749-736-794-768
Composition,Conjugated Antibody,,"['sterilization', 'AMHRII-associated condition']",[],"Claim 1 describes an antibody-conjugated nanoparticle, which qualifies as a composition. The antibody is covalently conjugated to a non-antibody payload (cytotoxin), thus classifying it as a 'Conjugated Antibody'. Although there are method-of-treatment claims, the broadest independent claim is directed to the composition itself.",041-672-936-237-662
Clinical,,,['cancer'],"['patients having cancer cells comprising a hemizygous loss of the TP53 gene', 'patients having cancer cells comprising a hemizygous loss of the POLR2A gene', 'patients having cancer cells exhibiting a decreased level of expression of a POLR2A gene product']","Claim 48 is a method of treating cancer, making it a clinical claim. The focus is on the treatment method rather than a composition or manufacturing process.",052-670-270-126-658
Composition,Conjugated Antibody,,[],[],"Claim 1 describes a vaccine composition that includes a CD64 antibody or antibody fragment, which indicates a covalent attachment to a moDC targeting moiety, classifying it as a 'Conjugated Antibody'. The primary inventive concept is a composition rather than a method of treatment.",058-960-124-205-802
Clinical,,,"['carcinoma', 'melanoma', 'sarcoma', 'myeloma', 'leukemia', 'lymphoma', 'solid tumor', 'head and neck cancer', 'lung cancer', 'bladder cancer', 'kidney cancer', 'prostate cancer', 'CNS cancer', 'breast cancer', 'stomach cancer', 'thyroid cancer', 'ovarian cancer', ""Non-Hodgkin's lymphoma"", 'metastatic cancer']",[],"Claim 1 is a method of treating cancer, which classifies the patent as 'Clinical'. The clinical indications are explicitly mentioned in the claims related to the treatment methods.",067-726-036-400-481
Clinical,,,"['CD30 positive diseases', 'lymphoma', 'T-cell leukemia', 'adult T-cell leukemia']",['human patient'],"Claim 1 is a method of treating diseases characterized by CD30 expression, making it primarily a clinical claim despite the presence of antibody and conjugate components.",070-849-046-926-389
Composition,Conjugated Payload,,[],[],"Claim 1 describes a nanoparticle comprising antibodies and a therapeutic agent (paclitaxel), indicating a composition. The presence of a non-antibody payload (paclitaxel) covalently associated with the antibodies classifies it as a 'Conjugated Payload'.",076-895-852-898-349
Clinical,,,"['solid tumor', 'sarcoma']",[],"Claim 1 is a method for treating a patient having a solid tumor, which classifies the patent as 'Clinical'. The primary inventive concept is a method of treatment rather than a composition.",072-383-740-385-413
Clinical,,,['cancer'],[],"Claim 1 is a method of treating cancer, which classifies the patent as 'Clinical'. There are no claims directed to a specific molecule or composition.",082-132-263-211-109
Composition,,,[],[],"Claim 1 describes a pharmaceutical composition comprising an isolated Gram-negative Christensenella sp. for preventing or treating tumors or inflammatory diseases, classifying it as a 'Composition'. There are no specific claims directed to a method of treatment in Claim 1.",081-198-287-367-453
Composition,Conjugated Payload,,[],[],"Claim 1 describes a conjugate comprising a modified amino acid residue and a drug, indicating a chemical construct. This falls under 'Composition' as it claims a defined therapeutic construct. The focus is on the conjugate itself rather than a method of treatment.",085-133-765-446-147
Clinical,,,"['triple-negative breast cancer (TNBC)', 'head and neck squamous cell carcinoma', 'pancreatic cancer', 'gastrointestinal cancer', 'colorectal cancer', 'squamous cell cancer of the lung', 'squamous cell cancer of the esophagus', 'squamous cell cancer of the cervix', 'melanoma']",[],"Claim 1 is a method of treating cancer, which classifies the patent as 'Clinical'. The diseases are explicitly mentioned in the treatment method.",102-801-131-922-098
Clinical,,,['KRas G12C-associated cancer'],[],"Claim 1 is a method of treating KRas G12C-associated cancer, which classifies the patent as 'Clinical'. There are no claims directed to a specific molecule or composition in the first independent claim.",104-504-900-602-198
Composition,Unconjugated Antibody,,[],[],"Claim 1 describes a modified γδ T cell comprising a chimeric antigen receptor, which is a defined construct. Since it does not involve a covalent attachment to a non-antibody payload, it is classified as 'Unconjugated Antibody'. The primary inventive concept is the composition of the modified T cell rather than a method of treatment.",110-303-461-821-730
Clinical,,,['cancer'],[],"Claim 1 is a method for producing activated helper T cells, which is a method-of-treatment claim. The primary inventive concept is focused on activating helper T cells in subjects with cancer, thus classifying it as Clinical.",112-552-061-200-097
Clinical,,,['cancer'],[],"Claim 1 is a method for treating cancer, which classifies the patent as 'Clinical'. The focus is on the treatment method rather than any specific composition or manufacturing process.",137-808-860-638-857
Composition,Dual Combination,,[],[],"Claim 1 describes a pharmaceutical combination comprising a PD-1 inhibitor and a STING pathway agonist, which classifies it as a composition. The combination of these two components suggests a dual combination of active ingredients rather than a single defined construct or method of treatment.",134-160-151-362-597
Clinical,,,['cancer'],['subject with cancer cells in at least one bone'],"Claim 1 is a method of treating cancer, which classifies the patent as 'Clinical'. The focus is on the treatment method rather than the composition of the nanoparticles.",131-884-603-086-955
Clinical,,,"['colorectal cancer', 'metastatic colorectal cancer']",[],"Claim 1 is a method of treating colorectal cancer and metastatic colorectal cancer, which classifies the patent as 'Clinical'. There are no claims directed to a specific molecule or composition.",125-537-224-007-07X
Clinical,,,"['myelofibrosis', 'cytopenia', 'polycythemia vera', 'steroid-refractory graft-versus-host disease']",[],"Claim 1 is a method of treating myelofibrosis, which classifies the patent as 'Clinical'. The claims focus on treatment methods rather than specific compositions or manufacturing processes.",148-064-851-164-995
Clinical,,,"['pancreatic cancer', 'pancreatic tumor']",['subject in need thereof'],"Claim 1 is a method for treating pancreatic cancer, which classifies the patent as 'Clinical'. The focus is on treatment methods rather than a composition or manufacturing process.",145-021-941-702-479
Clinical,,,"['breast cancer', 'renal carcinoma', 'lung cancer', 'pancreatic cancer', 'colorectal cancer', 'hepatocellular carcinoma (HCC)', 'head and neck cancer', 'lymphoma']",[],"Claim 1 is a method of treating cancer, which classifies the patent as 'Clinical'. The diseases explicitly mentioned in the treatment method are extracted as clinical indications.",156-459-227-556-705
Clinical,,,['cancer'],[],"Claim 1 is a method of treating cancer, which classifies the patent as 'Clinical'. The focus is on the treatment method rather than a composition or manufacturing process.",159-748-523-897-096
Clinical,,,['cancer'],[],"Claim 1 is a method for regulating cell division, which classifies the patent as 'Clinical'. The treatment of cancer is explicitly mentioned in later claims, making it a relevant clinical indication.",162-774-926-287-185
Clinical,,,['cancer'],['individual in need of treatment'],"Claim 1 is a method for treatment of cancer, which classifies it as a Clinical patent type. The focus is on the method of treatment rather than any specific composition.",195-006-759-771-652
Composition,Dual Combination,,"['cancer', 'hematological malignancies']",[],"Claim 1 describes a combination of inecalcitol with an anti-CD38 agent, which qualifies as a composition. The combination of two therapeutic agents indicates a 'Dual Combination' subtype. Although treatment is mentioned, the broadest claim focuses on the composition itself.",173-265-212-877-224
Composition,Full ADC,,[],[],"Claim 1 describes a conjugate comprising an antibody, a linker, and at least one active agent, indicating a defined therapeutic construct. This aligns with the 'Full ADC' subtype as it explicitly claims the combination of all three components.",173-950-785-334-847
CMC,,Conjugation Method,[],[],"Claim 1 describes a method for producing an antibody-drug conjugate, focusing on the conjugation process rather than the composition of the ADC itself. Therefore, it is classified as CMC with a subtype of Conjugation Method.",046-158-558-203-376
Clinical,,,"['hyperproliferative malignancy', 'lymphoma']",[],"Claim 1 is a method of treating hyperproliferative malignancy, which classifies the patent as 'Clinical'. The focus is on treatment methods rather than specific compositions.",196-803-952-488-013
Composition,Full ADC,,[],[],"Claim 1 explicitly claims an antibody-drug conjugate (ADC), which includes an antibody conjugated to a therapeutic moiety, classifying it as a 'Composition'. The claim encompasses the full construct of the ADC, thus it is categorized as 'Full ADC'.",150-476-905-655-531
Clinical,,,"['relapsed or refractory diffuse large B-cell lymphoma', 'primary mediastinal large B-cell lymphoma', 'high grade B-cell lymphoma', 'DLBCL arising from follicular lymphoma']",[],"Claim 1 is a method for treating specific types of lymphoma, making it a method-of-treatment claim. The focus is on the treatment regimen and patient monitoring, which classifies it as 'Clinical'.",072-077-372-821-254
Clinical,,,"['acute lymphocytic leukemia', 'acute myeloid leukemia', 'chronic lymphocytic leukemia', 'chronic myeloid leukemia', ""Hodgkin's lymphoma"", ""non-Hodgkin's lymphoma"", 'T-cell lymphoma', 'B-cell lymphoma', 'asymptomatic myeloma', 'multiple myeloma', 'smoldering multiple myeloma', 'active myeloma', 'light chain myeloma']",[],"Claim 1 is a method of treating specific blood cancers using modified NK cells, classifying the patent as 'Clinical'.",006-822-725-385-800
Composition,,,[],[],"Claim 1 describes a composition for treating cancer using a STing dependent ActiVator (STAV) lipid nanoparticle, which classifies it as a 'Composition'. There are no claims directed primarily to methods of treatment or manufacturing processes.",008-960-471-172-394
Composition,Unconjugated Antibody,,[],[],"Claim 1 describes a device for transporting materials, which includes encapsulated immunotherapeutic agents like antibodies. The primary inventive concept is the composition of the device and its components rather than a method of treatment, thus classifying it as 'Composition'.",018-846-489-215-552
Clinical,,,['cancer'],"['solid tumor', 'pancreatic adenocarcinoma']","Claim 1 is a method of cancer treatment using a pharmaceutical combination, classifying the patent as Clinical despite the presence of composition elements.",017-344-091-171-127
Clinical,,,['cancer'],[],"Claim 1 is a method of sensitizing cancer cells to T cell-mediated killing, which classifies it as a method-of-treatment claim. The primary inventive concept is focused on clinical applications rather than a composition or manufacturing process.",041-811-537-542-149
Composition,Unconjugated Antibody,,"['cancer', 'angiogenesis-related diseases']",[],"Claim 1 describes a peptide that binds specifically to neuropilin-1, classifying it as a composition. The broader inventive concept focuses on the peptide itself rather than treatment methods, despite later claims mentioning therapeutic uses.",035-803-584-780-919
Composition,Conjugated Antibody,,[],[],"Claim 1 describes an antibody targeting compound with a therapeutic targeting agent covalently linked to the antibody, indicating a conjugated structure. The focus is on the composition of the antibody construct rather than treatment methods.",029-743-856-027-690
Composition,Unconjugated Antibody,,['small cell lung cancer'],[],"Claim 1 describes a combined pharmaceutical composition comprising an anti-PD-L1 antibody and anlotinib, which classifies it as a 'Composition'. The anti-PD-L1 antibody is not covalently attached to a payload, thus it is classified as 'Unconjugated Antibody'.",027-483-422-690-742
Clinical,,,"['breast cancer', 'colon cancer']",[],"Claim 1 is a method of treating breast cancer or colon cancer, making it primarily a clinical claim despite the presence of a composition in the treatment method.",054-552-448-061-501
Clinical,,,"['infectious disease', 'cancer', 'autoimmune disorder']",[],"Claim 1 is a method of ameliorating symptoms of diseases, which classifies the patent as 'Clinical'. The diseases explicitly mentioned in the claim are infectious disease, cancer, and autoimmune disorder.",052-369-230-746-155
Clinical,,,['relapsed/refractory multiple myeloma'],[],"Claim 21 is a method of treating relapsed/refractory multiple myeloma, making it a clinical claim. The focus is on the treatment method rather than the composition of the antibody-drug conjugate.",069-427-322-817-440
Clinical,,,['aggressive B-cell lymphoma'],['human'],"Claim 1 is a method for administering therapy for aggressive B-cell lymphoma, making it a method-of-treatment claim. The focus is on the clinical application rather than a composition or manufacturing process.",070-279-133-848-110
Composition,Conjugated Payload,,[],[],"Claim 1 describes a ganetespib-containing particle, which includes an active ingredient and a carrier, classifying it as a composition. The presence of a biologically functional molecule in later claims indicates potential conjugation, thus classifying it as 'Conjugated Payload'. No method-of-treatment claims are prioritized over the composition claim.",074-034-929-899-263
Clinical,,,['HER2-positive cancer'],[],"Claim 1 is a method for treating HER2-positive cancer, which classifies the patent as 'Clinical'. No specific composition or manufacturing methods are claimed in the independent claim.",067-273-550-473-30X
Composition,,,[],[],"Claim 1 claims a compound or its pharmaceutically acceptable salt, which classifies it as a 'Composition'. There are no method-of-treatment claims in the independent claim, and thus it does not fall under 'Clinical'.",091-354-612-482-08X
Clinical,,,['cancer'],[],"Claim 1 is a method of treating cancer, which classifies the patent as 'Clinical'. There are no claims directed to a specific molecule or composition.",100-549-649-740-366
Clinical,,,['cancer'],[],"Claim 1 is a method of treating cancer, which classifies the patent as 'Clinical'. The focus is on the treatment method rather than the composition of the variant CD80-Fc fusion protein.",117-079-948-865-322
Clinical,,,['cancer'],[],"Claim 1 is a method of treating a disease or condition, specifically cancer, which classifies the patent as 'Clinical'. No specific patient populations are claimed.",119-698-159-442-787
Clinical,,,"['brain cancer', 'breast cancer', 'prostate cancer', 'lung cancer', 'colon cancer', 'epithelial cancer', 'head and neck cancer', 'skin cancer', 'cancers of the genito-urinary tract', 'ovarian cancer', 'endometrial cancer', 'cervical cancer', 'kidney cancer', 'gastric cancer', 'cancer of the small intestine', 'liver cancer', 'pancreatic cancer', 'gall bladder cancer', 'cancers of the bile duct', 'esophageal cancer', 'cancer of the salivary glands', 'thyroid cancer', 'hematologic malignancy', 'pineal tumors', 'pituitary tumors', 'PNET', 'schwannoma', 'lymphoma', 'medulloblastoma', 'meningioma', 'metastatic brain cancer', 'neurofibroma', 'neuronal & mixed neuronal-glial tumors', 'oligoastrocytoma', 'oligodendroglioma', 'astrocytoma', 'atypical teratoid rhaboid tumor (ATRT)', 'chondrosarcoma', 'choroid plexus tumors', 'craniopharyngioma', 'ependymoma', 'germ cell tumor', 'neuroblastoma', 'glioblastoma', 'glioma']",[],"Claim 1 is a method of treating a subject suffering from a tumor, which classifies the patent as 'Clinical'. The claim details the administration of a cell composition and a chemotherapeutic agent, thus focusing on treatment methods rather than compositions or manufacturing processes.",104-770-773-140-067
Clinical,,,['triple-negative breast cancer'],['subjects with early triple-negative breast cancer'],"Claim 1 is a method of treating early triple-negative breast cancer, which classifies the patent as 'Clinical'. The focus is on the treatment regimen rather than a composition or manufacturing process.",117-769-004-304-569
Clinical,,,['cancer'],['human'],"Claim 1 is a method of treating cancer, which classifies the patent as 'Clinical'. The primary inventive concept is focused on treatment rather than a composition or manufacturing process.",119-784-670-543-228
Clinical,,,"['melanoma', 'head and neck cancer', 'renal cancer', 'Non-small cell lung cancer (NSCLC)', 'microsatellite-instable carcinoma', 'lynch syndrome', 'urothelial carcinoma', 'merkel cell carcinoma', 'hodgkin lymphoma', 'gastric cancer', 'microsatellite stable gastrointestinal cancer', 'microsatellite instable gastrointestinal cancer', 'hepatocellular carcinoma (HCC)', 'nasopharyngeal carcinoma', 'basal cell carcinoma', 'cervical cancer', 'anogenital cancers', 'Kaposi sarcoma', 'adult T-cell leukemia', 'primary effusion lymphoma', ""Castlemann's disease"", 'breast cancer', 'oesophageal cancer', 'non-hodgkin lymphoma', 'small cell lung cancer (SCLC)', 'sarcoma', 'mesothelioma', 'glioblastoma', 'microsatellite stable cancer', 'pancreas cancer', 'prostate cancer', 'cutaneous T-cell lymphoma (CTCL)', 'squamous cell carcinoma', 'ocular melanoma', 'uveal melanoma', 'skin melanoma', 'gastroesophageal lynch syndrome', 'bladder cancer', 'colorectal cancer (CRC)', 'renal cell carcinoma (RCC)', 'triple-negative breast cancer', 'gastroesophageal microsatellite stable cancer', 'colorectal microsatellite stable cancer']",[],"Claim 1 is a method for the treatment of cancer, classifying the patent as 'Clinical'. The claim specifies the use of an HDAC inhibitor in combination with a CD137 agonist for cancer therapy.",126-916-338-494-941
Clinical,,,['KRAS-mutant cancers'],[],"Claim 1 is a method of treating cancer, specifically targeting KRAS-mutant cancers, which classifies the patent as Clinical. There are no claims directed to a specific molecule or composition as the primary inventive concept.",141-466-851-649-260
Clinical,,,"['brain-metastasized cancer', 'pancreatic cancer', 'lung cancer', 'breast cancer', 'primary melanoma', 'kidney cancer', 'glioblastoma']",[],"Claim 1 is a method of treating various cancers, making it a clinical claim. The focus is on treatment methods rather than specific compositions or manufacturing processes.",162-301-820-029-399
Composition,Unconjugated Antibody,,"[""non-Hodgkin's lymphoma"", 'chronic lymphocytic leukemia', 'acute lymphoblastic leukemia']",[],"Claim 1 describes a combination of an anti-CD19 antibody and a purine analog, classifying it as a composition. The antibody is not covalently attached to a payload, thus it is classified as an Unconjugated Antibody. Although treatment claims exist, they do not override the composition classification.",163-177-715-920-180
Clinical,,,"['glioblastoma', 'breast cancer', 'triple negative breast cancer']",[],"Claim 1 is a method of treating cancer, specifically mentioning glioblastoma, breast cancer, and triple negative breast cancer, which classifies the patent as Clinical.",151-288-157-522-722
Clinical,,,['cancer'],[],"Claim 1 is a method of treating cancer, which classifies the patent as 'Clinical'. No specific patient populations are mentioned in the claims.",152-098-596-617-829
Clinical,,,"['neoplastic condition', 'lung cancer', 'colon cancer', 'ovarian cancer']",[],"Claim 1 is a method of treating or preventing a neoplastic condition, which classifies the patent as 'Clinical'. The diseases explicitly mentioned in the claims are lung cancer, colon cancer, and ovarian cancer.",175-121-289-617-463
Clinical,,,"['age-related macular degeneration', 'geographic atrophy']",[],"Claim 1 is a method for treating age-related macular degeneration, which classifies the patent as 'Clinical'. The primary inventive concept is a method of treatment rather than a composition.",188-074-604-444-463
Composition,Unconjugated Antibody,,[],[],"Claim 46 and 47 describe a Flt3L-Fc fusion protein, which is a defined construct. The primary inventive concept is the composition of the fusion protein itself, rather than methods of treatment or manufacturing processes.",190-773-194-090-002
Clinical,,,['cancer'],['human'],"Claim 1 is a method for immunomodulation involving the administration of NUC-7738, which classifies the patent as Clinical. The primary inventive concept revolves around treatment methods rather than the composition of the compound itself.",186-955-556-517-45X
Clinical,,,['melanoma brain metastasis'],['subjects in need of MAPKi therapy'],"Claim 1 is a method of enhancing efficacy of MAPKi therapy or ICT, which classifies it as a method-of-treatment claim. The primary inventive concept is focused on clinical applications rather than compositions or manufacturing processes.",193-443-950-587-24X
Composition,,,[],[],"Claim 1 is directed to a composition comprising an anisotropic shape memory particle, which classifies it as a 'Composition'. Although there are method-of-treatment claims, the broadest independent claim focuses on the composition itself.",199-309-040-353-373
Clinical,,,['cancer'],[],"Claim 1 is a method for stimulating an immune response in a subject, which qualifies it as a method-of-treatment claim. The primary inventive concept is focused on clinical applications rather than a specific composition or manufacturing process.",017-267-776-083-174
Composition,Dual Combination,,[],[],"Claim 1 describes a pharmaceutical composition comprising an HDAC inhibitor and an anti-PD-1 or anti-PD-L1 antibody, classifying it as a 'Composition'. The combination of the HDAC inhibitor and the antibodies indicates a 'Dual Combination' subtype, as it involves two distinct therapeutic components.",017-563-111-064-100
Composition,,,[],[],"Claim 1 describes an isolated ALK peptide, which is a molecule and thus classified as a 'Composition'. There are no manufacturing or treatment methods claimed in the first independent claim.",192-842-344-370-421
Composition,Conjugated Antibody,,['lymphoma'],[],"Claim 1 describes a lymphoma cell-specific drug delivery system that includes a nanoparticle with covalently conjugated antibodies, classifying it as a 'Composition'. The antibodies are chemically attached to the nanoparticle, which fits the 'Conjugated Antibody' subtype.",131-784-464-800-582
Clinical,,,"['autoimmune disorder', 'cancer', 'atherosclerosis']",['cancer cell'],"Claim 1 is a method of treating a disease or disorder, which classifies the patent as 'Clinical'. The diseases explicitly mentioned in the treatment method are autoimmune disorders, cancer, and atherosclerosis, with a specific population of cancer cells identified.",002-458-792-079-527
Composition,,,[],[],"Claim 1 describes a pharmaceutical composition comprising RNA encoding peptides, which classifies it as a 'Composition'. There are no method-of-treatment claims in Claim 1, and thus it does not fall under 'Clinical'.",022-442-421-311-402
Clinical,,,"['cancer', 'hepatocellular carcinoma', 'breast cancer']",[],"Claim 1 is directed to a pharmaceutical combination for treating cancer, making it a method-of-treatment claim. The primary inventive concept is clinical in nature, focusing on the use of the combination in treating specific cancers.",017-085-231-777-857
Composition,,,[],[],"Claim 42 describes a pharmaceutical composition comprising a SK2 inhibitor and an inhibitor of a checkpoint pathway, classifying it as a 'Composition'. The method-of-treatment claims appear later and do not override the primary classification.",019-030-068-626-470
Clinical,,,['cancer'],['subject'],"Claim 1 is a method of treating cancer, which classifies the patent as 'Clinical'. The focus is on the treatment method rather than a composition or manufacturing process.",022-370-561-746-563
Composition,,,[],[],"Claim 1 describes a suspension of particles containing a bioactive agent and conjugates of hyaluronic acid and a flavonoid, classifying it as a composition. Although treatment methods are mentioned later, the broadest independent claim focuses on the composition itself.",029-583-502-628-042
Clinical,,,"['non-small cell lung cancer (NSCLC)', 'head and neck squamous cell carcinoma (HNSCC)', 'malignant glioma', 'breast cancer', 'esophageal cancer', 'gastric cancer', 'renal cancer', 'cervical cancer', 'prostate cancer', 'ovarian cancer', 'pancreatic cancer', 'hepatocellular cancer', 'colorectal cancer (CRC)']","['TKI naive cancer patients', 'patients with a tumor expressing the wild-type EGFR', 'patients with a tumor expressing mutated forms of the EGFR', 'patients previously treated with an EGFR inhibitor', 'patients with acquired resistance to treatment with TKIs', 'patients with primary or acquired resistance caused by T790M', 'patients with primary or acquired resistance not caused by T790M']","Claim 1 is a method of treating cancer, which classifies the patent as 'Clinical'. The diseases and patient populations are explicitly mentioned in the treatment method.",036-733-997-577-164
Clinical,,,"['prevention of posterior capsular opacification', 'depletion of pancreatic tumor cells']",[],"Claim 1 is a method of delivering an active agent to a cell, which classifies it as a Clinical patent type. The claims detail specific treatment methods for diseases, thus indicating clinical applications.",036-320-244-745-383
Composition,,,"['esophageal squamous cell carcinoma', 'melanoma']",[],"Claim 1 focuses on the use of a specific compound in drug preparation for treating cancer, classifying it as a 'Composition'. The claims detail the compound's application in treating specific cancers, but the primary inventive concept is the compound itself.",077-081-677-130-562
Composition,,,['colorectal cancer'],[],"Claim 1 describes a pharmaceutical kit comprising a specific compound and an anti-PD-1 or anti-PD-L1 antibody, classifying it as a 'Composition'. Although treatment methods are mentioned later, the broadest independent claim focuses on the composition of the kit.",047-227-275-206-027
Clinical,,,"['lung cancer', 'Stage IV non-squamous non-small cell lung cancer']",['individual'],"Claim 1 is a method of treating lung cancer, which classifies the patent as 'Clinical'. The claims focus on treatment methods rather than specific compositions or manufacturing processes.",044-151-491-928-027
Clinical,,,['cancer'],[],"Claim 18 is a method for treating cancer, which makes the primary inventive concept a method of treatment. Therefore, the patent is classified as 'Clinical'.",054-950-889-053-05X
Composition,Conjugated Antibody,,[],[],"Claim 1 describes a kit comprising a PD-1/PD-L1 axis inhibitor, a TLR agonist covalently attached to a polymer, and an IL-2Rβ-activating agent, indicating a defined therapeutic construct. The presence of covalent attachment to a non-antibody payload classifies it as a 'Conjugated Antibody'.",056-902-907-295-113
Clinical,,,"['cancer', 'melanoma', 'lung cancer', 'renal cancer', 'lymphoma', 'head and neck cancer', 'urothelial cancer', 'prostate cancer', 'bladder cancer', 'breast cancer', 'gastric cancer', 'colorectal cancer', 'leukemia', 'cervical cancer', 'microsatellite instability-high cancer', 'hepatocellular carcinoma', 'Merkel cell carcinoma']","['patients having cancer', 'PD-1 positive cancer', 'PD-L1 positive cancer', 'CTLA-4 positive cancer', 'metastatic solid tumor']","Claim 1 is a method of treating cancer, which classifies the patent as 'Clinical'. The claims detail various cancer types and patient populations involved in the treatment method.",062-261-753-112-379
Clinical,,,"['glioblastoma', 'astrocytoma', 'meningioma', 'craniopharyngioma', 'medulloblastoma', 'head and neck cancer', 'leukemia', 'AML', 'CLL', 'ALL', 'myelodysplastic syndromes', 'skin cancer', 'adrenal cancer', 'anal cancer', 'bile duct cancer', 'bladder cancer', 'bone cancer', 'breast cancer', 'cervical cancer', 'colorectal cancer', 'endometrial cancer', 'esophagus cancer', 'eye cancer', 'gallbladder cancer', 'gastric cancer', 'gastrointestinal cancer', 'Hodgkin lymphoma', 'Non-Hodgkin lymphoma', 'hematological tumor', 'Kaposi sarcoma', 'kidney cancer', 'laryngeal and hypopharyngeal cancer', 'liver cancer', 'lung cancer', 'non-small cell lung cancer', 'small cell lung cancer', 'lymphoma', 'mesothelioma', 'melanoma', 'multiple myeloma', 'neuroblastoma', 'nasopharyngeal cancer', 'ovarian cancer', 'osteosarcoma', 'sarcomas', 'gastrointestinal stromal tumor', 'pancreatic cancer', 'pituitary cancer', 'retinoblastoma', 'salivary gland cancer', 'stomach cancer', 'small intestine cancer', 'testicular cancer', 'thymus cancer', 'thyroid cancer', 'uterine cancer', 'uterine sarcoma', 'uterine serous carcinoma', 'vaginal cancer', 'vulvar cancer', 'Waldenstrom macroglobulinemia', 'Wilms tumor', 'solid tumor', 'liquid tumor']",[],"Claim 1 is a method-of-treatment claim using a combination of compounds, thus classifying the patent as 'Clinical'.",086-012-270-896-651
Clinical,,,"['breast cancer', 'bladder cancer', 'head and neck cancer', 'non-small cell lung cancer', 'small cell lung cancer', 'colorectal cancer', 'gastrointestinal stromal tumor', 'gastroesophageal carcinoma', 'renal cell cancer', 'prostate cancer', 'liver cancer', 'colon cancer', 'pancreatic cancer', 'ovarian cancer', 'melanoma', ""non-Hodgkin's lymphoma"", 'cutaneous T-cell lymphoma', 'multiple myeloma', 'acute myeloid leukemia (AML)', 'myelodysplastic syndrome (MDS)', 'chronic myeloid leukemia (CML)', 'chronic lymphocytic leukaemia (CLL)', 'chronic myelomonocytic leukemia (CMML)', 'diffuse large B-cell lymphoma (DLBCL)']",[],"Claim 1 is a method of treating cancer, which classifies the patent as 'Clinical'. The diseases listed in the claims are explicitly mentioned as part of the treatment method.",100-064-100-678-424
Clinical,,,['cancer'],['patients having a GD2 negative cancer'],"Claim 1 is a method for detecting cancer stem cells, which classifies the patent as 'Clinical' since it primarily involves a method of treatment. The focus is on the detection and treatment of cancer in patients.",125-411-576-839-984
Clinical,,,['pancreatic cancer'],['subjects having pancreatic cancer that does not respond to an immune checkpoint inhibitor'],"Claim 1 is a method of treating pancreatic cancer, which classifies the patent as 'Clinical'. The focus is on the treatment method rather than a composition or manufacturing process.",104-182-748-553-723
Composition,,,[],[],"Claim 1 is directed to a specific strain of Bifidobacterium bifidum, classifying it as a composition. Although there are method-of-treatment claims later, the broadest independent claim focuses on the biological entity itself.",151-749-016-828-698
Clinical,,,['triple-negative breast cancer'],[],"Claim 1 is a method for treating breast cancer, specifically targeting triple-negative breast cancer cells, which classifies the patent as 'Clinical'.",132-141-025-150-087
Composition,Unconjugated Antibody,,[],[],"Claim 1 describes an extracellular vesicle comprising a binding agent, which classifies it as a composition. The binding agent can be an antibody, but there is no indication of covalent attachment to a payload, thus it is classified as an unconjugated antibody.",162-082-978-372-042
Composition,,,[],[],"Claim 1 describes a combination therapy comprising Compound 1 and a PD-L1 binding antagonist, classifying it as a 'Composition'. The focus is on the combination of these entities rather than a method of treatment.",165-711-279-443-874
Clinical,,,['cancer'],['subject'],"Claim 1 is a method of treating cancer, which classifies the patent as 'Clinical'. The focus is on the treatment method rather than a composition or manufacturing process.",150-196-944-197-274
Composition,,,[],[],"Claim 1 is directed to a compound of Formula (I), which classifies it as a 'Composition'. There are no claims that primarily focus on treatment methods or manufacturing processes in the broadest independent claim.",173-620-380-423-911
Composition,Unconjugated Antibody,,['cancer'],['refractory or relapsed patients'],"Claim 1 describes a therapeutic agent directed against CD19, which is an antibody. Since it does not involve a covalent attachment to a payload, it is classified as an Unconjugated Antibody under the Composition category.",103-090-408-931-797
Composition,Unconjugated Antibody,,[],[],"Claim 1 describes a medicament comprising an antibody and antitumor agents, focusing on the composition of the antibody rather than a method of treatment. The antibody is not covalently attached to any payload, classifying it as an Unconjugated Antibody.",188-517-133-909-227
Clinical,,,"['esophageal cancer', 'non-small cell lung cancer', 'urothelial cancer']",['cancer patients with resistance to immune checkpoint inhibitors'],"Claim 11 is a method for treating tumors, specifically targeting cancer patients with resistance to immune checkpoint inhibitors, making it a clinical claim.",193-096-643-712-182
Clinical,,,['Hodgkin lymphoma'],[],"Claim 1 is a method for treating Hodgkin lymphoma, which classifies the patent as 'Clinical'. There are no claims directed to a specific molecule or composition in the independent claim.",195-914-076-592-499
Clinical,,,['squamous cell carcinoma'],['subjects with H-Ras overexpressing SCC'],"Claim 1 is a method of treating squamous cell carcinoma, which classifies the patent as 'Clinical'. The focus is on treatment methods rather than a composition or manufacturing process.",085-018-100-221-994
Composition,,,[],[],"Claim 1 describes a composition comprising lipid-based nanoparticles with a therapeutic agent, classifying it as a 'Composition'. The focus is on the composition itself rather than treatment methods.",178-519-180-498-279
Composition,Conjugated Antibody,,[],[],"Claim 1 describes a compound that includes a phthalocyanine dye capable of binding to an antibody or peptide, indicating a conjugated construct. The presence of a conjugate formed by binding an antibody to the compound further supports the classification as a 'Conjugated Antibody'.",080-329-716-643-753
Clinical,,,"['tumor', 'solid tumor', 'metastatic Squamous Cell Carcinoma (SCC)']",[],"Claim 1 is a method of treating a patient having a tumor, which classifies the patent as 'Clinical'. The specific diseases mentioned in the claim include solid tumors and metastatic SCC.",005-344-981-223-552
Clinical,,,['checkpoint inhibitor sensitive cancer'],['patient hosting a tumor load'],"Claim 1 is a method for treating cancer, which classifies it as a Clinical patent type. The focus is on the treatment method rather than a composition or manufacturing process.",026-468-352-598-075
Composition,,,[],[],"Claim 1 describes a pharmaceutical composition comprising a KRAS inhibitor and an additional anti-cancer therapeutic agent, classifying it as a 'Composition'. There are no claims directed to methods of treatment in the first independent claim.",025-353-149-768-95X
Composition,Conjugated Antibody,,[],[],"Claim 1 describes a chelate formed from a ligand and metal cation, classifying it as a composition. The subsequent claims indicate the potential for biological applications, including the use of a monoclonal antibody, suggesting a conjugated construct.",030-562-742-080-242
Composition,,,[],[],"Claim 1 is directed to a composition comprising an HDAC inhibitor and a checkpoint inhibitor, classifying it as a 'Composition'. Although there are method-of-treatment claims, the broadest independent claim focuses on the composition itself.",024-357-858-166-945
Composition,,,[],[],"Claim 1 describes a pharmaceutical composition comprising a Lactobacillus plantarum strain and an anticancer agent, classifying it as a 'Composition'. There are no claims directed to a method of treatment in Claim 1.",040-890-380-307-731
Composition,,,[],[],"Claim 1 is directed to a compound, classifying the patent as 'Composition'. There are no specific structural definitions for an ADC or related constructs, hence the composition subtype is null.",046-229-186-493-557
Clinical,,,['cancer'],[],"Claim 1 is a method of using a TLR9 agonist for treating cancer, which classifies the patent as 'Clinical'. The focus is on treatment protocols rather than a specific composition or manufacturing process.",033-174-921-412-470
Composition,Full ADC,,[],[],"Claim 1 describes a polypeptide, which is a molecule, thus classifying the patent as 'Composition'. The subsequent claims detail liposomal compositions and their components, indicating a full ADC structure with the inclusion of anti-cancer agents.",047-997-633-845-007
Clinical,,,['cancer'],['subject having a tumor'],"Claim 1 is a method of treating cancer, which classifies the patent as 'Clinical'. The focus is on the treatment method rather than a specific composition or manufacturing process.",053-809-210-173-540
Clinical,,,['cancer'],['subjects with HER2 mutant cancers'],"Claim 1 is a method for treating cancer, which classifies the patent as 'Clinical'. The primary inventive concept is the treatment method rather than a composition or manufacturing process.",052-079-779-314-063
Composition,Full ADC,,[],[],"Claim 1 explicitly claims an antibody-drug-conjugate (ADC) comprising an antibody, linker, and drug moiety, which qualifies it as a Full ADC. The primary inventive concept is directed to the composition of the ADC rather than methods of treatment.",074-962-069-090-625
Composition,,,[],[],"Claim 1 describes an aqueous composition comprising particles with specific characteristics, focusing on the composition itself rather than a method of treatment. Therefore, it is classified as 'Composition'.",074-367-608-300-833
Clinical,,,"['cancer', 'autoimmune disease']",[],"Claim 57 is a method of treating an individual having a disease, which classifies the patent as 'Clinical'. The diseases explicitly mentioned in the treatment method include cancer and autoimmune diseases.",073-391-408-806-50X
Clinical,,,"[""non-Hodgkin's lymphoma"", 'non-small cell lung cancer', 'melanoma', 'renal cell cancer', 'head and neck cancer', 'colon cancer', 'mesothelioma']",[],"Claim 1 is a method for treating various cancers, making it a method-of-treatment claim. Therefore, it is classified as 'Clinical'.",091-008-942-368-659
Clinical,,,['glioblastoma'],[],"Claim 1 is a method of treating glioblastoma, which classifies the patent as 'Clinical'. There are no claims directed to a specific molecule or composition, thus no composition subtype is applicable.",082-192-109-886-874
Composition,,,[],[],"Claim 1 describes a composition comprising a biologically pure isolate of Salmonella and various agents, which classifies it as a 'Composition'. The method-of-treatment claims do not override this classification.",116-091-609-511-306
Clinical,,,"['colorectal cancer', 'lung cancer', 'breast cancer', 'pancreatic cancer', 'gastric cancer']",[],"Claim 1 is a method for treating cancer, which classifies the patent as 'Clinical'. The diseases explicitly mentioned in the treatment methods are extracted as clinical indications.",102-640-858-775-856
Clinical,,,"['cancer', 'melanoma']",[],"Claim 1 is a method of modulating HLA-DRB1 expression, which is a method-of-treatment claim. The primary inventive concept is focused on treatment methods rather than a composition or manufacturing process.",097-341-953-922-827
Clinical,,,"['NASH', 'NASH-induced HCC']",[],"Claim 1 is a method to treat NASH, which classifies the patent as 'Clinical'. The primary inventive concept is the method of treatment rather than a composition or manufacturing process.",093-931-017-225-396
Composition,Full ADC,,[],[],"Claim 1 describes a pharmaceutical product comprising an anti-HER2 antibody-drug conjugate, which includes a drug-linker conjugated to an antibody, classifying it as a 'Composition'. The claim explicitly defines the ADC structure, indicating it is a Full ADC.",116-783-478-574-039
Composition,,,[],[],"Claim 1 describes an agent comprising a TLR7 agonist, which classifies it as a composition. Although treatment claims are present, they do not override the classification since the broadest independent claim is directed to the composition itself.",118-341-851-779-636
Clinical,,,['cancer'],['individuals with cancer-associated fibroblasts (CAFs) that secrete TSG-6'],"Claim 1 is a method of detecting TSG-6 secretion, which is a method-of-treatment claim. The primary inventive concept revolves around treatment methods involving cancer patients, thus classifying it as Clinical.",113-564-199-653-907
Clinical,,,['folate receptor alpha (FRA)-expressing cancer'],[],"Claim 1 is a method of treating a specific type of cancer, which classifies the patent as 'Clinical'. The focus is on the treatment method rather than the composition of the antibody-drug conjugate.",142-687-113-023-763
Clinical,,,['multiple myeloma'],['subjects having a relapsed or refractory multiple myeloma'],"Claim 1 is a method of treating multiple myeloma, which classifies the patent as 'Clinical'. The focus is on the treatment method rather than a composition or manufacturing process.",140-534-501-783-158
Clinical,,,"['glioblastoma', 'renal clear cells carcinoma', 'bladder cancer', 'prostate cancer']",[],"Claim 1 is a method of treating tumors, which classifies the patent as 'Clinical'. The diseases explicitly mentioned in the treatment methods are extracted as clinical indications.",137-950-828-671-734
Clinical,,,"['lung cancer', 'bone cancer', 'CMML', 'pancreatic cancer', 'skin cancer', 'cancer of the head and neck', 'cutaneous or intraocular melanoma', 'uterine cancer', 'cancer of the central nervous system (CNS)', 'ovarian cancer', 'rectal cancer', 'cancer of the anal region', 'stomach cancer', 'colon cancer', 'breast cancer', 'melanoma', 'colorectal cancer', 'testicular', 'gynecologic tumors', ""Hodgkin's disease"", 'cancer of the esophagus', 'cancer of the small intestine', 'cancer of the endocrine system', 'sarcomas of soft tissues', 'cancer of the urethra', 'cancer of the penis', 'prostate cancer', 'chronic or acute leukemia', 'solid tumors of childhood', 'lymphocytic lymphomas', 'cancer of the bladder', 'cancer of the kidney or ureter', 'adrenocortical carcinoma', 'AIDS-related cancers', 'Childhood Cerebellar Astrocytoma', 'Childhood Cerebral Astrocytoma', 'Basal Cell Carcinoma', 'extrahepatic bile duct cancer', 'osteosarcoma/malignant fibrous histiocytoma bone cancer', 'brain tumors', 'bronchial adenomas/carcinoids', 'carcinoid tumor', 'gastrointestinal carcinoid tumor', 'primary central nervous system', 'cerebellar astrocytoma', 'cerebral astrocytoma/malignant glioma', 'cervical cancer', 'childhood cancers', 'Chronic Lymphocytic Leukemia', 'Chronic Myelogenous Leukemia', 'Chronic Myeloproliferative Disorders', 'ependymoma', 'Family of Tumors', 'extracranial germ cell tumor', 'extragonadal germ cell tumor', 'extrahepatic bile duct cancer', 'intraocular melanoma eye cancer', 'retinoblastoma eye cancer', 'gallbladder cancer', 'gastrointestinal carcinoid tumor', 'germ cell tumors', 'gestational trophoblastic tumor', 'glioma', 'hairy cell leukemia', 'hepatocellular cancer', 'hypopharyngeal cancer', 'hypothalamic and visual pathway glioma', 'islet cell carcinoma', ""Kaposi's Sarcoma"", 'laryngeal cancer', 'leukemia', 'lip and oral cavity cancer', 'non-small cell lung cancer', 'small cell lung cancer', 'lymphoma', ""Waldenstrom's Macro lobulinemia malignant fibrous histiocytoma of bone/osteosarcoma"", 'medulloblastoma', 'merkel cell carcinoma', 'mesothelioma', 'metastatic squamous neck cancer with occult primary', 'multiple endocrine neoplasia syndrome', 'multiple myeloma/plasma cell neoplasm', 'mycosis fungoides', 'myelodysplastic syndromes', 'myelodysplastic/myeloproliferative diseases', 'myelogenous leukemia', 'nasal cavity and paranasal sinus cancer', 'nasopharyngeal cancer', 'neuroblastoma', 'oral cancer', 'oropharyngeal cancer', 'ovarian epithelial cancer', 'ovarian germ cell tumor', 'ovarian low malignant potential tumor', 'pancreatic cancer', 'islet cell pancreatic cancer', 'parathyroid cancer', 'pheochromocytoma', 'pineoblastoma', 'pituitary tumor', 'pleuropulmonary blastoma', 'ureter transitional cell cancer', 'retinoblastoma', 'rhabdomyosarcoma', 'salivary gland cancer', 'Sezary Syndrome', 'non-melanoma skin cancer', 'Merkel Cell Skin Carcinoma', 'squamous cell carcinoma', 'testicular cancer', 'thymoma', 'gestational trophoblastic tumor', ""Wilms' Tumor""]",[],"Claim 1 is a method of treating cancers, thus classified as 'Clinical'. The specific cancers treated are listed in the claim.",153-474-248-775-102
Clinical,,,"['melanoma', 'lung cancer', 'renal cancer', 'lymphoma', 'head and neck cancer', 'urothelial cancer', 'prostate cancer', 'bladder cancer', 'breast cancer', 'gastric cancer', 'colorectal cancer', 'leukemia', 'cervical cancer', 'microsatellite instability-high cancer', 'hepatocellular carcinoma', 'Merkel cell carcinoma', 'metastatic solid tumor']",[],"Claim 1 is a method of treating cancer, which classifies the patent as 'Clinical'. The diseases explicitly mentioned in the treatment method are extracted as clinical indications.",181-818-594-962-244
Clinical,,,['abnormal cell proliferation'],[],"Claim 1 is a method of treating or preventing abnormal cell proliferation, which classifies the patent as 'Clinical'. There are no claims directed to a molecule or composition.",183-797-164-051-080
Clinical,,,"['PIK3CA-mutated cancer', 'head and neck squamous cell carcinoma', 'brain cancer', 'glioma', 'glioblastoma multiforme', 'neuroblastoma', 'central nervous system cancer', 'neuroendocrine tumor', 'throat cancer', 'nasopharyngeal cancer', 'esophageal cancer', 'thyroid cancer', 'malignant pleural mesothelioma', 'lung cancer', 'breast cancer', 'liver cancer', 'hepatoma', 'hepatobiliary cancer', 'pancreatic cancer', 'gastric cancer', 'gastrointestinal cancer', 'bowel cancer', 'colon cancer', 'colorectal cancer', 'kidney cancer', 'clear cell renal cell carcinoma', 'ovarian cancer', 'endometrial cancer', 'cervical cancer', 'bladder cancer', 'prostate cancer', 'testicular cancer', 'skin cancer', 'melanoma', 'leukemia', 'lymphoma', 'bone cancer', 'chondrosarcoma', 'myeloma', 'multiple myeloma', 'myelodysplastic syndrome', 'myeloproliferative neoplasm', 'squamous cell carcinoma', ""Ewing's sarcoma"", 'systemic light chain amyloidosis', 'Merkel cell carcinoma']",[],"Claim 1 is a method for treating cancer, classifying the patent as 'Clinical'. The diseases listed in the claims are explicitly mentioned as part of the treatment method.",095-188-734-595-482
Composition,,,[],[],"Claim 1 describes a YTHDF1 attenuating agent, which is a compound and thus falls under the 'Composition' category. The claim does not focus on a method of treatment, manufacturing, or process, but rather on the composition of the agent itself.",173-139-912-843-570
Clinical,,,"['CD47+ disease cells', 'cancer cells']",[],"Claim 1 is a method for treating a subject with CD47+ disease cells, which classifies the patent as 'Clinical'. The focus is on the treatment method rather than a composition or manufacturing process.",105-189-474-248-833
Clinical,,,"['melanoma', 'bladder cancer', 'breast cancer', 'ovarian cancer']",['human subject'],"Claim 1 is a method of treating various cancers, making it primarily a clinical claim. The focus is on treatment methods rather than a specific composition or manufacturing process.",166-997-653-820-864
Clinical,,,"['blood cancer', 'pre-cancerous blood condition']",['human subject'],"Claim 1 is a method of treating blood cancer or pre-cancerous blood conditions, classifying the patent as 'Clinical'.",019-850-070-994-348
Composition,Full ADC,,[],[],"Claim 1 describes an anthracycline-linker reagent, which is part of a therapeutic ADC construct. The broadest independent claim focuses on the composition of the ADC rather than a method of treatment, thus classifying it as 'Composition' with subtype 'Full ADC' due to the inclusion of both the linker and the drug moiety.",009-819-624-454-493
Clinical,,,"['lung cancer', 'esophageal cancer', 'stomach cancer', 'colorectal cancer', 'uterine cancer', 'ovarian cancer', 'pancreatic cancer', 'bladder cancer', 'thyroid gland cancer', 'skin cancer', 'head and neck cancer', 'leukemia', 'malignant lymphoma', 'multiple myeloma']",[],"Claim 19 is a method of treating cancer, which classifies the patent as 'Clinical'. The specific types of cancer are explicitly mentioned in the claims.",010-455-884-868-853
Clinical,,,['bone metastatic cancer'],[],"Claim 1 is a method of providing anti-cancer immunity in subjects with bone metastatic cancer, classifying it as a method-of-treatment claim.",015-259-381-838-533
Clinical,,,['cancer'],"['subjects identified as having cancer cells with a genetic abnormality in one or more genes', 'subjects identified as having at least an intermediate tumor mutational burden (TMB)']","Claim 1 is a method of treating cancer, which classifies the patent as 'Clinical'. The focus is on the treatment method rather than a composition or manufacturing process.",024-920-712-796-856
Composition,Conjugated Antibody,,['cancer'],[],"Claim 1 describes a composition comprising a polypeptide that selectively binds to PD-1 and a modified IL-2 polypeptide linked together, indicating a conjugated construct. The presence of treatment methods in later claims does not override the primary composition claim.",054-291-122-663-112
Clinical,,,"['gastric carcinoma', 'esophagogastric junction cancer']",[],"Claim 44 is a method for treating gastric carcinoma and/or esophagogastric junction cancer, making it a clinical claim. The focus is on the treatment method rather than a composition or manufacturing process.",044-278-904-847-013
Clinical,,,"['cancer', 'precancerous disorder', 'hematological cancer', 'solid cancer']","['mammalian subject', 'human']","Claim 1 is a method for treating cancer or precancerous disorders, which classifies the patent as 'Clinical'. The focus is on the treatment method rather than the composition of the radiolabeled agent.",047-912-336-803-470
Clinical,,,"['solid tumors', 'colorectal cancer', 'stomach cancer', 'breast cancer', 'bowel cancer', 'gallbladder cancer', 'lung cancer', 'head and neck cancer', 'liver cancer', 'osteosarcoma', 'pancreatic cancer']",['humans'],"Claim 1 is a method of treating a human diagnosed with a solid tumor, which qualifies it as a clinical patent. The diseases are explicitly mentioned in the treatment method.",061-623-908-443-156
Composition,Unconjugated Antibody,,['multiple myeloma'],[],"Claim 1 is directed to a pharmaceutical composition comprising HuLuc63, which is an antibody. Since it does not involve any covalent attachment to a payload, it is classified as an 'Unconjugated Antibody'. The primary inventive concept is a composition rather than a method of treatment.",057-248-543-983-398
Clinical,,,['hematologic cancer'],[],"Claim 1 is a method of treating hematologic cancer, which classifies the patent as 'Clinical'. Although there are composition claims later, the broadest independent claim is focused on treatment methods.",084-559-721-347-843
Composition,Unconjugated Antibody,,[],[],"Claim 1 describes a degron tag, which is a defined construct, thus classifying it as a 'Composition'. There are no claims of covalent attachment to a payload or antibody, so it is classified as 'Unconjugated Antibody'.",107-236-171-765-544
Clinical,,,"['tumor multi-drug resistance', 'melanoma', 'lung cancer']",[],"Claim 1 is a method for treating multidrug resistance to a tumor, which classifies the patent as 'Clinical'. The diseases explicitly mentioned in the treatment method are melanoma and lung cancer.",106-045-504-690-15X
Clinical,,,['cancer'],[],"Claim 1 is a method of treating cancer, which classifies the patent as 'Clinical'. The focus is on the treatment method rather than a composition or manufacturing process.",117-892-790-220-875
Composition,,,[],[],"Claim 1 describes a personalized cancer vaccine comprising attenuated cancer cells expressing an antigenic polypeptide, which classifies it as a 'Composition'. Although there are method-of-treatment claims later, the broadest independent claim is directed to the vaccine itself.",116-693-353-657-202
Clinical,,,"['autoimmune disease', 'cancer', 'residual HIV disease', 'graft versus host disease', 'allergic disorder']",[],"Claim 1 is a method of treating lymphocyte mediated diseases, which classifies the patent as 'Clinical'. The diseases listed in the claim are explicitly mentioned as part of the treatment method.",116-980-796-750-280
Clinical,,,['cancer'],['subjects refractory to prior CAR T or CAR NK immunotherapy'],"Claim 1 is a method for reducing target cells in a subject, which qualifies it as a method-of-treatment claim. The primary inventive concept revolves around a treatment regimen for cancer, thus classifying it as Clinical.",134-002-185-348-511
Composition,,,[],[],"Claim 1 describes an adjuvant composition comprising a galactose polymer, classifying it as a 'Composition'. There are no claims directed to methods of treatment or manufacturing processes.",137-233-228-044-399
Composition,,,[],[],"Claim 1 is directed to an immunogenic composition comprising specific cancer antigens, classifying it as a 'Composition'. Although there are method-of-treatment claims later, the broadest independent claim focuses on the composition itself.",129-183-254-246-813
Clinical,,,['cancer'],['subjects with solid tumors'],"Claim 1 is a method of treating cancer, which classifies the patent as 'Clinical'. The focus is on the treatment method rather than a composition or manufacturing process.",137-864-758-872-512
Clinical,,,"['cancer', 'melanoma']",[],"Claim 1 is a method for treating cancer, specifically melanoma, which classifies the patent as 'Clinical'. There are no claims directed to a molecule or composition.",158-911-145-476-497
Clinical,,,"['hyperplasia', 'cancer']",[],"Claim 1 is a method of treating a disease or condition associated with cell proliferation, which classifies the patent as 'Clinical'. The diseases explicitly mentioned in the treatment method are hyperplasia and cancer.",152-458-399-270-834
Clinical,,,"['cancer', 'colorectal cancer', 'pancreatic cancer', 'lung cancer']",[],"Claim 37 is a method for treating cancer, which classifies the patent as 'Clinical'. The claim specifies the use of an EP4 antagonist, standard therapy, and an immune checkpoint inhibitor for cancer treatment.",169-946-686-898-341
Clinical,,,"['cancer', 'lung cancer', 'adenocarcinoma', 'pancreatic ductal adenocarcinoma (PDAC)', 'non-small cell lung carcinoma', 'squamous cell head and neck cancer (SCCHN)', 'colorectal cancer']",[],"Claim 1 is a method of treating cancer, which classifies the patent as 'Clinical'. The clinical indications are derived from the treatment methods explicitly mentioned in the claims.",175-133-546-043-762
Clinical,,,['cancer'],"['cancer patient', 'patient in need thereof']","Claim 1 is a method of reducing endothelial cell growth, which is a method-of-treatment claim. The primary inventive concept revolves around treatment methods rather than a composition or manufacturing process.",173-800-310-951-32X
Composition,Full ADC,,[],[],"Claim 1 describes a heterobifunctional monodisperse polyethylene glycol, which is a component of an antibody-drug conjugate (ADC) as defined in Claim 7. The broadest independent claim is directed to a molecule, thus classifying it as 'Composition' and specifically as 'Full ADC' due to the inclusion of both antibody and drug components.",161-571-796-771-238
Composition,Unconjugated Antibody,,[],[],"Claim 1 describes a γδT cell expressing a chimeric antigen receptor (CAR) with chlorotoxin as part of its structure, classifying it as a composition. The CAR does not involve a covalent attachment to a non-antibody payload, thus it is categorized as an Unconjugated Antibody.",160-794-806-777-804
Clinical,,,['pancreatic cancer'],[],"Claim 1 is a method for treating pancreatic cancer, which classifies the patent as 'Clinical'. There are no claims directed to a specific molecule or composition.",173-440-274-062-114
Clinical,,,['cancer'],[],"Claim 1 is a method for preventing or treating cancer, which classifies the patent as 'Clinical'. The composition details are secondary to the treatment method.",187-226-783-579-446
Clinical,,,['cancer'],"['subject in need thereof', 'subject having cancer', 'subject who is refractory or not responding to anti-PD-1 treatment']","Claim 1 is a method of treating cancer, which classifies the patent as 'Clinical'. The focus is on treatment methods rather than compositions or manufacturing processes.",182-670-108-314-945
Clinical,,,['cancer'],['subjects with carcinoma'],"Claim 1 is a method of cell therapy for treating cancer, which classifies it as a Clinical patent type. The focus is on the treatment method rather than a composition or manufacturing process.",050-537-735-079-017
Clinical,,,"['chronic lymphocytic leukemia', 'small lymphocytic lymphoma']",[],"Claim 1 is a method of treating chronic lymphocytic leukemia/small lymphocytic lymphoma, which classifies the patent as 'Clinical'. No composition claims are present in the broadest independent claim.",008-889-538-485-207
Clinical,,,['cancer'],[],"Claim 1 is a method for treating cancer, which classifies the patent as 'Clinical'. There are no claims directed to a specific molecule or composition in the broadest independent claim.",061-382-807-789-751
Clinical,,,"['cancer', 'infectious diseases']",['human patients'],"Claim 42 is a method of treating cancer or infectious diseases, making the primary inventive concept clinical in nature.",100-563-305-437-911
Clinical,,,"['cancer', 'tumor', 'lymphoproliferative disorder', 'solid tumor', 'Herpesviridae associated cancer', 'breast cancer', 'non-small cell lung cancer', 'melanoma', 'head and neck cancer', 'bladder cancer', 'gastric cancer', 'nasopharyngeal carcinoma', 'leiomyosarcoma', 'colorectal cancer']",[],"Claim 1 is a method of treating cancer or tumor, classifying the patent as 'Clinical'. The clinical indications include various types of cancers explicitly mentioned in the claims.",014-448-529-339-703
Clinical,,,"['AXL-related disease', 'cancer', 'lung cancer', 'non-small-cell lung cancer', 'breast cancer', 'melanoma', 'mesothelioma', 'acute myeloid leukemia (AML)', 'myelodysplastic syndrome (MDS)', 'pancreas cancer', 'kidney cancer', 'urothelial carcinoma', 'glioblastoma']",[],"Claim 1 is directed to the use of an AXL inhibitor and an immune checkpoint modulator for treating an AXL-related disease, classifying the patent as 'Clinical'.",006-514-491-124-071
Composition,Unconjugated Antibody,,['cancer'],[],"Claim 1 describes a medicament comprising an antibody and a topoisomerase I inhibitor, which classifies it as a composition. The antibody is not covalently attached to a payload, thus it is categorized as an Unconjugated Antibody.",014-452-580-965-672
Composition,,,[],[],"Claim 1 describes a pharmaceutical composition comprising a nanocage for treating cancer, which classifies it as a 'Composition'. There are no method-of-treatment claims in Claim 1, and it primarily focuses on the composition of the nanocage itself.",013-540-915-819-567
Clinical,,,"['tumor', 'breast cancer', 'glioma', 'blood cancer', 'colon cancer', 'rectal cancer', 'renal cell carcinoma', 'liver cancer', 'lung cancer', 'small intestine cancer', 'esophageal cancer', 'melanoma', 'bone cancer', 'pancreatic cancer', 'skin cancer', 'head and neck cancer', 'intraocular malignant melanoma', 'uterine cancer', 'ovarian cancer', 'anal cancer', 'stomach cancer', 'testicular cancer', 'fallopian tube cancer', 'endometrial cancer', 'cervical cancer', 'vagina cancer', 'vulva cancer', ""Hodgkin's disease"", ""non-Hodgkin's lymphoma"", 'endocrine system cancer', 'thyroid cancer', 'parathyroid cancer', 'adrenal cancer', 'soft tissue sarcoma', 'urethral cancer', 'penile cancer', 'childhood solid tumor', 'bladder cancer', 'renal or ureteral cancer', 'renal pelvis cancer', 'central nervous system (CNS) tumor', 'primary CNS lymphoma', 'tumor angiogenesis', 'spinal tumor', 'brainstem glioma', 'pituitary adenoma', ""Kaposi's sarcoma"", 'epidermoid carcinoma', 'squamous cell carcinoma', 'T-cell lymphoma', 'environmentally induced cancer']",[],"Claim 1 is a method for treating tumors, which classifies it as a Clinical patent type. The broad scope of diseases treated includes various types of cancer, as explicitly mentioned in the claims.",030-935-103-384-775
Clinical,,,"['toxicity induced by anti EGFR drugs', 'tumors']",['patients in need thereof'],"Claim 1 is a method of preventing and treating toxicity induced by anti-EGFR drugs, which classifies the patent as Clinical. The focus is on treatment methods rather than a specific composition.",027-899-080-448-890
Composition,,,[],[],"Claim 1 describes a pharmaceutical product comprising Clostridium ghonii and a tumor angiogenesis inhibitor, classifying it as a 'Composition'. There are no claims directed to a method of treatment in the broadest independent claim.",030-041-136-437-412
Clinical,,,['cancer'],['human subject'],"Claim 1 is a method for treating a human subject having cancer, which classifies the patent as 'Clinical'. The focus is on treatment methods rather than a composition or manufacturing process.",022-555-798-561-664
Clinical,,,['oncogene driven cancer'],[],"Claim 1 is a method of treating a subject with oncogene-driven cancer, classifying the patent as 'Clinical'. No specific patient populations are defined in the claim.",024-450-572-465-022
Clinical,,,['metastatic pancreatic adenocarcinoma'],['post first-line treatment'],"Claim 1 is a method of treating metastatic pancreatic adenocarcinoma, which classifies the patent as 'Clinical'. The focus is on the treatment method rather than any composition or manufacturing process.",039-141-708-801-693
Composition,Dual Combination,,[],[],"Claim 12 describes a combination of a specific HDAC6 inhibitor and a CTLA4 checkpoint inhibitor, classifying it as a composition. The combination of two distinct therapeutic agents fits the 'Dual Combination' subtype.",032-992-008-670-03X
Clinical,,,['breast cancer'],['estrogen receptor-positive and HER2-positive breast cancer patients'],"Claim 1 is a method of treating breast cancer, which classifies the patent as 'Clinical'. The focus is on the treatment method rather than a composition or manufacturing process.",061-785-782-851-913
Composition,,,[],[],"Claim 1 is directed to a pharmaceutical composition comprising specific agents and a gelling polymer, classifying it as a 'Composition'. Although there are method-of-treatment claims, the broadest independent claim focuses on the composition itself.",063-165-374-253-629
Clinical,,,['cancer'],[],"Claim 26 is a method for treating cancer, which classifies the patent as 'Clinical'. The focus is on the method of treatment rather than a composition or manufacturing process.",058-183-030-907-666
Clinical,,,"['head and neck squamous cell carcinoma', 'melanoma', 'lymphoma', 'leukemia', 'breast cancer', 'ovarian cancer', 'colon cancer', 'cervical cancer', 'prostate cancer', 'nasopharyngeal carcinoma', 'non-Hodgkin lymphoma', 'small cell lung cancer', 'non-small cell lung cancer']",[],"Claim 1 is a method of treating cancer, which classifies the patent as 'Clinical'. The diseases listed in the claims are explicitly part of the treatment methods.",081-010-770-862-289
Clinical,,,['pancreatic cancer'],[],"Claim 1 is a method for treating pancreatic cancer, which classifies the patent as 'Clinical'. There are no claims directed to a molecule or composition, so no composition subtype is applicable.",082-013-851-073-513
Clinical,,,"['breast cancers', 'cervical cancers', 'colorectal cancers', 'endometrial cancers', 'glioblastomas', 'head and neck cancers', 'kidney cancers', 'liver cancers', 'lung cancers', 'medulloblastomas', 'ovarian cancers', 'pancreatic cancers', 'prostate cancers', 'skin cancer', 'melanoma', 'urinary tract cancers', 'metastatic cancer']",[],"Claim 1 is a method of treating cancer, which classifies the patent as 'Clinical'. The focus is on treatment methods rather than compositions or manufacturing processes.",073-532-095-373-833
Clinical,,,['cancer'],[],"Claim 1 is a method for inducing an immune response, which qualifies it as a method-of-treatment claim. The primary inventive concept revolves around treatment methods rather than a specific composition.",072-708-916-671-847
Clinical,,,['cancer'],['subjects resistant to or progressed after prior treatment with a PD-1 or PD-L1 inhibitor'],"Claim 1 is a method of treating cancer, specifically targeting subjects who are resistant to or have progressed after treatment with immune checkpoint inhibitors, thus classifying it as 'Clinical'.",072-469-900-776-120
Clinical,,,['cancer'],[],"Claim 1 is a method of treating cancer, which classifies the patent as 'Clinical'. There are no claims directed to a specific molecule or composition.",064-766-259-085-113
Clinical,,,"['cancer', 'melanoma', 'non-small cell lung cancer']",[],"Claim 1 is a method of improving response to immune checkpoint blockade therapy, which classifies the patent as 'Clinical'. The clinical indications include cancer, melanoma, and non-small cell lung cancer as explicitly mentioned in the claims.",106-278-774-415-366
Clinical,,,"['cancer', ""non-Hodgkin's Lymphoma"", 'diffuse large B-cell lymphoma (DLBCL)', 'follicular lymphoma (FL)', 'Mantle Cell lymphoma (MCL)', 'chronic lymphatic lymphoma (CLL)', 'Marginal Zone B-cell lymphoma (MZBL)', 'Hairy cell leukemia (HCL)', 'Acute Lymphoblastic Leukaemia (ALL)']","['individuals treated with a PI3K inhibitor or a Secondary agent', 'individuals refractory to treatment with the PI3K inhibitor or Secondary agent', 'human individuals']","The broadest independent claim (Claim 1) is a method of selecting individuals for treatment, classifying the patent as 'Clinical'.",100-300-088-103-67X
Composition,Unconjugated Antibody,,['multiple myeloma'],[],"Claim 1 describes a pharmaceutical composition comprising an anti-CD38 antibody and melphalan, classifying it as a Composition. The antibody is not covalently attached to a payload, thus it is categorized as an Unconjugated Antibody.",120-554-722-523-539
Clinical,,,"['cancer', 'melanoma']",[],"Claim 1 is a method of treating cancer, which classifies the patent as 'Clinical'. The primary inventive concept revolves around treatment methods rather than a specific composition.",131-773-918-107-288
Clinical,,,"['cancer', 'breast cancer', 'lung cancer']",[],"Claim 1 is a method of treating cancer, which classifies the patent as 'Clinical'. The specific diseases mentioned in the claims include cancer, breast cancer, and lung cancer.",136-899-241-887-467
Clinical,,,"['melanoma', 'colorectal cancer', 'thyroid cancer', 'breast cancer', 'prostate cancer', 'sarcoma', 'glioblastoma', 'T-cell acute lymphoblastic leukaemia', 'lung cancer', 'liver cancer']",[],"Claim 1 is a method of treating cancer, which classifies the patent as 'Clinical'. The diseases explicitly mentioned in the treatment method are extracted as clinical indications.",142-430-443-589-918
Clinical,,,['non-small cell lung cancer'],['patients suffering from cancers driven by deregulated Human Epidermal Growth Factor Receptor (HER1/Human EGFR)'],"Claim 1 is a method of treating a specific cancer, thus it is classified as 'Clinical'. The focus is on the treatment regimen rather than a composition or manufacturing process.",129-500-230-636-75X
Clinical,,,"['CD38-positive hematological cancer', 'multiple myeloma']",[],"Claim 1 is a method of treating a subject with CD38-positive hematological cancer, classifying the patent as 'Clinical'. The focus is on treatment methods rather than a composition or manufacturing process.",153-490-113-673-192
Clinical,,,"['cancer', 'leukemia', 'melanoma']",[],"Claim 1 is a method of treating cancer, which classifies the patent as 'Clinical'. The diseases explicitly mentioned in the treatment methods are cancer, leukemia, and melanoma.",158-635-946-905-601
Composition,Full ADC,,[],[],"Claim 1 describes an immunoconjugate that includes an anti-Globo H antibody and a cytotoxic agent, indicating a defined construct of an antibody-drug conjugate (ADC). The presence of a method-of-treatment claim does not override the classification as Composition since Claim 1 is directed to the molecule itself.",155-658-727-759-23X
Clinical,,,"['solid cancer', 'breast cancer', 'prostate cancer']",[],"Claim 1 is a method of treating solid cancer, specifically detailing the treatment of breast and prostate cancer in patients with clonal hematopoiesis of indeterminate potential. Therefore, it is classified as 'Clinical'.",147-745-722-874-867
Composition,Full ADC,,[],[],"Claim 1 explicitly claims an antibody conjugate, which includes an antibody linked to a payload, indicating a defined construct. This aligns with the 'Full ADC' subtype as it encompasses the complete antibody-drug conjugate structure.",144-153-487-602-096
Composition,Dual Combination,,[],[],"Claim 1 describes a combination of a compound and a PD-1 inhibitor, which classifies it as a composition. The combination includes two components, thus it fits the 'Dual Combination' subtype.",178-082-514-251-892
Composition,Conjugated Antibody,,[],[],"Claim 1 describes a conjugate that includes an antibody covalently linked to a drug, classifying it as a 'Conjugated Antibody'. The primary inventive concept is the composition of the conjugate rather than a method of treatment.",188-752-933-105-681
Clinical,,,"[""Hodgkin's lymphoma"", ""non-Hodgkin's lymphoma"", 'non-small cell lung cancer', 'small cell lung cancer', 'hepatocellular carcinoma', 'bile duct cancer', 'myelodysplastic syndrome', 'acute lymphocytic leukemia', 'acute myeloid leukemia', 'chronic myeloid leukemia', 'thyroid cancer', 'glioma', 'colon cancer', 'rectal cancer', 'colorectal cancer', 'ovarian cancer', 'bladder cancer', 'prostate cancer', 'breast cancer', 'liposarcoma', 'fibrosarcoma', 'rhabdomyosarcoma', 'leiomyosarcoma', 'angiosarcoma', 'neuroblastoma', 'renal cell carcinoma', 'head and neck cancer', 'gastric cancer', 'esophageal cancer', 'cancer of the gastroesophageal junction', 'thymic cancer', 'pancreatic cancer', 'endometrial cancer', 'cervical cancer', 'melanoma', 'uveal melanoma', 'skin cancer', 'germ cell cancer', 'nasopharyngeal cancer', 'oropharyngeal cancer', 'laryngeal cancer']",[],"The broadest independent claim (Claim 3) is a method for treating tumors, classifying the patent as 'Clinical'.",199-770-428-203-449
Composition,,,[],[],"Claim 1 is directed to a compound with a specific formula, classifying it as a 'Composition'. Although there are later method-of-treatment claims, the broadest independent claim focuses on the chemical entity itself.",138-312-978-931-861
Clinical,,,['chronic myelomonocytic leukemia'],[],"Claim 1 is a method for treating chronic myelomonocytic leukemia (CMML), which classifies the patent as 'Clinical'. The focus is on treatment methods rather than a specific molecule or composition.",007-789-331-885-428
Clinical,,,['cancer'],['subjects in need thereof'],"Claim 1 is a method of treating cancer, which classifies the patent as 'Clinical'. The focus is on the treatment method rather than a composition or manufacturing process.",003-783-398-753-726
Composition,,,[],[],"Claim 1 describes a pharmaceutical composition comprising specific proteins and immunostimulatory components, classifying it as a 'Composition'. There are treatment claims later, but the broadest independent claim focuses on the composition itself.",013-287-333-155-311
Clinical,,,"['cancer', 'melanoma']",[],"Claim 34 is a method for suppressing tumor growth, which qualifies it as a method-of-treatment claim. The primary inventive concept is focused on clinical applications rather than a composition or manufacturing process.",014-396-879-683-043
Clinical,,,"['CD38-positive hematological malignancy', 'multiple myeloma', 'acute lymphoblastic leukemia', ""non-Hodgkin's lymphoma"", 'diffuse large B-cell lymphoma', ""Burkitt's lymphoma"", 'follicular lymphoma', 'mantle-cell lymphoma', 'acute myeloid leukemia', 'chronic lymphocytic leukemia', 'plasma cell disease', 'light chain amyloidosis', ""Waldenstrom's macroglobulinemia""]",[],"Claim 1 is a method of treating a subject with a CD38-positive hematological malignancy, classifying the patent as 'Clinical'.",013-909-856-753-226
Clinical,,,['melanoma'],['melanoma patient'],"Claim 1 is a method for enhancing the effect of an antibody drug, which qualifies it as a method-of-treatment claim. The focus is on the administration of a composition to a specific patient population, thus classifying it as Clinical.",031-897-585-709-350
Composition,Full ADC,,[],[],"Claim 1 explicitly claims an antibody-drug conjugate, which includes an antibody covalently linked to a drug via a linker, classifying it as a 'Full ADC'. There are no method-of-treatment claims in the first independent claim.",028-968-946-498-745
Composition,Conjugated Antibody,,['cancer'],[],"Claim 1 describes a therapeutic liposome comprising an anti-LOX antibody and a therapeutic agent, indicating a composition. The presence of the anti-LOX antibody covalently attached to a therapeutic agent classifies it as a Conjugated Antibody.",019-482-598-762-40X
Clinical,,,['gastric cancer'],[],"Claim 1 is a method for treating gastric cancer, which classifies the patent as 'Clinical'. The focus is on the treatment method rather than the composition of the antibodies.",054-324-217-086-969
Clinical,,,['cancer'],[],"Claim 1 is a method of inhibiting PD-L1 expression in cancer cells, which classifies the patent as 'Clinical' since it focuses on a method of treatment rather than a composition or manufacturing process.",046-323-514-991-047
Clinical,,,['multiple myeloma'],[],"Claim 1 is a method of treating multiple myeloma, which classifies the patent as 'Clinical'. There are no claims directed to a molecule or composition.",059-388-624-248-675
Composition,,,[],[],"Claim 1 is directed to a compound of Formula (I), which classifies it as a 'Composition'. Although there are method-of-treatment claims later, the broadest independent claim focuses on the chemical entity itself.",062-290-360-121-058
Clinical,,,['colorectal cancer'],['human subject'],"Claim 1 is a method for treating colorectal cancer, which qualifies it as a method-of-treatment claim. The focus is on the treatment method rather than a composition or manufacturing process.",091-267-649-040-968
Clinical,,,['castration resistant prostate cancer'],[],"Claim 1 is a method of treatment for castration resistant prostate cancer, making it primarily a clinical claim.",095-224-858-668-589
Clinical,,,"['Hodgkin lymphoma', 'non-Hodgkin lymphoma', 'non-small cell lung cancer', 'small cell lung cancer', 'hepatocellular carcinoma', 'cholangiocarcinoma', 'myelodysplastic syndrome', 'acute lymphoblastic leukemia', 'acute myeloid leukemia', 'chronic myeloid leukemia', 'thyroid cancer', 'glioma', 'colon cancer', 'rectal cancer', 'colorectal cancer', 'ovarian cancer', 'bladder cancer', 'prostate cancer', 'breast cancer', 'liposarcoma', 'fibrosarcoma', 'rhabdomyosarcoma', 'leiomyosarcoma', 'angiosarcoma', 'neuroblastoma', 'renal cell carcinoma', 'head and neck cancer', 'gastric cancer', 'esophageal cancer', 'gastroesophageal junction cancer', 'thymic carcinoma', 'pancreatic cancer', 'endometrial cancer', 'cervical cancer', 'melanoma', 'uveal melanoma', 'skin cancer', 'germ cell tumor', 'nasopharyngeal carcinoma', 'oropharyngeal cancer', 'laryngeal cancer']",[],"Claim 3 is a method of treating tumors, making the primary inventive concept clinical in nature. The patent outlines various tumor types that are treated, which are explicitly listed in the claims.",101-241-029-759-053
Composition,,,[],[],"Claim 1 describes a non-naturally occurring polynucleotide, which is a composition. It does not primarily focus on a method of treatment, despite later claims addressing treatment methods.",096-337-474-911-049
Clinical,,,"['non-Hodgkin lymphoma', 'chronic lymphocytic leukemia', 'acute lymphoblastic leukemia']",[],"Claim 1 is a method of treating specific cancers, making it a clinical claim. The focus is on the treatment method rather than a composition or manufacturing process.",098-493-117-365-067
Clinical,,,"['cancer', 'lymphoma']",['subjects having a cancer expressing CD19'],"Claim 1 is a method of treating cancer expressing CD19, which classifies the patent as 'Clinical'. The primary inventive concept is a treatment method rather than a composition or manufacturing process.",096-957-432-064-440
Clinical,,,"['renal cell carcinoma', 'colorectal cancer', 'hepatocellular carcinoma', 'melanoma', 'bladder cancer', 'urothelial cancer', 'breast cancer', 'non-small cell lung cancer', 'endometrial cancer', 'squamous cell carcinoma of head and neck']",[],"Claim 1 is a method for treating cancer, which classifies the patent as 'Clinical'. The specific cancers mentioned in the claims are extracted as clinical indications.",107-050-886-572-396
Clinical,,,['small cell lung cancer'],['patients with extensive-stage small cell lung cancer'],"Claim 1 is a method of treatment for extensive-stage small cell lung cancer, making it primarily a clinical patent. The focus is on the treatment regimen rather than a specific molecule or composition.",123-404-764-269-087
Composition,,,[],[],"Claim 1 is directed to a pharmaceutical composition comprising an anti-CD47-SIRPα therapeutic agent and a DHODH inhibitor, classifying it as a 'Composition'. There are no claims that primarily focus on treatment methods or manufacturing processes.",138-721-100-195-226
Clinical,,,"['bladder cancer', 'brain tumor', 'head and neck squamous cell carcinoma', 'lung cancer', 'lung adenocarcinoma', 'lung squamous cell carcinoma', 'skin melanoma', 'esophageal cancer', 'gastric cancer', 'liver cancer']",[],"Claim 63 is a method of treating cancer, which classifies the patent as 'Clinical'. The diseases are explicitly mentioned in the treatment method.",172-537-067-796-486
Clinical,,,['ulcerative colitis'],[],"Claim 1 is a method of treating ulcerative colitis, which classifies the patent as 'Clinical'. There are no claims directed to a specific molecule or composition in the broadest independent claim.",159-768-273-699-537
Composition,Full ADC,,[],[],"Claim 1 describes a pharmaceutical product comprising an anti-TROP2 antibody-drug conjugate, which includes a drug-linker covalently attached to the antibody, classifying it as a 'Full ADC'. The primary inventive concept is directed to the composition rather than a method of treatment.",051-619-645-838-185
Composition,,,[],[],"Claim 1 describes a fast release implant comprising a polymer and a therapeutic load, which classifies it as a composition. Although there are method-of-treatment claims later, the broadest independent claim is directed to the implant itself.",053-842-838-548-55X
Composition,Conjugated Antibody,,[],[],"Claim 1 describes a targeted drug conjugate comprising an ALK5 inhibitor linked to a targeting moiety, indicating a covalent attachment to a non-antibody payload. This classifies the patent as a 'Composition' with a subtype of 'Conjugated Antibody'.",109-138-967-668-137
Composition,,,[],[],"Claim 1 describes a pharmaceutical composition comprising a surface-modified particle with a therapeutic agent and an opsonin, classifying it as a 'Composition'. There are no method-of-treatment claims in Claim 1, and thus no clinical indications or populations are extracted.",000-732-746-939-844
Clinical,,,['melanoma'],[],"Claim 1 is a method of administering a pharmaceutical composition for the treatment of melanoma, classifying the patent as 'Clinical'.",004-225-733-694-082
Clinical,,,['cancer'],[],"Claim 1 is a method for augmenting effects of immunotherapy in cancer treatment, making it a method-of-treatment claim. The primary inventive concept is focused on clinical use rather than a composition or manufacturing process.",001-731-385-375-036
Clinical,,,['cancer'],[],"Claim 1 is a method-of-treatment claim for an inhibitor of SETDB1 in combination with immune checkpoint modulators for cancer treatment, making it primarily clinical.",011-244-219-978-522
Clinical,,,"['tumor', 'gastrointestinal cancer', 'lung cancer', 'breast cancer', 'large bowel cancer']",[],"Claim 82 is a method for treating a tumor, which classifies the patent as 'Clinical'. The claims detail various cancer types targeted in the treatment methods.",060-897-639-283-239
Clinical,,,"['solid cancer', 'acute lymphoblastic leukemia']",['mammalian subject'],"Claim 1 is a method for treating cancer, which classifies the patent as 'Clinical'. The diseases explicitly mentioned in the treatment method are solid cancer and acute lymphoblastic leukemia.",041-660-502-669-523
Clinical,,,"['cancer', 'precancer lesions', 'HPV-associated cancer']",[],"Claim 1 is a method of treating cancer, which classifies the patent as 'Clinical'. The focus is on the treatment method rather than a composition or manufacturing process.",034-371-343-297-616
Clinical,,,"['recurrent cancer', 'endometrial cancer', 'breast cancer', 'ovarian cancer', 'cervical cancer', 'fallopian tube cancer', 'primary peritoneal cancer', 'colon cancer', 'squamous cell carcinoma of the anogenital region', 'melanoma', 'renal cell carcinoma', 'lung cancer', 'non-small cell lung cancer', 'squamous cell carcinoma of the lung', 'stomach cancer', 'bladder cancer', 'gall bladder cancer', 'liver cancer', 'thyroid cancer', 'laryngeal cancer', 'salivary gland cancer', 'esophageal cancer', 'squamous cell carcinoma of the head and neck', 'prostate cancer', 'pancreatic cancer', 'mesothelioma', 'sarcoma', 'hematological cancer', 'platinum resistant cancer', 'platinum refractory cancer']",['BRCA negative'],"Claim 135 is a method of treating cancer, making it a clinical claim. The focus is on treatment methods rather than specific compositions or manufacturing processes.",047-194-679-228-486
Clinical,,,['cancer'],['human subject with macrophage infiltrated tumor'],"Claim 1 is a method of treating cancer, which classifies the patent as 'Clinical'. The specific patient population is identified as those with macrophage infiltrated tumors.",049-043-156-046-960
Composition,Unconjugated Antibody,,['multiple myeloma'],[],"Claim 1 describes an anti-CD38 antibody with specific variable domain sequences, classifying it as a 'Composition'. It does not involve any covalent attachment to a payload, thus it is categorized as 'Unconjugated Antibody'.",063-438-681-377-841
Clinical,,,['tumor'],[],"Claim 1 is a method-of-treatment claim for a substance regulating immune checkpoints for tumor treatment, thus classifying the patent as 'Clinical'.",082-645-282-086-458
Clinical,,,['peripheral T cell lymphoma'],[],"Claim 1 is a method for treating peripheral T cell lymphoma, which classifies the patent as 'Clinical'. The focus is on the treatment method rather than the composition of the drug itself.",084-627-686-942-699
Clinical,,,"['melanoma', 'Merkel cell carcinoma', 'lung cancer', 'mesothelioma', 'head and neck cancer', 'esophagus cancer', 'gastric cancer', 'liver cancer', 'pancreatic cancer', 'large intestine cancer', 'prostate cancer', 'kidney cancer', 'bladder cancer', 'urinary tract epithelial cancer', 'breast cancer', 'uterine cancer', 'ovarian cancer', 'brain tumor', 'thyroid cancer', 'angiosarcoma', 'rhabdomyosarcoma', 'leiomyosarcoma', 'fibrosarcoma', 'synovial sarcoma', 'liposarcoma', 'neuroendocrine tumor', 'lymphoma', 'leukemia']",[],"The broadest independent claim (Claim 9) is a method for the prophylaxis or treatment of cancer, classifying the patent as 'Clinical'.",089-124-164-855-27X
Composition,Full ADC,,[],[],"Claim 1 describes a compound of a specific formula, indicating a chemical entity. The patent focuses on auristatin derivatives and conjugates, which suggests it includes an antibody-drug conjugate (ADC) structure, thus classified as 'Full ADC'.",111-115-783-089-122
Clinical,,,['cancer'],[],"Claim 1 is a method of treating cancer, which classifies the patent as 'Clinical'. The focus is on the treatment method rather than a composition or manufacturing process.",121-858-420-143-61X
Composition,,,[],[],"Claim 30 describes a pharmaceutical combination comprising a KRAS G12C inhibitor and other therapeutic agents, classifying it as a 'Composition'. The claim does not focus on a method of treatment, thus it is not classified as 'Clinical'.",160-424-719-813-59X
Clinical,,,"['tumor', 'cancer', 'metastatic carcinoma', 'colon cancer', 'breast cancer']",['subject having a tumor'],"Claim 1 is a method of administering a binding reagent to a subject with a tumor, classifying the patent as Clinical. The focus is on treatment methods rather than the composition of the binding reagent.",162-033-088-235-803
Composition,Full ADC,,[],[],"Claim 1 describes a liposome comprising a lipid bilayer, ligands, and a therapeutic agent, which classifies it as a composition. The presence of a therapeutic agent encapsulated in the liposome suggests it is a defined construct, aligning with the 'Full ADC' subtype.",145-684-024-684-792
Clinical,,,"['tumor', 'cancer', 'multiple myeloma', 'chronic lymphocytic leukemia', 'non-Hodgkins lymphoma']",[],"Claim 1 is a method of treating a tumor or cancer, which classifies the patent as 'Clinical'. The diseases explicitly mentioned in the treatment methods are included in the clinical indications.",149-405-349-835-406
Clinical,,,['solid tumor'],['subject in need thereof'],"Claim 1 is a method for treating a solid tumor, which classifies the patent as 'Clinical'. There are no claims directed to a specific molecule or composition.",161-157-339-447-375
Composition,,,[],[],"Claim 1 is directed to a pharmaceutical composition comprising an ALK inhibitor and other anticancer reagents, classifying it as a 'Composition'. Although there are method-of-treatment claims later, the broadest independent claim focuses on the composition itself.",195-525-687-155-280
Composition,Conjugated Antibody,,[],[],"Claim 1 describes a composition comprising targeting polypeptides linked to a TLR agonist via a linker, indicating a covalent attachment to a non-antibody payload. This qualifies as a 'Conjugated Antibody' since it involves an antibody linked to a therapeutic agent.",034-553-205-273-285
Clinical,,,['cancer'],[],"The broadest independent claim (Claim 1) is a method of treatment, thus classifying the patent as 'Clinical'. The treatment involves administering a T cell therapy and an immunomodulatory compound for cancer, which is explicitly mentioned in the claims.",049-859-530-706-597
Clinical,,,['HER2-positive breast cancer'],['patients having locally advanced or metastatic PIK3CA-mutated HER2-positive breast cancer'],"Claim 1 is a method of treating HER2-positive breast cancer, which classifies the patent as 'Clinical'. The focus is on the treatment method rather than a composition or manufacturing process.",003-921-633-933-261
Clinical,,,['cancer'],['patient in need thereof'],"Claim 1 is a method of treating cancer, which classifies the patent as 'Clinical'. The focus is on the treatment method rather than a composition or manufacturing process.",031-243-736-255-366
Clinical,,,"['lung cancer', 'bladder urothelial carcinoma', 'cervical squamous cell carcinoma', 'endocervical adenocarcinoma', 'cholangiocarcinoma', 'colon adenocarcinoma', 'head and neck squamous cell carcinoma', 'kidney chromophobe', 'kidney renal papillary cell carcinoma', 'liver hepatocellular carcinoma', 'lung adenocarcinoma', 'lung squamous cell carcinoma', 'prostate adenocarcinoma', 'rectum adenocarcinoma', 'stomach adenocarcinoma', 'uterine corpus endometrial carcinoma']",[],"Claim 1 is a method for treating cancer by administering an agent to increase PDLIM2 expression, classifying the patent as 'Clinical'.",036-862-131-750-22X
Clinical,,,"['cancer', 'rheumatoid arthritis', 'schizophrenia', ""Alzheimer's disease"", 'bone disease']","['mammal', 'human']","Claim 1 is a method for modulating Dkk activity in a cell, which qualifies it as a method-of-treatment claim. The focus is on the treatment of Wnt-related diseases, making it primarily clinical.",050-049-616-765-96X
Clinical,,,['multiple myeloma'],['human individual'],"Claim 2 is a method of administering an anti-CD38 antibody to treat multiple myeloma, making it a method-of-treatment claim. The primary inventive concept is focused on clinical use rather than a composition or manufacturing process.",068-401-760-092-425
Clinical,,,"['tumor', 'cancer']",[],"Claim 1 is a method of treating cancer, which classifies the patent as 'Clinical'. The primary inventive concept is a treatment method involving an anti-TROP2 antibody drug conjugate and a therapeutic agent.",062-440-429-755-472
Clinical,,,['neuroblastoma'],['human subject having chemoresistant neuroblastoma'],"Claim 1 is a method of treating chemoresistant neuroblastoma, which classifies the patent as 'Clinical'. The focus is on the treatment method rather than a composition or manufacturing process.",059-021-550-752-658
Composition,Conjugated Antibody,,"['bacterial infection', 'viral infection', 'cancer']",[],"Claim 1 describes a compound, which is classified as a composition. The broader claims include conjugation to various compounds, including antibodies, indicating a conjugated construct. Although there are method-of-treatment claims, the primary inventive concept is the composition of the compound.",086-574-767-534-87X
Clinical,,,['liver metastasis of uveal melanoma'],[],"Claim 1 is a method for treating a specific cancer, which classifies the patent as 'Clinical'. The primary inventive concept is the treatment method rather than a composition or manufacturing process.",065-564-520-376-071
Clinical,,,"['ovarian cancer', 'leukemia', 'lymphoma', 'hematopoietic cancer', 'liver cancer', 'bone cancer', 'lung cancer', 'brain cancer', 'bladder cancer', 'gastrointestinal cancer', 'kidney cancer', 'breast cancer', 'cardiac cancer', 'cervical cancer', 'uterine cancer', 'head and neck cancer', 'gallbladder cancer', 'laryngeal cancer', 'lip and oral cavity cancer', 'ocular cancer', 'skin cancer', 'melanoma', 'pancreatic cancer', 'prostate cancer', 'genital cancer', 'colon cancer', 'colorectal cancer', 'testicular cancer', 'throat cancer']",[],"The broadest independent claim (Claim 1) is a method of treating cancer, classifying the patent as 'Clinical'. The specific diseases treated are explicitly listed in the claims.",069-713-829-482-173
Composition,Full ADC,,[],[],"Claim 1 describes a Ligand Drug Conjugate composition that includes an antibody (or fragment) covalently linked to a drug unit, which qualifies it as a Full ADC. The focus is on the composition of the conjugate rather than a method of treatment.",083-402-481-190-258
Clinical,,,['cancer'],[],"Claim 1 is a method of treating cancer, which classifies the patent as 'Clinical'. The primary inventive concept is focused on the treatment method rather than a composition or manufacturing process.",101-596-830-781-283
Clinical,,,"['breast cancer', 'skin cancer', 'lung cancer', 'ovarian cancer', 'renal cancer', 'colon cancer', 'rectal cancer', 'colorectal cancer', 'anal cancer', 'small intestine cancer', 'gastrointestinal stromal tumours', 'gastric cancer', 'esophageal cancer', 'pancreatic cancer', 'bladder cancer', 'urothelial cancer', 'liver cancer', 'melanoma', 'prostate cancer', 'head and neck cancer', 'cervical cancer', 'endometrial cancer', 'uterine cancer', 'thyroid cancer', 'glioblastoma', 'glioma', 'leukemia', 'lymphoma', 'adrenal gland cancer', 'AIDS-associated cancer', 'alveolar soft part sarcoma', 'astrocytic tumor', 'bone cancer', 'brain and spinal cord cancer', 'metastatic brain tumor', 'carotid body tumor', 'chondrosarcoma', 'chordoma', 'cutaneous benign fibrous histiocytoma', 'desmoplastic small round cell tumor', 'ependymoma', ""Ewing's tumor"", 'extraskeletal myxoid chondrosarcoma', 'fibrogenesis imperfecta ossium', 'fibrous dysplasia of the bone', 'gallbladder or bile duct cancer', 'gestational trophoblastic disease', 'germ cell tumor', 'haematological malignancy', 'hepatocellular carcinoma', 'islet cell tumor', ""Kaposi's sarcoma"", 'kidney cancer', 'lipoma/benign lipomatous tumor', 'liposarcoma/malignant lipomatous tumor', 'medulloblastoma', 'meningioma', 'Merkel cell carcinoma', 'multiple endocrine neoplasia', 'multiple myeloma', 'myelodysplasia syndrome', 'neuroblastoma', 'neuroendocrine tumor', 'papillary thyroid carcinoma', 'parathyroid tumor', 'pediatric cancer', 'peripheral nerve sheath tumor', 'phaeochromocytoma', 'pituitary tumor', 'posterior uveal melanoma', 'rare hematologic disorder', 'rhabdoid tumor', 'rhabdomysarcoma', 'sarcoma', 'soft-tissue sarcoma', 'squamous cell cancer', 'synovial sarcoma', 'mesothelioma', 'cutaneous squamous cell carcinoma', 'testicular cancer', 'thymic carcinoma', 'thymoma', 'thyroid metastatic cancer']",[],"Claim 1 is directed to the use of specific proteins and agents in the manufacture of a medicament for cancer treatment, classifying it as a method of treatment (Clinical).",124-814-416-737-698
Composition,,,[],[],"Claim 18 describes a nanoparticle comprising a nanomaterial and ligands, classifying it as a composition. Although there are method-of-treatment claims later, the broadest independent claim focuses on the nanoparticle itself.",151-517-552-547-993
Composition,Conjugated Antibody,,[],[],"Claim 1 describes a composition comprising a nucleic acid sequence conjugated to MGS peptides, indicating a defined construct. The presence of conjugation to peptides classifies it as a 'Conjugated Antibody'. No method-of-treatment claims are prioritized over the composition claim.",165-973-685-652-620
Clinical,,,"['cancer', 'multiple myeloma', 'lymphoma', 'leukemia']",[],"Claim 90 is a method for treatment of cancer, which classifies the patent as 'Clinical'. The primary inventive concept is a method of treatment rather than a composition.",169-859-636-460-186
Clinical,,,"['solid malignant tumor', 'melanoma']",[],"Claim 1 is a method for treating a solid malignant tumor, which classifies the patent as 'Clinical'. The diseases explicitly mentioned in the treatment methods are solid malignant tumors and melanoma.",175-353-174-284-868
Composition,Unconjugated Antibody,,[],[],"Claim 1 describes a composition comprising an antibody and a nanoparticle, which does not involve covalent attachment to a payload, thus classifying it as 'Composition' and specifically as 'Unconjugated Antibody'. The primary inventive concept is the composition itself rather than any method of treatment.",195-602-057-451-620
Clinical,,,"['FGF19-mediated cancer', 'FGF19-mediated tumor']",[],"Claim 1 is a method of treating FGF19-mediated cancers and tumors, which classifies the patent as 'Clinical'. No specific patient populations are mentioned in the independent claim.",183-570-460-836-003
Composition,Unconjugated Antibody,,[],[],"Claim 1 explicitly claims a polypeptide that binds to CD123 protein, classifying it as a composition. There are no claims of covalent attachment to a payload, thus it is classified as an unconjugated antibody.",068-588-064-858-40X
Clinical,,,['cancer'],[],"Claim 1 is a method of treating cancer, which classifies the patent as 'Clinical'. The focus is on the treatment method rather than a specific composition or manufacturing process.",196-055-099-260-191
Clinical,,,['Her2+ cancer'],['patients with Her2+ cancer resistant to at least one Her2-targeted therapeutic agent'],"Claim 1 is a method of treating Her2+ cancer, which classifies the patent as 'Clinical'. The focus is on the treatment method rather than a composition or manufacturing process.",199-904-436-739-682
Clinical,,,['colorectal cancer'],[],"Claim 1 is a method for stimulating an immune response, which classifies the patent as 'Clinical'. The only disease explicitly mentioned in the treatment method is colorectal cancer.",069-530-078-084-059
Composition,Full ADC,,[],[],"Claim 1 explicitly claims a compound of Formula (I) which includes an antibody (or antibody fragment) covalently linked to a molecular payload, classifying it as a Full ADC. There are treatment claims later, but the broadest independent claim is directed to the composition itself.",043-648-642-297-670
Composition,Conjugated Linker,,[],[],"Claim 1 describes a compound that serves as a linker for an antibody-drug conjugate, classifying it as a composition. The focus is on the chemical structure of the linker rather than a method of treatment or manufacturing process.",182-980-212-497-896
Clinical,,,"['skin cancer', 'cancerous tumor', 'cancerous lesion']",[],"Claim 1 is a method for treating cancer, specifically skin cancer, which classifies the patent as 'Clinical'. No composition claims are present in the broadest independent claim.",065-469-962-138-569
Composition,,,[],[],"Claim 1 describes a pharmaceutical composition for treating cancer, which classifies it as a 'Composition'. Although there are treatment claims later, the broadest independent claim focuses on the composition itself.",104-678-009-847-508
Clinical,,,['Alternative Lengthening of Telomeres (ALT) cancer'],[],"Claim 1 is a method of inhibiting ALT cell viability and growth, which classifies the patent as Clinical. The focus is on treatment methods rather than a specific composition or manufacturing process.",112-048-212-865-932
Clinical,,,"['head and neck cancer', 'lung cancer', 'liver cancer', 'colorectal cancer', 'skin cancer', 'esophageal cancer', 'stomach cancer', 'cervical cancer', 'endometrial cancer', 'mesothelioma', 'brain tumor', 'malignant melanoma', 'breast cancer', 'bile duct cancer', 'pancreatic cancer', 'ovarian cancer', 'kidney cancer', 'bladder cancer', 'prostate cancer', 'malignant lymphoma', 'osteosarcoma']",[],"Claim 9 is a method for killing tumor cells, which classifies the patent as 'Clinical'. The clinical indications are explicitly mentioned in the claims related to the method of treatment.",015-039-223-608-615
Clinical,,,['refractory cancer'],[],"Claim 1 is a method of treating refractory cancer, which classifies the patent as 'Clinical'. The focus is on the treatment method rather than a composition or manufacturing process.",021-871-449-599-881
Clinical,,,"['liver cancer', 'lung cancer', 'stomach cancer', 'pancreatic cancer', 'colon cancer', 'cervical cancer', 'breast cancer', 'prostate cancer', 'ovarian cancer', 'brain cancer', 'osteosarcoma', 'bladder cancer', 'head and neck cancer', 'kidney cancer', 'melanoma', 'leukemia', 'lymphoma']",[],"Claim 20 is a method for treating cancer, making the primary inventive concept clinical in nature. The patent outlines various cancers as indications for treatment.",024-516-573-266-008
Clinical,,,"['tumor', 'cancer']",['human subject'],"Claim 1 is a method of inducing an anti-tumor or anti-cancer immune response, which classifies the patent as 'Clinical'. The focus is on treatment methods rather than a specific composition.",045-216-642-686-653
Clinical,,,['cancer'],"['individual in need thereof', 'individual diagnosed with Brain Metastatic Breast Cancer (BMBC)']","Claim 1 is a method for treating cancer, which classifies the patent as 'Clinical'. The specific patient population mentioned is individuals diagnosed with Brain Metastatic Breast Cancer.",067-269-258-072-240
Composition,Full ADC,,[],[],"Claim 1 explicitly claims an antibody-drug conjugate, which includes an antibody, a linker, and a drug, thus classifying it as a 'Full ADC'. There are no method-of-treatment claims in the broadest independent claim.",064-226-094-481-451
Clinical,,,['breast tumor'],['human patient'],"Claim 1 is a method of treating a human patient with a breast tumor, which classifies the patent as 'Clinical'. The focus is on treatment methods rather than any specific composition or manufacturing process.",083-644-950-784-983
Clinical,,,"['cancer', 'carcinoma', 'melanoma', 'sarcoma', 'myeloma', 'leukemia', 'lymphoma', 'colon cancer', 'ovarian cancer', 'prostate cancer', 'cervical cancer', 'solid tumor']",[],"Claim 1 is a method of treating cancer, which classifies the patent as 'Clinical'. The specific diseases mentioned in the claims are extracted as clinical indications.",094-086-806-907-833
Clinical,,,"['immune-related disorder', 'cancer']",[],"Claim 1 is a method for expanding NK cells, which is a method-of-treatment claim. The primary inventive concept revolves around the treatment of diseases using expanded NK cells, thus classifying it as Clinical.",102-829-056-588-791
Clinical,,,['cancer'],"['individual in need thereof', 'treatment resistant cancer']","Claim 1 is a method of treating cancer, which classifies the patent as 'Clinical'. The claims detail specific patient populations and types of cancer treated.",096-258-613-852-355
Clinical,,,['prostate cancer'],[],"Claim 1 describes a pharmaceutical combination for use in the treatment of prostate cancer, making it a method-of-treatment claim. The focus is on the clinical application rather than the composition of the components.",112-029-022-066-140
Clinical,,,['pancreatic cancer'],[],"Claim 1 is a method for altering a tumor microbiome, which is a method-of-treatment claim. The primary inventive concept is focused on treatment methods rather than a composition or manufacturing process.",106-699-134-831-105
Clinical,,,['solid tumors'],['subjects with HER2 alterations'],"Claim 1 is a method for treating solid tumors with a combination of tucatinib and an anti-HER2 antibody, classifying it as a Clinical patent.",123-523-629-350-87X
Composition,,,[],[],"Claim 1 describes a compound with a specific structure, classifying it as a 'Composition'. Although there are method-of-treatment claims later, the broadest independent claim is directed to the molecule itself.",119-675-245-616-809
Clinical,,,"['squamous cell carcinoma', 'basal cell carcinoma']",[],"Claim 1 is a method of treating skin cancers, specifically isSCC and BCC, which classifies the patent as 'Clinical'. The focus is on treatment methods rather than compositions or manufacturing processes.",134-545-875-913-830
Clinical,,,"['cancer', 'immune dysfunction']",[],"Claim 1 is a method of treating cancer, which classifies the patent as 'Clinical'. The primary inventive concept is a method of treatment rather than a composition or manufacturing process.",192-702-482-807-295
Clinical,,,"['lung cancer', 'extensive stage small cell lung cancer']",[],"Claim 55 is a method of treating extensive stage small cell lung cancer, which classifies the patent as Clinical. The focus is on the treatment method rather than a composition or manufacturing process.",146-501-038-971-823
Composition,Full ADC,,[],[],"Claim 1 describes a nucleic acid composition encoding a chimeric antigen receptor (CAR) and an SHP inhibitor, which classifies it as a 'Composition'. The presence of the CAR indicates a defined therapeutic construct, aligning with the 'Full ADC' subtype.",160-522-169-701-532
Clinical,,,['cancer'],[],"Claim 1 is a method of treating cancer, which classifies the patent as 'Clinical'. There are no claims directed to a specific molecule or composition in the broadest independent claim.",161-920-611-778-875
Clinical,,,['HER2 positive cancer'],[],"Claim 1 is a method of treating HER2 positive cancer, which classifies the patent as 'Clinical'. There are no claims directed to a molecule or composition.",149-545-384-344-981
Composition,Unconjugated Antibody,,"[""non-Hodgkin's lymphoma"", 'chronic lymphocytic leukemia', 'acute lymphoblastic leukemia']",[],"Claim 1 describes a combination of an anti-CD19 antibody and a nitrogen mustard, classifying it as a 'Composition' since it claims a molecule (the antibody). The antibody is not covalently attached to a drug, thus it is classified as 'Unconjugated Antibody'.",078-010-246-823-867
Composition,,,[],[],"Claim 1 is directed to a pharmaceutical composition that increases the function of oxidative phosphorylation in T cells, classifying it as a 'Composition'. Although there are method-of-treatment claims later, the broadest independent claim focuses on the composition itself.",157-938-663-287-091
Composition,,,[],[],"Claim 1 describes a nanoparticle comprising specific components, classifying it as a 'Composition'. There are no claims that primarily focus on treatment methods in the independent claims.",186-874-186-667-041
Composition,,,[],[],"Claim 1 describes an NK cell fraction, which is a composition of cells rather than a method of treatment or manufacturing process. Therefore, it is classified as 'Composition'.",005-382-031-934-286
Clinical,,,['neuroblastoma'],['patients diagnosed with high-risk neuroblastoma who have demonstrated at least a partial response to prior therapy'],"Claim 1 is a method for treating neuroblastoma, specifically focusing on a treatment regimen for a defined patient population, thus classifying it as Clinical.",008-729-540-121-274
Clinical,,,['cancer'],[],"Claim 1 is a method for treating cancer, which classifies the patent as 'Clinical'. The focus is on the treatment method rather than a specific composition or manufacturing process.",018-404-900-689-291
Clinical,,,"['breast cancer', 'colorectal cancer', 'glioblastoma', 'lung cancer', 'melanoma', 'pancreatic cancer', 'prostate cancer', 'renal cell carcinoma', 'thyroid tumors', 'gastric cancer', 'ovarian cancer', 'lymphomas', 'hematologic malignancies', 'myelodysplastic syndrome', 'acute myelogenous leukemia', 'myeloma', 'sarcoma', 'bladder cancer']",[],"Claim 1 is a method of treating cancer, which classifies the patent as 'Clinical'. The diseases listed in the claim are explicitly mentioned as part of the treatment method.",018-803-250-474-237
Composition,Unconjugated Antibody,,[],[],"Claim 1 describes a fusion protein comprising an antigen-binding molecule and a streptavidin variant, which classifies it as a composition. The fusion protein does not indicate any covalent attachment to a non-antibody payload, thus it is classified as an Unconjugated Antibody.",050-796-714-419-680
Clinical,,,['cancer'],[],"Claim 1 is a method of treating cancer, which classifies the patent as 'Clinical'. No specific patient populations are mentioned in the claim.",057-517-556-692-875
Clinical,,,['cancer'],['mammalian subject'],"Claim 17 is a method of treatment for cancer, making it the primary inventive concept. The claims focus on the administration of an anti-CCR9 antibody and chemotherapeutic agents, which classifies the patent as Clinical.",149-112-236-673-915
Clinical,,,['cancer'],[],"Claim 1 is a method of treating cancer, which classifies the patent as 'Clinical'. There are no claims directed to a specific molecule or composition.",138-627-429-723-193
Clinical,,,['solid cancerous tumors'],[],"Claim 1 is a method for treating solid cancerous tumors, which classifies the patent as 'Clinical'. The focus is on the treatment method rather than a specific composition or manufacturing process.",175-600-136-827-775
Clinical,,,['tumor'],[],"Claim 1 is a method of treatment involving a vascular inhibitor for tumor treatment, classifying the patent as Clinical.",159-281-633-850-68X
Clinical,,,['cancer'],[],"Claim 37 is a method for increasing DC-mediated T cell priming, which qualifies as a method-of-treatment claim. The primary inventive concept revolves around the treatment of cancer using combination therapies.",158-368-390-963-588
Clinical,,,"['cancer', 'non-cancerous proliferative cell disorder']",['subject in need thereof'],"Claim 1 is a method for treating a disease characterized by aberrant cell growth, which classifies it as a Clinical patent type. The focus is on treatment methods rather than specific compositions.",150-051-869-288-346
Clinical,,,['hearing loss'],[],"Claim 1 describes a regimen for restoring hearing, which qualifies it as a method of treatment. The primary inventive concept is focused on clinical use rather than a composition or manufacturing process.",168-168-300-001-307
Clinical,,,['tumor'],[],"Claim 21 is a method for preventing or treating a tumor, which classifies the patent as 'Clinical'. The primary inventive concept is a method of treatment rather than a composition.",191-523-089-067-489
Clinical,,,['multiple myeloma'],[],"Claim 1 is a method of treatment for multiple myeloma, which classifies the patent as 'Clinical'. There are no claims directed to a molecule or composition.",148-601-847-745-042
Clinical,,,['non-Hodgkin lymphoma'],[],"Claim 1 is a method of treating non-Hodgkin lymphoma, which classifies the patent as 'Clinical'. There are no claims directed to a specific molecule or composition in the first independent claim.",010-114-145-219-600
Clinical,,,['solid malignant tumor'],[],"The broadest independent claim (Claim 7) is a method of treating a solid malignant tumor, classifying the patent as 'Clinical'. No composition claims are present in the independent claims.",023-684-611-870-852
Composition,Conjugated Antibody,,[],[],"Claim 1 describes a conjugate that includes an antibody covalently attached to a drug, classifying it as a 'Conjugated Antibody'. The primary inventive concept is the composition of the conjugate itself, not a method of treatment.",017-401-270-741-496
Composition,,,[],[],"Claim 1 describes a composition comprising specific agents and polypeptides loaded into platelets, which classifies it as a 'Composition'. There are no method-of-treatment claims in Claim 1, and thus it does not fall under 'Clinical'.",029-151-897-099-691
Clinical,,,['melanoma'],['human individual with melanoma comprising a V600E mutation in BRAF'],"Claim 1 is a method of treating melanoma, which classifies the patent as 'Clinical'. The composition mentioned is part of the treatment method, not the primary inventive concept.",018-339-116-763-269
Clinical,,,"['cancer', 'pancreatic ductal adenocarcinoma', 'non-small cell lung cancer', 'colorectal cancer', 'melanoma', 'gastrointestinal stromal tumors', 'advanced gastrointestinal stromal tumor']","['patients in need thereof', 'patients with KRAS G12C mutation', 'patients previously administered at least one tyrosine kinase inhibitor']","Claim 1 is a method of treating cancer, which classifies the patent as 'Clinical'. The claims detail specific cancers and patient populations, supporting this classification.",030-361-123-472-30X
Composition,,,[],[],"Claim 1 describes a pharmaceutical combination comprising various receptor antagonists and agonists, which classifies it as a 'Composition'. There are no claims directed to a method of treatment in the broadest independent claim.",061-352-414-000-986
Composition,,,[],[],"Claim 1 claims an antitumor agent comprising a specific chemical compound, classifying it as a 'Composition'. Although treatment methods are mentioned in later claims, the broadest independent claim is directed to the molecule itself.",076-457-447-682-851
Clinical,,,['lung cancer'],[],"Claim 1 is a method of treating lung cancer, which classifies the patent as 'Clinical'. The focus is on the treatment method rather than a specific composition or manufacturing process.",081-233-568-144-978
Clinical,,,['EGFR gene mutation-positive lung cancer'],[],"Claim 1 is a method for treating EGFR gene mutation-positive lung cancer, which classifies the patent as 'Clinical'. There are no claims directed to a specific molecule or composition.",127-871-100-294-149
Clinical,,,['B cell lymphoma'],[],"Claim 1 is a method for treating B cell lymphoma, which classifies the patent as 'Clinical'. There are no claims directed to a molecule or composition.",142-431-486-935-037
Composition,Full ADC,,[],[],"Claim 1 describes a system comprising a conjugate of a targeting ligand covalently linked to a payload drug, indicating a defined therapeutic construct. This aligns with the 'Full ADC' classification as it involves a covalent attachment of a drug to a targeting ligand.",138-663-297-672-432
Clinical,,,['cancer'],['patients who have failed in previous treatment of the cancer by using a cell therapy product'],"Claim 59 is a method for treating cancer, which classifies the patent as 'Clinical'. The focus is on the treatment method rather than a composition or manufacturing process.",146-638-664-561-95X
Composition,,,[],[],"Claim 1 is directed to a tumor antigen peptide, which classifies it as a 'Composition'. There are no claims that primarily focus on treatment methods or manufacturing processes.",157-004-471-423-299
Composition,Full ADC,,[],[],"Claim 1 explicitly claims an antibody-drug conjugate (ADC) with a defined structural formula, which includes an antibody, linker, and cytotoxic drug, classifying it as a 'Full ADC'. There are no method-of-treatment claims in the broadest independent claim.",173-927-298-272-815
Composition,,,[],[],"Claim 1 is directed to a composition comprising metabolites, which classifies it as a 'Composition'. There are no claims that primarily focus on treatment methods or manufacturing processes.",192-726-145-178-72X
Composition,Unconjugated Antibody,,[],[],"Claim 1 describes a medicinal product comprising a HER2 inhibitor and a CDK inhibitor, which includes a bispecific antibody. Since it does not claim a covalently attached payload, it is classified as an Unconjugated Antibody under Composition.",112-223-470-462-621
CMC,,Conjugation Method,[],[],"Claim 1 is directed to a method of producing an antibody-drug conjugate, which primarily focuses on the manufacturing process of the ADC rather than the composition of the ADC itself or a method of treatment.",098-651-403-196-496
Clinical,,,"['cancer', 'breast cancer']",[],"Claim 1 is a method of treating cancer, which classifies the patent as 'Clinical'. The specific indication of breast cancer is explicitly mentioned in the claims.",180-634-378-182-347
Clinical,,,"['lung cancer', 'breast cancer', 'glioma', 'colorectal cancer', 'uterine cancer', 'ovarian cancer', 'prostate cancer', 'gastric cancer', 'brain cancer', 'multiple myeloma', 'childhood cancer', 'rectal cancer', 'colon cancer', 'thyroid cancer', 'oral cancer', 'pharyngeal cancer', 'laryngeal cancer', 'bladder cancer', 'kidney cancer', 'liver cancer', 'pancreatic cancer', 'bone cancer', 'skin cancer']",[],"Claim 1 is a method for preventing or treating cancer, which classifies the patent as 'Clinical'. The clinical indications are explicitly listed in the claims as diseases targeted by the treatment method.",024-536-171-654-807
Composition,,,[],[],"Claim 1 describes a chimpanzee adenovirus vector comprising a neoantigen cassette, which is a defined construct. This falls under the 'Composition' category as it claims a molecule rather than a method of treatment.",112-235-532-904-711
