ror1_flag,ror1_confidence,ror1_reasoning,b7h3_flag,b7h3_confidence,b7h3_reasoning,topo1_flag,topo1_confidence,topo1_reasoning,bispecific_flag,bispecific_reasoning,competitor_flag,competitor_reasoning,lens_id,error
False,none,"The claims focus on antibodies targeting DLL3, with no mention of ROR1 or related characteristics.",False,none,The claims do not mention B7-H3 or any related characteristics. They are specific to DLL3 targeting.,False,none,There is no mention of topoisomerase I inhibitors or related payloads in the claims.,True,"The claims describe bispecific antibodies targeting DLL3 and CD3, but neither target is ROR1 or B7-H3.",False,"The patent does not target ROR1, B7-H3, or involve a topoisomerase I inhibitor payload. The bispecific nature does not involve relevant targets.",039-300-232-515-637,
False,none,The claims do not mention ROR1 or any characteristics associated with ROR1 targeting.,False,none,The claims do not mention B7-H3 or any characteristics associated with B7-H3 targeting.,False,none,The claims do not specify a topoisomerase I inhibitor or any related structural or functional characteristics.,False,The claims do not describe a bispecific or multispecific antibody construct.,False,"The patent claims are specific to an anti-HER2 ADC and do not cover ROR1, B7-H3, or topoisomerase I inhibitor payloads. Therefore, it does not pose a competitive risk to the ADC program targeting these elements.",094-825-731-979-424,
False,none,"The claims do not mention ROR1 or any characteristics specifically associated with ROR1 targeting, such as involvement in Wnt5a signaling or expression in CLL or mantle cell lymphoma.",False,none,"The claims do not mention B7-H3, CD276, or any specific characteristics of B7-H3 targeting, such as being a 4Ig B7 family member or overexpression in specific cancers.",False,none,"The claims specify tubulysin or auristatin as the drug units, with no mention of topoisomerase I inhibitors or related compounds like camptothecin derivatives.",False,The claims do not describe any bispecific or multispecific antibody constructs.,False,"None of the criteria for ROR1, B7-H3, or topoisomerase I inhibitor payloads are met with medium or high confidence, and there are no bispecific constructs described. Therefore, the patent does not pose a competitive risk to the ADC program targeting these specific elements.",064-424-066-709-583,
False,none,The claims focus on an anti-TROP2 antibody-drug conjugate and do not mention ROR1 or any related characteristics.,False,none,The claims are specific to TROP2 targeting and do not reference B7-H3 or any related characteristics.,False,none,The claims do not specify a topoisomerase I inhibitor or any related compounds as the payload.,False,There is no mention of bispecific or multispecific constructs in the claims.,False,"The patent claims are specific to TROP2 targeting and do not involve ROR1, B7-H3, or a topoisomerase I inhibitor payload, thus posing no competitive risk to the ADC program targeting these elements.",186-558-921-944-814,
False,none,"The claims do not mention ROR1, orphan receptor tyrosine kinases, or any related signaling pathways. The focus is on an androgen receptor modulator for prostate cancer treatment.",False,none,"There is no mention of B7-H3, CD276, or any related B7 family members in the claims. The patent is centered on androgen receptor modulation.",False,none,The claims do not reference topoisomerase I inhibitors or any related payloads. The focus is on a specific androgen receptor modulator compound.,False,The claims do not describe any bispecific or multispecific antibody constructs.,False,"The patent does not pose a competitive risk to an ADC program targeting ROR1, B7-H3, or using a topoisomerase I inhibitor payload, as it is focused on an androgen receptor modulator for prostate cancer.",075-145-950-118-300,
False,none,"The claims do not mention ROR1 or any characteristics specific to ROR1 targeting, such as Wnt5a signaling or expression in CLL.",False,none,"There is no mention of B7-H3, CD276, or any specific characteristics of B7-H3 targeting in the claims.",False,none,"The claims focus on maytansinoid derivatives, which are not related to topoisomerase I inhibitors. There is no mention of camptothecin or related topoisomerase I inhibitors.",False,The claims do not describe any bispecific or multispecific antibody constructs.,False,"None of the criteria for ROR1, B7-H3, or topoisomerase I inhibitor payloads are met with medium or high confidence. The patent does not pose a competitive risk to the ADC program targeting these specific elements.",079-324-326-110-937,
False,none,"The claims do not mention ROR1 or any characteristics specific to ROR1 targeting, such as involvement in Wnt5a signaling or expression in CLL.",False,none,"The claims do not mention B7-H3, CD276, or any characteristics specific to B7-H3 targeting, such as being a 4Ig B7 family member.",True,high,"The claims focus on formulations of FL118, which is known to be a topoisomerase I inhibitor, thus directly supporting the presence of a topoisomerase I inhibitor payload.",False,The claims do not describe any bispecific or multispecific antibody constructs.,True,The high confidence in the presence of a topoisomerase I inhibitor payload in the claims indicates a competitive risk to ADC programs using similar payloads.,106-587-702-968-526,
False,none,"The claims do not mention ROR1 or any characteristics specific to ROR1 targeting, such as involvement in Wnt5a signaling or expression in CLL.",False,none,"There is no mention of B7-H3, CD276, or any related characteristics in the claims. The claims focus on a complex involving an anti-cotinine antibody.",False,none,The claims do not reference any topoisomerase I inhibitors or related payloads. The focus is on a cotinine-antibody complex for assay methods.,False,The claims do not describe any bispecific or multispecific antibodies. The invention is centered on a complex involving an anti-cotinine antibody.,False,"None of the claims relate to ROR1, B7-H3, or topoisomerase I inhibitors. The patent does not pose a competitive risk to the ADC program targeting these elements.",107-703-317-876-109,
False,none,"The claims focus exclusively on specific binding members targeting EGFR, with no mention or implication of ROR1 or related characteristics.",False,none,"There is no mention of B7-H3, CD276, or any related characteristics in the claims, which are specific to EGFR binding.",False,none,The claims do not mention any topoisomerase I inhibitors or related payloads; they focus on EGFR binding members.,False,The claims do not describe any bispecific or multispecific antibodies; they are specific to EGFR binding members.,False,"The patent claims are specific to EGFR binding members and do not mention ROR1, B7-H3, or topoisomerase I inhibitors, thus posing no competitive risk to the ADC program targeting these elements.",152-059-136-452-443,
False,none,"The claims do not mention ROR1 or any characteristics specific to ROR1 targeting, such as involvement in Wnt5a signaling or expression in CLL.",False,none,"The claims do not mention B7-H3, CD276, or any specific characteristics of B7-H3 targeting, such as being a 4Ig B7 family member.",False,none,The claims do not mention topoisomerase I inhibitors or any specific payloads related to topoisomerase I inhibition.,False,The claims do not describe any bispecific or multispecific antibody constructs.,False,"None of the criteria for ROR1, B7-H3, or topoisomerase I inhibitor payloads are met with medium or high confidence, and there are no bispecific constructs described.",011-388-852-098-320,
False,none,"The claims do not mention ROR1 or any characteristics specific to ROR1 targeting, such as Wnt5a signaling or expression in CLL.",False,none,"The claims do not mention B7-H3, CD276, or any specific characteristics of B7-H3 targeting.",False,none,The claims do not mention topoisomerase I inhibitors or any specific compounds or mechanisms associated with topoisomerase I inhibition.,False,The claims do not describe any bispecific or multispecific antibody constructs.,False,"None of the criteria for ROR1, B7-H3, or topoisomerase I inhibitor payloads are met with medium or high confidence, and there are no bispecific constructs described. Therefore, the patent does not pose a competitive risk to the ADC program targeting these elements.",032-455-867-002-052,
False,none,"The claims do not mention ROR1 or any characteristics specifically associated with ROR1 targeting, such as Wnt5a signaling or expression in CLL or mantle cell lymphoma.",False,none,"The claims do not mention B7-H3, CD276, or any specific characteristics of B7-H3 targeting, such as being a 4Ig B7 family member.",False,none,"The claims specify a splicing modulator as the payload, not a topoisomerase I inhibitor. There is no mention of camptothecin derivatives or topoisomerase I inhibition.",False,The claims do not describe any bispecific or multispecific antibody constructs.,False,"None of the criteria for ROR1, B7-H3, or topoisomerase I inhibitor payloads are met with medium or high confidence. The patent does not pose a competitive risk to the ADC program targeting these specific elements.",139-361-532-934-31X,
False,none,"The claims do not mention ROR1 or any specific characteristics associated with ROR1 targeting, such as Wnt5a signaling or expression in specific cancers.",False,none,"The claims do not mention B7-H3, CD276, or any specific characteristics associated with B7-H3 targeting, such as its expression profile in various cancers.",False,none,The claims do not mention topoisomerase I inhibitors or any specific payloads related to topoisomerase I inhibition.,False,The claims do not describe bispecific or multispecific antibodies targeting ROR1 or B7-H3.,False,"There is no indication in the claims of targeting ROR1, B7-H3, or using a topoisomerase I inhibitor payload. Therefore, this patent does not pose a competitive risk to the ADC program targeting these elements.",168-351-691-230-523,
False,none,"The claims do not mention ROR1 or any characteristics specifically associated with ROR1, such as involvement in Wnt5a signaling or expression in CLL or mantle cell lymphoma.",True,high,"The claims explicitly mention antibodies targeting B7-H3, including specific antibodies like enoblituzumab and mirzotamab, which are known to bind B7-H3.",True,high,"The claims explicitly mention DNA topoisomerase I inhibitors, including camptothecin-type bioactive molecules, which are well-known topoisomerase I inhibitors.",False,"While the claims mention multispecific antibodies, there is no indication that these constructs specifically target both ROR1 and B7-H3.",True,"The patent poses a competitive risk due to high confidence in claims targeting B7-H3 and using topoisomerase I inhibitor payloads, which are relevant to the ADC program.",159-685-043-084-12X,
False,none,"The claims do not mention ROR1 or any characteristics specific to ROR1 targeting, such as involvement in Wnt5a signaling or expression in CLL or mantle cell lymphoma.",False,none,"The claims do not mention B7-H3, CD276, or any characteristics specific to B7-H3 targeting, such as being a 4Ig B7 family member or overexpression in specific solid tumors.",False,none,"The claims focus on alpha polyglutamated pralatrexate and liposomal formulations, with no mention of topoisomerase I inhibitors or related payloads.",False,The claims do not describe any bispecific or multispecific antibody constructs.,False,"The patent does not pose a competitive risk to an ADC program targeting ROR1, B7-H3, or using a topoisomerase I inhibitor payload, as none of these elements are addressed in the claims.",012-610-528-009-526,
False,none,The claims are specific to anti-CD22 antibody conjugates and do not mention ROR1 or any related characteristics.,False,none,The claims focus on anti-CD22 antibody conjugates and do not mention B7-H3 or any related characteristics.,False,none,"The payload described in the claims is maytansine, which is not a topoisomerase I inhibitor. There is no mention of topoisomerase I inhibitors or related compounds.",False,The claims do not describe any bispecific or multispecific antibody constructs.,False,"The patent claims are specific to anti-CD22 antibody-maytansine conjugates and do not involve ROR1, B7-H3, or topoisomerase I inhibitor payloads. Therefore, it does not pose a competitive risk to the ADC program targeting these elements.",093-295-273-454-628,
False,none,"The claims do not mention ROR1 or any characteristics specifically associated with ROR1 targeting, such as Wnt5a signaling or expression in CLL.",False,none,"The claims do not mention B7-H3, CD276, or any specific characteristics of B7-H3 targeting, such as being a 4Ig B7 family member.",False,none,"The claims do not specify a topoisomerase I inhibitor or any related compounds like camptothecin derivatives. The focus is on benzodiazepine derivatives, which are not related to topoisomerase I inhibition.",False,There are no claims describing bispecific or multispecific antibodies targeting ROR1 or B7-H3.,False,"None of the criteria for ROR1, B7-H3, or topoisomerase I inhibitor payloads are met with medium or high confidence, and there are no bispecific constructs described. Therefore, this patent does not pose a competitive risk to the ADC program targeting these elements.",116-872-710-656-827,
False,none,"The claims do not mention ROR1 or any characteristics specifically associated with ROR1 targeting, such as involvement in Wnt5a signaling or expression in CLL or mantle cell lymphoma.",False,none,"The claims do not mention B7-H3, CD276, or any specific characteristics of B7-H3 targeting, such as being a 4Ig B7 family member or overexpression in specific cancers.",False,none,"The claims do not explicitly mention a topoisomerase I inhibitor or any specific compounds like DXd, SN-38, or camptothecin derivatives. The payload described does not match known topoisomerase I inhibitors.",False,The claims do not describe any bispecific or multispecific antibody constructs.,False,"None of the criteria for ROR1, B7-H3, or topoisomerase I inhibitor payloads are met with medium or high confidence. Therefore, the patent does not pose a competitive risk to the ADC program targeting these elements.",040-070-331-678-815,
False,none,"The claims do not mention ROR1, orphan receptor tyrosine kinases, or any specific characteristics associated with ROR1 targeting.",False,none,"The claims do not mention B7-H3, CD276, or any specific characteristics associated with B7-H3 targeting.",True,high,"The claims explicitly list SN-38 and camptothecin, which are known topoisomerase I inhibitors, as potential payloads for the disaccharide-small molecule drug conjugate.",False,The claims do not describe any bispecific or multispecific antibody constructs.,True,The patent poses a competitive risk due to the high confidence in the inclusion of topoisomerase I inhibitors as payloads in the claimed ADC constructs.,191-512-782-583-533,
False,none,"The claims do not mention ROR1 or any characteristics specifically associated with ROR1 targeting, such as Wnt5a signaling or expression in CLL or mantle cell lymphoma.",True,high,"Claim 26 explicitly mentions an antibody targeting B7-H3, which is also known as CD276, indicating a high confidence in B7-H3 targeting.",True,high,"The claims describe a ligand-drug conjugate with an exatecan analogue, which is a known topoisomerase I inhibitor, providing high confidence in the use of a topoisomerase I inhibitor payload.",False,The claims do not describe a bispecific or multispecific antibody construct.,True,The patent poses a competitive risk due to high confidence in both B7-H3 targeting and the use of a topoisomerase I inhibitor payload.,045-874-388-992-261,
False,none,The claims do not mention ROR1 or any characteristics specific to ROR1 targeting. The focus is solely on B7-H3 targeting.,True,high,"The claims explicitly describe antibody drug conjugates capable of binding to human B7H3, with specific sequences provided for the antibodies. This directly supports B7-H3 targeting.",True,high,"The claims mention a cytotoxic agent, such as an exatecan analogue, which is a known topoisomerase I inhibitor. This supports the use of a topoisomerase I inhibitor payload.",False,The claims do not describe any bispecific or multispecific antibody constructs.,True,"The patent poses a competitive risk due to high confidence in both B7-H3 targeting and the use of a topoisomerase I inhibitor payload, which are relevant to the ADC program in question.",056-606-472-237-507,
False,none,The claims are specific to anti-CD123 antibodies and do not mention ROR1 or any related characteristics.,False,none,The claims focus on anti-CD123 antibodies and do not reference B7-H3 or any related features.,False,none,"The payload described in the claims is a KSP inhibitor, not a topoisomerase I inhibitor or related compounds.",False,The claims do not describe any bispecific or multispecific antibody constructs.,False,"The patent claims are specific to anti-CD123 ADCs with KSP inhibitor payloads, which do not overlap with ROR1, B7-H3, or topoisomerase I inhibitor ADCs.",018-400-967-156-379,
True,high,"Claim 10 explicitly lists ROR1 as a binding target for the antibody-drug conjugate, providing high confidence in ROR1 targeting.",True,high,"Claim 10 explicitly lists B7H3 as a binding target for the antibody-drug conjugate, providing high confidence in B7-H3 targeting.",True,high,"Claim 28 specifies that the drug conjugate can include a DNA topoisomerase inhibitor, and claim 29 lists specific topoisomerase I inhibitors such as irinotecan and SN-38, providing high confidence in topoisomerase I inhibitor payload.",False,"The claims do not describe a bispecific or multispecific antibody construct, so the bispecific flag is set to false.",True,"The patent poses a competitive risk due to high confidence in targeting ROR1, B7-H3, and using a topoisomerase I inhibitor payload, meeting the criteria for setting the competitor flag to true.",132-370-947-693-650,
False,none,"The claims do not mention ROR1 or any characteristics specifically associated with ROR1 targeting, such as involvement in Wnt5a signaling or expression in CLL.",True,high,"Claim 8 explicitly mentions an anti-B7-H3 antibody, and claim 19 provides detailed sequence information for the B7-H3 antibody, confirming specific targeting of B7-H3.",False,none,The claims do not specify a topoisomerase I inhibitor payload or any related compounds such as camptothecin derivatives.,False,The claims do not describe a bispecific or multispecific antibody construct.,True,The high confidence in B7-H3 targeting through explicit claim language and sequence information indicates a competitive risk to ADC programs targeting B7-H3.,186-065-986-278-175,
False,none,"The claims do not mention ROR1 or any characteristics associated with ROR1 targeting, such as Wnt5a signaling or expression in specific cancers.",False,none,"There is no mention of B7-H3, CD276, or any related characteristics in the claims.",False,none,The claims do not specify any topoisomerase I inhibitors or related payloads such as camptothecin derivatives.,False,The claims describe heterobifunctional molecules but do not specify bispecific antibodies targeting ROR1 or B7-H3.,False,"The patent does not pose a competitive risk to an ADC program targeting ROR1, B7-H3, or using a topoisomerase I inhibitor payload, as none of these elements are claimed.",031-585-595-777-709,
False,none,"The claims focus exclusively on antibodies targeting IGF-1R, with no mention or implication of ROR1 or related receptor characteristics.",False,none,"There is no mention of B7-H3, CD276, or any related characteristics in the claims, which are specific to IGF-1R targeting antibodies.",False,none,"The claims do not mention any payloads, including topoisomerase I inhibitors or related compounds. The focus is solely on IGF-1R antibodies.",False,The claims do not describe any bispecific or multispecific antibody constructs; they are specific to IGF-1R targeting.,False,"The patent claims are specific to IGF-1R targeting antibodies and do not overlap with ROR1, B7-H3, or topoisomerase I inhibitor payloads. Therefore, it poses no competitive risk to the ADC program targeting these elements.",005-927-242-002-144,
True,high,"The claims explicitly mention ROR1 as a target for the ligand-drug conjugate, specifically in claim 18 and 19, which describe the ligand unit Pc as an antibody or antigen-binding fragment that specifically binds to ROR1.",False,none,"There is no mention of B7-H3 or CD276 in the claims, nor any description that matches the criteria for B7-H3 targeting.",True,high,"The claims describe a drug unit D that includes camptothecin derivatives, which are known topoisomerase I inhibitors, as indicated in the title and abstract.",False,The claims do not describe a bispecific or multispecific antibody construct; they focus on a single ligand-drug conjugate targeting specific antigens.,True,"The patent poses a competitive risk due to high confidence in both ROR1 targeting and the use of a topoisomerase I inhibitor payload, which aligns with the ADC program's focus.",003-991-167-855-385,
False,none,"The claims are specific to an antibody that binds to CD22, with no mention or implication of ROR1 targeting.",False,none,"The claims focus on CD22 binding antibodies, with no reference to B7-H3 or related characteristics.",False,none,There is no mention of topoisomerase I inhibitors or related payloads in the claims.,False,The claims do not describe any bispecific or multispecific antibody constructs.,False,"The patent claims are specific to CD22 targeting with no overlap in targeting ROR1, B7-H3, or using a topoisomerase I inhibitor payload, thus posing no competitive risk to the ADC program.",042-184-371-832-31X,
False,none,"The claims do not mention ROR1 or any characteristics specific to ROR1 targeting, such as involvement in Wnt5a signaling or expression in specific cancers.",False,none,"The claims do not mention B7-H3, CD276, or any characteristics specific to B7-H3 targeting, such as overexpression in certain solid tumors.",False,none,"The claims focus on a specific chemical compound and its formulation, with no mention of topoisomerase I inhibitors or related payloads.",False,There are no claims describing bispecific or multispecific antibodies targeting ROR1 or B7-H3.,False,"The patent claims do not cover ROR1, B7-H3, or topoisomerase I inhibitor payloads, and there are no bispecific constructs involving these targets. Therefore, it does not pose a competitive risk to the ADC program.",044-550-013-013-189,
False,none,"The claims do not mention ROR1 or any specific characteristics associated with ROR1 targeting, such as Wnt5a signaling or expression in CLL.",False,none,"The claims do not mention B7-H3, CD276, or any specific characteristics associated with B7-H3 targeting.",True,high,"The claims explicitly list camptothecin and irinotecan, which are known topoisomerase I inhibitors, as potential payloads for the ADC.",False,"The claims mention bispecific antibodies but do not specify ROR1 or B7-H3 as targets, nor do they provide sufficient detail to infer such targeting.",True,"The patent poses a competitive risk due to the high confidence in the inclusion of topoisomerase I inhibitors as payloads, which aligns with the ADC program's focus.",015-287-030-286-851,
False,none,The claims do not mention ROR1 or any characteristics specific to ROR1 targeting.,False,none,The claims do not mention B7-H3 or any characteristics specific to B7-H3 targeting.,False,none,The claims do not mention topoisomerase I inhibitors or any specific payloads related to topoisomerase I inhibition.,False,The claims do not describe any bispecific or multispecific antibody constructs.,False,"None of the criteria for ROR1, B7-H3, or topoisomerase I inhibitor payloads are met with medium or high confidence, and no bispecific constructs are described. Therefore, this patent does not pose a competitive risk to the ADC program targeting these elements.",022-405-589-002-854,
False,none,"The claims do not mention ROR1 or any characteristics specifically associated with ROR1 targeting, such as orphan receptor tyrosine kinase with Wnt5a involvement or expression in CLL.",False,none,"The claims do not mention B7-H3, CD276, or any specific characteristics of B7-H3 targeting. The tumor-associated antigens listed do not include B7-H3.",True,high,"Claim 4 explicitly includes 'topoisomerase inhibitor' as a type of chemical anticancer agent, which directly supports the presence of a topoisomerase I inhibitor payload.",False,The claims do not describe any bispecific or multispecific antibody constructs.,True,"The presence of a topoisomerase I inhibitor payload in the claims poses a competitive risk to ADC programs using similar payloads, despite the absence of ROR1 or B7-H3 targeting.",022-153-350-704-661,
False,none,"The claims do not mention ROR1 or any characteristics specific to ROR1 targeting, such as Wnt5a signaling or expression in CLL.",False,none,"The claims do not mention B7-H3, CD276, or any specific characteristics of B7-H3 targeting.",False,none,"The claims focus on compositions involving a 3E10 antibody and mRNA, with no mention of topoisomerase I inhibitors or related payloads.",False,"While the claims mention bispecific antibodies, there is no indication that one arm targets ROR1 or B7-H3.",False,"None of the criteria for ROR1, B7-H3, or topoisomerase I inhibitor payloads are met with medium or high confidence, and the bispecific constructs do not involve these targets.",018-388-239-013-661,
False,none,"The claims do not mention ROR1 or any characteristics specifically associated with ROR1 targeting, such as Wnt5a signaling or expression in CLL.",True,high,"The claims explicitly mention an anti-B7H3 antibody, which directly targets B7-H3 (CD276).",True,high,"The claims describe compounds with structures consistent with known topoisomerase I inhibitors, such as camptothecin derivatives, indicating a topoisomerase I inhibitor payload.",False,The claims do not describe any bispecific or multispecific antibody constructs.,True,The patent poses a competitive risk due to high confidence in both B7-H3 targeting and topoisomerase I inhibitor payload claims.,040-216-635-368-073,
False,none,The claims focus on anti-LY6H antibodies and do not mention ROR1 or any related characteristics such as Wnt5a signaling or expression in CLL or mantle cell lymphoma.,False,none,"The claims are specific to LY6H and do not mention B7-H3, CD276, or any related characteristics of the B7 family.",False,none,The claims do not specify any topoisomerase I inhibitors or related payloads such as camptothecin derivatives.,False,The claims do not describe any bispecific or multispecific antibody constructs.,False,"The patent claims are specific to LY6H-targeting antibodies and do not overlap with ROR1, B7-H3, or topoisomerase I inhibitor payloads, indicating no competitive risk to the ADC program targeting these elements.",065-446-278-530-060,
False,none,The claims focus exclusively on anti-CD38 antibodies and do not mention ROR1 or any related characteristics.,False,none,"There is no mention of B7-H3, CD276, or any related characteristics in the claims.",False,none,The claims do not mention any topoisomerase I inhibitors or related payloads.,False,The claims do not describe any bispecific or multispecific antibodies.,False,"The patent claims are specific to anti-CD38 antibodies and do not relate to ROR1, B7-H3, or topoisomerase I inhibitor payloads, posing no competitive risk to the ADC program targeting these elements.",060-037-976-715-880,
False,none,"The claims do not mention ROR1 or any characteristics specific to ROR1, such as involvement in Wnt5a signaling or expression in CLL or mantle cell lymphoma.",False,none,"The claims do not mention B7-H3, CD276, or any specific characteristics of B7-H3, such as being a 4Ig B7 family member or overexpression in specific cancers.",False,none,"The claims do not mention topoisomerase I inhibitors or any specific payloads related to topoisomerase I inhibition, such as camptothecin derivatives.",False,"While the claims describe constructs that could potentially be used in bispecific formats, there is no mention of ROR1 or B7-H3 as targets, which are necessary for the bispecific_flag to be true.",False,"None of the criteria for ROR1, B7-H3, or topoisomerase I inhibitor payloads are met with medium or high confidence, and there is no bispecific construct targeting ROR1 or B7-H3. Therefore, the patent does not pose a competitive risk to the ADC program targeting these elements.",082-138-874-995-835,
False,none,"The claims do not mention ROR1 or any characteristics specific to ROR1 targeting, such as involvement in Wnt5a signaling or expression in CLL.",False,none,"The claims do not mention B7-H3, CD276, or any specific characteristics of B7-H3 targeting, such as overexpression in specific solid tumors.",False,none,The claims focus on paclitaxel as the therapeutic agent and do not mention any topoisomerase I inhibitors or related compounds.,False,The claims do not describe any bispecific or multispecific antibody constructs.,False,"None of the claims relate to ROR1, B7-H3, or topoisomerase I inhibitors, and there are no bispecific constructs targeting these antigens. Therefore, there is no competitive risk to the ADC program.",061-514-222-611-810,
False,none,"The claims focus on polypeptides binding to LRP5 and inhibiting Wnt signaling, with no mention of ROR1 or related characteristics.",False,none,"There is no mention of B7-H3, CD276, or related characteristics in the claims. The focus is on LRP5-binding polypeptides.",False,none,The claims do not mention any topoisomerase I inhibitors or related payloads. The focus is on polypeptides targeting LRP5.,False,The claims do not describe bispecific or multispecific antibodies targeting ROR1 or B7-H3.,False,"The patent does not pose a competitive risk to an ADC program targeting ROR1, B7-H3, or using a topoisomerase I inhibitor payload, as none of these elements are addressed in the claims.",065-857-609-188-156,
False,none,The claims focus on Fn14 targeting and do not mention ROR1 or any related characteristics.,False,none,"There is no mention of B7-H3, CD276, or related characteristics in the claims.",False,none,The claims do not specify any topoisomerase I inhibitors or related payloads.,False,The claims do not describe any bispecific or multispecific constructs.,False,"The patent claims are specific to Fn14-targeted nanoparticles and do not overlap with ROR1, B7-H3, or topoisomerase I inhibitor payloads, indicating no competitive risk to the ADC program.",069-121-664-813-894,
False,none,The claims do not mention ROR1 or any related characteristics such as orphan receptor tyrosine kinase involvement in Wnt5a signaling or expression in specific cancers.,False,none,"There is no mention of B7-H3, CD276, or any related characteristics in the claims.",False,none,The claims do not reference topoisomerase I inhibitors or any related compounds such as camptothecin derivatives.,False,The claims do not describe any bispecific or multispecific antibody constructs.,False,"None of the criteria for ROR1, B7-H3, or topoisomerase I inhibitor payloads are met, and there are no bispecific constructs described. Therefore, this patent does not pose a competitive risk to the ADC program.",069-089-711-105-886,
False,none,"The claims focus on fibroblast activation protein (FAP) and fibroblast targeting, with no mention of ROR1 or related receptor tyrosine kinases.",False,none,"There is no mention of B7-H3, CD276, or any related B7 family members in the claims. The focus is on FAP and fibroblast targeting.",False,none,The claims do not mention any topoisomerase I inhibitors or related payloads. The focus is on fibroblast targeting and signaling agents like interferons.,False,The claims do not describe bispecific or multispecific antibodies targeting ROR1 or B7-H3. The focus is on FAP targeting agents.,False,"The patent does not pose a competitive risk to an ADC program targeting ROR1, B7-H3, or using a topoisomerase I inhibitor payload, as it focuses on FAP targeting agents.",071-543-401-882-478,
False,none,The claims focus exclusively on anti-CD25 antibodies and do not mention ROR1 or any related characteristics.,False,none,The claims are specific to anti-CD25 antibodies and do not reference B7-H3 or any related features.,False,none,"The claims do not mention any topoisomerase I inhibitors or related payloads, focusing instead on maytansine conjugates.",False,There is no mention of bispecific or multispecific antibodies in the claims.,False,"The patent claims are specific to anti-CD25 antibodies with maytansine payloads and do not overlap with ROR1, B7-H3, or topoisomerase I inhibitor payloads.",073-729-770-707-235,
False,none,"The claims focus on a bispecific antibody targeting HER2 and CD3, with no mention of ROR1 or related characteristics.",False,none,"There is no mention of B7-H3, CD276, or related characteristics in the claims.",False,none,The claims do not mention any topoisomerase I inhibitors or related payloads.,False,"While the claims describe a bispecific antibody, neither arm targets ROR1 or B7-H3.",False,"The patent does not pose a competitive risk to an ADC program targeting ROR1, B7-H3, or using a topoisomerase I inhibitor payload, as none of these elements are claimed.",107-441-200-646-417,
False,none,The claims focus on antibodies targeting Glypican-3 (GPC3) and do not mention ROR1 or any related receptor tyrosine kinase characteristics.,False,none,"The claims are specific to GPC3-targeting antibodies and do not reference B7-H3, CD276, or any related B7 family member characteristics.",False,none,"The claims specify tubulysin as the cytotoxic agent, with no mention of topoisomerase I inhibitors or related compounds.",False,There is no mention of bispecific or multispecific antibody constructs in the claims.,False,"The patent claims are specific to GPC3-targeting antibodies with tubulysin payloads, posing no competitive risk to ADC programs targeting ROR1, B7-H3, or using topoisomerase I inhibitor payloads.",116-679-293-113-404,
False,none,"The claims do not mention ROR1 or any characteristics specific to ROR1 targeting, such as involvement in Wnt5a signaling or expression in CLL.",False,none,"The claims do not mention B7-H3, CD276, or any specific characteristics of B7-H3 targeting, such as its overexpression in certain solid tumors.",False,none,The claims do not mention topoisomerase I inhibitors or any related compounds like camptothecin derivatives.,False,The claims do not describe any bispecific or multispecific antibody constructs.,False,"None of the claims relate to ROR1, B7-H3, or topoisomerase I inhibitors, and there are no bispecific constructs targeting these antigens. Therefore, the patent does not pose a competitive risk to the ADC program.",127-940-157-394-147,
False,none,"The claims do not mention ROR1 or any specific characteristics associated with ROR1 targeting, such as orphan receptor tyrosine kinase involvement in Wnt5a signaling or expression in specific cancers.",False,none,"There is no mention of B7-H3, CD276, or any specific characteristics that would suggest targeting of B7-H3 in the claims.",False,none,The claims do not specify any topoisomerase I inhibitors or related payloads such as camptothecin derivatives or analogs.,False,"While the claims describe bispecific ligands, there is no indication that one arm targets ROR1 or B7-H3, which are necessary for this flag.",False,"None of the criteria for ROR1, B7-H3, or topoisomerase I inhibitor payloads are met with medium or high confidence, and the bispecific constructs do not target these antigens. Therefore, the patent does not pose a competitive risk to the ADC program targeting these specific elements.",120-824-529-557-523,
False,none,"The claims do not mention ROR1 or any characteristics specifically associated with ROR1 targeting, such as Wnt5a signaling or expression in CLL.",False,none,"The claims do not mention B7-H3, CD276, or any specific characteristics of B7-H3 targeting, such as being a 4Ig B7 family member.",False,none,"The claims do not specify any topoisomerase I inhibitors or related compounds such as camptothecin derivatives. The payloads mentioned are maytansine, paclitaxel, auristatin, epothilone, and vinca alkaloids, which are not topoisomerase I inhibitors.",False,The claims do not describe any bispecific or multispecific antibodies targeting ROR1 or B7-H3.,False,"None of the claims indicate targeting of ROR1, B7-H3, or the use of a topoisomerase I inhibitor payload. Therefore, there is no competitive risk to the ADC program based on the evaluated criteria.",137-296-639-298-834,
False,none,"The claims do not mention ROR1 or any characteristics specific to ROR1, such as involvement in Wnt5a signaling or expression in CLL or mantle cell lymphoma.",False,none,"The claims do not mention B7-H3, CD276, or any specific characteristics of B7-H3. The focus is on SSEA-4 and related antigens.",False,low,"While the claims mention a broad range of therapeutic agents, including topoisomerase inhibitors, there is no specific mention of topoisomerase I inhibitors or camptothecin derivatives.",False,The bispecific antibody claims do not involve ROR1 or B7-H3 as one of the targets. They focus on Globo series antigens and T cell surface antigens.,False,"There is no medium or high confidence flag for ROR1, B7-H3, or topoisomerase I inhibitors, and the bispecific constructs do not involve ROR1 or B7-H3. Therefore, this patent does not pose a competitive risk to the ADC program targeting these elements.",134-190-910-290-131,
False,none,The claims do not mention ROR1 or any characteristics associated with ROR1 targeting. The focus is on antibodies binding to CS1.,False,none,"There is no mention of B7-H3, CD276, or any related characteristics in the claims. The patent is specific to CS1 targeting.",False,none,The claims do not specify any topoisomerase I inhibitors or related payloads. The cytotoxic agents mentioned are auristatins and other non-topoisomerase I inhibitors.,False,The claims do not describe any bispecific or multispecific antibody constructs.,False,"The patent does not pose a competitive risk to ADC programs targeting ROR1, B7-H3, or using a topoisomerase I inhibitor payload, as none of these elements are claimed.",140-471-414-302-066,
False,none,"The claims focus exclusively on antibodies and immunoconjugates targeting CD123, with no mention of ROR1 or related receptor tyrosine kinases.",False,none,"There is no mention of B7-H3, CD276, or related B7 family members in the claims. The focus is solely on CD123.",False,none,The claims do not specify any topoisomerase I inhibitors or related payloads. The focus is on CD123-targeting antibodies and their derivatives.,False,The claims do not describe any bispecific or multispecific antibodies. They are focused on monospecific antibodies targeting CD123.,False,"The patent claims are specific to CD123-targeting antibodies and do not overlap with ROR1, B7-H3, or topoisomerase I inhibitor payloads. Therefore, it does not pose a competitive risk to the ADC program targeting these elements.",143-244-898-006-616,
False,none,"The claims do not mention ROR1 or any characteristics specifically associated with ROR1 targeting, such as Wnt5a signaling or expression in CLL.",False,none,"There is no mention of B7-H3, CD276, or any specific characteristics of B7-H3 in the claims.",False,none,The claims do not specify any topoisomerase I inhibitors or related payloads such as camptothecin derivatives.,False,The claims do not describe any bispecific or multispecific antibodies targeting ROR1 or B7-H3.,False,"The patent does not pose a competitive risk to an ADC program targeting ROR1, B7-H3, or using a topoisomerase I inhibitor payload, as none of these elements are claimed.",129-641-850-758-132,
False,none,"The claims focus on a polypeptide-albumin nanoparticle complex targeting VEGF, with no mention of ROR1 or related characteristics.",False,none,"There is no mention of B7-H3, CD276, or related characteristics in the claims, which focus on VEGF targeting.",False,none,"The claims do not specify any topoisomerase I inhibitors or related payloads, focusing instead on VEGF-targeted complexes.",False,The claims do not describe any bispecific or multispecific antibodies; they focus on VEGF-targeted polypeptide-albumin complexes.,False,"The claims do not address ROR1, B7-H3, or topoisomerase I inhibitors, thus posing no competitive risk to the ADC program targeting these elements.",129-960-712-673-278,
False,none,"The claims do not mention ROR1 or any characteristics specific to ROR1 targeting, such as involvement in Wnt5a signaling or expression in CLL.",False,none,"There is no mention of B7-H3, CD276, or any related characteristics in the claims.",False,none,The claims do not specify any topoisomerase I inhibitors or related payloads.,False,The claims do not describe any bispecific or multispecific antibodies.,False,"None of the criteria for ROR1, B7-H3, or topoisomerase I inhibitor payloads are met, and there are no bispecific constructs described. Therefore, this patent does not pose a competitive risk to the ADC program.",178-296-017-814-774,
False,none,"The claims do not mention ROR1 or any characteristics specifically associated with ROR1 targeting, such as Wnt5a signaling or expression in CLL.",False,none,"The claims do not mention B7-H3, CD276, or any specific characteristics of B7-H3 targeting. The focus is on immune agonist complexes involving nanobodies targeting PD-1, PD-L1, CD47, and TfR1.",False,none,There is no mention of topoisomerase I inhibitors or related payloads such as camptothecin derivatives in the claims. The focus is on immune agonists and liposome complexes.,False,The claims do not describe bispecific or multispecific antibodies targeting ROR1 or B7-H3.,False,"None of the criteria for ROR1, B7-H3, or topoisomerase I inhibitor payloads are met with medium or high confidence. The patent focuses on immune agonist complexes unrelated to the ADC program targets.",146-059-244-678-952,
False,none,"The claims focus on antibodies targeting the KIT antigen, with no mention or implication of ROR1 or related characteristics.",False,none,The claims are specific to KIT antigen binding and do not mention B7-H3 or any related characteristics.,False,none,There is no mention of topoisomerase I inhibitors or related payloads in the claims.,False,"While bispecific antibodies are mentioned, there is no indication that one arm targets ROR1 or B7-H3.",False,"The patent claims are specific to KIT-targeting antibodies and do not overlap with ROR1, B7-H3, or topoisomerase I inhibitor payloads, indicating no competitive risk.",140-272-188-599-065,
False,none,The claims do not mention ROR1 or any related receptor tyrosine kinase characteristics. The focus is on a specific chemical compound and its crystalline forms.,False,none,"There is no mention of B7-H3, CD276, or any related immune checkpoint characteristics in the claims. The patent is centered on a chemical compound and its synthesis.",False,none,The claims do not reference topoisomerase I inhibitors or any related payloads. The patent is focused on a specific chemical compound and its crystalline forms.,False,The claims do not describe any bispecific or multispecific antibodies. The patent is focused on a chemical compound and its synthesis.,False,"The patent does not pose a competitive risk to an ADC program targeting ROR1, B7-H3, or using a topoisomerase I inhibitor payload, as it does not claim any relevant targets or payloads.",163-105-265-282-405,
False,none,The claims specifically target CD19 with no mention of ROR1 or related characteristics.,False,none,"The claims focus on CD19 targeting antibodies, with no mention of B7-H3 or related characteristics.",False,none,"The claims describe conjugates with PBD dimers, not topoisomerase I inhibitors or related payloads.",False,The claims do not describe bispecific or multispecific antibodies.,False,"The patent claims are specific to CD19 targeting with PBD dimers, which do not overlap with ROR1, B7-H3, or topoisomerase I inhibitor payloads.",139-535-353-853-802,
False,none,"The claims do not mention ROR1 or any characteristics associated with ROR1 targeting, such as Wnt5a signaling or expression in specific lymphomas.",False,none,"The claims do not mention B7-H3, CD276, or any characteristics specific to B7-H3 targeting, such as overexpression in certain solid tumors.",False,none,The claims focus on STING modulators and do not mention topoisomerase I inhibitors or related payloads like camptothecin derivatives.,False,The claims do not describe bispecific or multispecific antibodies targeting ROR1 or B7-H3.,False,"There is no indication in the claims of targeting ROR1, B7-H3, or using a topoisomerase I inhibitor payload, thus posing no competitive risk to the ADC program.",172-085-990-068-621,
False,none,"The claims focus exclusively on antibodies targeting GPR20, with no mention or implication of ROR1 or related receptor tyrosine kinases.",False,none,"The claims are specific to GPR20 and do not mention B7-H3, CD276, or any related B7 family members.",False,none,The claims do not specify any topoisomerase I inhibitors or related payloads. The focus is on GPR20-targeting ADCs with unspecified antitumor compounds.,False,There are no claims describing bispecific or multispecific antibodies targeting ROR1 or B7-H3.,False,"The patent claims are specific to GPR20-targeting antibodies and ADCs, with no overlap in targeting ROR1, B7-H3, or topoisomerase I inhibitor payloads. Therefore, it poses no competitive risk to the specified ADC program.",185-742-808-084-860,
False,none,"The claims do not mention ROR1 or any specific characteristics associated with ROR1 targeting, such as involvement in Wnt5a signaling or expression in specific lymphomas.",False,none,"The claims do not mention B7-H3, CD276, or any specific characteristics associated with B7-H3 targeting, such as being a 4Ig B7 family member or overexpression in specific cancers.",True,medium,"Claim 21 mentions a camptothecin derivative, which is a class of topoisomerase I inhibitors, indicating potential relevance to a topoisomerase I inhibitor payload.",False,The claims do not describe a bispecific or multispecific antibody construct targeting ROR1 or B7-H3.,True,The presence of a camptothecin derivative in the claims suggests potential competitive risk to programs using a topoisomerase I inhibitor payload.,191-775-706-620-288,
False,none,"The claims focus on antibodies targeting CD166, with no mention of ROR1 or related receptor tyrosine kinases.",False,none,The claims are specific to CD166 antibodies and do not mention B7-H3 or any related B7 family members.,False,none,The claims do not specify any topoisomerase I inhibitors or related payloads. The payloads mentioned are general cytotoxic agents without specific reference to topoisomerase I inhibitors.,False,There are no claims describing bispecific or multispecific antibodies targeting ROR1 or B7-H3.,False,"The patent claims are specific to CD166-targeting antibodies and do not overlap with ROR1, B7-H3, or topoisomerase I inhibitor payloads, thus posing no competitive risk to the ADC program targeting these elements.",160-963-639-940-188,
False,none,"The claims focus on antibody drug conjugates targeting cKIT, with no mention of ROR1 or related characteristics.",False,none,"There is no mention of B7-H3, CD276, or related characteristics in the claims.",False,none,The claims do not specify a topoisomerase I inhibitor or related compounds as the drug moiety.,False,The claims do not describe any bispecific or multispecific antibody constructs.,False,"The patent claims are specific to cKIT-targeting ADCs and do not overlap with ROR1, B7-H3, or topoisomerase I inhibitor payloads.",172-863-076-640-866,
False,none,"The claims do not mention ROR1 or any characteristics specific to ROR1 targeting, such as Wnt5a signaling or expression in CLL.",False,none,"The claims do not mention B7-H3, CD276, or any specific characteristics of B7-H3 targeting.",False,none,The claims do not mention topoisomerase I inhibitors or any related payloads such as camptothecin derivatives.,False,The claims do not describe any bispecific or multispecific antibody constructs.,False,"None of the criteria for ROR1, B7-H3, or topoisomerase I inhibitor payloads are met with medium or high confidence, and there are no bispecific constructs described.",168-368-059-224-278,
False,none,"The claims focus on antibodies targeting CD38 and CD20, with no mention of ROR1 or related characteristics.",False,none,"There is no mention of B7-H3, CD276, or related characteristics in the claims.",False,none,"The payload described in the claims is paclitaxel, not a topoisomerase I inhibitor.",False,The claims do not describe bispecific or multispecific antibodies.,False,"The patent does not target ROR1, B7-H3, or use a topoisomerase I inhibitor payload, thus posing no competitive risk to the ADC program.",190-220-156-727-738,
False,none,"The claims do not mention ROR1, orphan receptor tyrosine kinases, or any related characteristics. The focus is on random coil polypeptides and their conjugation to drugs, without specific antigen targeting.",False,none,"There is no mention of B7-H3, CD276, or any related B7 family member characteristics in the claims. The patent is centered on random coil polypeptides and their potential conjugation to various drugs.",True,medium,"The claims include camptothecin and irinotecan, which are known topoisomerase I inhibitors, as potential small molecule drugs for conjugation. This supports a medium confidence level for topoisomerase I inhibitor payload relevance.",False,"The claims do not describe bispecific or multispecific antibodies. The focus is on random coil polypeptides and their conjugation to drugs, without mention of bispecific constructs.",True,"The presence of topoisomerase I inhibitors like camptothecin and irinotecan in the claims suggests potential competitive risk to ADC programs using similar payloads, warranting a competitor flag.",184-816-667-112-022,
False,none,"The claims do not mention ROR1 or any characteristics specifically associated with ROR1 targeting, such as Wnt5a signaling or expression in CLL.",False,none,"There is no mention of B7-H3, CD276, or any specific characteristics of B7-H3 in the claims.",False,none,The claims do not specify any topoisomerase I inhibitors or related payloads such as camptothecin derivatives.,False,The claims do not describe any bispecific or multispecific antibody constructs.,False,"None of the criteria for ROR1, B7-H3, or topoisomerase I inhibitor payloads are met with medium or high confidence, and there are no bispecific constructs described. Therefore, this patent does not pose a competitive risk to the ADC program.",189-233-064-695-73X,
False,none,"The claims do not mention ROR1 or any characteristics associated with ROR1 targeting, such as orphan receptor tyrosine kinase or Wnt5a signaling.",False,none,"The claims do not mention B7-H3, CD276, or any characteristics associated with B7-H3 targeting, such as being a 4Ig B7 family member.",False,none,The claims do not mention any topoisomerase I inhibitors or related payloads such as camptothecin derivatives.,False,The claims do not describe any bispecific or multispecific antibodies.,False,"There is no indication from the claims that the patent poses a competitive risk to an ADC program targeting ROR1, B7-H3, or using a topoisomerase I inhibitor payload.",199-323-715-704-110,
True,high,"Claim 62 explicitly mentions ROR1 as a target for the bispecific antibody, which directly supports ROR1 targeting.",False,none,"There is no mention of B7-H3 or CD276 in the claims, nor any description that aligns with B7-H3 targeting criteria.",False,none,"The claims do not mention any topoisomerase I inhibitors or related payloads, nor do they describe any structural features indicative of such compounds.",True,"Claim 62 describes a bispecific antibody with one arm targeting ROR1, meeting the criteria for a bispecific construct.",True,The high confidence in ROR1 targeting and the presence of a bispecific construct targeting ROR1 indicate a competitive risk to an ADC program targeting ROR1.,148-515-645-112-879,
False,none,"The claims do not mention ROR1 or any specific characteristics associated with ROR1 targeting, such as Wnt5a signaling or expression in CLL. The focus is on polypeptide-therapeutic compound conjugates without specific receptor targeting details.",False,none,"There is no mention of B7-H3, CD276, or any specific characteristics of B7-H3 targeting in the claims. The claims focus on polypeptide-therapeutic compound conjugates without specifying B7 family members.",False,none,The claims do not specify topoisomerase I inhibitors or related compounds. The therapeutic compounds mentioned are primarily immunomodulating agents and other specific inhibitors unrelated to topoisomerase I.,False,"The claims do not describe bispecific or multispecific antibodies. The focus is on polypeptide-therapeutic compound conjugates, not antibody constructs.",False,"The patent does not pose a competitive risk to an ADC program targeting ROR1, B7-H3, or using a topoisomerase I inhibitor payload, as none of these elements are addressed in the claims with medium or high confidence.",182-312-373-752-524,
False,none,"The claims do not mention ROR1 or any characteristics specific to ROR1 targeting, such as involvement in Wnt5a signaling or expression in CLL.",False,none,"There is no mention of B7-H3, CD276, or any related characteristics in the claims.",True,high,"The claims explicitly describe a dendrimer with a camptothecin active, specifically SN-38, which is a known topoisomerase I inhibitor.",False,The claims do not describe any bispecific or multispecific antibody constructs.,True,"The patent poses a competitive risk due to the high confidence in the use of a topoisomerase I inhibitor payload, specifically SN-38, which is relevant to the ADC program.",131-116-703-254-512,
False,none,The claims focus on a CD38-binding fusion protein and do not mention ROR1 or any related characteristics.,False,none,"There is no mention of B7-H3, CD276, or related characteristics in the claims.",False,none,The claims do not mention any topoisomerase I inhibitors or related payloads.,False,"The claims describe a CD38-binding fusion protein, not a bispecific or multispecific antibody involving ROR1 or B7-H3.",False,"The patent claims are specific to a CD38-binding fusion protein and do not involve ROR1, B7-H3, or topoisomerase I inhibitors, thus posing no competitive risk to the ADC program targeting these elements.",198-989-501-679-591,
False,none,"The claims do not mention ROR1 or any characteristics specific to ROR1 targeting, such as involvement in Wnt5a signaling or expression in CLL or mantle cell lymphoma.",False,none,"The claims do not mention B7-H3, CD276, or any specific characteristics of B7-H3 targeting, such as being a 4Ig B7 family member or overexpression in specific cancers.",False,none,The claims do not specify a topoisomerase I inhibitor or any related compounds such as camptothecin derivatives or analogs.,False,There is no mention of bispecific or multispecific antibodies in the claims.,False,"None of the criteria for ROR1, B7-H3, or topoisomerase I inhibitor payloads are met with medium or high confidence, and there is no bispecific construct described. Therefore, the patent does not pose a competitive risk to the ADC program targeting these elements.",002-788-259-135-676,
False,none,The claims focus exclusively on Claudin 6 and do not mention ROR1 or any related receptor tyrosine kinase characteristics.,False,none,"There is no mention of B7-H3, CD276, or any related B7 family member in the claims.",False,none,"The claims specify maytansine as the payload, which is not a topoisomerase I inhibitor.",False,The claims do not describe any bispecific or multispecific antibody constructs.,False,"The patent claims are specific to Claudin 6 targeting and do not involve ROR1, B7-H3, or a topoisomerase I inhibitor payload, thus posing no competitive risk to the ADC program in question.",193-043-611-661-14X,
False,none,"The claims focus on an antibody-drug conjugate targeting 5T4, with no mention of ROR1 or related receptor characteristics.",False,none,"The claims are specific to an anti-5T4 antibody-drug conjugate, with no mention of B7-H3 or related characteristics.",False,none,"The claims list specific small molecule drugs as payloads, none of which are topoisomerase I inhibitors or related compounds.",False,The claims do not describe any bispecific or multispecific antibody constructs.,False,"The patent claims are specific to an anti-5T4 ADC with no overlap in targeting ROR1, B7-H3, or using a topoisomerase I inhibitor payload, thus posing no competitive risk to the specified ADC program.",010-952-565-564-016,
False,none,"The claims focus on an antibody-drug conjugate targeting MUC1, with no mention of ROR1 or related receptor tyrosine kinases.",False,none,The claims are specific to MUC1 targeting and do not mention B7-H3 or any related B7 family members.,True,high,"Claim 15 explicitly mentions a topoisomerase I inhibitor as the cytotoxic agent, which directly aligns with the payload of interest.",False,The claims do not describe any bispecific or multispecific antibody constructs.,True,"The patent poses a competitive risk due to the high confidence in the use of a topoisomerase I inhibitor payload, which is relevant to the ADC program being evaluated.",189-353-655-579-550,
False,none,The claims focus on antibodies targeting ICOS and do not mention ROR1 or any related characteristics such as Wnt5a signaling or expression in CLL.,False,none,"There is no mention of B7-H3, CD276, or any related characteristics in the claims. The focus is solely on ICOS targeting.",False,none,The claims do not specify any topoisomerase I inhibitors or related payloads. The focus is on ICOS antibodies and their therapeutic uses.,False,"While the claims mention multispecific antibodies, there is no indication that these involve ROR1 or B7-H3 targeting.",False,"The patent does not pose a competitive risk to an ADC program targeting ROR1, B7-H3, or using a topoisomerase I inhibitor payload, as none of these elements are addressed in the claims.",164-003-353-468-153,
False,none,"The claims do not mention ROR1 or any specific characteristics associated with ROR1 targeting, such as involvement in Wnt5a signaling or expression in specific cancers.",False,none,"The claims do not mention B7-H3, CD276, or any specific characteristics associated with B7-H3 targeting, such as overexpression in certain solid tumors.",True,high,"The claims explicitly mention 'irinotecan', which is a known topoisomerase I inhibitor, as part of the ligand drug conjugate.",False,The claims do not describe a bispecific or multispecific antibody construct.,True,"The presence of a topoisomerase I inhibitor payload in the claims poses a competitive risk to ADC programs using similar payloads, despite the lack of ROR1 or B7-H3 targeting.",189-990-917-959-855,
False,none,The claims focus on anti-Nectin-4 antibody conjugates and do not mention ROR1 or any related receptor tyrosine kinase characteristics.,False,none,"There is no mention of B7-H3, CD276, or any related B7 family member characteristics in the claims.",False,none,"The claims describe a TLR8 agonist as the payload, with no mention of topoisomerase I inhibitors or related compounds.",False,The claims do not describe any bispecific or multispecific antibody constructs.,False,"The patent claims are specific to anti-Nectin-4 antibody conjugates with a TLR8 agonist payload, which do not overlap with ROR1, B7-H3, or topoisomerase I inhibitor ADC programs.",007-082-582-098-198,
False,none,"The claims do not mention ROR1 or any characteristics specific to ROR1 targeting, such as Wnt5a signaling or expression in CLL.",False,none,"There is no mention of B7-H3, CD276, or any related characteristics in the claims.",False,none,The claims do not reference any topoisomerase I inhibitors or related payloads such as camptothecin derivatives.,False,The claims do not describe any bispecific or multispecific antibody constructs.,False,"None of the claims relate to ROR1, B7-H3, or topoisomerase I inhibitors, and there are no bispecific constructs described. Therefore, this patent does not pose a competitive risk to the ADC program targeting these elements.",008-658-197-665-673,
False,none,"The claims focus on a monoclonal antibody targeting CK8, with no mention of ROR1 or related receptor tyrosine kinases.",False,none,"There is no mention of B7-H3, CD276, or any related B7 family member in the claims.",True,medium,"The claims include the use of topotecan, which is a known topoisomerase I inhibitor, as a chemical anticancer drug loaded into exosomes.",False,The claims do not describe any bispecific or multispecific antibody constructs.,True,The presence of a topoisomerase I inhibitor (topotecan) in the claims poses a competitive risk to ADC programs using similar payloads.,023-756-890-459-723,
False,none,The claims do not mention ROR1 or any characteristics associated with ROR1 targeting. The focus is on EGFR binding and TGF-βRII modulation.,False,none,"There is no mention of B7-H3, CD276, or any related characteristics in the claims. The claims are specific to EGFR and TGF-βRII.",False,none,The claims do not reference any topoisomerase I inhibitors or related payloads. The focus is on immunomodulatory molecules targeting EGFR.,False,The claims do not describe bispecific or multispecific antibodies. They focus on a single targeting moiety specific to EGFR.,False,"None of the criteria for ROR1, B7-H3, or topoisomerase I inhibitor payloads are met. The claims are specific to EGFR targeting and TGF-βRII modulation, posing no competitive risk to the ADC program targeting ROR1 or B7-H3 with a topoisomerase I inhibitor payload.",010-178-776-513-462,
False,none,The claims are specific to an anti-HER2 antibody-drug conjugate and do not mention ROR1 or any characteristics associated with ROR1 targeting.,False,none,The claims focus on an anti-HER2 antibody and do not reference B7-H3 or any related characteristics.,False,none,The claims do not specify a topoisomerase I inhibitor or any related compounds such as camptothecin derivatives.,False,"The claims describe a monospecific anti-HER2 ADC, with no indication of bispecific or multispecific constructs involving ROR1 or B7-H3.",False,"The patent claims are specific to an anti-HER2 ADC and do not involve ROR1, B7-H3, or a topoisomerase I inhibitor payload, thus posing no competitive risk to the specified ADC program.",017-206-772-271-216,
False,none,"The claims do not mention ROR1, orphan receptor tyrosine kinases, or any related characteristics. The focus is on SUV39H1 methyltransferase inhibition.",False,none,"There is no mention of B7-H3, CD276, or any related B7 family member characteristics in the claims. The patent is centered on SUV39H1 methyltransferase inhibitors.",False,none,The claims do not reference topoisomerase I inhibitors or any related compounds. The patent is focused on small molecule inhibitors of SUV39H1.,False,The claims do not describe any bispecific or multispecific antibody constructs. The patent is focused on small molecule inhibitors.,False,"The patent does not pose a competitive risk to an ADC program targeting ROR1, B7-H3, or using a topoisomerase I inhibitor payload, as it is focused on SUV39H1 methyltransferase inhibitors.",021-060-011-334-724,
False,none,"The claims specify an anti-Napi2b antibody, with no mention of ROR1 or related characteristics. There is no indication of targeting orphan receptor tyrosine kinases or any sequence-defined antibodies related to ROR1.",False,none,"The claims focus on an anti-Napi2b antibody and do not mention B7-H3, CD276, or any related characteristics. There is no indication of targeting B7 family members or sequence-defined antibodies related to B7-H3.",False,none,"The claims describe a 1-(chloromethyl)-2,3-dihydro-1H-benzo[e]indole dimer drug moiety, which is not identified as a topoisomerase I inhibitor or related to camptothecin derivatives. There is no mention of topoisomerase I inhibition or related mechanisms.",False,The claims do not describe any bispecific or multispecific antibody constructs. The focus is solely on an anti-Napi2b antibody-drug conjugate.,False,"The patent does not pose a competitive risk to ADC programs targeting ROR1, B7-H3, or using a topoisomerase I inhibitor payload, as none of these elements are claimed or implied in the patent.",056-076-863-940-675,
False,none,"The claims focus on an antibody targeting Claudin 18.2, with no mention of ROR1 or related receptor tyrosine kinases.",False,none,The claims are specific to Claudin 18.2 and do not mention B7-H3 or any related B7 family members.,True,high,"The claims include an antibody-drug conjugate with a payload that can be a DNA damaging agent, specifically mentioning camptothecins and SN-38, which are topoisomerase I inhibitors.",False,The claims do not describe a bispecific or multispecific antibody construct.,True,"The patent poses a competitive risk due to the high confidence in the use of a topoisomerase I inhibitor payload, which is relevant to the ADC program being evaluated.",059-014-251-292-254,
False,none,The claims do not mention ROR1 or any related characteristics such as orphan receptor tyrosine kinase involvement in Wnt5a signaling or expression in specific cancers.,False,none,"The claims do not mention B7-H3, CD276, or any related characteristics such as being a 4Ig B7 family member or overexpression in specific cancers.",False,none,"The claims focus on an albumin-bound chemotherapeutic complex with paclitaxel and anti-VEGF antibodies, with no mention of topoisomerase I inhibitors or related compounds.",False,The claims do not describe any bispecific or multispecific antibody constructs.,False,"None of the claims relate to ROR1, B7-H3, or topoisomerase I inhibitors, and there are no bispecific constructs described. Therefore, there is no competitive risk to the ADC program targeting these elements.",051-131-444-531-962,
False,none,"The claims focus exclusively on antibodies targeting CD123, with no mention or implication of ROR1 or related characteristics.",False,none,The claims are specific to CD123 targeting antibodies and do not mention B7-H3 or related characteristics.,True,high,"The claims explicitly describe the use of a topoisomerase inhibitor as the payload in the antibody-drug conjugates, which aligns with the criteria for a topoisomerase I inhibitor payload.",False,There are no claims describing bispecific or multispecific antibodies; the focus is solely on CD123 targeting.,True,"The patent poses a competitive risk due to the high confidence in the use of a topoisomerase I inhibitor payload, which is relevant to the ADC program's interest in such payloads.",068-972-311-459-198,
False,none,The claims focus on antibody-drug conjugates targeting folate receptor alpha (FRA) and do not mention ROR1 or any related characteristics.,False,none,The claims are specific to folate receptor alpha (FRA) targeting and do not mention B7-H3 or any related characteristics.,False,none,"The claims do not specify a topoisomerase I inhibitor as the drug moiety. The listed drug moieties include duocarmycin, dolastatin, and others, but not any topoisomerase I inhibitors.",False,The claims do not describe any bispecific or multispecific antibody constructs.,False,"The patent claims are specific to folate receptor alpha (FRA) targeting ADCs and do not involve ROR1, B7-H3, or topoisomerase I inhibitors, thus posing no competitive risk to the specified ADC program.",066-751-809-915-179,
False,none,"The claims do not mention ROR1, orphan receptor tyrosine kinases, or any related characteristics that would suggest targeting ROR1.",False,none,"The claims do not mention B7-H3, CD276, or any related characteristics that would suggest targeting B7-H3.",True,medium,"The claims include the use of topoisomerase inhibitors as additional therapeutic agents, which suggests the potential use of topoisomerase I inhibitors, although specific inhibitors like SN-38 or camptothecin derivatives are not explicitly mentioned.",False,The claims do not describe any bispecific or multispecific antibody constructs.,True,The presence of topoisomerase inhibitors in the claims poses a medium confidence competitive risk to ADC programs using topoisomerase I inhibitor payloads.,075-643-087-706-313,
False,none,The claims focus on anti-CLL-1 antibodies and do not mention ROR1 or any related characteristics such as Wnt5a signaling or expression in CLL.,False,none,"The claims are specific to CLL-1 and do not mention B7-H3, CD276, or any related characteristics of the B7 family.",False,none,"The claims list specific cytotoxic agents like maytansinoid and pyrrolobenzodiazepine, but do not mention topoisomerase I inhibitors or related compounds.",False,There are no claims describing bispecific or multispecific antibodies targeting ROR1 or B7-H3.,False,"The patent claims are specific to CLL-1 targeting antibodies and do not overlap with ROR1, B7-H3, or topoisomerase I inhibitor payloads, indicating no competitive risk.",089-256-932-841-095,
False,none,"The claims do not mention ROR1 or any characteristics associated with ROR1 targeting. The focus is on B7-H4, which is unrelated to ROR1.",False,none,"The claims explicitly target B7-H4, not B7-H3. B7-H4 and B7-H3 are distinct proteins, and the patent does not mention B7-H3 or CD276.",False,none,There is no mention of topoisomerase I inhibitors or related payloads in the claims. The focus is solely on antibodies targeting B7-H4.,False,The claims do not describe any bispecific or multispecific antibody constructs. The focus is on monospecific antibodies targeting B7-H4.,False,"The patent does not pose a competitive risk to an ADC program targeting ROR1, B7-H3, or using a topoisomerase I inhibitor payload, as it is focused on B7-H4 antibodies.",089-892-075-936-694,
False,none,"The claims focus on antibodies targeting PSMA, with no mention of ROR1 or related characteristics.",False,none,"There is no mention of B7-H3, CD276, or related characteristics in the claims.",False,none,"The claims do not specify any topoisomerase I inhibitors or related payloads. The payloads mentioned include auristatin and maytansinoid, which are not topoisomerase I inhibitors.",False,The claims do not describe any bispecific or multispecific antibodies.,False,"The patent does not pose a competitive risk to an ADC program targeting ROR1, B7-H3, or using a topoisomerase I inhibitor payload, as none of these elements are claimed.",102-557-112-312-129,
False,none,"The claims focus on a bispecific antibody targeting EGFR and c-Met, with no mention of ROR1 or related characteristics.",False,none,"There is no mention of B7-H3, CD276, or related characteristics in the claims.",False,none,The claims do not mention any topoisomerase I inhibitors or related payloads.,False,"While the claims describe a bispecific antibody, it targets EGFR and c-Met, not ROR1 or B7-H3.",False,"The patent does not pose a competitive risk to an ADC program targeting ROR1, B7-H3, or using a topoisomerase I inhibitor payload, as none of these elements are claimed.",088-594-064-628-344,
False,none,"The claims focus on antibody conjugates targeting CD74, with no mention of ROR1 or related receptor tyrosine kinases.",False,none,The claims are specific to CD74-targeting antibody conjugates and do not mention B7-H3 or related B7 family members.,False,none,"The payloads mentioned in the claims include maytansines, hemiasterlins, amanitins, and auristatins, with no reference to topoisomerase I inhibitors or related compounds.",False,The claims do not describe bispecific or multispecific antibodies; they focus on CD74-targeting antibody conjugates.,False,"The patent claims are specific to CD74-targeting antibody conjugates and do not overlap with ROR1, B7-H3, or topoisomerase I inhibitor payloads, indicating no competitive risk to the ADC program targeting these elements.",098-449-773-396-445,
False,none,"The claims focus exclusively on antibodies targeting mesothelin, with no mention of ROR1 or related characteristics.",False,none,The claims are specific to mesothelin-targeting antibodies and do not mention B7-H3 or related characteristics.,False,none,"The claims describe immunoconjugates with auristatin payloads, specifically MMAE, which is not a topoisomerase I inhibitor.",False,There are no claims describing bispecific or multispecific antibodies targeting ROR1 or B7-H3.,False,"The patent claims are specific to mesothelin-targeting antibodies with auristatin payloads, posing no competitive risk to programs targeting ROR1, B7-H3, or using topoisomerase I inhibitor payloads.",110-542-693-373-787,
False,none,The claims focus exclusively on HER2-targeting ADCs and do not mention ROR1 or any related characteristics.,False,none,"There is no mention of B7-H3, CD276, or related characteristics in the claims, which are specific to HER2.",True,high,"The claims explicitly include DNA topoisomerase I inhibitors such as irinotecan, camptothecin, and SN-38 as potential payloads for the ADCs.",False,The claims do not describe any bispecific or multispecific antibody constructs.,True,"The patent poses a competitive risk due to the high confidence inclusion of topoisomerase I inhibitors as payloads in the ADCs, which aligns with the program's focus.",104-309-978-377-927,
False,none,"The claims focus on antibodies specifically binding to human CD4, with no mention of ROR1 or related characteristics.",False,none,"The claims do not mention B7-H3 or CD276, nor do they describe characteristics specific to B7-H3 targeting.",True,high,"Claim 18 explicitly includes 'topoisomerase inhibitor' as a potential conjugate moiety for the antibody, indicating a high confidence in topoisomerase I inhibitor payload relevance.",False,"While the claims mention bispecific antibodies, there is no indication that one arm targets ROR1 or B7-H3.",True,The presence of a high confidence topoisomerase I inhibitor payload in the claims poses a competitive risk to ADC programs using similar payloads.,134-274-499-319-851,
False,none,"The claims do not mention ROR1 or any characteristics specific to ROR1 targeting, such as involvement in Wnt5a signaling or expression in CLL.",False,none,"The claims do not mention B7-H3, CD276, or any specific characteristics of B7-H3 targeting, such as being a 4Ig B7 family member.",False,none,"The claims focus on a combination therapy involving a tetracyclic quinolone analog and a PARP inhibitor, with no mention of topoisomerase I inhibitors or related payloads.",False,There are no claims describing bispecific or multispecific antibodies targeting ROR1 or B7-H3.,False,"The patent does not claim any elements related to ROR1, B7-H3, or topoisomerase I inhibitors, thus posing no competitive risk to the ADC program targeting these elements.",131-024-101-294-412,
False,none,"The claims do not mention ROR1 or any specific characteristics associated with ROR1 targeting, such as Wnt5a signaling or expression in CLL.",False,none,"The claims do not mention B7-H3, CD276, or any specific characteristics associated with B7-H3 targeting, such as being a 4Ig B7 family member.",False,none,The claims do not mention topoisomerase I inhibitors or any specific compounds or structural features associated with topoisomerase I inhibition.,False,The claims do not describe any bispecific or multispecific antibody constructs.,False,"None of the claims indicate targeting of ROR1, B7-H3, or the use of a topoisomerase I inhibitor payload. Therefore, there is no competitive risk to the ADC program based on the evaluated criteria.",131-346-997-179-848,
False,none,"The claims focus on antibodies targeting C10orf54, with no mention of ROR1 or related receptor tyrosine kinases. There is no indication of involvement in Wnt5a signaling or expression patterns associated with ROR1.",False,none,The claims are specific to antibodies against C10orf54 and do not mention B7-H3 or CD276. There is no description of a 4Ig B7 family member or any characteristics specific to B7-H3.,False,none,"The claims do not specify any payloads, including topoisomerase I inhibitors or related compounds. The focus is solely on the antibody targeting C10orf54.",False,There are no claims describing bispecific or multispecific antibodies. The claims are centered on monospecific antibodies targeting C10orf54.,False,"The patent claims are specific to antibodies targeting C10orf54, with no overlap in targeting ROR1, B7-H3, or using a topoisomerase I inhibitor payload. Therefore, it does not pose a competitive risk to the ADC program targeting these specific antigens or payloads.",143-198-377-353-028,
False,none,"The claims do not mention ROR1 or any related characteristics such as orphan receptor tyrosine kinase involvement, Wnt5a signaling, or expression patterns associated with ROR1.",False,none,"The claims do not mention B7-H3, CD276, or any related characteristics such as being a 4Ig B7 family member or overexpression in specific cancers.",False,none,The claims do not mention topoisomerase I inhibitors or any related compounds such as camptothecin derivatives or specific topoisomerase I inhibitor payloads.,False,"The claims do not describe any bispecific or multispecific antibodies, nor do they involve ROR1 or B7-H3 targeting.",False,"The patent claims focus on combinations of IRS/STAT3 dual modulators with anti-PD-1/PD-L1 antibodies, with no mention of ROR1, B7-H3, or topoisomerase I inhibitors. Therefore, it does not pose a competitive risk to the ADC program targeting these elements.",168-391-923-617-863,
False,none,"The claims focus on anti-CD3 antibodies and bispecific molecules targeting folate receptors, with no mention of ROR1 or related characteristics.",False,none,"There is no mention of B7-H3, CD276, or related characteristics in the claims, which focus on CD3 and folate receptor targeting.",False,none,"The claims do not mention any topoisomerase I inhibitors or related payloads, focusing instead on folate conjugation.",False,"While bispecific molecules are claimed, they do not involve ROR1 or B7-H3 targeting, focusing instead on CD3 and folate receptors.",False,"The patent does not pose a competitive risk to ADC programs targeting ROR1, B7-H3, or using a topoisomerase I inhibitor payload, as none of these elements are claimed.",153-351-632-098-732,
False,none,"The claims do not mention ROR1 or any characteristics specific to ROR1, such as involvement in Wnt5a signaling or expression in CLL. The focus is on superantigen conjugates targeting EpCAM or 5T4.",False,none,"There is no mention of B7-H3, CD276, or any related characteristics in the claims. The targeting moieties are specific to EpCAM and 5T4.",False,none,The claims do not reference topoisomerase I inhibitors or any related compounds such as camptothecin derivatives. The focus is on superantigen conjugates and B-cell depleting agents.,False,The claims do not describe bispecific or multispecific antibodies. The focus is on superantigen conjugates with a single targeting moiety.,False,"The patent does not pose a competitive risk to an ADC program targeting ROR1, B7-H3, or using a topoisomerase I inhibitor payload, as none of these elements are claimed or suggested.",161-762-649-766-289,
False,none,"The claims focus on antibodies targeting CTLA-4, with no mention of ROR1 or related characteristics.",False,none,The claims are specific to CTLA-4 antibodies and do not mention B7-H3 or related features.,False,none,There is no mention of topoisomerase I inhibitors or related payloads in the claims.,False,The claims do not describe bispecific or multispecific antibodies involving ROR1 or B7-H3.,False,"The patent claims are specific to CTLA-4 antibodies and do not overlap with ROR1, B7-H3, or topoisomerase I inhibitor payloads, posing no competitive risk to the ADC program.",173-666-061-383-987,
False,none,"The claims focus on antibodies targeting SEZ6L2, with no mention of ROR1 or related characteristics.",False,none,The claims are specific to SEZ6L2 antibodies and do not mention B7-H3 or related characteristics.,False,none,There is no mention of a topoisomerase I inhibitor payload in the claims.,False,The claims do not describe any bispecific or multispecific antibody constructs.,False,"The patent claims are specific to SEZ6L2-targeting antibodies and do not involve ROR1, B7-H3, or topoisomerase I inhibitor payloads, indicating no competitive risk to the ADC program.",182-740-741-073-084,
False,none,The claims focus on anti-PTK7 antibodies and do not mention ROR1 or any characteristics associated with ROR1 targeting.,False,none,"There is no mention of B7-H3, CD276, or any related characteristics in the claims. The focus is solely on PTK7.",True,high,"Claim 13 explicitly mentions a 'camptothecin topoisomerase inhibitor' as a drug unit, which directly supports the presence of a topoisomerase I inhibitor payload.",False,The claims do not describe any bispecific or multispecific antibody constructs.,True,The presence of a high-confidence topoisomerase I inhibitor payload in the claims poses a competitive risk to ADC programs using similar payloads.,088-272-852-215-178,
False,none,The claims focus on anti-CD45 ADCs and do not mention ROR1 or any related characteristics such as orphan receptor tyrosine kinases or Wnt5a signaling.,False,none,"There is no mention of B7-H3, CD276, or any related B7 family member characteristics in the claims.",True,high,"The claims explicitly list SN-38 and irinotecan, both of which are topoisomerase I inhibitors, as potential cytotoxins for the ADC.",False,The claims do not describe any bispecific or multispecific antibody constructs.,True,"The patent poses a competitive risk due to the high confidence identification of topoisomerase I inhibitors (SN-38, irinotecan) as payloads in the ADC claims.",004-462-157-477-440,
False,none,"The claims do not mention ROR1 or any characteristics specific to ROR1 targeting. The focus is on an anti-HER2 antibody, which is unrelated to ROR1.",False,none,"There is no mention of B7-H3, CD276, or any related characteristics in the claims. The patent is centered on HER2 targeting.",False,none,"The claims do not specify any topoisomerase I inhibitors or related payloads. The focus is on an immune agonist conjugate, not a cytotoxic payload.",False,The claims do not describe a bispecific or multispecific antibody construct. The focus is on a single specificity anti-HER2 antibody.,False,"The patent does not pose a competitive risk to ADC programs targeting ROR1, B7-H3, or using a topoisomerase I inhibitor payload, as it is focused on HER2 targeting with an immune agonist conjugate.",064-055-927-955-33X,
False,none,"The claims focus on antibodies targeting Nectin-4, with no mention of ROR1 or related characteristics such as Wnt5a signaling or expression in CLL or mantle cell lymphoma.",False,none,"The claims are specific to Nectin-4 binding antibodies and do not mention B7-H3, CD276, or related characteristics of the B7 family.",True,high,"Claim 14 explicitly mentions the use of a topoisomerase inhibitor as a cytotoxic moiety in the antibody-drug conjugate, including specific examples like SN38.",False,The claims do not describe any bispecific or multispecific antibody constructs.,True,"The patent poses a competitive risk due to the high confidence in the use of a topoisomerase I inhibitor payload in the ADC, which is relevant to the program's focus.",139-013-485-729-565,
False,none,The claims focus exclusively on PSMA-targeting antibodies and do not mention ROR1 or any related characteristics.,False,none,The claims are specific to PSMA-targeting antibodies and do not reference B7-H3 or any related characteristics.,False,none,"The claims specify cytotoxic agents like monomethyl auristatin, which are not topoisomerase I inhibitors. There is no mention of topoisomerase I inhibitors or related payloads.",False,The claims do not describe any bispecific or multispecific antibody constructs.,False,"The patent claims are specific to PSMA-targeting ADCs with auristatin payloads, posing no competitive risk to programs targeting ROR1, B7-H3, or using topoisomerase I inhibitor payloads.",043-593-666-799-055,
False,none,"The claims focus on an antibody-drug conjugate targeting tissue factor, with no mention of ROR1 or related characteristics.",False,none,The claims do not mention B7-H3 or any related characteristics. The focus is solely on tissue factor as the target.,True,high,"The claims explicitly include a DNA topoisomerase I inhibitor, specifically DX8951, as a potential payload for the antibody-drug conjugate.",False,There is no mention of bispecific or multispecific constructs in the claims.,True,"The patent poses a competitive risk due to the high confidence in the inclusion of a topoisomerase I inhibitor payload, which is relevant to the ADC program.",022-243-630-441-607,
False,none,"The claims do not mention ROR1, orphan receptor tyrosine kinases, or any specific characteristics associated with ROR1 targeting.",False,none,"The claims do not mention B7-H3, CD276, or any specific characteristics associated with B7-H3 targeting.",False,none,The claims focus on pyrrolobenzodiazepine conjugates and do not mention topoisomerase I inhibitors or related payloads.,False,The claims do not describe bispecific or multispecific antibodies.,False,"There is no indication in the claims of targeting ROR1, B7-H3, or using a topoisomerase I inhibitor payload, thus posing no competitive risk to the ADC program.",003-901-992-275-362,
False,none,"The claims do not mention ROR1 or any characteristics specific to ROR1 targeting, such as involvement in Wnt5a signaling or expression in CLL or mantle cell lymphoma.",False,none,"There is no mention of B7-H3, CD276, or any related characteristics in the claims. The focus is on Bcl-2 inhibitors and anti-CD20 antibodies.",False,none,The claims do not reference topoisomerase I inhibitors or any related compounds such as camptothecin derivatives.,False,The claims do not describe any bispecific or multispecific antibody constructs.,False,"The patent does not pose a competitive risk to an ADC program targeting ROR1, B7-H3, or using a topoisomerase I inhibitor payload, as none of these elements are addressed in the claims.",019-405-412-778-683,
False,none,"The claims do not mention ROR1 or any specific characteristics of ROR1, such as involvement in Wnt5a signaling or expression in CLL or mantle cell lymphoma.",False,none,"The claims do not mention B7-H3, CD276, or any specific characteristics of B7-H3, such as being a 4Ig B7 family member or overexpression in specific cancers.",False,none,The claims do not specify a topoisomerase I inhibitor or any related compounds such as camptothecin derivatives or analogs.,False,The claims do not describe any bispecific or multispecific antibody constructs.,False,"None of the criteria for ROR1, B7-H3, or topoisomerase I inhibitor payloads are met with medium or high confidence, and there are no bispecific constructs described. Therefore, this patent does not pose a competitive risk to the ADC program targeting these elements.",049-691-315-132-790,
False,none,The claims focus exclusively on antibodies targeting folate receptor alpha (FRα) with no mention of ROR1 or related characteristics.,False,none,"There is no mention of B7-H3, CD276, or any related characteristics in the claims, which are specific to FRα targeting.",False,none,The claims do not specify any topoisomerase I inhibitors or related payloads. The focus is on FRα-targeting antibodies and immunoconjugates.,False,"The claims describe biparatopic antibodies targeting FRα, not bispecific constructs involving ROR1 or B7-H3.",False,"The patent claims are specific to FRα-targeting antibodies and do not involve ROR1, B7-H3, or topoisomerase I inhibitors, posing no competitive risk to the ADC program targeting these elements.",040-088-872-110-777,
False,none,"The claims focus on an antibody-drug conjugate targeting CDH6, with no mention of ROR1 or related characteristics.",False,none,"The claims do not mention B7-H3 or any related characteristics, focusing instead on CDH6.",False,none,The claims do not specify a topoisomerase I inhibitor or related compounds as the payload.,False,The claims do not describe a bispecific or multispecific antibody construct.,False,"The patent claims are specific to CDH6-targeting ADCs and do not involve ROR1, B7-H3, or topoisomerase I inhibitors, thus posing no competitive risk to the specified ADC program.",033-705-830-419-554,
False,none,The claims focus exclusively on TMEFF1 antibodies and do not mention ROR1 or any related characteristics.,False,none,"There is no mention of B7-H3, CD276, or any related characteristics in the claims, which are specific to TMEFF1.",False,low,"The claims mention a topoisomerase inhibitor in the context of combination therapy, but do not specify a topoisomerase I inhibitor as a payload in the ADCs.",False,The claims do not describe any bispecific or multispecific antibody constructs.,False,"The patent claims are specific to TMEFF1 antibodies and ADCs, with no medium or high confidence indicators for ROR1, B7-H3, or topoisomerase I inhibitor payloads. Therefore, it does not pose a competitive risk to the specified ADC program.",043-326-402-553-100,
False,none,"The claims focus on nucleic acids encoding CD33 antibodies, with no mention of ROR1 or related characteristics.",False,none,The claims are specific to CD33 antibodies and do not mention B7-H3 or related characteristics.,False,none,There is no mention of topoisomerase I inhibitors or related payloads in the claims.,False,The claims do not describe bispecific or multispecific antibodies.,False,"The patent claims are specific to CD33 antibodies and do not relate to ROR1, B7-H3, or topoisomerase I inhibitor payloads, posing no competitive risk to the ADC program.",042-113-079-230-938,
False,none,The claims focus on CD27L antigen binding proteins and do not mention ROR1 or any related characteristics such as orphan receptor tyrosine kinase or Wnt5a signaling.,False,none,"The claims are specific to CD27L antigen binding proteins and do not mention B7-H3, CD276, or any related characteristics of the B7 family.",False,none,"The claims do not specify any topoisomerase I inhibitors or related payloads. The only drug mentioned is maytansinoid DM1, which is not a topoisomerase I inhibitor.",False,The claims do not describe any bispecific or multispecific antibody constructs.,False,"The patent claims are specific to CD27L antigen binding proteins and do not overlap with ROR1, B7-H3, or topoisomerase I inhibitor payloads. Therefore, it does not pose a competitive risk to the ADC program targeting these elements.",092-658-156-568-718,
False,none,The claims focus on antibodies targeting osteopontin and do not mention ROR1 or any related characteristics.,False,none,"There is no mention of B7-H3, CD276, or related characteristics in the claims, which are specific to osteopontin.",False,none,The claims do not specify any topoisomerase I inhibitors or related payloads. They focus on antibodies against osteopontin.,False,The claims do not describe any bispecific or multispecific antibodies involving ROR1 or B7-H3.,False,"The patent claims are specific to antibodies targeting osteopontin and do not involve ROR1, B7-H3, or topoisomerase I inhibitors, thus posing no competitive risk to the ADC program targeting these elements.",064-079-231-388-900,
False,none,"The claims do not mention ROR1 or any characteristics specific to ROR1 targeting, such as involvement in Wnt5a signaling or expression in CLL.",False,none,"The claims do not mention B7-H3, CD276, or any specific characteristics of B7-H3 targeting.",False,none,"The claims specify paclitaxel as the therapeutic agent, which is not a topoisomerase I inhibitor. There is no mention of any topoisomerase I inhibitors or related compounds.",False,The claims do not describe any bispecific or multispecific antibodies.,False,"None of the criteria for ROR1, B7-H3, or topoisomerase I inhibitor payloads are met with medium or high confidence. The patent does not pose a competitive risk to the ADC program targeting these specific elements.",068-618-927-140-108,
False,none,"The claims do not mention ROR1 or any characteristics specific to ROR1, such as involvement in Wnt5a signaling or expression in CLL or mantle cell lymphoma.",False,none,"The claims do not mention B7-H3, CD276, or any characteristics specific to B7-H3, such as being a 4Ig B7 family member or overexpression in specific solid tumors.",False,none,The claims focus on kinesin spindle protein inhibitors and do not mention topoisomerase I inhibitors or related compounds like camptothecin derivatives.,False,The claims do not describe any bispecific or multispecific antibody constructs.,False,"There is no indication of targeting ROR1, B7-H3, or using a topoisomerase I inhibitor payload in the claims, thus posing no competitive risk to the ADC program targeting these elements.",064-618-110-303-763,
False,none,The claims focus on antibodies targeting the prolactin receptor (PRLR) and do not mention ROR1 or any related characteristics.,False,none,"There is no mention of B7-H3, CD276, or related characteristics in the claims. The focus is solely on PRLR.",False,none,"The claims specify a maytansinoid payload, such as DM1 or DM4, but do not mention topoisomerase I inhibitors or related compounds.",False,The claims do not describe any bispecific or multispecific antibody constructs.,False,"The patent claims are specific to PRLR-targeting antibodies and ADCs with maytansinoid payloads, with no overlap with ROR1, B7-H3, or topoisomerase I inhibitor payloads.",094-177-720-621-547,
False,none,"The claims do not mention ROR1 or any characteristics specific to ROR1 targeting, such as involvement in Wnt5a signaling or expression in CLL.",False,none,"The claims do not mention B7-H3, CD276, or any specific characteristics of B7-H3 targeting.",False,none,The claims do not specify a topoisomerase I inhibitor or any related compounds such as camptothecin derivatives.,False,The claims do not describe any bispecific or multispecific antibody constructs.,False,"None of the claims indicate targeting of ROR1, B7-H3, or the use of a topoisomerase I inhibitor payload. Therefore, this patent does not pose a competitive risk to the ADC program targeting these elements.",092-276-731-897-013,
False,none,"The claims focus on antibodies targeting VEGFR-2, with no mention of ROR1 or related characteristics.",False,none,The claims are specific to VEGFR-2 and do not mention B7-H3 or related features.,True,medium,"Claim 12 includes topoisomerase inhibitors as potential therapeutic agents conjugated to the antibody, indicating a possible use of topoisomerase I inhibitors.",False,The claims do not describe any bispecific or multispecific antibody constructs.,True,The inclusion of topoisomerase inhibitors in the claims suggests potential competitive risk to ADC programs using such payloads.,105-081-047-325-326,
False,none,"The claims focus on peptides and antibodies targeting ABCB5, with no mention of ROR1 or related receptor characteristics.",False,none,"There is no mention of B7-H3, CD276, or related characteristics in the claims, which are specific to ABCB5 targeting.",True,high,"Claim 4 explicitly lists camptothecin and its derivatives, which are known topoisomerase I inhibitors, as potential therapeutic agents conjugated to the ABCB5-targeting peptides.",False,"While bispecific antibodies are mentioned, there is no indication that one arm targets ROR1 or B7-H3.",True,"The patent poses a competitive risk due to the high confidence in the use of topoisomerase I inhibitor payloads, specifically camptothecin derivatives, in the claimed compositions.",122-741-154-901-816,
False,none,"The claims do not mention ROR1 or any characteristics specific to ROR1, such as involvement in Wnt5a signaling or expression in CLL. The focus is on calreticulin binding.",False,none,"There is no mention of B7-H3, CD276, or any related characteristics in the claims. The claims are specific to calreticulin binding.",False,none,The claims do not mention topoisomerase I inhibitors or any related compounds. The focus is on a fusion protein with L-asparaginase.,False,The claims do not describe any bispecific or multispecific constructs. The invention is centered on a monobody targeting calreticulin.,False,"The patent does not pose a competitive risk to an ADC program targeting ROR1, B7-H3, or using a topoisomerase I inhibitor payload, as none of these elements are claimed or suggested.",123-092-740-689-714,
False,none,"The claims focus on antibodies targeting CD46, with no mention of ROR1 or related characteristics.",False,none,The claims are specific to CD46 targeting antibodies and do not mention B7-H3 or related characteristics.,False,none,"The claims do not specify a topoisomerase I inhibitor payload. They list various cytotoxic agents, but none are explicitly identified as topoisomerase I inhibitors.",False,The claims do not describe any bispecific or multispecific antibody constructs.,False,"The patent claims are specific to CD46 targeting antibodies and do not involve ROR1, B7-H3, or topoisomerase I inhibitor payloads. Therefore, it does not pose a competitive risk to the ADC program targeting these elements.",115-976-644-659-199,
False,none,The claims are specific to an anti-c-Met antibody drug conjugate and do not mention ROR1 or any characteristics associated with ROR1 targeting.,False,none,The claims focus on c-Met targeting and do not mention B7-H3 or any related characteristics.,False,none,There is no mention of a topoisomerase I inhibitor or related payloads in the claims.,False,The claims do not describe a bispecific or multispecific antibody construct.,False,"The patent claims are specific to c-Met targeting and do not involve ROR1, B7-H3, or a topoisomerase I inhibitor payload, thus posing no competitive risk to the ADC program targeting these elements.",125-074-268-729-543,
False,none,"The claims do not mention ROR1 or any characteristics specific to ROR1 targeting, such as involvement in Wnt5a signaling or expression in CLL.",False,none,"The claims do not mention B7-H3, CD276, or any specific characteristics of B7-H3 targeting, such as being a 4Ig B7 family member.",False,none,The claims do not mention topoisomerase I inhibitors or any specific payloads related to topoisomerase I inhibition.,False,The claims do not describe any bispecific or multispecific antibody constructs.,False,"None of the claims relate to ROR1, B7-H3, or topoisomerase I inhibitors, and there are no bispecific constructs described. Therefore, there is no competitive risk to the ADC program targeting these elements.",112-592-627-996-626,
False,none,"The claims do not mention ROR1 or any characteristics specific to ROR1 targeting, such as involvement in Wnt5a signaling or expression in CLL.",False,none,"The claims do not mention B7-H3, CD276, or any specific characteristics of B7-H3 targeting.",False,none,The claims do not mention any topoisomerase I inhibitors or related compounds such as camptothecin derivatives.,False,"While the abstract mentions bispecific molecules, the claims do not specify any bispecific constructs targeting ROR1 or B7-H3.",False,"None of the criteria for ROR1, B7-H3, or topoisomerase I inhibitor payloads are met in the claims, and there is no bispecific construct targeting these antigens.",138-235-494-063-870,
False,none,The claims focus on an anti-LY75 antibody and do not mention ROR1 or any characteristics associated with ROR1 targeting.,False,none,"There is no mention of B7-H3, CD276, or any related characteristics in the claims. The focus is solely on LY75.",False,none,"The claims specify a maytansinoid payload, such as DM4 or DM1, which are not topoisomerase I inhibitors. There is no mention of topoisomerase I inhibitors or related characteristics.",False,The claims do not describe a bispecific or multispecific antibody construct. They focus on a single anti-LY75 antibody with a maytansinoid payload.,False,"The patent does not pose a competitive risk to an ADC program targeting ROR1, B7-H3, or using a topoisomerase I inhibitor payload, as none of these elements are claimed or implied.",158-278-726-449-613,
False,none,"The claims focus on antibodies targeting CLDN18.2, with no mention of ROR1 or related receptor tyrosine kinases.",False,none,The claims are specific to CLDN18.2 and do not mention B7-H3 or any related B7 family members.,False,none,There is no mention of topoisomerase I inhibitors or related payloads in the claims.,False,"While the claims mention multispecific antibodies, they do not involve ROR1 or B7-H3 as one of the targets.",False,"The patent does not pose a competitive risk to an ADC program targeting ROR1, B7-H3, or using a topoisomerase I inhibitor payload, as none of these elements are claimed.",149-603-662-876-690,
False,none,"The claims focus exclusively on antibodies targeting EGFR, with no mention or implication of ROR1 or related characteristics.",False,none,"There is no mention of B7-H3, CD276, or any related characteristics in the claims, which are specific to EGFR.",False,none,The claims do not specify any topoisomerase I inhibitors or related payloads; they focus on EGFR-targeting antibodies and their conjugates.,False,The claims do not describe any bispecific or multispecific constructs; they are focused on monospecific EGFR-targeting antibodies.,False,"The patent claims are specific to EGFR-targeting antibodies and do not mention ROR1, B7-H3, or topoisomerase I inhibitors, thus posing no competitive risk to the ADC program targeting these elements.",137-980-154-003-154,
False,none,The claims do not mention ROR1 or any characteristics specific to ROR1 targeting. The focus is on CD22 binding antibodies.,False,none,"There is no mention of B7-H3, CD276, or any related characteristics in the claims. The claims are specific to CD22 binding antibodies.",False,none,"The claims specify a maytansinoid drug moiety (DM1) as the payload, which is not a topoisomerase I inhibitor. There is no mention of topoisomerase I inhibitors or related compounds.",False,The claims do not describe bispecific or multispecific antibodies. They focus on CD22 binding ADCs.,False,"The patent claims are specific to CD22 targeting ADCs with a maytansinoid payload, which does not overlap with ROR1, B7-H3, or topoisomerase I inhibitor targeting. Therefore, it does not pose a competitive risk to the specified ADC program.",161-515-677-187-876,
False,none,The claims focus on targeting P2X7 receptors and do not mention ROR1 or any related characteristics.,False,none,"There is no mention of B7-H3, CD276, or any related characteristics in the claims.",False,none,"The claims specify gemcitabine as the cytotoxic compound, with no mention of topoisomerase I inhibitors or related compounds.",False,The claims do not describe any bispecific or multispecific antibodies targeting ROR1 or B7-H3.,False,"The patent claims are specific to P2X7 receptor targeting with gemcitabine as the payload, posing no competitive risk to ADC programs targeting ROR1, B7-H3, or using a topoisomerase I inhibitor payload.",157-498-205-301-857,
False,none,"The claims do not mention ROR1 or any characteristics specific to ROR1 targeting, such as involvement in Wnt5a signaling or expression in CLL.",False,none,"The claims do not mention B7-H3, CD276, or any specific characteristics of B7-H3 targeting.",False,none,The claims do not mention any topoisomerase I inhibitors or related payloads such as camptothecin derivatives.,False,The claims do not describe any bispecific or multispecific antibody constructs.,False,"There is no indication in the claims of targeting ROR1, B7-H3, or using a topoisomerase I inhibitor payload, nor are there bispecific constructs relevant to these targets.",199-104-367-722-506,
False,none,"The claims do not mention ROR1 or any specific characteristics associated with ROR1 targeting, such as Wnt5a signaling or expression in specific cancers.",False,none,"The claims do not mention B7-H3, CD276, or any specific characteristics associated with B7-H3 targeting, such as overexpression in certain solid tumors.",False,none,"The claims do not specify any topoisomerase I inhibitors or related payloads, nor do they describe any structural features of such compounds.",False,"While the abstract mentions bispecific antibodies, the claims do not specify any targets or payloads relevant to ROR1, B7-H3, or topoisomerase I inhibitors.",False,"None of the criteria for ROR1, B7-H3, or topoisomerase I inhibitors are met with medium or high confidence, and the bispecific construct does not specify relevant targets.",177-422-520-351-023,
True,high,"The claims explicitly mention antibodies targeting Receptor tyrosine kinase-like orphan receptor-1 (ROR1) with specific sequence-defined CDRs, which supports high confidence in ROR1 targeting.",False,none,"There is no mention of B7-H3 or related descriptions in the claims, indicating no relevance to B7-H3 targeting.",False,none,"The claims specify a PNU-derived anthracycline as the toxin, with no mention of topoisomerase I inhibitors or related descriptions, indicating no relevance to topoisomerase I inhibitor payloads.",False,The claims do not describe a bispecific or multispecific antibody construct involving ROR1 or B7-H3.,True,"The high confidence in ROR1 targeting indicates a competitive risk to ADC programs targeting ROR1, despite no relevance to B7-H3 or topoisomerase I inhibitors.",185-295-194-553-754,
False,none,"The claims focus on an anti-CD19 antibody and a BTK inhibitor, with no mention of ROR1 or related characteristics.",False,none,"There is no mention of B7-H3, CD276, or related characteristics in the claims.",False,none,The claims do not mention any topoisomerase I inhibitors or related payloads.,False,"The claims describe a combination therapy involving a CD19 antibody and a BTK inhibitor, not a bispecific antibody.",False,"The patent claims do not cover ROR1, B7-H3, or topoisomerase I inhibitors, and do not describe bispecific constructs involving these targets. Therefore, it poses no competitive risk to the ADC program targeting these elements.",000-259-952-256-760,
False,none,"The claims focus on a radioactive antitumor agent targeting MUC5AC, with no mention of ROR1 or related receptor characteristics.",False,none,The claims are specific to MUC5AC and do not mention B7-H3 or related characteristics.,False,none,"The claims describe a radioactive agent using Actinium-225, with no mention of topoisomerase I inhibitors or related payloads.",False,The claims do not describe any bispecific or multispecific antibody constructs.,False,"The patent claims are specific to a radioactive antitumor agent targeting MUC5AC, with no overlap in targeting ROR1, B7-H3, or using a topoisomerase I inhibitor payload.",076-878-489-132-482,
False,none,"The claims do not mention ROR1 or any characteristics specific to ROR1 targeting, such as Wnt5a signaling or expression in CLL.",False,none,"The claims do not mention B7-H3, CD276, or any specific characteristics of B7-H3 targeting.",False,none,The claims do not mention topoisomerase I inhibitors or any specific payloads related to topoisomerase I inhibition.,False,"The claims describe a combination of a PI3K inhibitor and a PD-L1/TGFβ dual inhibitor, but do not describe a bispecific antibody targeting ROR1 or B7-H3.",False,"None of the claims relate to ROR1, B7-H3, or topoisomerase I inhibitors, and there is no bispecific construct involving these targets. Therefore, this patent does not pose a competitive risk to the ADC program targeting these elements.",005-078-836-941-321,
False,none,"The claims do not mention ROR1 or any characteristics associated with ROR1 targeting, such as involvement in Wnt5a signaling or expression in specific cancers.",False,none,"The claims do not mention B7-H3, CD276, or any characteristics specific to B7-H3 targeting. The focus is on EGFR and HER3 binding.",False,none,There is no mention of topoisomerase I inhibitors or related payloads in the claims. The claims focus on bispecific antibody constructs.,True,"The claims describe a bispecific tetravalent antibody with specificity for EGFR and HER3, but neither arm targets ROR1 or B7-H3.",False,"The patent does not pose a competitive risk to an ADC program targeting ROR1, B7-H3, or using a topoisomerase I inhibitor payload, as none of these elements are claimed.",150-495-023-028-273,
False,none,"The claims focus on bispecific antibodies targeting BCMA and CD3, with no mention of ROR1 or related receptor tyrosine kinases.",False,none,"There is no mention of B7-H3, CD276, or any related B7 family members in the claims.",False,none,The claims do not mention any topoisomerase I inhibitors or related payloads.,False,"While the claims describe bispecific antibodies, neither arm targets ROR1 or B7-H3.",False,"The patent does not pose a competitive risk to an ADC program targeting ROR1, B7-H3, or using a topoisomerase I inhibitor payload, as none of these elements are addressed in the claims.",037-129-257-632-979,
False,none,"The claims focus exclusively on an anti-CD38 ADC for treating multiple myeloma, with no mention or implication of ROR1 targeting.",False,none,"There is no mention of B7-H3 or related characteristics in the claims, which are specific to CD38 targeting.",False,none,"The payloads specified in the claims are tubulin inhibitors or doxorubicin analogs, with no mention of topoisomerase I inhibitors.",False,The claims do not describe any bispecific or multispecific antibody constructs.,False,"The patent claims are specific to an anti-CD38 ADC with no overlap in targeting ROR1, B7-H3, or using a topoisomerase I inhibitor payload, thus posing no competitive risk to the specified ADC program.",162-671-130-527-997,
False,none,"The claims do not mention ROR1 or any characteristics associated with ROR1 targeting, such as Wnt5a signaling or expression in specific lymphomas.",False,none,"There is no mention of B7-H3, CD276, or any related characteristics in the claims.",True,high,"The claims describe ADCs conjugated to camptothecin derivatives, which are known topoisomerase I inhibitors.",False,The claims do not describe any bispecific or multispecific antibody constructs.,True,"The patent poses a competitive risk due to the high confidence in the use of a topoisomerase I inhibitor payload, specifically camptothecin derivatives.",070-564-003-001-619,
False,none,The claims focus on antibodies targeting CLDN18.2 and do not mention ROR1 or any related characteristics.,False,none,"There is no mention of B7-H3 or related characteristics in the claims, which are specific to CLDN18.2.",False,none,"The claims describe ADCs with cytotoxic payloads like DM1 and MMAF, but do not specify topoisomerase I inhibitors or related characteristics.",False,"While bispecific antibodies are claimed, they do not involve ROR1 or B7-H3 as one of the targets.",False,"The patent does not pose a competitive risk to programs targeting ROR1, B7-H3, or using topoisomerase I inhibitor payloads, as none of these elements are claimed.",020-949-631-241-828,
False,none,The claims are specific to antibody-drug conjugates targeting folate receptor alpha (FRα) and do not mention ROR1 or any related characteristics.,False,none,"The claims focus on targeting folate receptor alpha and do not mention B7-H3, CD276, or any related characteristics.",True,high,"The claims specify the use of a camptothecin analogue, which is a known topoisomerase I inhibitor, as the payload in the ADCs.",False,"The claims do not describe bispecific or multispecific antibody constructs; they focus on a single target, folate receptor alpha.",True,"The patent poses a competitive risk due to the high confidence in the use of a topoisomerase I inhibitor payload, which is relevant to the ADC program's payload strategy.",057-797-165-124-343,
False,none,"The claims do not mention ROR1 or any characteristics specific to ROR1 targeting, such as involvement in Wnt5a signaling or expression in CLL.",False,none,"The claims do not mention B7-H3, CD276, or any specific characteristics of B7-H3 targeting, such as being a 4Ig B7 family member.",False,none,"The claims do not specify any topoisomerase I inhibitors or related payloads, nor do they describe mechanisms or structures associated with topoisomerase I inhibition.",False,The claims describe fusion proteins and complexes but do not specify bispecific or multispecific antibodies targeting ROR1 or B7-H3.,False,"None of the criteria for ROR1, B7-H3, or topoisomerase I inhibitor payloads are met with medium or high confidence, and no bispecific constructs targeting these antigens are claimed.",184-680-918-532-102,
False,none,The claims do not mention ROR1 or any related orphan receptor tyrosine kinase characteristics. There is no indication of targeting ROR1 in the described compositions.,False,none,"The claims do not mention B7-H3, CD276, or any related characteristics of the B7 family that would suggest targeting B7-H3.",False,none,The claims focus on gamma polyglutamated lometrexol and do not mention any topoisomerase I inhibitors or related payloads.,False,"There are no claims describing bispecific or multispecific antibodies, nor any targeting of ROR1 or B7-H3.",False,"The patent does not claim any compositions or methods that target ROR1, B7-H3, or involve a topoisomerase I inhibitor payload. Therefore, it does not pose a competitive risk to the ADC program targeting these elements.",117-668-079-160-587,
True,high,The claims explicitly mention ROR1 as a target for the chimeric molecule comprising a targeting moiety conjugated or fused to the modified Pseudomonas exotoxin A.,False,none,"There is no mention of B7-H3 or CD276 in the claims, nor any description that matches the criteria for B7-H3 targeting.",False,none,"The claims do not mention any topoisomerase I inhibitors or related payloads, nor do they describe any payloads that match the criteria for topoisomerase I inhibitors.",False,The claims do not describe a bispecific or multispecific antibody construct.,True,The patent poses a competitive risk to an ADC program targeting ROR1 due to the high confidence identification of ROR1 as a target in the claims.,014-272-143-498-473,
False,none,"The claims focus exclusively on antibodies targeting CD22, with no mention or implication of ROR1 or related characteristics.",False,none,"There is no mention of B7-H3, CD276, or related characteristics in the claims, which are specific to CD22 targeting.",False,none,The claims do not specify any topoisomerase I inhibitors or related payloads; they focus on CD22-targeting antibodies and their uses.,False,"While the claims include multispecific antibodies, they are based on CD22 targeting and do not involve ROR1 or B7-H3.",False,"The patent claims are specific to CD22-targeting antibodies and do not involve ROR1, B7-H3, or topoisomerase I inhibitors, posing no competitive risk to the ADC program targeting these elements.",009-862-902-039-809,
False,none,"The claims focus on antibodies targeting endoglin, with no mention of ROR1 or related characteristics.",False,none,The claims are specific to endoglin antibodies and do not mention B7-H3 or related features.,False,none,There is no mention of topoisomerase I inhibitors or related payloads in the claims.,False,The claims do not describe bispecific or multispecific antibodies involving ROR1 or B7-H3.,False,"The patent claims are specific to endoglin-targeting antibodies and do not overlap with ROR1, B7-H3, or topoisomerase I inhibitor payloads.",026-745-412-095-860,
False,none,The claims are specific to anti-EGFR antibody drug conjugates and do not mention ROR1 or any related characteristics.,False,none,The claims focus on EGFR targeting and do not mention B7-H3 or any related characteristics.,False,none,There is no mention of a topoisomerase I inhibitor or related payloads in the claims.,False,The claims do not describe any bispecific or multispecific antibody constructs.,False,"The patent claims are specific to anti-EGFR ADCs and do not cover ROR1, B7-H3, or topoisomerase I inhibitor payloads, thus posing no competitive risk to the specified ADC program.",029-097-024-529-723,
False,none,"The claims do not mention ROR1 or any characteristics associated with ROR1 targeting, such as involvement in Wnt5a signaling or expression in specific lymphomas.",False,none,"The claims do not mention B7-H3, CD276, or any characteristics specific to B7-H3 targeting, such as being a 4Ig B7 family member or overexpression in specific solid tumors.",False,none,The claims do not specify a topoisomerase I inhibitor or any related compounds such as camptothecin derivatives or analogs.,False,The claims do not describe a bispecific or multispecific antibody construct targeting ROR1 or B7-H3.,False,"None of the criteria for ROR1, B7-H3, or topoisomerase I inhibitor payloads are met with medium or high confidence, and there is no bispecific construct involving these targets.",046-950-089-236-464,
False,none,"The claims do not mention ROR1, orphan receptor tyrosine kinases, or any related signaling pathways or expression profiles.",False,none,"The claims do not mention B7-H3, CD276, or any related B7 family member descriptions that would suggest targeting B7-H3.",False,none,"The claims do not mention topoisomerase I inhibitors, camptothecin derivatives, or any related structural or functional descriptions.",False,The claims do not describe any bispecific or multispecific antibody constructs.,False,"None of the claims relate to ROR1, B7-H3, or topoisomerase I inhibitors, and there are no bispecific constructs described. Therefore, this patent does not pose a competitive risk to the ADC program targeting these elements.",059-389-953-396-753,
False,none,"The claims do not mention ROR1, NTRKR1, or any related receptor tyrosine kinase characteristics. There is no indication of targeting ROR1 in the described compounds or compositions.",False,none,"The claims do not mention B7-H3, CD276, or any related B7 family member characteristics. There is no indication of targeting B7-H3 in the described compounds or compositions.",False,none,"The claims do not mention topoisomerase I inhibitors or any related compounds such as camptothecin derivatives. The focus is on TLR7 agonists, which are unrelated to topoisomerase I inhibition.",False,"The claims do not describe any bispecific or multispecific antibodies, nor do they mention any constructs targeting ROR1 or B7-H3.",False,"There is no competitive risk identified as the claims do not cover ROR1, B7-H3, or topoisomerase I inhibitor payloads. The patent focuses on TLR7 agonists, which are unrelated to the ADC program targets.",080-854-610-698-401,
False,none,"The claims focus on a fusion protein targeting KRas, with no mention of ROR1 or related characteristics.",False,none,"There is no mention of B7-H3, CD276, or related characteristics in the claims.",False,none,The claims do not mention any topoisomerase I inhibitors or related payloads.,False,"The claims describe a fusion protein targeting KRas, not a bispecific or multispecific antibody.",False,"The patent claims are specific to a KRas-targeting fusion protein and do not overlap with ROR1, B7-H3, or topoisomerase I inhibitor payloads.",066-479-140-629-591,
False,none,The claims focus on antibodies targeting the poliovirus receptor (CD155) and do not mention ROR1 or any related characteristics.,False,none,"There is no mention of B7-H3, CD276, or related characteristics in the claims, which are specific to CD155.",False,none,"The claims do not specify any topoisomerase I inhibitors or related payloads. The mentioned drugs (paclitaxel, doxorubicin, temozolomide) are not topoisomerase I inhibitors.",False,The claims do not describe any bispecific or multispecific antibodies.,False,"The patent claims are specific to CD155-targeting antibodies and do not overlap with ROR1, B7-H3, or topoisomerase I inhibitor payloads, indicating no competitive risk to the ADC program.",064-890-130-757-183,
False,none,"The claims do not mention ROR1 or any characteristics specifically associated with ROR1 targeting, such as involvement in Wnt5a signaling or expression in CLL.",False,none,"The claims do not mention B7-H3 or CD276, nor do they describe characteristics specific to B7-H3 targeting.",False,none,The claims specify a topoisomerase inhibitor but do not explicitly mention topoisomerase I inhibitors or specific agents like SN-38 or irinotecan.,False,The claims do not describe any bispecific or multispecific antibody constructs.,False,"None of the criteria for ROR1, B7-H3, or topoisomerase I inhibitors are met with medium or high confidence, and there are no bispecific constructs targeting these antigens.",068-325-212-511-21X,
False,none,"The claims do not mention ROR1, orphan receptor tyrosine kinases, or any related signaling pathways or expression profiles that would suggest ROR1 targeting.",False,none,"The claims do not mention B7-H3, CD276, or any characteristics specific to B7-H3 targeting. There is no description of a 4Ig B7 family member or exclusion of other B7 family members.",False,none,The claims focus on micelle compositions with TLR7 agonists and do not mention topoisomerase I inhibitors or related payloads such as camptothecin derivatives.,False,"The claims do not describe any bispecific or multispecific antibody constructs, nor do they suggest targeting ROR1 or B7-H3.",False,"There is no indication in the claims of targeting ROR1, B7-H3, or using a topoisomerase I inhibitor payload. Therefore, this patent does not pose a competitive risk to the ADC program targeting these elements.",073-945-854-696-912,
False,none,The claims focus on cMET binding agents and do not mention ROR1 or any characteristics associated with ROR1 targeting.,False,none,"There is no mention of B7-H3, CD276, or any related characteristics in the claims. The focus is solely on cMET binding agents.",False,none,"The payload described in the claims is a pyrrolobenzodiazepine toxin, not a topoisomerase I inhibitor. There is no mention of topoisomerase I inhibitors or related compounds.",False,The claims do not describe any bispecific or multispecific constructs. The focus is on monoclonal cMET binding agents.,False,"The patent claims are specific to cMET binding agents with pyrrolobenzodiazepine toxins, with no overlap in targeting ROR1, B7-H3, or using a topoisomerase I inhibitor payload. Therefore, it does not pose a competitive risk to the ADC program targeting these elements.",082-819-114-028-125,
False,none,The claims focus on an antibody-drug conjugate targeting Claudin 18 isoform 2 (CLDN18.2) and do not mention ROR1 or any related characteristics.,False,none,"The claims are specific to CLDN18.2 and do not mention B7-H3, CD276, or any related characteristics.",False,none,The claims do not specify a topoisomerase I inhibitor or any related compounds such as camptothecin derivatives.,False,The claims do not describe a bispecific or multispecific antibody construct.,False,"The patent claims are specific to an ADC targeting CLDN18.2 and do not involve ROR1, B7-H3, or a topoisomerase I inhibitor payload, thus posing no competitive risk to the specified ADC program.",109-890-753-711-887,
False,none,"The claims specifically target CD33, with no mention of ROR1 or related characteristics.",False,none,"The claims focus on CD33 targeting, with no mention of B7-H3 or related characteristics.",False,none,"The payload described in the claims is a benzodiazepine, with no mention of topoisomerase I inhibitors or related characteristics.",False,The claims do not describe a bispecific or multispecific antibody construct.,False,"The patent claims are specific to a CD33-targeting ADC with a benzodiazepine payload, which does not overlap with ROR1, B7-H3, or topoisomerase I inhibitor ADC programs.",104-736-996-093-537,
False,none,"The claims do not mention ROR1 or any characteristics specifically associated with ROR1 targeting, such as Wnt5a signaling or expression in CLL.",False,none,"There is no mention of B7-H3, CD276, or any specific characteristics of B7-H3 targeting in the claims.",False,none,"The claims do not specify any topoisomerase I inhibitors or related structural descriptions, such as camptothecin derivatives.",False,The claims do not describe any bispecific or multispecific antibody constructs.,False,"None of the criteria for ROR1, B7-H3, or topoisomerase I inhibitor payloads are met with medium or high confidence, and there are no bispecific constructs described.",112-489-575-603-652,
False,none,The claims do not mention ROR1 or any characteristics specifically associated with ROR1 targeting.,False,none,"The claims do not mention B7-H3, CD276, or any characteristics specifically associated with B7-H3 targeting.",True,high,"The claims include Sacituzumab govitecan, which is known to contain SN-38, a topoisomerase I inhibitor payload.",False,The claims do not describe any bispecific or multispecific antibody constructs.,True,The presence of a topoisomerase I inhibitor payload in the form of Sacituzumab govitecan in the claims poses a competitive risk to ADC programs using similar payloads.,143-816-995-026-29X,
False,none,"The claims focus on antibodies targeting CAPRIN-1, with no mention of ROR1 or related receptor tyrosine kinases.",False,none,"The claims do not mention B7-H3, CD276, or any related B7 family members. The focus is solely on CAPRIN-1.",False,none,"The payload described in the claims is benzodiazepine-based, with no mention of topoisomerase I inhibitors or related compounds.",False,The claims do not describe any bispecific or multispecific antibody constructs.,False,"The patent claims are specific to CAPRIN-1 targeting ADCs with benzodiazepine payloads, which do not overlap with ROR1, B7-H3, or topoisomerase I inhibitor ADC programs.",131-224-382-578-986,
False,none,"The claims focus exclusively on antibodies targeting CLDN18.2, with no mention or implication of ROR1 or related characteristics.",False,none,"The claims are specific to CLDN18.2 and do not mention B7-H3, CD276, or any related characteristics.",False,none,There is no mention of topoisomerase I inhibitors or related payloads in the claims. The focus is on CLDN18.2 antibodies and their derivatives.,False,"While the claims include multispecific antibodies, they are specific to CLDN18.2 and do not involve ROR1 or B7-H3.",False,"The patent claims are specific to CLDN18.2 and do not cover ROR1, B7-H3, or topoisomerase I inhibitor payloads, posing no competitive risk to the ADC program targeting these elements.",138-111-265-326-943,
False,none,"The claims do not mention ROR1 or any characteristics specific to ROR1 targeting, such as involvement in Wnt5a signaling or expression in CLL.",False,none,"The claims do not mention B7-H3, CD276, or any specific characteristics of B7-H3 targeting. The focus is on PD-L1 and SIRPα.",False,none,The claims do not specify any topoisomerase I inhibitors or related payloads. The focus is on immunoconjugates involving PD-L1 and SIRPα.,False,"The claims describe a heterodimeric immunoconjugate involving PD-L1 and SIRPα, but do not involve ROR1 or B7-H3 targeting.",False,"There is no indication of ROR1, B7-H3, or topoisomerase I inhibitor involvement in the claims, thus posing no competitive risk to the ADC program targeting these elements.",138-522-042-963-255,
False,none,The claims focus on tricyclic PI3K inhibitor compounds and do not mention ROR1 or any characteristics specific to ROR1 targeting.,False,none,"There is no mention of B7-H3, CD276, or any related characteristics in the claims that would suggest targeting B7-H3.",False,none,The claims do not mention topoisomerase I inhibitors or any related compounds such as camptothecin derivatives.,False,The claims do not describe any bispecific or multispecific antibody constructs.,False,"The patent claims are focused on PI3K inhibitors and do not address ROR1, B7-H3, or topoisomerase I inhibitors, thus posing no competitive risk to the ADC program targeting these elements.",147-692-663-657-398,
False,none,The claims do not mention ROR1 or any related characteristics. They are specific to B7-H3 antibodies.,True,high,"The claims explicitly describe anti-B7-H3 antibody drug conjugates, specifying B7-H3 binding.",False,none,The claims do not mention a topoisomerase I inhibitor or any related payload. They focus on the antibody structure.,False,The claims do not describe bispecific or multispecific antibodies. They focus on monospecific anti-B7-H3 ADCs.,True,The high confidence in B7-H3 targeting poses a competitive risk to an ADC program targeting B7-H3.,154-115-537-305-15X,
False,none,"The claims do not mention ROR1 or any characteristics specifically associated with ROR1 targeting, such as involvement in Wnt5a signaling or expression in CLL.",False,none,"The claims do not mention B7-H3, CD276, or any specific characteristics of B7-H3 targeting, such as being a 4Ig B7 family member overexpressed in certain solid tumors.",False,none,The claims focus on pyrrolobenzodiazepine drug moieties and do not mention topoisomerase I inhibitors or related compounds like camptothecin derivatives.,False,The claims do not describe bispecific or multispecific antibodies targeting ROR1 or B7-H3.,False,"There is no indication in the claims of targeting ROR1, B7-H3, or using a topoisomerase I inhibitor payload, thus posing no competitive risk to the ADC program targeting these elements.",153-855-779-884-323,
False,none,"The claims do not mention ROR1 or any characteristics specific to ROR1 targeting, such as Wnt5a signaling or expression in CLL.",False,none,"There is no mention of B7-H3, CD276, or any specific characteristics of B7-H3 targeting in the claims.",False,none,"The claims do not specify any topoisomerase I inhibitors or related payloads, nor do they describe mechanisms associated with topoisomerase I inhibition.",False,The claims do not describe any bispecific or multispecific antibody constructs.,False,"None of the criteria for ROR1, B7-H3, or topoisomerase I inhibitor payloads are met with medium or high confidence, and there are no bispecific constructs described. Therefore, this patent does not pose a competitive risk to the ADC program.",150-363-946-402-310,
False,none,"The claims do not mention ROR1 or any characteristics specific to ROR1 targeting, such as involvement in Wnt5a signaling or expression in CLL.",False,none,"The claims do not mention B7-H3, CD276, or any specific characteristics of B7-H3 targeting, such as overexpression in specific solid tumors.",False,none,The claims focus on maytansinoid conjugates and do not mention topoisomerase I inhibitors or related structural descriptions.,False,There are no claims describing bispecific or multispecific antibodies targeting ROR1 or B7-H3.,False,"The patent does not pose a competitive risk to an ADC program targeting ROR1, B7-H3, or using a topoisomerase I inhibitor payload, as none of these elements are claimed.",164-829-646-566-137,
False,none,"The claims do not mention ROR1 or any characteristics associated with ROR1 targeting, such as involvement in Wnt5a signaling or expression in CLL or mantle cell lymphoma.",False,none,"The claims do not mention B7-H3, CD276, or any characteristics specific to B7-H3 targeting, such as being a 4Ig B7 family member or overexpression in specific cancers.",False,none,The claims do not specify any topoisomerase I inhibitors or related payloads such as camptothecin derivatives or DNA single-strand break mechanisms.,False,The claims describe heterobifunctional molecules but do not specify bispecific antibodies targeting ROR1 or B7-H3.,False,"The patent does not pose a competitive risk to an ADC program targeting ROR1, B7-H3, or using a topoisomerase I inhibitor payload, as none of these elements are claimed or implied.",167-682-597-616-294,
False,none,"The claims do not mention ROR1 or any characteristics specific to ROR1 targeting, such as Wnt5a signaling or expression in CLL.",False,none,"There is no mention of B7-H3, CD276, or any related characteristics in the claims.",False,none,The claims do not specify any topoisomerase I inhibitors or related payloads.,False,The claims do not describe any bispecific or multispecific antibody constructs.,False,"None of the claims relate to ROR1, B7-H3, or topoisomerase I inhibitors, indicating no competitive risk to the ADC program targeting these elements.",171-779-132-510-874,
False,none,"The claims focus on antisense oligonucleotides targeting PD-L1, with no mention of ROR1 or related receptor tyrosine kinases.",False,none,"There is no mention of B7-H3, CD276, or related B7 family members in the claims. The focus is solely on PD-L1.",False,none,The claims do not mention any topoisomerase I inhibitors or related payloads. The invention is centered on antisense oligonucleotides for PD-L1 modulation.,False,The claims do not describe any bispecific or multispecific antibodies. The invention is focused on oligonucleotide conjugates.,False,"The patent claims are specific to antisense oligonucleotides targeting PD-L1 and do not involve ROR1, B7-H3, or topoisomerase I inhibitors. Therefore, it poses no competitive risk to the ADC program targeting these elements.",162-435-071-624-273,
False,none,"The claims do not mention ROR1 or any characteristics specific to ROR1 targeting, such as involvement in Wnt5a signaling or expression in CLL.",False,none,"The claims do not mention B7-H3, CD276, or any specific characteristics of B7-H3 targeting. The focus is on PD-1/PD-L1 interaction and a tyrosine kinase inhibitor.",False,none,There is no mention of topoisomerase I inhibitors or related compounds such as camptothecin derivatives in the claims.,False,The claims do not describe any bispecific or multispecific antibody constructs.,False,"None of the criteria for ROR1, B7-H3, or topoisomerase I inhibitor payloads are met with medium or high confidence. The patent focuses on a combination therapy involving PD-1 inhibition and a tyrosine kinase inhibitor, which does not overlap with the ADC program targeting ROR1 or B7-H3 with a topoisomerase I inhibitor payload.",160-379-545-412-939,
False,none,The claims focus on an anti-ABCG2 monoclonal antibody and do not mention ROR1 or any related characteristics.,False,none,"There is no mention of B7-H3, CD276, or related characteristics in the claims.",False,none,The claims do not specify a topoisomerase I inhibitor or related payloads. The anticancer drugs mentioned do not include topoisomerase I inhibitors.,False,The claims do not describe any bispecific or multispecific antibody constructs.,False,"None of the criteria for ROR1, B7-H3, or topoisomerase I inhibitor payloads are met, and there are no bispecific constructs described. Therefore, this patent does not pose a competitive risk to the ADC program targeting these elements.",039-150-075-191-112,
False,none,The claims focus exclusively on antibodies targeting human Tissue Factor (TF) and do not mention ROR1 or any related characteristics.,False,none,"There is no mention of B7-H3, CD276, or any related characteristics in the claims, which are specific to human Tissue Factor (TF).",False,none,"The claims do not specify any payloads, including topoisomerase I inhibitors or related compounds. They focus solely on antibodies targeting TF.",False,"While the claims mention multispecific antibodies, there is no indication that any arm targets ROR1 or B7-H3.",False,"The patent claims are specific to antibodies targeting human Tissue Factor (TF) and do not involve ROR1, B7-H3, or topoisomerase I inhibitor payloads. Therefore, it does not pose a competitive risk to the ADC program targeting these elements.",048-244-074-866-505,
False,none,"The claims do not mention ROR1, NTRKR1, or any related receptor tyrosine kinase characteristics. There is no indication of targeting ROR1 in the described compounds or methods.",False,none,"The claims do not mention B7-H3, CD276, or any related B7 family member characteristics. There is no indication of targeting B7-H3 in the described compounds or methods.",False,none,The claims do not mention topoisomerase I inhibitors or any related compounds such as camptothecin derivatives. There is no indication of a topoisomerase I inhibitor payload in the described compounds.,False,The claims do not describe any bispecific or multispecific antibody constructs. There is no indication of bispecific targeting involving ROR1 or B7-H3.,False,"None of the criteria for ROR1, B7-H3, or topoisomerase I inhibitor payloads are met with medium or high confidence. Therefore, this patent does not pose a competitive risk to the ADC program targeting these elements.",198-318-365-299-30X,
False,none,"The claims focus on an ADC targeting Nectin-4, with no mention of ROR1 or related characteristics.",False,none,The claims are specific to Nectin-4 targeting and do not mention B7-H3 or related characteristics.,True,high,"Claim 8 explicitly includes DNA topoisomerase I inhibitors and derivatives, such as SN38, as potential payloads for the ADC.",False,"While the claims mention bispecific antibodies, they do not specify ROR1 or B7-H3 as targets.",True,"The patent poses a competitive risk due to the high confidence in the inclusion of topoisomerase I inhibitor payloads, which are relevant to the ADC program.",170-811-211-004-989,
False,none,"The claims do not mention ROR1 or any characteristics specific to ROR1 targeting, such as Wnt5a signaling or expression in CLL.",False,none,"The claims do not mention B7-H3, CD276, or any specific characteristics of B7-H3 targeting.",False,none,The claims focus on gamma polyglutamated raltitrexed and do not mention topoisomerase I inhibitors or related payloads.,False,There are no claims describing bispecific or multispecific antibodies targeting ROR1 or B7-H3.,False,"The patent does not claim any elements related to ROR1, B7-H3, or topoisomerase I inhibitors, thus posing no competitive risk to the ADC program targeting these elements.",143-312-453-346-230,
False,none,"The claims focus on antibodies targeting CD45, with no mention of ROR1 or related characteristics.",False,none,"There is no mention of B7-H3, CD276, or related characteristics in the claims.",False,none,"The payload described in the claims is an amatoxin, not a topoisomerase I inhibitor or related compound.",False,The claims do not describe a bispecific or multispecific antibody targeting ROR1 or B7-H3.,False,"The patent claims are specific to CD45 targeting with an amatoxin payload, which does not overlap with ROR1, B7-H3, or topoisomerase I inhibitor ADC programs.",042-715-645-747-850,
False,none,"The claims focus on antibodies targeting IL-7Rα, with no mention of ROR1 or related receptor characteristics.",False,none,"There is no mention of B7-H3, CD276, or related characteristics in the claims.",False,none,The claims do not specify any topoisomerase I inhibitors or related payloads.,False,"While bispecific antibodies are mentioned, they target IL-7Rα and CD3, not ROR1 or B7-H3.",False,"The patent claims are specific to IL-7Rα targeting antibodies and do not overlap with ROR1, B7-H3, or topoisomerase I inhibitor payloads.",041-580-009-012-800,
False,none,The claims focus on an ADC targeting CEACAM5 and do not mention ROR1 or any related characteristics.,False,none,"There is no mention of B7-H3, CD276, or related characteristics in the claims.",False,low,"While the claims mention topoisomerase inhibitors as potential payloads, there is no specific mention of topoisomerase I inhibitors or related compounds like camptothecin derivatives.",False,The claims do not describe a bispecific or multispecific antibody construct involving ROR1 or B7-H3.,False,"The patent does not pose a competitive risk to an ADC program targeting ROR1, B7-H3, or using a topoisomerase I inhibitor payload, as none of these elements are claimed with medium or high confidence.",037-972-056-734-353,
False,none,The claims focus on anti-VTCN1 antibodies and do not mention ROR1 or any related characteristics.,False,none,"The patent explicitly targets VTCN1, also known as B7-H4, which is distinct from B7-H3. There is no mention of B7-H3 or CD276.",False,none,The claims do not specify any topoisomerase I inhibitor payloads or related compounds.,False,"While the claims mention multispecific and bispecific antibodies, they do not involve ROR1 or B7-H3 as one of the targets.",False,"The patent does not pose a competitive risk to an ADC program targeting ROR1, B7-H3, or using a topoisomerase I inhibitor payload, as none of these elements are claimed.",092-526-463-933-100,
False,none,The claims focus on an antibody drug conjugate targeting mesothelin (MSLN) and do not mention ROR1 or any related characteristics.,False,none,The claims are specific to mesothelin-targeting antibodies and do not reference B7-H3 or any related features.,False,none,"The claims specify dolastatin peptides such as MMAE as the payload, with no mention of topoisomerase I inhibitors or related compounds.",False,"While the claims mention bispecific antibodies, they are specific to mesothelin and do not involve ROR1 or B7-H3.",False,"The patent claims are specific to mesothelin-targeting ADCs with dolastatin payloads, posing no competitive risk to programs targeting ROR1, B7-H3, or using topoisomerase I inhibitors.",113-174-130-402-647,
False,none,"The claims focus on antibodies binding to mesothelin, with no mention of ROR1 or related characteristics.",False,none,The claims are specific to mesothelin-targeting antibodies and do not mention B7-H3 or related characteristics.,False,none,"The payload specified in the claims is eribulin, which is not a topoisomerase I inhibitor. There is no mention of topoisomerase I inhibitors or related compounds.",False,The claims do not describe any bispecific or multispecific antibody constructs.,False,"The patent claims are specific to mesothelin-targeting ADCs with eribulin as the payload, which does not overlap with ROR1, B7-H3, or topoisomerase I inhibitor ADC programs.",132-954-207-567-084,
False,none,"The claims do not mention ROR1 or any characteristics specifically associated with ROR1 targeting, such as Wnt5a signaling or expression in CLL.",False,none,"The claims do not mention B7-H3, CD276, or any specific characteristics of B7-H3 targeting.",False,none,The claims do not mention any topoisomerase I inhibitors or related compounds such as camptothecin derivatives.,False,The claims do not describe any bispecific or multispecific antibody constructs.,False,"None of the criteria for ROR1, B7-H3, or topoisomerase I inhibitor payloads are met with medium or high confidence, and there are no bispecific constructs targeting these antigens.",130-037-283-456-06X,
False,none,"The claims focus exclusively on an anti-Claudin18.2 antibody drug conjugate, with no mention or implication of ROR1 or related receptor tyrosine kinases.",False,none,"There is no mention of B7-H3, CD276, or any related B7 family members in the claims. The focus is solely on Claudin18.2.",False,none,The claims do not specify any topoisomerase I inhibitors or related payloads. The payload structure is not detailed in a way that suggests a topoisomerase I inhibitor.,False,"The claims do not describe any bispecific or multispecific antibody constructs. The focus is on a single target, Claudin18.2.",False,"The patent claims are specific to an anti-Claudin18.2 ADC and do not cover ROR1, B7-H3, or topoisomerase I inhibitor payloads. Therefore, it does not pose a competitive risk to the specified ADC program.",150-345-314-609-293,
False,none,"The claims do not mention ROR1 or any characteristics specifically associated with ROR1, such as Wnt5a signaling or expression in CLL. The claims focus on a broad range of targets without specifying ROR1.",False,none,"There is no mention of B7-H3, CD276, or any specific characteristics of B7-H3 in the claims. The claims cover a wide array of targets without specifying B7-H3.",False,none,The claims do not specify any topoisomerase I inhibitors or related payloads such as camptothecin derivatives. The focus is on heterobifunctional molecules without detailing specific cytotoxic payloads.,False,The claims describe heterobifunctional molecules but do not specify bispecific antibodies targeting ROR1 or B7-H3. The focus is on compounds that recruit antibodies rather than bispecific constructs.,False,"None of the criteria for ROR1, B7-H3, or topoisomerase I inhibitors are met with medium or high confidence. The claims do not pose a competitive risk to an ADC program targeting these specific elements.",159-520-538-582-790,
False,none,The claims focus on antibodies targeting human neurotensin receptor 1 (hNTSR1) with no mention of ROR1 or related characteristics.,False,none,The claims are specific to antibodies against hNTSR1 and do not mention B7-H3 or related characteristics.,False,none,The claims do not specify any topoisomerase I inhibitor payloads or related descriptions.,False,There are no claims describing bispecific or multispecific antibodies targeting ROR1 or B7-H3.,False,"The patent claims are specific to antibodies targeting hNTSR1 and do not involve ROR1, B7-H3, or topoisomerase I inhibitor payloads, thus posing no competitive risk to the ADC program.",161-330-076-048-562,
False,none,"The claims do not mention ROR1 or any characteristics specifically associated with ROR1 targeting, such as involvement in Wnt5a signaling or expression in CLL.",False,none,"The claims do not mention B7-H3, CD276, or any specific characteristics of B7-H3, such as being a 4Ig B7 family member or overexpression in specific cancers.",False,none,The claims do not specify any topoisomerase I inhibitors or related payloads such as camptothecin derivatives or DNA single-strand break mechanisms.,False,The claims do not describe any bispecific or multispecific antibody constructs.,False,"None of the claims indicate targeting of ROR1, B7-H3, or the use of a topoisomerase I inhibitor payload. Therefore, there is no competitive risk to the ADC program based on the evaluated criteria.",166-367-378-523-534,
False,none,"The claims focus on an ADC targeting Claudin18.2, with no mention of ROR1 or related receptor tyrosine kinases.",False,none,The claims are specific to Claudin18.2 and do not mention B7-H3 or any related B7 family members.,True,high,"The claims explicitly list exatecan and Dxd, both of which are known topoisomerase I inhibitors, as potential payloads for the ADC.",False,The claims do not describe any bispecific or multispecific antibody constructs.,True,"The patent poses a competitive risk due to the inclusion of topoisomerase I inhibitor payloads, which are relevant to the ADC program's focus.",074-782-747-823-421,
False,none,The claims do not mention ROR1 or any characteristics specific to ROR1 targeting.,True,high,"The claims explicitly describe an anti-B7H3 antibody, indicating a high confidence in B7-H3 targeting.",True,high,"The claims specify an exatecan analog, which is a known topoisomerase I inhibitor, providing high confidence in the payload targeting.",False,The claims do not describe a bispecific or multispecific antibody construct.,True,"The patent poses a competitive risk due to high confidence in both B7-H3 targeting and topoisomerase I inhibitor payload, which are relevant to the ADC program.",174-918-957-251-746,
False,none,"The claims do not mention ROR1 or any characteristics associated with ROR1 targeting, such as involvement in Wnt5a signaling or expression in specific lymphomas.",False,none,"The claims are specific to B7-H4, explicitly mentioning it multiple times. There is no mention of B7-H3 or CD276, and the patent clearly distinguishes B7-H4 from other B7 family members.",True,high,"The claims explicitly list SN-38 and Exatecan, both of which are known topoisomerase I inhibitors, as potential cytotoxic drugs in the ADC.",False,The claims do not describe any bispecific or multispecific antibody constructs.,True,"The patent poses a competitive risk due to the high confidence in the use of topoisomerase I inhibitors as payloads in the ADCs, which could overlap with similar payload strategies in other ADC programs.",095-835-886-391-671,
False,none,"The claims do not mention ROR1 or any specific characteristics associated with ROR1 targeting, such as Wnt5a signaling or expression in CLL.",False,none,"There is no mention of B7-H3, CD276, or any specific characteristics of B7-H3 targeting in the claims.",True,high,"The claims describe compounds as camptothecin derivatives, which are known topoisomerase I inhibitors, providing high confidence in the relevance to a topoisomerase I inhibitor payload.",False,The claims do not describe any bispecific or multispecific antibody constructs.,True,The high confidence in the topoisomerase I inhibitor payload relevance indicates competitive risk to ADC programs using such payloads.,061-775-600-756-669,
False,none,"The claims do not mention ROR1 or any characteristics specific to ROR1 targeting, such as involvement in Wnt5a signaling or expression in CLL or mantle cell lymphoma.",False,none,"The claims do not mention B7-H3, CD276, or any specific characteristics of B7-H3 targeting, such as being a 4Ig B7 family member or overexpression in specific solid tumors.",False,none,"The claims specify paclitaxel as the therapeutic agent, which is not a topoisomerase I inhibitor. There is no mention of any topoisomerase I inhibitors or related compounds.",False,"The claims do not describe any bispecific or multispecific antibodies, nor do they mention any constructs that would suggest such a configuration.",False,"None of the criteria for ROR1, B7-H3, or topoisomerase I inhibitor payloads are met with medium or high confidence. The patent focuses on T-cell targeting with paclitaxel, posing no competitive risk to the ADC program targeting ROR1 or B7-H3 with a topoisomerase I inhibitor.",028-292-264-050-76X,
False,none,"The claims do not mention ROR1, orphan receptor tyrosine kinases, or any related signaling pathways. The focus is on controlled-release formulations of specific agents unrelated to ROR1.",False,none,"There is no mention of B7-H3, CD276, or any related B7 family members in the claims. The patent is focused on specific therapeutic agents and delivery systems.",False,none,"The claims do not reference topoisomerase I inhibitors or any related compounds. The focus is on tocilizumab, fenretinide, and 2-methoxyestradiol in controlled-release formulations.",False,The claims do not describe any bispecific or multispecific antibody constructs.,False,"The patent does not pose a competitive risk to an ADC program targeting ROR1, B7-H3, or using a topoisomerase I inhibitor payload, as none of these elements are addressed in the claims.",068-320-733-008-334,
False,none,"The claims do not mention ROR1 or any characteristics associated with ROR1 targeting, such as involvement in Wnt5a signaling or expression in specific lymphomas.",False,none,"The claims do not mention B7-H3, CD276, or any characteristics specific to B7-H3 targeting, such as being a 4Ig B7 family member or overexpression in specific solid tumors.",False,none,"The claims do not mention any topoisomerase I inhibitors or related compounds such as camptothecin derivatives. The payloads listed are maytansines, hemiasterlins, amanitins, and auristatins, which are not topoisomerase I inhibitors.",False,The claims do not describe any bispecific or multispecific antibody constructs.,False,"There is no indication of targeting ROR1, B7-H3, or using a topoisomerase I inhibitor payload in the claims. Therefore, this patent does not pose a competitive risk to the ADC program targeting these elements.",085-228-483-767-868,
False,none,"The claims focus exclusively on CD123 targeting antibodies and conjugates, with no mention or implication of ROR1 or related characteristics.",False,none,"There is no mention of B7-H3, CD276, or related characteristics in the claims, which are specific to CD123 targeting.",False,none,"The claims do not specify any topoisomerase I inhibitors or related payloads. The cytotoxic agents mentioned are maytansinoid, auristatin, and benzodiazepine derivatives, which do not include topoisomerase I inhibitors.",False,The claims do not describe any bispecific or multispecific antibodies; they focus solely on CD123 targeting antibodies and conjugates.,False,"The patent claims are specific to CD123 targeting and do not involve ROR1, B7-H3, or topoisomerase I inhibitor payloads, thus posing no competitive risk to the ADC program targeting these elements.",116-731-074-054-630,
False,none,"The claims do not mention ROR1 or any characteristics associated with ROR1 targeting, such as involvement in Wnt5a signaling or expression in specific cancers.",False,none,"There is no mention of B7-H3, CD276, or any related characteristics in the claims. The focus is on HER2 targeting.",True,high,"The claims explicitly describe the cytotoxic drug moiety as a camptothecin topoisomerase I inhibitor, including specific examples like SN-38 and exatecan.",False,"The claims describe bispecific constructs targeting HER2, but do not involve ROR1 or B7-H3.",True,"The patent poses a competitive risk due to the high confidence in the use of a topoisomerase I inhibitor payload, which is relevant to the ADC program's focus.",105-742-629-897-688,
False,none,"The claims do not mention ROR1 or any related characteristics such as orphan receptor tyrosine kinase involvement, Wnt5a signaling, or expression in specific lymphomas.",False,none,"The claims do not mention B7-H3, CD276, or any related characteristics such as being a 4Ig B7 family member or overexpression in specific cancers.",False,none,The claims do not mention topoisomerase I inhibitors or any related compounds such as camptothecin derivatives or specific DNA single-strand break mechanisms.,False,The claims do not describe any bispecific or multispecific antibody constructs.,False,"None of the claims relate to ROR1, B7-H3, or topoisomerase I inhibitors, and there are no bispecific constructs described. Therefore, there is no competitive risk to the ADC program targeting these elements.",124-669-891-894-555,
False,none,"The claims do not mention ROR1 or any characteristics specifically associated with ROR1 targeting, such as Wnt5a signaling or expression in CLL.",False,none,"The claims do not mention B7-H3, CD276, or any specific characteristics of B7-H3 targeting.",False,none,The claims do not mention topoisomerase I inhibitors or any specific payloads related to topoisomerase I inhibition.,False,The claims do not describe any bispecific or multispecific antibody constructs.,False,"None of the criteria for ROR1, B7-H3, or topoisomerase I inhibitor payloads are met with medium or high confidence, and there are no bispecific constructs described. Therefore, this patent does not pose a competitive risk to the ADC program targeting these elements.",151-262-483-237-921,
False,none,The claims focus on anti-huLRRC15 ADCs and do not mention ROR1 or any related characteristics.,False,none,The claims are specific to anti-huLRRC15 ADCs and do not reference B7-H3 or related features.,False,none,"The claims specify antimitotic agents and DNA intercalating agents, but do not mention topoisomerase I inhibitors or related compounds.",False,There are no claims describing bispecific or multispecific antibodies targeting ROR1 or B7-H3.,False,"The patent claims are specific to anti-huLRRC15 ADCs with antimitotic or DNA intercalating agents, and do not overlap with ROR1, B7-H3, or topoisomerase I inhibitor payloads.",150-578-881-102-090,
False,none,The claims do not mention ROR1 or any related characteristics such as orphan receptor tyrosine kinase involvement or specific expression patterns.,False,none,"There is no mention of B7-H3, CD276, or any related characteristics in the claims.",False,none,"The claims specify cytotoxic compounds like rituximab, etoposide, and doxorubicin, but do not mention any topoisomerase I inhibitors or related compounds.",False,The claims do not describe any bispecific or multispecific antibodies.,False,"None of the claims relate to ROR1, B7-H3, or topoisomerase I inhibitors, and there are no bispecific constructs described. Therefore, there is no competitive risk to the ADC program targeting these elements.",148-964-819-330-379,
False,none,The claims focus on antibodies binding to Claudin 18.2 and do not mention ROR1 or any characteristics associated with ROR1 targeting.,False,none,"There is no mention of B7-H3, CD276, or any related characteristics in the claims. The focus is solely on Claudin 18.2.",False,none,The claims do not mention any topoisomerase I inhibitors or related payloads. The focus is on antibodies and their binding to Claudin 18.2.,False,"While the patent mentions bispecific molecules, there is no indication that one arm targets ROR1 or B7-H3.",False,"The patent does not pose a competitive risk to an ADC program targeting ROR1, B7-H3, or using a topoisomerase I inhibitor payload, as it is focused on Claudin 18.2.",173-986-406-863-744,
False,none,"The claims do not mention ROR1 or any characteristics specific to ROR1, such as involvement in Wnt5a signaling or expression in CLL.",False,none,"The claims do not mention B7-H3 or CD276, nor do they describe characteristics specific to B7-H3.",True,high,"Claim 15 explicitly mentions irinotecan, which is a known topoisomerase I inhibitor.",False,"The claims describe bispecific antibodies, but neither arm targets ROR1 or B7-H3.",True,"The patent poses a competitive risk due to the high confidence in the use of a topoisomerase I inhibitor payload, specifically irinotecan.",094-761-945-332-431,
False,none,"The claims focus on conjugates comprising an anti-EGFR1 antibody, with no mention of ROR1 or related characteristics.",False,none,"There is no mention of B7-H3, CD276, or related characteristics in the claims. The focus is solely on EGFR1 targeting.",False,none,The claims do not mention any topoisomerase I inhibitors or related payloads. The focus is on dextran derivatives and EGFR1 antibodies.,False,The claims do not describe any bispecific or multispecific antibodies. They are specific to anti-EGFR1 conjugates.,False,"None of the criteria for ROR1, B7-H3, or topoisomerase I inhibitor payloads are met. The patent does not pose a competitive risk to the ADC program targeting these elements.",185-929-779-571-781,
False,none,"The claims do not mention ROR1 or any characteristics specifically associated with ROR1 targeting, such as Wnt5a signaling or expression in CLL.",False,none,"There is no mention of B7-H3, CD276, or any related characteristics in the claims that would suggest targeting of B7-H3.",False,none,The claims focus on nucleic acid delivery using antibodies and do not mention topoisomerase I inhibitors or related payloads.,False,"While the claims mention bispecific antibodies, there is no indication that one arm targets ROR1 or B7-H3.",False,"None of the criteria for ROR1, B7-H3, or topoisomerase I inhibitor payloads are met with medium or high confidence, and the bispecific constructs do not involve these targets.",107-109-893-912-196,
False,none,"The claims do not mention ROR1, orphan receptor tyrosine kinases, or any related signaling pathways or expression profiles.",False,none,"The claims do not mention B7-H3, CD276, or any related B7 family member descriptions that would suggest targeting B7-H3.",False,none,"The claims do not mention topoisomerase I inhibitors, camptothecin derivatives, or any related structural or functional descriptions.",False,The claims do not describe any bispecific or multispecific antibody constructs.,False,"The patent claims are focused on ocular delivery systems and do not mention ROR1, B7-H3, or topoisomerase I inhibitors, thus posing no competitive risk to the ADC program targeting these elements.",070-546-591-028-025,
False,none,"The claims do not mention ROR1 or any characteristics specific to ROR1, such as involvement in Wnt5a signaling or expression in CLL. The focus is on lipid nanoparticles for CAR or TCR delivery.",False,none,"There is no mention of B7-H3, CD276, or any related characteristics in the claims. The claims are centered on lipid nanoparticles and CAR/TCR expression.",False,none,The claims do not reference topoisomerase I inhibitors or any related payloads. The invention is focused on nucleic acid delivery via lipid nanoparticles.,False,The claims do not describe bispecific or multispecific antibodies. The focus is on lipid nanoparticles for CAR or TCR gene delivery.,False,"The patent does not pose a competitive risk to an ADC program targeting ROR1, B7-H3, or using a topoisomerase I inhibitor payload, as none of these elements are addressed in the claims.",168-023-754-109-606,
False,none,"The claims focus on antibodies targeting c-Met, with no mention of ROR1 or related characteristics.",False,none,The claims are specific to c-Met targeting antibodies and do not mention B7-H3 or related features.,True,high,"Claim 26 explicitly mentions a camptothecin alkaloid, which is a known topoisomerase I inhibitor.",False,The claims do not describe any bispecific or multispecific antibody constructs.,True,The patent poses a competitive risk due to the high confidence in the use of a topoisomerase I inhibitor payload.,007-796-574-636-683,
False,none,The claims specifically target PSMA with no mention or implication of ROR1 or related characteristics.,False,none,"The claims are focused on PSMA-targeting antibodies, with no mention or implication of B7-H3 or related characteristics.",False,none,"The payload described in the claims is a pyrrolobenzodiazepine dimer, not a topoisomerase I inhibitor or related compound.",False,The claims do not describe a bispecific or multispecific antibody construct.,False,"The patent claims are specific to PSMA-targeting ADCs with PBD dimers, which do not overlap with ROR1, B7-H3, or topoisomerase I inhibitor payloads.",033-358-881-331-399,
False,none,"The claims do not mention ROR1 or any characteristics specifically associated with ROR1 targeting, such as Wnt5a signaling or expression in CLL.",False,none,"There is no mention of B7-H3, CD276, or any specific characteristics of B7-H3 targeting in the claims.",True,medium,"The claims include irinotecan prodrug and exatecan derivative, which are known topoisomerase I inhibitors, but do not explicitly mention 'topoisomerase I inhibitor'.",False,"While the claims describe a bispecific antibody, there is no indication that one arm targets ROR1 or B7-H3.",True,The presence of topoisomerase I inhibitor payloads like irinotecan prodrug and exatecan derivative in the claims poses a competitive risk to ADC programs using similar payloads.,042-986-153-017-813,
False,none,"The claims do not mention ROR1 or any characteristics specific to ROR1, such as involvement in Wnt5a signaling or expression in CLL or mantle cell lymphoma.",False,none,"The claims do not mention B7-H3, CD276, or any specific characteristics of B7-H3, such as being a 4Ig B7 family member or overexpression in specific cancers.",True,high,"The claims explicitly mention 'topoisomerase I inhibitor' as a component of the combination drug, which directly aligns with the criteria for high confidence.",False,There are no claims describing bispecific or multispecific antibodies targeting ROR1 or B7-H3.,True,The presence of a high confidence topoisomerase I inhibitor payload in the claims poses a competitive risk to ADC programs using similar payloads.,056-403-052-615-882,
False,none,"The claims do not mention ROR1 or any specific characteristics associated with ROR1 targeting, such as Wnt5a signaling or expression in CLL.",False,none,"The claims do not mention B7-H3, CD276, or any specific characteristics associated with B7-H3 targeting, such as being a 4Ig B7 family member.",False,none,The claims do not mention topoisomerase I inhibitors or any specific payloads related to topoisomerase I inhibition.,False,There are no claims describing bispecific or multispecific antibodies targeting ROR1 or B7-H3.,False,"The patent does not claim any elements related to ROR1, B7-H3, or topoisomerase I inhibitors, thus posing no competitive risk to the ADC program targeting these elements.",088-394-273-868-532,
False,none,"The claims do not mention ROR1, NTRKR1, or any specific characteristics of ROR1 such as Wnt5a signaling or expression in CLL. There is no indication of targeting ROR1 in the claims.",False,none,"The claims do not mention B7-H3, CD276, or any specific characteristics of B7-H3 such as being a 4Ig B7 family member. There is no indication of targeting B7-H3 in the claims.",False,none,"The claims do not mention topoisomerase I inhibitors or any specific compounds like DXd, SN-38, or camptothecin derivatives. The payload described does not align with known topoisomerase I inhibitors.",False,"The claims do not describe any bispecific or multispecific antibodies, nor do they suggest targeting ROR1 or B7-H3 in a bispecific context.",False,"None of the criteria for ROR1, B7-H3, or topoisomerase I inhibitor payloads are met with medium or high confidence. Therefore, this patent does not pose a competitive risk to the ADC program targeting these elements.",102-879-620-947-528,
False,none,"The claims do not mention ROR1, orphan receptor tyrosine kinases, or any related signaling pathways or expression profiles.",False,none,"The claims do not mention B7-H3, CD276, or any related B7 family member characteristics.",False,none,The claims do not mention topoisomerase I inhibitors or any related compounds such as camptothecin derivatives.,False,There are no claims describing bispecific or multispecific antibodies targeting ROR1 or B7-H3.,False,"The patent claims focus on compositions and dosing regimens involving seviteronel and dexamethasone, with no relevance to ROR1, B7-H3, or topoisomerase I inhibitors. Therefore, it poses no competitive risk to the ADC program targeting these elements.",102-812-332-777-919,
False,none,"The claims do not mention ROR1 or any characteristics specifically associated with ROR1 targeting, such as Wnt5a signaling or expression in CLL.",True,high,"Claim 9 explicitly mentions an anti-B7-H3 antibody, indicating a high confidence in B7-H3 targeting.",False,none,"The claims do not specify any topoisomerase I inhibitors or related payloads, nor do they describe any camptothecin derivatives or similar structures.",False,The claims do not describe any bispecific or multispecific antibody constructs.,True,The high confidence in B7-H3 targeting from claim 9 indicates a competitive risk to ADC programs targeting B7-H3.,122-453-230-476-406,
False,none,The claims focus on antibodies targeting CXCL16 and do not mention ROR1 or any related receptor tyrosine kinase characteristics.,False,none,"There is no mention of B7-H3, CD276, or any related B7 family member characteristics in the claims.",False,none,The claims do not specify any topoisomerase I inhibitors or related payloads. The focus is on CXCL16 antibodies and their use in cancer treatment.,False,"While the claims mention multispecific antibodies, there is no indication that these involve ROR1 or B7-H3 targeting.",False,"The patent does not pose a competitive risk to an ADC program targeting ROR1, B7-H3, or using a topoisomerase I inhibitor payload, as none of these elements are addressed in the claims.",126-861-271-508-521,
False,none,"The claims do not mention ROR1 or any characteristics associated with ROR1 targeting, such as Wnt5a signaling or expression in specific lymphomas.",False,none,"The claims do not mention B7-H3, CD276, or any related characteristics that would suggest targeting of B7-H3.",False,none,The claims focus on microtubule inhibitors and do not mention topoisomerase I inhibitors or related compounds like camptothecin derivatives.,False,The claims do not describe any bispecific or multispecific antibody constructs.,False,"None of the claims relate to ROR1, B7-H3, or topoisomerase I inhibitors, and there are no bispecific constructs targeting these antigens. Therefore, the patent does not pose a competitive risk to the ADC program targeting these elements.",111-008-785-280-752,
False,none,"The claims do not mention ROR1 or any characteristics specifically associated with ROR1 targeting, such as Wnt5a signaling or expression in CLL.",False,none,"The claims do not mention B7-H3 or CD276, nor do they describe characteristics specific to B7-H3 targeting.",True,medium,"The claims include 'topoisomerase inhibitor' as a potential chemotherapeutic agent, which suggests the inclusion of topoisomerase I inhibitors, although it is not explicitly specified as Type I.",False,There are no claims describing bispecific or multispecific antibodies targeting ROR1 or B7-H3.,True,The presence of a topoisomerase inhibitor in the claims poses a medium confidence competitive risk to programs using topoisomerase I inhibitor payloads.,106-162-813-048-382,
False,none,"The claims do not mention ROR1 or any characteristics specifically associated with ROR1 targeting, such as Wnt5a signaling or expression in CLL.",False,none,"The claims do not mention B7-H3, CD276, or any characteristics specifically associated with B7-H3 targeting, such as overexpression in specific solid tumors.",False,none,"The claims do not mention topoisomerase I inhibitors or any specific payloads like DXd, SN-38, or camptothecin derivatives.",False,The claims do not describe a bispecific or multispecific antibody construct targeting ROR1 or B7-H3.,False,"None of the claims relate to ROR1, B7-H3, or topoisomerase I inhibitors, and there is no bispecific construct involving these targets. Therefore, there is no competitive risk to the ADC program targeting these elements.",119-104-710-826-619,
False,none,"The claims do not mention ROR1 or any characteristics specifically associated with ROR1 targeting, such as Wnt5a signaling or expression in CLL.",False,none,"The claims do not mention B7-H3, CD276, or any specific characteristics of B7-H3 targeting, such as its overexpression in certain solid tumors.",False,none,The claims focus on anthracycline derivative conjugates and do not mention topoisomerase I inhibitors or related payloads like camptothecin derivatives.,False,The claims do not describe bispecific or multispecific antibody constructs.,False,"None of the criteria for ROR1, B7-H3, or topoisomerase I inhibitor payloads are met with medium or high confidence, and there are no bispecific constructs described.",131-629-447-436-272,
True,high,"The claims explicitly mention that the antibody drug conjugate binds to human ROR1, providing high confidence in ROR1 targeting.",False,none,"There is no mention of B7-H3 or CD276 in the claims, nor any description that aligns with B7-H3 targeting criteria.",False,none,"The claims specify an anthracycline-based small molecule as the payload, with no mention of topoisomerase I inhibitors or related compounds.",False,The claims do not describe a bispecific or multispecific antibody construct.,True,The high confidence in ROR1 targeting indicates a competitive risk to an ADC program targeting ROR1.,140-531-952-715-206,
False,none,"The claims focus on HER2 antibodies, specifically pertuzumab and trastuzumab, with no mention of ROR1 or related receptor tyrosine kinases.",False,none,"There is no mention of B7-H3, CD276, or any related B7 family members in the claims. The focus is solely on HER2 targeting antibodies.",False,none,The claims do not mention any topoisomerase I inhibitors or related payloads. They are centered on antibody formulations for HER2.,False,The claims do not describe any bispecific or multispecific antibodies. They are focused on single-agent HER2 antibody formulations.,False,"The patent claims are specific to HER2 antibody formulations and do not cover ROR1, B7-H3, or topoisomerase I inhibitor payloads. Therefore, it poses no competitive risk to the ADC program targeting these elements.",180-227-039-415-574,
False,none,The claims focus on antibodies targeting CD8 and do not mention ROR1 or any characteristics associated with ROR1 targeting.,False,none,The claims are specific to CD8 targeting antibodies and do not mention B7-H3 or any related characteristics.,False,none,There is no mention of topoisomerase I inhibitors or related payloads in the claims.,False,The claims do not describe any bispecific or multispecific antibody constructs.,False,"The patent claims are specific to CD8 targeting and do not overlap with ROR1, B7-H3, or topoisomerase I inhibitor payloads, thus posing no competitive risk to the ADC program.",185-660-032-044-677,
False,none,"The claims focus on an ADC targeting BCMA, with no mention of ROR1 or related characteristics.",False,none,The claims do not mention B7-H3 or any related characteristics. The focus is on BCMA targeting.,False,none,"The payload described in the claims is a nucleic acid cross-linking agent, specifically a pyrrolobenzodiazepine (PBD), not a topoisomerase I inhibitor.",False,The claims do not describe a bispecific or multispecific antibody construct.,False,"The patent claims are specific to BCMA-targeting ADCs with a PBD payload, which does not overlap with ROR1, B7-H3, or topoisomerase I inhibitor payloads.",060-584-010-362-880,
False,none,The claims focus on anti-CD5 antibodies and do not mention ROR1 or any related receptor tyrosine kinase characteristics.,False,none,"There is no mention of B7-H3, CD276, or any related B7 family member in the claims.",True,high,"The claims explicitly list SN-38 and irinotecan, both of which are topoisomerase I inhibitors, as potential cytotoxins for the ADCs.",False,The claims do not describe any bispecific or multispecific antibody constructs.,True,The patent poses a competitive risk due to the high confidence identification of topoisomerase I inhibitors as payloads in the claimed ADCs.,134-681-721-274-438,
False,none,"The claims focus on PD-L1 and TLR7 targeting, with no mention of ROR1 or related characteristics.",False,none,"The claims are specific to PD-L1 and TLR7, with no indication of targeting B7-H3 or related descriptions.",False,none,There is no mention of topoisomerase I inhibitors or related payloads in the claims.,False,"The claims describe a PD-L1 and TLR7 targeting ADC, but do not involve ROR1 or B7-H3, nor do they describe a bispecific construct involving these targets.",False,"The patent claims are specific to PD-L1 and TLR7 targeting, with no overlap with ROR1, B7-H3, or topoisomerase I inhibitor payloads, thus posing no competitive risk to the specified ADC program.",130-524-430-110-148,
False,none,The claims focus exclusively on TROP2 antibodies and do not mention ROR1 or any related characteristics.,False,none,The claims are specific to TROP2 antibodies and do not reference B7-H3 or any related features.,False,none,The claims do not specify any topoisomerase I inhibitors or related payloads. The focus is on TROP2 ADCs with other types of toxins.,False,There are no claims describing bispecific or multispecific antibodies targeting ROR1 or B7-H3.,False,"The patent claims are specific to TROP2 antibodies and ADCs, with no mention of ROR1, B7-H3, or topoisomerase I inhibitors, thus posing no competitive risk to the specified ADC program.",154-963-898-241-907,
False,none,"The claims focus on an anti-HER2 affibody and switchable chimeric antigen receptor technology, with no mention of ROR1 or related characteristics.",False,none,"There is no mention of B7-H3, CD276, or related characteristics in the claims, which are centered on HER2 targeting.",False,none,"The claims do not mention any topoisomerase I inhibitors or related payloads, focusing instead on HER2 affibody and CAR technology.",False,The claims do not describe any bispecific or multispecific antibodies targeting ROR1 or B7-H3.,False,"The patent claims are specific to HER2 targeting and do not involve ROR1, B7-H3, or topoisomerase I inhibitors, posing no competitive risk to the ADC program targeting these elements.",003-906-692-220-477,
False,none,"The claims do not mention ROR1 or any characteristics specific to ROR1, such as involvement in Wnt5a signaling or expression in CLL or mantle cell lymphoma.",False,none,"The claims do not mention B7-H3, CD276, or any specific characteristics of B7-H3, such as being a 4Ig B7 family member or overexpression in specific cancers.",False,none,"The claims do not mention topoisomerase I inhibitors or any specific payloads like DXd, SN-38, or camptothecin derivatives.",False,The claims describe compounds with antibody binding moieties but do not specify bispecific or multispecific antibodies targeting ROR1 or B7-H3.,False,"None of the criteria for ROR1, B7-H3, or topoisomerase I inhibitor payloads are met with medium or high confidence, and there is no bispecific construct targeting these antigens.",023-086-043-191-762,
False,none,"The claims focus on antibodies targeting CD74, with no mention of ROR1 or related receptor tyrosine kinases.",False,none,"There is no mention of B7-H3 or CD276 in the claims, which are specific to CD74.",True,medium,"The claims include irinotecan, a known topoisomerase I inhibitor, as a potential cytotoxic moiety for the ADCs.",False,"While bispecific antibodies are mentioned, there is no indication that one arm targets ROR1 or B7-H3.",True,The inclusion of irinotecan as a payload in the claims poses a competitive risk to ADC programs using topoisomerase I inhibitors.,025-916-184-405-392,
False,none,"The claims do not mention ROR1 or any characteristics specific to ROR1 targeting, such as involvement in Wnt5a signaling or expression in CLL.",False,none,"The claims do not mention B7-H3 or CD276, nor do they describe characteristics specific to B7-H3 targeting.",True,high,"The claims explicitly list camptothecin as a cytotoxic agent, which is a known topoisomerase I inhibitor.",False,The claims do not describe any bispecific or multispecific antibody constructs.,True,The presence of a high-confidence topoisomerase I inhibitor payload in the claims poses a competitive risk to ADC programs using similar payloads.,071-394-537-940-984,
False,none,"The claims focus on an antibody-drug conjugate targeting CD123, with no mention of ROR1 or related characteristics.",False,none,"There is no mention of B7-H3, CD276, or related characteristics in the claims.",False,none,The claims do not specify any topoisomerase I inhibitors or related payloads.,False,The claims do not describe any bispecific or multispecific antibody constructs.,False,"The patent claims are specific to an ADC targeting CD123 and do not mention ROR1, B7-H3, or topoisomerase I inhibitors, thus posing no competitive risk to the specified ADC program.",095-013-072-758-654,
False,none,"The claims do not mention ROR1 or any specific characteristics associated with ROR1 targeting, such as Wnt5a signaling or expression in specific cancers.",False,none,"The claims do not mention B7-H3, CD276, or any specific characteristics associated with B7-H3 targeting, such as overexpression in certain solid tumors.",False,none,The claims do not mention topoisomerase I inhibitors or any specific payloads related to topoisomerase I inhibition.,False,The claims do not describe any bispecific or multispecific antibody constructs.,False,"None of the claims indicate targeting of ROR1, B7-H3, or the use of a topoisomerase I inhibitor payload. Therefore, there is no competitive risk to the ADC program based on the evaluated criteria.",082-192-942-664-649,
False,none,The claims are specific to antibodies binding to BCMA and do not mention ROR1 or any related characteristics.,False,none,The claims focus on BCMA-targeting antibodies and do not reference B7-H3 or related features.,False,none,There is no mention of topoisomerase I inhibitors or related payloads in the claims.,False,The claims do not describe bispecific or multispecific antibodies involving ROR1 or B7-H3.,False,"The patent claims are specific to BCMA-targeting antibodies and do not overlap with ROR1, B7-H3, or topoisomerase I inhibitor payloads.",093-214-768-613-11X,
False,none,"The claims do not mention ROR1 or any specific characteristics associated with ROR1 targeting, such as Wnt5a signaling or expression in specific lymphomas.",False,none,"The claims do not mention B7-H3, CD276, or any specific characteristics associated with B7-H3 targeting, such as overexpression in certain solid tumors.",False,none,The claims do not mention topoisomerase I inhibitors or any specific payloads related to topoisomerase I inhibition.,False,The claims do not describe any bispecific or multispecific antibody constructs.,False,"There is no indication in the claims of targeting ROR1, B7-H3, or using a topoisomerase I inhibitor payload. Therefore, this patent does not pose a competitive risk to the ADC program targeting these elements.",137-670-001-159-242,
False,none,"The claims do not mention ROR1 or any characteristics specific to ROR1 targeting, such as involvement in Wnt5a signaling or expression in CLL.",False,none,"The claims do not mention B7-H3, CD276, or any specific characteristics of B7-H3 targeting.",True,medium,"The claims include 'topoisomerase inhibitors' as potential therapeutic agents, which suggests the inclusion of topoisomerase I inhibitors, although specific examples like SN-38 or camptothecin are not explicitly mentioned.",False,The claims do not describe any bispecific or multispecific antibody constructs.,True,The presence of topoisomerase inhibitors in the claims poses a medium confidence competitive risk to ADC programs using topoisomerase I inhibitor payloads.,149-294-063-356-435,
False,none,"The claims do not mention ROR1, orphan receptor tyrosine kinases, or any related signaling pathways. There is no indication of targeting ROR1 in the claimed compounds.",False,none,"The claims do not mention B7-H3, CD276, or any related B7 family member characteristics. There is no indication of targeting B7-H3 in the claimed compounds.",False,none,"The claims do not mention topoisomerase I inhibitors, camptothecin derivatives, or any related structural or functional descriptions. There is no indication of a topoisomerase I inhibitor payload in the claimed compounds.",False,The claims do not describe any bispecific or multispecific antibody constructs. There is no indication of bispecific targeting involving ROR1 or B7-H3.,False,"None of the criteria for ROR1, B7-H3, or topoisomerase I inhibitor payloads are met with medium or high confidence. Therefore, this patent does not pose a competitive risk to the ADC program targeting these elements.",157-270-927-298-337,
True,medium,"The claims include ROR1 as a potential kinase target for the immunoconjugate, which suggests involvement with orphan receptor tyrosine kinases. However, the primary focus is on EGFR targeting, and ROR1 is not the main target of the claimed immunoconjugates.",False,none,"There is no mention of B7-H3 or CD276 in the claims. The focus is on EGFR and kinase inhibitors, with no indication of targeting B7 family members.",False,none,"The claims specify a kinase inhibitor as the payload, with no mention of topoisomerase I inhibitors or related compounds. The payload is not described as causing DNA single-strand breaks via topo I trapping.",False,The claims do not describe a bispecific or multispecific antibody construct. The focus is on single-target immunoconjugates involving EGFR.,False,"While ROR1 is mentioned as a potential kinase target, the primary focus of the claims is on EGFR targeting with kinase inhibitors. There is no indication of B7-H3 targeting or topoisomerase I inhibitor payloads, reducing the competitive risk to the ADC program.",179-698-917-483-710,
False,none,The claims focus on an anti-HER3 antibody-drug conjugate and do not mention ROR1 or any characteristics associated with ROR1 targeting.,False,none,The claims are specific to an anti-HER3 antibody-drug conjugate and do not mention B7-H3 or any related characteristics.,False,none,The claims do not specify a topoisomerase I inhibitor or any related compounds such as camptothecin derivatives.,False,The claims describe a monospecific anti-HER3 antibody-drug conjugate without any indication of bispecific or multispecific constructs.,False,"The patent claims are specific to an anti-HER3 ADC and do not involve ROR1, B7-H3, or a topoisomerase I inhibitor payload, thus posing no competitive risk to the specified ADC program.",188-423-393-345-213,
False,none,"The claims do not mention ROR1 or any characteristics specific to ROR1 targeting, such as involvement in Wnt5a signaling or expression in CLL.",False,none,"The claims do not mention B7-H3, CD276, or any specific characteristics of B7-H3 targeting. The focus is on PD-L1 and c-Met kinase inhibitors.",False,none,There is no mention of topoisomerase I inhibitors or related payloads such as camptothecin derivatives in the claims.,False,The claims do not describe any bispecific or multispecific antibodies targeting ROR1 or B7-H3.,False,"The patent does not pose a competitive risk to an ADC program targeting ROR1, B7-H3, or using a topoisomerase I inhibitor payload, as none of these elements are claimed.",195-706-932-323-368,
False,none,The claims focus on anti-CD3 antibodies and do not mention ROR1 or any characteristics associated with ROR1 targeting.,False,none,The claims are specific to anti-CD3 antibodies and do not reference B7-H3 or any related characteristics.,False,none,There is no mention of topoisomerase I inhibitors or related payloads in the claims.,False,The claims do not describe bispecific or multispecific antibodies involving ROR1 or B7-H3.,False,"The patent claims are specific to anti-CD3 antibodies and do not involve ROR1, B7-H3, or topoisomerase I inhibitors, thus posing no competitive risk to the ADC program targeting these elements.",143-412-544-585-390,
False,none,"The claims focus on antibodies targeting CD73, with no mention of ROR1 or related receptor tyrosine kinases.",False,none,The claims are specific to CD73 targeting antibodies and do not mention B7-H3 or any related B7 family members.,False,none,"The claims do not specify any topoisomerase I inhibitors or related payloads. The payloads mentioned are maytansine derivatives, auristatins, and DNA damage drugs like PBD, which do not include topoisomerase I inhibitors.",False,There are no claims describing bispecific or multispecific antibodies involving ROR1 or B7-H3.,False,"The patent claims are specific to CD73 targeting and do not involve ROR1, B7-H3, or topoisomerase I inhibitor payloads, thus posing no competitive risk to the ADC program targeting these elements.",076-443-207-661-325,
False,none,"The claims focus on antibodies targeting the CA6 glycotope, with no mention of ROR1 or related receptor characteristics.",False,none,"There is no mention of B7-H3, CD276, or related characteristics in the claims. The focus is on CA6 glycotope targeting.",False,none,"The claims specify cytotoxic agents such as maytansinoids and taxoids, but do not mention topoisomerase I inhibitors or related compounds.",False,The claims do not describe any bispecific or multispecific antibody constructs.,False,"The patent does not pose a competitive risk to ADC programs targeting ROR1, B7-H3, or using a topoisomerase I inhibitor payload, as none of these elements are claimed.",005-140-052-551-100,
False,none,"The claims focus on antibodies targeting c-Met, with no mention of ROR1 or related characteristics.",False,none,"There is no mention of B7-H3 or related characteristics in the claims, which are specific to c-Met targeting.",True,medium,"Claim 13 mentions an immunoconjugate with a therapeutic agent that includes topoisomerase inhibitors, which could include topoisomerase I inhibitors.",False,"While bispecific antibodies are claimed, they do not target ROR1 or B7-H3, focusing instead on c-Met and potentially EGFR.",True,The patent poses a competitive risk due to the inclusion of topoisomerase inhibitors as potential payloads in the claimed immunoconjugates.,022-254-208-574-272,
False,none,The claims are specific to anti-CD19 antibodies and do not mention ROR1 or any characteristics associated with ROR1 targeting.,False,none,The claims focus on anti-CD19 antibodies and do not mention B7-H3 or any related characteristics.,True,medium,"The claims include a broad list of active agents, including camptothecin and its derivatives, which are known topoisomerase I inhibitors.",False,"While the claims mention bispecific antibodies, they are specific to CD19 and do not involve ROR1 or B7-H3.",True,"The patent poses a competitive risk due to the inclusion of topoisomerase I inhibitors as potential payloads, which aligns with the ADC program's interest in such payloads.",028-171-626-197-013,
False,none,"The claims focus on antibodies binding to CD79b, with no mention of ROR1 or related characteristics.",False,none,"There is no mention of B7-H3 or related characteristics in the claims, which are specific to CD79b.",False,none,The claims do not mention any topoisomerase I inhibitors or related payloads.,False,The claims do not describe any bispecific or multispecific antibodies.,False,"The patent claims are specific to CD79b antibodies and do not overlap with ROR1, B7-H3, or topoisomerase I inhibitor payloads, posing no competitive risk to the ADC program.",036-921-102-342-857,
False,none,"The claims do not mention ROR1 or any characteristics specifically associated with ROR1 targeting, such as Wnt5a signaling or expression in specific lymphomas.",False,none,"There is no mention of B7-H3, CD276, or any related characteristics in the claims that would suggest targeting of B7-H3.",False,none,The claims do not reference topoisomerase I inhibitors or any related compounds such as camptothecin derivatives.,False,The claims do not describe any bispecific or multispecific antibody constructs.,False,"The patent claims focus on CX3CR1 antagonists and do not involve ROR1, B7-H3, or topoisomerase I inhibitors, thus posing no competitive risk to the ADC program targeting these elements.",039-240-885-909-72X,
False,none,"The claims do not mention ROR1 or any characteristics associated with ROR1 targeting, such as involvement in Wnt5a signaling or expression in specific cancers.",False,none,"There is no mention of B7-H3, CD276, or any related characteristics in the claims. The focus is on CCR2 and related mechanisms.",False,none,The claims do not specify any topoisomerase I inhibitors or related payloads. The focus is on heterobifunctional molecules and their linkers.,False,The claims do not describe bispecific or multispecific antibodies targeting ROR1 or B7-H3.,False,"The patent does not pose a competitive risk to an ADC program targeting ROR1, B7-H3, or using a topoisomerase I inhibitor payload, as none of these elements are addressed in the claims.",049-509-258-293-614,
False,none,"The claims are specific to an antibody-drug conjugate targeting NaPi2b, with no mention of ROR1 or related receptor characteristics.",False,none,The claims focus on NaPi2b targeting and do not mention B7-H3 or any related characteristics.,True,high,"The claims explicitly describe the use of a camptothecin analogue, which is a known topoisomerase I inhibitor, as the payload in the ADC.",False,There is no mention of bispecific or multispecific antibody constructs in the claims.,True,"The patent poses a competitive risk due to the high confidence in the use of a topoisomerase I inhibitor payload, which is relevant to the ADC program being evaluated.",075-283-417-251-117,
False,none,The claims do not mention ROR1 or any characteristics specifically associated with ROR1 targeting. There is no indication of an antibody binding to ROR1 or related receptor features.,True,high,"Claim 26 explicitly mentions an anti-B7-H3 antibody, and subsequent claims provide sequence details for this antibody, confirming the targeting of B7-H3.",False,none,The claims do not specify any topoisomerase I inhibitors or related payloads. There is no mention of camptothecin derivatives or similar compounds.,False,The claims do not describe any bispecific or multispecific antibody constructs.,True,"The patent poses a competitive risk due to the high confidence in B7-H3 targeting, as explicitly claimed in the patent.",056-249-744-615-207,
False,none,The claims do not mention ROR1 or any characteristics specifically associated with ROR1 targeting.,False,none,The claims do not mention B7-H3 or any characteristics specifically associated with B7-H3 targeting.,False,none,The claims do not mention a topoisomerase I inhibitor or any related payloads.,True,"The claims describe a bispecific antibody targeting digoxigenin and a target protein, but do not specify ROR1 or B7-H3 as the target protein.",False,"There is no indication of ROR1 or B7-H3 targeting, nor a topoisomerase I inhibitor payload. The bispecific nature does not involve these specific targets, so it does not pose a competitive risk to the ADC program.",087-043-608-940-049,
False,none,"The claims focus on binding molecules targeting L1CAM, with no mention of ROR1 or related receptor tyrosine kinases.",False,none,The claims are specific to L1CAM binding molecules and do not mention B7-H3 or any related B7 family members.,False,none,The claims mention chemotherapeutic compounds but do not specify topoisomerase I inhibitors or related compounds.,False,"While bispecific antibodies are mentioned, there is no indication that one arm targets ROR1 or B7-H3.",False,"The patent claims are specific to L1CAM targeting and do not overlap with ROR1, B7-H3, or topoisomerase I inhibitor payloads, posing no competitive risk to the ADC program.",087-198-537-832-185,
False,none,"The claims do not mention ROR1 or any characteristics specifically associated with ROR1 targeting, such as Wnt5a signaling or expression in CLL or mantle cell lymphoma.",False,none,"The claims do not mention B7-H3, CD276, or any specific characteristics of B7-H3 targeting, such as being a 4Ig B7 family member or overexpression in specific cancers.",False,none,The claims do not specify any topoisomerase I inhibitors or related payloads such as camptothecin derivatives or analogs.,False,"The claims do not describe any bispecific or multispecific antibodies, nor do they mention any constructs that would suggest such a configuration.",False,"None of the criteria for ROR1, B7-H3, or topoisomerase I inhibitor payloads are met with medium or high confidence, and there are no bispecific constructs described. Therefore, this patent does not pose a competitive risk to the ADC program targeting these elements.",108-174-859-155-766,
False,none,"The claims focus on polypeptides binding to CXCR6, with no mention of ROR1 or related receptor tyrosine kinases.",False,none,The claims are specific to CXCR6 binding polypeptides and do not mention B7-H3 or any related B7 family members.,False,none,There is no mention of topoisomerase I inhibitors or related payloads in the claims.,False,The claims do not describe bispecific or multispecific antibodies targeting ROR1 or B7-H3.,False,"The patent claims are specific to CXCR6 binding polypeptides and do not overlap with ROR1, B7-H3, or topoisomerase I inhibitor payloads, posing no competitive risk to the ADC program.",147-646-446-954-110,
False,none,"The claims do not mention ROR1 or any specific characteristics associated with ROR1 targeting, such as Wnt5a signaling or expression in CLL or mantle cell lymphoma.",False,none,"The claims do not mention B7-H3, CD276, or any specific characteristics associated with B7-H3 targeting, such as being a 4Ig B7 family member or overexpression in specific cancers.",False,none,"The claims do not mention topoisomerase I inhibitors or any specific payloads like DXd, SN-38, or camptothecin derivatives.",False,The claims do not describe any bispecific or multispecific antibody constructs.,False,"None of the criteria for ROR1, B7-H3, or topoisomerase I inhibitor payloads are met with medium or high confidence, and there are no bispecific constructs described. Therefore, the patent does not pose a competitive risk to the ADC program targeting these elements.",173-348-652-693-852,
False,none,The claims focus on an anti-TROP-2 antibody conjugate and do not mention ROR1 or any related characteristics or sequences.,False,none,"There is no mention of B7-H3, CD276, or any related characteristics in the claims. The focus is solely on TROP-2 targeting.",True,high,"The claims explicitly describe an exatecan analog, which is a known topoisomerase I inhibitor, as the payload in the ligand-drug conjugate.",False,The claims do not describe any bispecific or multispecific antibody constructs; they focus on a single specificity for TROP-2.,True,"The patent poses a competitive risk due to the high confidence in the use of a topoisomerase I inhibitor payload, specifically an exatecan analog, which overlaps with the ADC program's payload strategy.",191-566-993-315-874,
False,none,The claims focus on an anti-CD79B antibody-drug conjugate and do not mention ROR1 or any related receptor tyrosine kinase characteristics.,False,none,The claims are specific to CD79B targeting and do not mention B7-H3 or any related B7 family member characteristics.,True,high,"The claims explicitly include a topoisomerase I inhibitor as a payload option for the ligand-drug conjugate, which directly aligns with the criteria for a topoisomerase I inhibitor payload.",False,The claims do not describe any bispecific or multispecific antibody constructs.,True,"The patent poses a competitive risk due to the high confidence identification of a topoisomerase I inhibitor payload, which is relevant to the ADC program being evaluated.",170-572-078-603-759,
False,none,"The claims do not mention ROR1 or any characteristics specific to ROR1 targeting, such as Wnt5a signaling or expression in CLL.",False,none,"The claims do not mention B7-H3, CD276, or any specific characteristics of B7-H3 targeting.",False,none,The claims do not mention topoisomerase I inhibitors or any specific payloads related to topoisomerase I inhibition.,False,The claims do not describe any bispecific or multispecific antibody constructs.,False,"There is no indication in the claims of targeting ROR1, B7-H3, or using a topoisomerase I inhibitor payload. Therefore, the patent does not pose a competitive risk to the ADC program targeting these elements.",028-694-161-976-860,
False,none,"The claims do not mention ROR1 or any characteristics associated with ROR1 targeting, such as Wnt5a signaling or expression in specific cancers.",False,none,"There is no mention of B7-H3, CD276, or any related characteristics in the claims.",False,none,The claims do not specify any topoisomerase I inhibitors or related payloads.,False,"While the claims describe bispecific antibodies, neither arm targets ROR1 or B7-H3.",False,"None of the criteria for ROR1, B7-H3, or topoisomerase I inhibitor payloads are met, and the bispecific constructs do not involve these targets.",017-700-283-338-321,
False,none,"The claims focus on antibodies targeting GP73, with no mention of ROR1 or related receptor tyrosine kinases.",False,none,The claims are specific to GP73 and do not mention B7-H3 or any related B7 family members.,False,none,"The claims specify cytotoxic agents like maytansinoid and pyrrolobenzodiazepine, but do not mention topoisomerase I inhibitors or related compounds.",False,"While bispecific antibodies are mentioned, they target GP73 and EGFR, not ROR1 or B7-H3.",False,"The patent does not pose a competitive risk to ADC programs targeting ROR1, B7-H3, or using a topoisomerase I inhibitor payload, as it is specific to GP73 and unrelated cytotoxic agents.",057-041-992-529-782,
False,none,"The claims do not mention ROR1 or any characteristics specifically associated with ROR1, such as involvement in Wnt5a signaling or expression in CLL or mantle cell lymphoma.",True,high,"Claim 8 explicitly mentions B7-H3 as a target for the binder-drug conjugate, indicating a high confidence in B7-H3 targeting.",False,none,The claims do not specify a topoisomerase I inhibitor or any related compounds such as camptothecin derivatives or analogs.,False,The claims do not describe a bispecific or multispecific antibody construct involving ROR1 or B7-H3.,True,The high confidence in B7-H3 targeting poses a competitive risk to an ADC program targeting B7-H3.,066-716-730-964-433,
False,none,"The claims do not mention ROR1 or any specific characteristics of ROR1, such as involvement in Wnt5a signaling or expression in CLL. The focus is on engineered immune cells with prodrug converting enzymes and receptors targeting unspecified tumor antigens.",False,none,"The claims do not mention B7-H3, CD276, or any specific characteristics of B7-H3. The focus is on engineered immune cells with prodrug converting enzymes and receptors targeting unspecified tumor antigens.",False,none,The claims do not mention topoisomerase I inhibitors or any specific payloads related to topoisomerase I inhibition. The focus is on engineered immune cells and prodrug converting enzymes.,False,The claims do not describe bispecific or multispecific antibodies. The focus is on engineered immune cells with prodrug converting enzymes and receptors targeting unspecified tumor antigens.,False,"There is no indication in the claims of targeting ROR1, B7-H3, or using a topoisomerase I inhibitor payload. The patent focuses on adoptive cell therapy with engineered immune cells, which does not overlap with the ADC program targeting these specific elements.",109-199-829-112-519,
False,none,"The claims do not mention ROR1 or any characteristics specifically associated with ROR1, such as Wnt5a signaling or expression in CLL. The focus is on HLA/NY-ESO and CD3 binding antibodies.",False,none,"There is no mention of B7-H3, CD276, or any related characteristics in the claims. The claims focus on HLA/NY-ESO and CD3 binding antibodies.",False,none,The claims do not specify any topoisomerase I inhibitors or related payloads. The focus is on multispecific antibodies and immune checkpoint inhibitors or chemotherapeutics.,True,"The claims describe a bispecific antibody targeting HLA/NY-ESO and CD3, but neither target is ROR1 or B7-H3.",False,"The patent does not pose a competitive risk to an ADC program targeting ROR1, B7-H3, or using a topoisomerase I inhibitor payload, as none of these elements are claimed or implied.",127-460-418-642-987,
False,none,"The claims do not mention ROR1 or any characteristics specific to ROR1 targeting, such as involvement in Wnt5a signaling or expression in CLL.",False,none,"There is no mention of B7-H3, CD276, or any related characteristics in the claims. The focus is on EGFR mutation inhibition.",False,none,The claims do not mention topoisomerase I inhibitors or any related compounds such as camptothecin derivatives.,False,The claims do not describe any bispecific or multispecific antibody constructs.,False,"The patent does not pose a competitive risk to an ADC program targeting ROR1, B7-H3, or using a topoisomerase I inhibitor payload, as none of these elements are addressed in the claims.",126-592-483-016-120,
False,none,"The claims do not mention ROR1 or any characteristics specific to ROR1, such as Wnt5a signaling or expression in CLL. The focus is on growth hormone-related pathways.",False,none,"There is no mention of B7-H3, CD276, or any related characteristics in the claims. The patent is centered on growth hormone receptor activity.",False,none,The claims do not reference topoisomerase I inhibitors or any related compounds. The focus is on compounds affecting growth hormone pathways.,False,The claims do not describe any bispecific or multispecific antibodies targeting ROR1 or B7-H3.,False,"None of the criteria for ROR1, B7-H3, or topoisomerase I inhibitor payloads are met. The patent does not pose a competitive risk to the ADC program targeting these elements.",156-267-373-886-335,
False,none,The claims do not mention ROR1 or any related characteristics such as orphan receptor tyrosine kinase involvement in Wnt5a signaling or expression in specific cancers.,False,none,"The claims do not mention B7-H3, CD276, or any related characteristics such as being a 4Ig B7 family member or overexpression in specific solid tumors.",False,none,The claims do not mention any topoisomerase I inhibitors or related payloads such as camptothecin derivatives or DNA single-strand break mechanisms.,False,"The claims describe a product containing teclistamab-cqyv, which is a bispecific antibody, but there is no indication that it targets ROR1 or B7-H3.",False,"None of the claims relate to ROR1, B7-H3, or topoisomerase I inhibitors, and the bispecific antibody described does not target these antigens. Therefore, there is no competitive risk to the ADC program targeting these elements.",192-523-252-235-400,
False,none,"The claims focus on an anti-CEA antibody conjugate, with no mention or implication of ROR1 targeting.",False,none,The claims are specific to CEA targeting and do not mention B7-H3 or related characteristics.,True,high,"The claims explicitly describe an exatecan analog, which is a known topoisomerase I inhibitor payload.",False,The claims do not describe any bispecific or multispecific antibody constructs.,True,"The patent poses a competitive risk due to the high confidence in the use of a topoisomerase I inhibitor payload, specifically an exatecan analog.",156-245-853-160-499,
True,high,"The claims explicitly mention antibodies that specifically bind to the extracellular domain of human receptor tyrosine kinase like orphan receptor 1 (ROR1), providing high confidence in ROR1 targeting.",False,none,"There is no mention of B7-H3 or CD276 in the claims, nor any description that matches the criteria for B7-H3 targeting.",False,none,"The claims do not specify any topoisomerase I inhibitors or related payloads, nor do they describe any structural features indicative of such compounds.",False,The claims do not describe any bispecific or multispecific antibody constructs.,True,The high confidence in ROR1 targeting indicates a competitive risk to ADC programs targeting ROR1.,055-600-880-125-842,
False,none,The claims do not mention ROR1 or any specific characteristics or antibodies related to ROR1 targeting.,False,none,"The claims do not mention B7-H3, CD276, or any specific characteristics or antibodies related to B7-H3 targeting.",False,none,The claims do not mention topoisomerase I inhibitors or any related payloads such as camptothecin derivatives.,False,"The claims do not describe any bispecific or multispecific antibodies, nor do they mention ROR1 or B7-H3.",False,"There is no indication in the claims of targeting ROR1, B7-H3, or using a topoisomerase I inhibitor payload. Therefore, this patent does not pose a competitive risk to the ADC program targeting these elements.",068-230-383-052-01X,
False,none,"The claims focus on an antibody targeting CLDN18.2, with no mention of ROR1 or related characteristics.",False,none,"The claims do not mention B7-H3 or any related characteristics, focusing instead on CLDN18.2.",True,high,"The claims explicitly list DNA topoisomerase I inhibitors, including camptothecin analogs and specific compounds like SN38 and irinotecan, as potential payloads.",False,"While the claims mention bispecific antibodies, they do not specify ROR1 or B7-H3 as targets.",True,"The patent poses a competitive risk due to the high confidence in the use of topoisomerase I inhibitor payloads, which are relevant to the ADC program.",104-344-649-646-237,
False,none,"The claims focus on antibodies targeting C10orf54, with no mention of ROR1 or related receptor tyrosine kinases.",False,none,"There is no mention of B7-H3 or CD276 in the claims, which are specific to C10orf54 targeting.",False,none,The claims do not specify any topoisomerase I inhibitor payloads or related compounds.,False,The claims do not describe any bispecific or multispecific antibody constructs.,False,"The patent claims are specific to C10orf54-targeting antibodies and do not overlap with ROR1, B7-H3, or topoisomerase I inhibitor payloads.",096-631-061-251-385,
False,none,"The claims do not mention ROR1, NTRKR1, or any specific characteristics of ROR1. The focus is on CD30 and CD16 binding domains.",False,none,"There is no mention of B7-H3, CD276, or any related characteristics in the claims. The bispecific antibody targets CD30 and CD16.",False,none,The claims do not reference any topoisomerase I inhibitors or related payloads. The focus is on NK cells and bispecific antibodies targeting CD30 and CD16.,False,"While the claims describe a bispecific antibody, neither arm targets ROR1 or B7-H3. The bispecific antibody targets CD30 and CD16.",False,"The patent does not pose a competitive risk to an ADC program targeting ROR1, B7-H3, or using a topoisomerase I inhibitor payload, as none of these elements are claimed or suggested.",091-374-489-017-120,
False,none,"The claims do not mention ROR1, orphan receptor tyrosine kinases, or any specific characteristics associated with ROR1 targeting.",False,none,"The claims do not mention B7-H3, CD276, or any specific characteristics associated with B7-H3 targeting.",False,none,"The claims do not mention topoisomerase I inhibitors, camptothecin derivatives, or any structural features indicative of a topoisomerase I inhibitor payload.",False,"The claims do not describe bispecific or multispecific antibodies, nor do they suggest targeting ROR1 or B7-H3.",False,"There is no indication from the claims that the patent poses a competitive risk to ADC programs targeting ROR1, B7-H3, or using a topoisomerase I inhibitor payload.",098-175-696-421-524,
False,none,The claims focus on an anti-TROP-2 antibody-drug conjugate and do not mention ROR1 or any related characteristics.,False,none,The claims are specific to TROP-2 targeting and do not mention B7-H3 or any related characteristics.,True,high,"The claims specify an exatecan derivative as the payload, which is a known topoisomerase I inhibitor.",False,The claims do not describe any bispecific or multispecific antibody constructs.,True,"The patent poses a competitive risk due to the high confidence in the use of a topoisomerase I inhibitor payload, specifically an exatecan derivative.",116-618-348-914-745,
True,high,"The claims explicitly mention a target-binding molecule-drug conjugate where the target-binding molecule binds to receptor tyrosine kinase-like orphan receptor 1 (ROR1). This is supported by multiple claims specifying ROR1 binding, including sequence-defined antibodies that bind ROR1.",False,none,"There is no mention of B7-H3, CD276, or any related descriptions that would suggest targeting B7-H3 in the claims. The focus is on ROR1 and anthracycline derivatives.",False,none,The claims focus on anthracycline derivatives and do not mention topoisomerase I inhibitors or related compounds such as camptothecin derivatives. There is no indication of a topoisomerase I inhibitor payload.,False,The claims do not describe a bispecific or multispecific antibody construct. The focus is on single target-binding molecule-drug conjugates.,True,"The high confidence in ROR1 targeting poses a competitive risk to an ADC program targeting ROR1. There is no risk from B7-H3 targeting or topoisomerase I inhibitor payloads, but the ROR1 targeting alone is sufficient to flag competitive risk.",123-092-805-602-828,
False,none,The claims focus on an anti-LY75 antibody and do not mention ROR1 or any related characteristics.,False,none,"There is no mention of B7-H3, CD276, or related characteristics in the claims.",False,none,The claims do not mention any topoisomerase I inhibitors or related payloads.,False,The claims do not describe any bispecific or multispecific antibodies.,False,"The patent claims are specific to an anti-LY75 antibody and Venetoclax combination, with no relevance to ROR1, B7-H3, or topoisomerase I inhibitor payloads.",144-771-471-401-183,
False,none,"The claims do not mention ROR1 or any characteristics associated with ROR1 targeting, such as orphan receptor tyrosine kinase involvement or specific expression patterns.",False,none,"There is no mention of B7-H3, CD276, or any related characteristics in the claims. The focus is on human leukocyte antigen-G and glioblastoma multiforme treatment.",False,none,The claims do not specify any topoisomerase I inhibitors or related payloads. The focus is on extracellular vesicles and microRNA or Temodal as the drug.,False,The claims do not describe any bispecific or multispecific antibody constructs.,False,"None of the claims relate to ROR1, B7-H3, or topoisomerase I inhibitors, and there are no bispecific constructs targeting these antigens. Therefore, this patent does not pose a competitive risk to the ADC program.",169-588-763-455-863,
True,high,The claims explicitly describe an immunoconjugate with an antibody or antigen-binding fragment that specifically binds to human receptor tyrosine kinase like orphan receptor 1 (ROR1). This direct mention of ROR1 in the claims supports high confidence.,False,none,"There is no mention of B7-H3 or CD276 in the claims. The patent is focused on ROR1, and there is no indication of targeting B7-H3.",True,high,"The claims specify the use of an exatecan moiety or an analog thereof as the payload, which is a known topoisomerase I inhibitor. This explicit mention supports high confidence.",False,The claims do not describe a bispecific or multispecific antibody construct. The focus is on a single specificity for ROR1.,True,The patent poses a competitive risk due to high confidence in both ROR1 targeting and the use of a topoisomerase I inhibitor payload. These elements directly overlap with the ADC program's focus.,075-288-061-475-912,
False,none,The claims focus on anti-EGFR ADCs with Bcl-xL inhibitor payloads and do not mention ROR1 or related characteristics.,False,none,The claims are specific to EGFR targeting and do not mention B7-H3 or related characteristics.,False,none,"The payload described in the claims is a Bcl-xL inhibitor, not a topoisomerase I inhibitor.",False,The claims do not describe any bispecific or multispecific antibody constructs.,False,"The patent claims are specific to EGFR-targeting ADCs with Bcl-xL inhibitor payloads, which do not overlap with ROR1, B7-H3, or topoisomerase I inhibitor ADC programs.",023-216-022-836-771,
False,none,"The claims specifically target CD22, with no mention or implication of ROR1 or related characteristics.",False,none,"There is no mention of B7-H3, CD276, or related characteristics in the claims.",False,none,"The claims focus on pyrrolobenzodiazepines (PBDs) as the payload, with no mention of topoisomerase I inhibitors or related compounds.",False,The claims do not describe a bispecific or multispecific antibody construct.,False,"The patent claims are specific to CD22-targeting ADCs with PBD payloads, which do not overlap with ROR1, B7-H3, or topoisomerase I inhibitor ADC programs.",098-180-022-563-178,
False,none,"The claims do not mention ROR1, orphan receptor tyrosine kinases, or any related signaling pathways. There is no indication of targeting ROR1 in the described compounds or methods.",False,none,"The claims do not mention B7-H3, CD276, or any related B7 family member characteristics. There is no indication of targeting B7-H3 in the described compounds or methods.",False,none,"The claims do not mention topoisomerase I inhibitors, camptothecin derivatives, or any related structural or functional descriptions. The compounds are focused on phosphatidylserine binding, not topoisomerase I inhibition.",False,The claims do not describe any bispecific or multispecific antibody constructs. The focus is on phosphatidylserine binding compounds and compositions.,False,"None of the criteria for ROR1, B7-H3, or topoisomerase I inhibitor payloads are met with medium or high confidence. The patent does not pose a competitive risk to the ADC program targeting these specific elements.",125-224-255-162-403,
False,none,"The claims do not mention ROR1 or any characteristics specifically associated with ROR1, such as Wnt5a signaling or expression in CLL. There is no sequence-defined antibody or receptor description that suggests ROR1 targeting.",False,none,"The claims do not mention B7-H3, CD276, or any specific characteristics of B7-H3. There is no description of a 4Ig B7 family member or exclusion of other B7 family members that would suggest B7-H3 targeting.",False,none,"The claims do not mention any topoisomerase I inhibitors, such as camptothecin derivatives or specific payloads like SN-38 or irinotecan. There is no structural description of a camptothecin-like scaffold.",False,"The claims do not describe any bispecific or multispecific antibodies, nor do they suggest targeting of ROR1 or B7-H3 in a bispecific context.",False,"None of the criteria for ROR1, B7-H3, or topoisomerase I inhibitor payloads are met with medium or high confidence. Therefore, this patent does not pose a competitive risk to the ADC program targeting these elements.",136-225-603-355-302,
False,none,"The claims do not mention ROR1 or any characteristics specific to ROR1 targeting, such as involvement in Wnt5a signaling or expression in CLL.",False,none,"The claims focus on PD-L1 and TLR7 targeting, with no mention of B7-H3 or related characteristics.",False,none,There is no mention of topoisomerase I inhibitors or related payloads in the claims.,False,"The claims describe a PD-L1 and TLR7 targeting nanobody conjugate, but do not involve ROR1 or B7-H3, thus not meeting the criteria for bispecific constructs relevant to the ADC program.",False,"None of the criteria for ROR1, B7-H3, or topoisomerase I inhibitor payloads are met with medium or high confidence, and the bispecific construct does not involve ROR1 or B7-H3.",133-346-064-512-496,
False,none,"The claims do not mention ROR1 or any characteristics specifically associated with ROR1 targeting, such as involvement in Wnt5a signaling or expression in CLL.",False,none,"The claims do not mention B7-H3, CD276, or any specific characteristics of B7-H3 targeting. The focus is on a wide range of other antigens.",False,none,The claims do not specify a topoisomerase I inhibitor or any related compounds such as camptothecin derivatives. The payload described is a TLR7 and/or TLR8 agonist.,False,The claims do not describe a bispecific or multispecific antibody construct.,False,"There is no indication of competitive risk to an ADC program targeting ROR1, B7-H3, or using a topoisomerase I inhibitor payload based on the claims.",161-271-424-803-02X,
False,none,"The claims do not mention ROR1 or any characteristics specific to ROR1 targeting, such as involvement in Wnt5a signaling or expression in CLL.",False,none,"There is no mention of B7-H3, CD276, or any related characteristics in the claims.",False,none,The claims do not specify any topoisomerase I inhibitors or related payloads such as camptothecin derivatives.,False,The claims do not describe any bispecific or multispecific antibody constructs.,False,"None of the criteria for ROR1, B7-H3, or topoisomerase I inhibitor payloads are met with medium or high confidence, and there are no bispecific constructs described. Therefore, this patent does not pose a competitive risk to the ADC program.",173-016-091-190-057,
False,none,The claims focus on an anti-CD79b antibody-drug conjugate and do not mention ROR1 or any characteristics associated with ROR1 targeting.,False,none,"There is no mention of B7-H3 or related characteristics in the claims, which are specific to CD79b targeting.",True,high,"The claims explicitly include exatecan, a known topoisomerase I inhibitor, as a potential drug payload in the antibody-drug conjugate.",False,The claims do not describe any bispecific or multispecific antibody constructs.,True,"The patent poses a competitive risk due to the inclusion of a topoisomerase I inhibitor payload, specifically exatecan, which is relevant to the ADC program's payload strategy.",194-484-920-289-29X,
False,none,The claims focus on an anti-TROP2 antibody-drug conjugate and do not mention ROR1 or any characteristics associated with ROR1 targeting.,False,none,"There is no mention of B7-H3, CD276, or any related characteristics in the claims. The focus is solely on TROP2 targeting.",False,none,The claims do not specify a topoisomerase I inhibitor payload. The focus is on a combination of an anti-TROP2 ADC with an ATR inhibitor.,False,The claims do not describe any bispecific or multispecific antibody constructs.,False,"The patent claims are specific to an anti-TROP2 ADC combined with an ATR inhibitor, with no mention of ROR1, B7-H3, or topoisomerase I inhibitors. Therefore, it does not pose a competitive risk to the ADC program targeting ROR1, B7-H3, or using a topoisomerase I inhibitor payload.",178-230-520-595-490,
False,none,"The claims do not mention ROR1 or any characteristics specifically associated with ROR1 targeting, such as Wnt5a signaling or expression in CLL.",False,none,"The claims do not mention B7-H3, CD276, or any specific characteristics of B7-H3 targeting, such as being a 4Ig B7 family member.",False,none,The claims focus on tubulysin conjugates and do not mention topoisomerase I inhibitors or related payloads like camptothecin derivatives.,False,There are no claims describing bispecific or multispecific antibodies targeting ROR1 or B7-H3.,False,"None of the criteria for ROR1, B7-H3, or topoisomerase I inhibitor payloads are met with medium or high confidence, and there are no bispecific constructs targeting these antigens.",143-948-018-111-852,
False,none,The claims focus on anti-CD79b antibodies and do not mention ROR1 or any related characteristics.,False,none,"The claims do not mention B7-H3, CD276, or any related characteristics.",False,none,"The claims specify polatuzumab vedotin, which is not a topoisomerase I inhibitor. There is no mention of topoisomerase I inhibitors or related payloads.",False,The claims do not describe any bispecific or multispecific antibody constructs.,False,"The patent claims are specific to anti-CD79b immunoconjugates and do not involve ROR1, B7-H3, or topoisomerase I inhibitors, thus posing no competitive risk to the specified ADC program.",048-917-573-048-279,
False,none,"The claims do not mention ROR1 or any characteristics specific to ROR1, such as involvement in Wnt5a signaling or expression in CLL or mantle cell lymphoma.",False,none,"The claims do not mention B7-H3, CD276, or any specific characteristics of B7-H3, such as being a 4Ig B7 family member or overexpression in specific solid tumors.",False,none,"The claims do not specify a topoisomerase I inhibitor or any related compounds such as DXd, SN-38, or camptothecin derivatives.",False,The claims do not describe any bispecific or multispecific antibody constructs.,False,"None of the criteria for ROR1, B7-H3, or topoisomerase I inhibitor payloads are met with medium or high confidence, and there are no bispecific constructs described. Therefore, this patent does not pose a competitive risk to the ADC program targeting ROR1, B7-H3, or using a topoisomerase I inhibitor payload.",003-528-051-596-698,
False,none,The claims focus exclusively on TROP2-targeting antibodies and do not mention ROR1 or any related characteristics.,False,none,"There is no mention of B7-H3, CD276, or any related characteristics in the claims, which are specific to TROP2-targeting antibodies.",False,none,The claims do not specify any topoisomerase I inhibitors or related payloads. The focus is on TROP2-targeting antibodies and their compositions.,False,The claims do not describe any bispecific or multispecific antibodies involving ROR1 or B7-H3.,False,"The patent claims are specific to TROP2-targeting antibodies and do not involve ROR1, B7-H3, or topoisomerase I inhibitors, thus posing no competitive risk to the ADC program targeting these elements.",036-027-352-563-197,
False,none,The claims focus on an anti-LY75 antibody and do not mention ROR1 or any related characteristics.,False,none,"There is no mention of B7-H3, CD276, or related characteristics in the claims.",True,medium,"Claim 12 includes camptothecin, which is a known topoisomerase I inhibitor, as a potential cytotoxic moiety for the antibody.",False,The claims do not describe any bispecific or multispecific antibody constructs.,True,The inclusion of camptothecin as a payload in claim 12 poses a medium confidence competitive risk to a program using a topoisomerase I inhibitor payload.,054-742-446-589-529,
False,none,The claims focus exclusively on anti-PD-1 antibody formulations and do not mention ROR1 or any related characteristics.,False,none,"There is no mention of B7-H3, CD276, or any related characteristics in the claims, which are centered on anti-PD-1 antibody formulations.",False,none,"The claims do not reference any topoisomerase I inhibitors or related payloads, focusing solely on anti-PD-1 antibody formulations.",False,The claims do not describe any bispecific or multispecific antibodies; they are limited to anti-PD-1 antibody formulations.,False,"The patent claims are specific to anti-PD-1 antibody formulations and do not involve ROR1, B7-H3, or topoisomerase I inhibitors, posing no competitive risk to the ADC program targeting these elements.",087-811-495-015-859,
True,high,"The claims explicitly mention ROR1 as a target antigen for the chimeric antigen receptor (CAR) encoded by the viral vector, which is a clear indication of targeting ROR1.",True,high,"The claims explicitly mention B7-H3 as a target antigen for the chimeric antigen receptor (CAR) encoded by the viral vector, which is a clear indication of targeting B7-H3.",False,none,"There is no mention of topoisomerase I inhibitors or related payloads in the claims, nor any structural or functional description that would suggest such a payload.",False,The claims do not describe a bispecific or multispecific antibody construct; they focus on CAR-T cell generation and related compositions.,True,"The patent poses a competitive risk due to high confidence in targeting both ROR1 and B7-H3, which are directly relevant to the ADC program's targets.",120-777-898-106-884,
False,none,"The claims focus on antibodies targeting VEGFR-2, with no mention of ROR1 or related characteristics.",False,none,The claims are specific to VEGFR-2 and do not mention B7-H3 or related characteristics.,False,none,There is no mention of topoisomerase I inhibitors or related payloads in the claims.,False,The claims do not describe any bispecific or multispecific antibody constructs.,False,"The patent claims are specific to VEGFR-2 targeting antibodies and do not overlap with ROR1, B7-H3, or topoisomerase I inhibitor payloads.",159-320-057-396-966,
False,none,"The claims do not mention ROR1 or any characteristics associated with ROR1 targeting, such as Wnt5a signaling or expression in specific lymphomas.",False,none,"There is no mention of B7-H3, CD276, or any related characteristics in the claims.",True,high,"The claims explicitly mention 7-ethyl-10-hydroxycamptothecin, which is a known topoisomerase I inhibitor, providing high confidence in the payload targeting.",False,The claims do not describe a bispecific or multispecific antibody construct.,True,"The patent poses a competitive risk due to the high confidence in the topoisomerase I inhibitor payload, despite no risk from ROR1 or B7-H3 targeting.",181-366-941-476-896,
False,none,"The claims focus on an immunoconjugate targeting CD300f, with no mention of ROR1 or related characteristics.",False,none,"The claims do not mention B7-H3 or CD276, nor do they describe characteristics specific to B7-H3.",False,none,"The claims specify a pyrrolobenzodiazepine moiety as the cytotoxic agent, which is not a topoisomerase I inhibitor.",False,The claims do not describe a bispecific or multispecific antibody construct.,False,"The patent does not target ROR1, B7-H3, or use a topoisomerase I inhibitor payload, thus posing no competitive risk to the specified ADC program.",076-048-910-869-419,
True,high,"The claims explicitly mention an antibody residue derived from an anti-ROR1 antibody, which directly supports targeting ROR1.",False,none,"The claims do not mention B7-H3 or CD276, nor do they describe characteristics specific to B7-H3 targeting.",True,high,"The claims list camptothecin as a possible antitumor drug molecule, which is a known topoisomerase I inhibitor.",False,The claims do not describe a bispecific or multispecific antibody construct.,True,The patent poses a competitive risk due to high confidence in both ROR1 targeting and the use of a topoisomerase I inhibitor payload.,045-361-638-136-027,
False,none,"The claims do not mention ROR1 or any specific characteristics associated with ROR1 targeting, such as Wnt5a signaling or expression in specific cancers.",False,none,"The claims do not mention B7-H3, CD276, or any specific characteristics associated with B7-H3 targeting, such as its expression profile in various tumors.",False,none,The claims do not specify any topoisomerase I inhibitors or related compounds as the drug payload.,False,The claims do not describe any bispecific or multispecific antibody constructs.,False,"None of the criteria for ROR1, B7-H3, or topoisomerase I inhibitor payloads are met with medium or high confidence, and there are no bispecific constructs described. Therefore, this patent does not pose a competitive risk to the ADC program targeting these elements.",194-866-624-103-079,
False,none,"The claims do not mention ROR1 or any characteristics associated with ROR1 targeting, such as Wnt5a signaling or expression in specific lymphomas.",False,none,"The claims do not mention B7-H3, CD276, or any specific characteristics of B7-H3 targeting. The focus is on EGFR and c-MET.",True,high,"Claim 86 explicitly mentions DNA Topoisomerase inhibitors as a class of cytotoxic drugs used in the ADCs, which includes topoisomerase I inhibitors.",False,"The claims describe bispecific antibodies targeting EGFR and c-MET, but neither arm targets ROR1 or B7-H3.",True,"The patent poses a competitive risk due to the high confidence in the use of topoisomerase I inhibitors as payloads, which overlaps with the ADC program's focus on such payloads.",004-416-185-262-562,
False,none,"The claims do not mention ROR1 or any characteristics associated with ROR1 targeting, such as involvement in Wnt5a signaling or expression in specific lymphomas.",False,none,"The claims do not mention B7-H3, CD276, or any characteristics specific to B7-H3 targeting, such as being a 4Ig B7 family member or overexpression in specific cancers.",True,high,"The claims explicitly describe a camptothecin derivative, which is a known topoisomerase I inhibitor, as the payload in the antibody-drug conjugate.",False,The claims do not describe any bispecific or multispecific antibody constructs.,True,"The patent poses a competitive risk due to the high confidence in the use of a topoisomerase I inhibitor payload, specifically a camptothecin derivative, which overlaps with the ADC program's payload strategy.",042-218-297-323-498,
False,none,"The claims do not mention ROR1 or any characteristics specific to ROR1 targeting, such as involvement in Wnt5a signaling or expression in CLL.",False,none,"The claims do not mention B7-H3, CD276, or any specific characteristics of B7-H3 targeting, such as being a 4Ig B7 family member overexpressed in certain cancers.",False,none,"The claims do not mention any topoisomerase I inhibitors or related payloads, such as camptothecin derivatives or specific topoisomerase I targeting mechanisms.",False,"The claims do not describe any bispecific or multispecific antibodies, nor do they mention ROR1 or B7-H3 as potential targets.",False,"None of the claims relate to ROR1, B7-H3, or topoisomerase I inhibitors, and there are no bispecific constructs involving these targets. Therefore, there is no competitive risk to the ADC program targeting these elements.",151-228-519-107-266,
False,none,The claims do not mention ROR1 or any characteristics associated with ROR1 targeting.,True,high,"The claims explicitly describe an antibody-drug conjugate targeting B7H3, with specific sequences provided for the B7H3-targeting antibody.",False,none,The claims do not specify a topoisomerase I inhibitor or any related compounds as the payload.,False,The claims do not describe a bispecific or multispecific antibody construct.,True,"The patent poses a competitive risk due to the high confidence B7H3 targeting claims, which directly overlap with the ADC program targeting B7-H3.",157-320-356-488-753,
False,none,The claims focus on anti-EphA2 antibodies and do not mention ROR1 or any related characteristics.,False,none,The claims are specific to EphA2 and do not reference B7-H3 or any related features.,True,medium,"The claims include camptothecin derivatives as potential payloads for the ADC, which are known topoisomerase I inhibitors.",False,There are no claims describing bispecific or multispecific antibodies targeting ROR1 or B7-H3.,True,The inclusion of camptothecin derivatives as payloads in the claims poses a medium confidence competitive risk to programs using topoisomerase I inhibitors.,169-802-808-267-220,
False,none,The claims focus on antibodies binding to CHI3L1 and do not mention ROR1 or any related characteristics.,False,none,The claims are specific to CHI3L1 and do not reference B7-H3 or any related features.,False,none,There is no mention of topoisomerase I inhibitors or related payloads in the claims.,False,The claims do not describe any bispecific or multispecific antibody constructs.,False,"The patent claims are specific to CHI3L1-targeting antibodies and do not overlap with ROR1, B7-H3, or topoisomerase I inhibitor payloads.",183-543-064-863-25X,
False,none,"The claims do not mention ROR1 or any characteristics specifically associated with ROR1 targeting, such as Wnt5a signaling or expression in CLL.",True,high,"The claims explicitly mention an anti-B7H3 antibody, which directly targets B7-H3 (CD276).",True,high,"The claims describe compounds with structures consistent with camptothecin derivatives, which are known topoisomerase I inhibitors.",False,The claims do not describe any bispecific or multispecific antibody constructs.,True,The patent poses a competitive risk due to high confidence in both B7-H3 targeting and topoisomerase I inhibitor payload claims.,055-660-321-279-639,
True,high,"The claims explicitly mention ROR1 as a target for the carrier-drug conjugate, indicating a high confidence in ROR1 targeting.",True,high,"The claims explicitly mention B7-H3 as a target for the carrier-drug conjugate, indicating a high confidence in B7-H3 targeting.",True,high,"The claims describe a camptothecin derivative designed to inhibit type 1 topoisomerase, which aligns with the use of a topoisomerase I inhibitor payload.",False,There are no claims describing a bispecific or multispecific antibody construct targeting ROR1 or B7-H3.,True,"The patent poses a competitive risk due to high confidence in targeting ROR1, B7-H3, and using a topoisomerase I inhibitor payload, all of which are relevant to the ADC program.",035-914-670-981-153,
True,high,"The claims explicitly mention an anti-ROR1 antibody, indicating a high confidence in targeting ROR1.",True,high,"The claims explicitly mention an anti-B7-H3 antibody, indicating a high confidence in targeting B7-H3.",True,high,"The claims describe an antibody-drug conjugate with an Exatecan derivative, a known topoisomerase I inhibitor, providing high confidence in the use of a topoisomerase I inhibitor payload.",False,There are no claims describing a bispecific or multispecific antibody construct.,True,"The patent poses a competitive risk due to high confidence in targeting ROR1, B7-H3, and using a topoisomerase I inhibitor payload.",053-467-559-233-086,
True,high,"The claims explicitly mention ROR1 as a tumor-associated antigen targeted by the bi-functional therapeutic, which includes a targeting component such as a TCR, single domain antibody, or Anticalin®.",False,none,"There is no mention of B7-H3 or CD276 in the claims, nor any description that matches the criteria for B7-H3 targeting.",False,none,"The claims do not mention any topoisomerase I inhibitors or related payloads, nor do they describe any payloads that fit the criteria for topoisomerase I inhibition.",False,The claims describe a bi-functional therapeutic but do not specify a bispecific or multispecific antibody construct with one arm meeting ROR1 or B7-H3 criteria.,True,"The high confidence in ROR1 targeting indicates a competitive risk to an ADC program targeting ROR1, despite the absence of B7-H3 or topoisomerase I inhibitor payloads.",084-453-987-746-467,
False,none,The claims focus on an HER2 antibody-drug conjugate and do not mention ROR1 or any characteristics associated with ROR1 targeting.,False,none,"There is no mention of B7-H3, CD276, or any related characteristics in the claims. The focus is solely on HER2 targeting.",False,none,"The payload described in the claims is an Eribulin derivative, which is not a topoisomerase I inhibitor. There is no mention of topoisomerase I inhibitors or related compounds.",False,The claims do not describe any bispecific or multispecific antibody constructs. The focus is on a single HER2-targeting ADC.,False,"The patent does not pose a competitive risk to an ADC program targeting ROR1, B7-H3, or using a topoisomerase I inhibitor payload, as none of these elements are claimed or suggested.",133-910-635-348-779,
False,none,"The claims focus exclusively on anti-HER2 antibody-drug conjugates for HER2-mutated cancers, with no mention of ROR1 or related characteristics.",False,none,"There is no mention of B7-H3, CD276, or any related characteristics in the claims, which are specific to HER2-mutated cancer treatment.",False,none,The claims do not specify any topoisomerase I inhibitors or related payloads; they focus on the anti-HER2 ADC with unspecified drug-linkers.,False,The claims do not describe any bispecific or multispecific antibody constructs; they are specific to anti-HER2 ADCs.,False,"The patent claims are specific to anti-HER2 ADCs for HER2-mutated cancers and do not mention ROR1, B7-H3, or topoisomerase I inhibitors, posing no competitive risk to the ADC program targeting ROR1 or B7-H3 with a topoisomerase I inhibitor payload.",089-468-640-828-491,
False,none,"The claims focus on formulations of nimotuzumab, with no mention of ROR1 or related receptor tyrosine kinases.",False,none,"There is no mention of B7-H3, CD276, or related B7 family members in the claims.",False,none,The claims do not mention any topoisomerase I inhibitors or related payloads.,False,The claims do not describe any bispecific or multispecific antibodies.,False,"The patent claims are specific to nimotuzumab formulations and do not relate to ROR1, B7-H3, or topoisomerase I inhibitor payloads, posing no competitive risk to the ADC program.",038-431-560-222-845,
False,none,"The claims do not mention ROR1 or any characteristics specifically associated with ROR1 targeting, such as involvement in Wnt5a signaling or expression in CLL.",True,high,"The claims explicitly mention an anti-B7-H3 antibody, which directly targets the B7-H3 antigen.",False,none,The claims focus on a pyrrolobenzodiazepine derivative conjugate and do not mention topoisomerase I inhibitors or related payloads.,False,The claims do not describe any bispecific or multispecific antibody constructs.,True,The high confidence in B7-H3 targeting indicates a competitive risk to ADC programs targeting B7-H3.,172-374-095-673-631,
False,none,"The claims focus exclusively on antibodies targeting TIGIT, with no mention or implication of ROR1 or related receptor tyrosine kinases.",False,none,The claims are specific to TIGIT-targeting antibodies and do not mention B7-H3 or any related B7 family members.,False,none,"There is no mention of topoisomerase I inhibitors or related payloads in the claims, which focus on TIGIT antibodies.",False,"While the claims mention multispecific antibodies, there is no indication that these involve ROR1 or B7-H3 as one of the targets.",False,"The patent claims are specific to TIGIT-targeting antibodies and do not overlap with ROR1, B7-H3, or topoisomerase I inhibitor payloads, posing no competitive risk to the ADC program.",175-569-549-528-375,
False,none,The claims focus on a vaccine targeting HER3 and do not mention ROR1 or any related characteristics.,False,none,"There is no mention of B7-H3, CD276, or related characteristics in the claims.",False,none,The claims do not mention topoisomerase I inhibitors or related payloads.,False,The claims do not describe any bispecific or multispecific antibody constructs.,False,"The patent claims are focused on a HER3-targeting vaccine and do not involve ROR1, B7-H3, or topoisomerase I inhibitor payloads, thus posing no competitive risk to the ADC program targeting these elements.",006-107-131-813-465,
False,none,"The claims do not mention ROR1 or any characteristics specific to ROR1 targeting, such as involvement in Wnt5a signaling or expression in CLL.",False,none,"There is no mention of B7-H3, CD276, or any related characteristics in the claims.",False,none,The claims do not reference any topoisomerase I inhibitors or related payloads such as camptothecin derivatives.,False,"The claims describe a multi-specific binding protein targeting NKG2D, CD16, and HER2, but do not involve ROR1 or B7-H3.",False,"None of the claims relate to ROR1, B7-H3, or topoisomerase I inhibitors, and the bispecific construct does not involve these targets.",005-233-734-248-128,
False,none,"The claims do not mention ROR1 or any characteristics specifically associated with ROR1 targeting, such as Wnt5a signaling or expression in CLL or mantle cell lymphoma.",False,none,"There is no mention of B7-H3, CD276, or any specific characteristics of B7-H3 in the claims. The claims focus on targeting tenascin, a non-cellular structure.",False,none,The claims do not mention topoisomerase I inhibitors or any related compounds such as camptothecin derivatives. The focus is on chimeric proteins with modified signaling agents.,False,The claims do not describe bispecific or multispecific antibodies targeting ROR1 or B7-H3. The focus is on chimeric proteins targeting non-cellular structures.,False,"None of the criteria for ROR1, B7-H3, or topoisomerase I inhibitor payloads are met with medium or high confidence. The patent does not pose a competitive risk to the ADC program targeting these elements.",000-225-933-974-294,
False,none,"The claims do not mention ROR1 or any characteristics specific to ROR1 targeting, such as involvement in Wnt5a signaling or expression in CLL.",False,none,"The claims do not mention B7-H3, CD276, or any specific characteristics of B7-H3 targeting, such as being a 4Ig B7 family member.",False,none,The claims do not specify a topoisomerase I inhibitor or any related compounds like camptothecin derivatives.,False,The claims do not describe a bispecific or multispecific antibody construct.,False,"None of the criteria for ROR1, B7-H3, or topoisomerase I inhibitor payloads are met with medium or high confidence, and there is no bispecific construct described.",003-010-243-632-191,
False,none,"The claims focus exclusively on antibodies targeting ErbB3, with no mention or implication of ROR1 or related characteristics.",False,none,"There is no mention of B7-H3, CD276, or any related characteristics in the claims, which are specific to ErbB3 targeting.",False,none,"The claims do not mention any payloads, including topoisomerase I inhibitors or related compounds.",False,The claims do not describe any bispecific or multispecific antibody constructs.,False,"The patent claims are specific to ErbB3-targeting antibodies and do not overlap with ROR1, B7-H3, or topoisomerase I inhibitor payloads, posing no competitive risk to the ADC program.",008-613-247-605-726,
False,none,"The claims do not mention ROR1 or any characteristics specific to ROR1 targeting, such as involvement in Wnt5a signaling or expression in CLL.",False,none,"The claims do not mention B7-H3, CD276, or any characteristics specific to B7-H3 targeting, such as being a 4Ig B7 family member.",False,none,The claims do not mention any topoisomerase I inhibitors or related payloads such as camptothecin derivatives.,False,"While the claims describe a bispecific binding molecule, neither arm targets ROR1 or B7-H3.",False,"None of the criteria for ROR1, B7-H3, or topoisomerase I inhibitor payloads are met with medium or high confidence, and the bispecific construct does not involve these targets.",012-850-969-008-484,
False,none,The claims focus on antibodies targeting CAPRIN-1 and do not mention ROR1 or any related characteristics such as orphan receptor tyrosine kinases or Wnt5a signaling.,False,none,"There is no mention of B7-H3, CD276, or any related B7 family member characteristics in the claims. The focus is solely on CAPRIN-1.",False,none,The claims do not mention any topoisomerase I inhibitors or related payloads. The focus is on HDAC inhibitors in combination with CAPRIN-1 targeting antibodies.,False,The claims do not describe any bispecific or multispecific antibody constructs. They focus on single specificity antibodies targeting CAPRIN-1.,False,"The patent does not pose a competitive risk to ADC programs targeting ROR1, B7-H3, or using a topoisomerase I inhibitor payload, as it is focused on CAPRIN-1 and HDAC inhibitors.",046-378-180-137-008,
False,none,"The claims do not mention ROR1 or any specific characteristics associated with ROR1 targeting, such as involvement in Wnt5a signaling or expression in specific cancers.",False,none,"The claims do not mention B7-H3, CD276, or any specific characteristics associated with B7-H3 targeting, such as being a 4Ig B7 family member or overexpression in specific tumors.",False,none,The claims do not specify any topoisomerase I inhibitors or related structural descriptions. The drug part 'D' is broadly defined as a cytotoxic drug without further specification.,False,The claims do not describe bispecific or multispecific antibodies targeting ROR1 or B7-H3.,False,"None of the criteria for ROR1, B7-H3, or topoisomerase I inhibitor payloads are met with medium or high confidence. The patent does not pose a competitive risk to the ADC program targeting these specific elements.",023-714-264-962-780,
False,none,"The claims do not mention ROR1 or any specific characteristics associated with ROR1 targeting, such as Wnt5a signaling or expression in specific lymphomas.",False,none,"The claims do not mention B7-H3, CD276, or any specific characteristics associated with B7-H3 targeting, such as its expression profile or exclusion of other B7 family members.",False,none,The claims do not specify any topoisomerase I inhibitors or related structural features. The focus is on a general cytotoxic compound structure without specific reference to topoisomerase I inhibition.,False,The claims do not describe any bispecific or multispecific antibody constructs targeting ROR1 or B7-H3.,False,"None of the criteria for ROR1, B7-H3, or topoisomerase I inhibitor payloads are met with medium or high confidence. The patent does not pose a competitive risk to the ADC program targeting these specific elements.",001-177-701-514-398,
False,none,The claims focus exclusively on anti-human CCR7 antibodies and do not mention ROR1 or any related receptor tyrosine kinase characteristics.,False,none,"There is no mention of B7-H3, CD276, or any related B7 family member in the claims. The focus is solely on CCR7.",False,none,The claims do not mention any topoisomerase I inhibitors or related payloads. The focus is on antibodies targeting CCR7.,False,The claims do not describe any bispecific or multispecific antibody constructs. They are specific to anti-human CCR7 antibodies.,False,"The patent claims are specific to anti-human CCR7 antibodies and do not overlap with ROR1, B7-H3, or topoisomerase I inhibitor payloads. Therefore, it does not pose a competitive risk to the ADC program targeting these elements.",022-750-917-076-922,
False,none,The claims do not mention ROR1 or any related characteristics such as orphan receptor tyrosine kinase involvement in Wnt5a signaling or expression in specific lymphomas.,False,none,"The claims do not mention B7-H3, CD276, or any related characteristics such as being a 4Ig B7 family member or overexpression in specific cancers.",False,none,"The claims focus on PUFA-taxoid conjugates and immune-oncology agents, with no mention of topoisomerase I inhibitors or related compounds like camptothecin derivatives.",False,The claims do not describe any bispecific or multispecific antibody constructs.,False,"None of the criteria for ROR1, B7-H3, or topoisomerase I inhibitor payloads are met with medium or high confidence, and there are no bispecific constructs described. Therefore, this patent does not pose a competitive risk to the ADC program targeting these elements.",030-833-129-474-499,
False,none,"The claims focus on antibodies targeting CD112R, with no mention of ROR1 or related receptor characteristics.",False,none,"There is no mention of B7-H3, CD276, or related characteristics in the claims, which are specific to CD112R.",False,none,The claims do not mention any topoisomerase I inhibitors or related payloads.,False,The claims do not describe any bispecific or multispecific antibody constructs.,False,"The patent claims are specific to CD112R-targeting antibodies and do not overlap with ROR1, B7-H3, or topoisomerase I inhibitor payloads, indicating no competitive risk.",024-391-924-544-297,
False,none,The claims focus on LAIR-1 antibodies and do not mention ROR1 or any related characteristics such as orphan receptor tyrosine kinase or Wnt5a signaling.,False,none,"The claims are specific to LAIR-1 antibodies and do not mention B7-H3, CD276, or any related characteristics of the B7 family.",False,none,"There is no mention of topoisomerase I inhibitors or related payloads in the claims, which focus solely on LAIR-1 antibodies.",False,The claims do not describe any bispecific or multispecific antibody constructs involving ROR1 or B7-H3.,False,"The patent claims are specific to LAIR-1 antibodies and do not overlap with ROR1, B7-H3, or topoisomerase I inhibitor payloads, indicating no competitive risk to the ADC program targeting these elements.",030-554-654-314-926,
False,none,"The claims do not mention ROR1 or any characteristics specific to ROR1 targeting, such as involvement in Wnt5a signaling or expression in CLL.",False,none,"The claims do not mention B7-H3, CD276, or any specific characteristics of B7-H3 targeting.",True,medium,"The claims include an anticancer agent that is an inhibitor of topoisomerase I, which suggests potential use of a topoisomerase I inhibitor payload.",False,The claims do not describe a bispecific or multispecific antibody construct.,True,The presence of a topoisomerase I inhibitor in the claims poses a competitive risk to ADC programs using similar payloads.,025-775-533-074-768,
False,none,"The claims focus on an antibody targeting the human transferrin receptor, with no mention of ROR1 or related characteristics.",False,none,"There is no mention of B7-H3, CD276, or related characteristics in the claims, which are specific to the transferrin receptor.",False,none,The claims do not mention any topoisomerase I inhibitors or related payloads; they are focused on an antibody for polycythemia.,False,The claims do not describe any bispecific or multispecific antibody constructs.,False,"The patent claims are specific to an antibody targeting the transferrin receptor for polycythemia treatment, with no overlap with ROR1, B7-H3, or topoisomerase I inhibitor payloads.",025-534-897-044-861,
False,none,"The claims focus on antibodies targeting FGFR2IIIb, with no mention of ROR1 or related characteristics.",False,none,"There is no mention of B7-H3, CD276, or related characteristics in the claims.",False,none,The claims do not mention any topoisomerase I inhibitors or related payloads.,False,The claims do not describe any bispecific or multispecific antibody constructs.,False,"The patent claims are specific to afucosylated anti-FGFR2IIIb antibodies and do not relate to ROR1, B7-H3, or topoisomerase I inhibitor payloads.",033-835-401-515-367,
False,none,"The claims do not mention ROR1 or any characteristics specifically associated with ROR1 targeting, such as Wnt5a signaling or expression in CLL.",False,none,"The claims do not mention B7-H3, CD276, or any specific characteristics of B7-H3 targeting. There is no indication of targeting a 4Ig B7 family member.",False,none,The claims focus on radiolabeled biomolecules and do not mention topoisomerase I inhibitors or related payloads such as camptothecin derivatives.,False,The claims do not describe any bispecific or multispecific antibody constructs.,False,"None of the criteria for ROR1, B7-H3, or topoisomerase I inhibitor payloads are met with medium or high confidence. The patent focuses on radiolabeled biomolecules, which do not overlap with the ADC program's targets or payloads.",032-930-159-365-75X,
False,none,"The claims do not mention ROR1, orphan receptor tyrosine kinases, or any related signaling pathways. There is no indication of targeting ROR1 in the claimed compounds or processes.",False,none,"The claims do not mention B7-H3, CD276, or any related B7 family member. There is no indication of targeting B7-H3 in the claimed compounds or processes.",False,none,"The claims do not mention topoisomerase I inhibitors or any related compounds such as camptothecin derivatives. The focus is on benzodiazepine derivatives, which are not related to topoisomerase I inhibition.",False,The claims do not describe any bispecific or multispecific antibodies. The focus is on small molecule compounds and their synthesis.,False,"There is no indication of targeting ROR1, B7-H3, or using a topoisomerase I inhibitor payload in the claims. Therefore, the patent does not pose a competitive risk to the ADC program targeting these elements.",034-524-796-027-920,
False,none,"The claims do not mention ROR1, orphan receptor tyrosine kinases, or any related characteristics that would suggest targeting ROR1.",False,none,"The claims do not mention B7-H3, CD276, or any related characteristics that would suggest targeting B7-H3.",False,none,The claims focus on solid forms of a specific chemical compound and do not mention topoisomerase I inhibitors or related payloads.,False,There are no claims describing bispecific or multispecific antibodies targeting ROR1 or B7-H3.,False,"None of the criteria for ROR1, B7-H3, or topoisomerase I inhibitor payloads are met, and there are no bispecific constructs described. Therefore, this patent does not pose a competitive risk to the ADC program.",040-056-890-911-977,
False,none,The claims focus on PSMA-targeting compounds and do not mention ROR1 or any related characteristics such as Wnt5a signaling or expression in CLL or mantle cell lymphoma.,False,none,"The claims are specific to PSMA-targeting compounds and do not mention B7-H3, CD276, or any related characteristics of the B7 family.",False,none,There is no mention of topoisomerase I inhibitors or related compounds such as camptothecin derivatives in the claims.,False,The claims do not describe any bispecific or multispecific antibodies targeting ROR1 or B7-H3.,False,"The patent claims are specific to PSMA-targeting compounds and do not cover ROR1, B7-H3, or topoisomerase I inhibitor payloads, thus posing no competitive risk to the ADC program targeting these elements.",049-915-351-895-840,
False,none,"The claims do not mention ROR1 or any characteristics specific to ROR1 targeting, such as involvement in Wnt5a signaling or expression in CLL.",False,none,"The claims do not mention B7-H3, CD276, or any specific characteristics of B7-H3 targeting, such as being a 4Ig B7 family member.",False,none,The claims do not mention any topoisomerase I inhibitors or related payloads such as camptothecin derivatives.,False,There are no claims describing bispecific or multispecific antibodies targeting ROR1 or B7-H3.,False,"None of the claims relate to ROR1, B7-H3, or topoisomerase I inhibitors, so there is no competitive risk to the ADC program targeting these elements.",072-100-207-382-422,
False,none,"The claims do not mention ROR1 or any characteristics specific to ROR1 targeting, such as involvement in Wnt5a signaling or expression in CLL.",False,none,"There is no mention of B7-H3, CD276, or any related characteristics in the claims.",False,none,The claims do not specify any topoisomerase I inhibitors or related payloads. The focus is on VEGF and DLL4 targeting.,False,"The claims describe bispecific antibodies targeting VEGF and DLL4, but neither arm targets ROR1 or B7-H3.",False,"None of the criteria for ROR1, B7-H3, or topoisomerase I inhibitor payloads are met with medium or high confidence. The bispecific antibodies described do not involve ROR1 or B7-H3.",071-599-283-366-001,
False,none,"The claims do not mention ROR1 or any characteristics associated with ROR1 targeting, such as Wnt5a signaling or expression in specific cancers.",False,none,"There is no mention of B7-H3, CD276, or any related characteristics in the claims. The focus is on EGFR and TGFβ binding.",False,none,The claims do not mention topoisomerase I inhibitors or any related payloads. The focus is on KRAS inhibitors and fusion proteins targeting EGFR and TGFβ.,False,"The claims describe a fusion protein targeting EGFR and TGFβ, but there is no mention of ROR1 or B7-H3, which are required for the bispecific flag.",False,"None of the criteria for ROR1, B7-H3, or topoisomerase I inhibitor payloads are met with medium or high confidence. The patent does not pose a competitive risk to the ADC program targeting these specific elements.",075-832-609-876-065,
False,none,"The claims do not mention ROR1 or any characteristics associated with ROR1 targeting, such as orphan receptor tyrosine kinase or Wnt5a signaling involvement.",False,none,"The claims do not mention B7-H3, CD276, or any characteristics specific to B7-H3 targeting. The focus is on fibulin-3, which is unrelated to B7-H3.",False,none,The claims list various cytotoxic agents but do not specifically mention topoisomerase I inhibitors or related compounds like camptothecin derivatives.,False,There are no claims describing bispecific or multispecific antibodies targeting ROR1 or B7-H3.,False,"None of the criteria for ROR1, B7-H3, or topoisomerase I inhibitor payloads are met with medium or high confidence. The patent focuses on anti-fibulin-3 antibodies, which do not overlap with the ADC program targets.",050-172-838-981-813,
False,none,"The claims focus on antibodies targeting Siglec-15, with no mention of ROR1 or related characteristics.",False,none,"There is no mention of B7-H3, CD276, or related characteristics in the claims.",False,none,The claims do not mention any topoisomerase I inhibitors or related payloads.,False,The claims do not describe any bispecific or multispecific antibodies.,False,"The patent claims are specific to Siglec-15 targeting antibodies and do not overlap with ROR1, B7-H3, or topoisomerase I inhibitor payloads.",061-402-003-632-471,
False,none,"The claims do not mention ROR1, NTRKR1, or any related receptor tyrosine kinase characteristics. The focus is on peptides and their immunotherapeutic applications, not on specific receptor targeting.",False,none,"There is no mention of B7-H3, CD276, or any related B7 family member characteristics in the claims. The claims are centered on peptide sequences and their use in immunotherapy.",False,none,"The claims do not reference any topoisomerase I inhibitors or related payloads. The invention is focused on peptides and their immunological applications, not on cytotoxic payloads.",False,The claims do not describe any bispecific or multispecific antibody constructs. The focus is on peptide-based compositions.,False,"None of the criteria for ROR1, B7-H3, or topoisomerase I inhibitor payloads are met with medium or high confidence. The patent does not pose a competitive risk to the ADC program targeting these elements.",079-889-999-496-73X,
False,none,"The claims do not mention ROR1 or any characteristics specific to ROR1 targeting, such as involvement in Wnt5a signaling or expression in CLL.",False,none,"The claims do not mention B7-H3, CD276, or any characteristics specific to B7-H3 targeting, such as being a 4Ig B7 family member.",False,none,The claims do not mention topoisomerase I inhibitors or any specific payloads related to topoisomerase I inhibition.,False,The claims do not describe any bispecific or multispecific antibodies targeting ROR1 or B7-H3.,False,"None of the claims relate to ROR1, B7-H3, or topoisomerase I inhibitors, and there are no bispecific constructs involving these targets. Therefore, this patent does not pose a competitive risk to the ADC program targeting these elements.",064-098-356-588-125,
False,none,"The claims focus on antibodies targeting PMEL17, with no mention of ROR1 or related receptor tyrosine kinases.",False,none,The claims are specific to PMEL17 antibodies and do not mention B7-H3 or related B7 family members.,False,none,"The claims describe cytotoxic agents like auristatins and pyrrolobenzodiazepines, but do not mention topoisomerase I inhibitors or related compounds.",False,There are no claims describing bispecific or multispecific antibodies targeting ROR1 or B7-H3.,False,"The patent claims are specific to PMEL17-targeting antibodies and immunoconjugates, with no overlap in targeting ROR1, B7-H3, or using topoisomerase I inhibitor payloads.",094-613-592-652-936,
False,none,The claims focus on immunogenic compositions related to carcinoembryonic antigen (CEA) and do not mention ROR1 or any related receptor tyrosine kinase characteristics.,False,none,"There is no mention of B7-H3, CD276, or any related B7 family member in the claims. The focus is solely on CEA-related compositions.",False,none,The claims do not mention any topoisomerase I inhibitors or related payloads. They are centered on immunogenic compositions targeting CEA.,False,The claims do not describe any bispecific or multispecific antibodies. They are focused on single-target immunogenic compositions related to CEA.,False,"The patent claims are specific to CEA-related immunogenic compositions and do not involve ROR1, B7-H3, or topoisomerase I inhibitors. Therefore, it poses no competitive risk to the ADC program targeting these elements.",083-315-611-891-584,
False,none,The claims focus exclusively on CD20 binding agents and do not mention ROR1 or any characteristics associated with ROR1 targeting.,False,none,"There is no mention of B7-H3, CD276, or any related characteristics in the claims. The focus is solely on CD20 binding agents.",False,none,The claims do not mention any topoisomerase I inhibitors or related payloads. The focus is on CD20 binding agents and their therapeutic uses.,False,The claims do not describe any bispecific or multispecific antibodies involving ROR1 or B7-H3. The focus is on CD20 binding agents.,False,"The patent claims are specific to CD20 binding agents and do not involve ROR1, B7-H3, or topoisomerase I inhibitors. Therefore, it does not pose a competitive risk to the ADC program targeting these elements.",093-492-454-697-015,
False,none,The claims focus on antibodies binding to PD-L1 and do not mention ROR1 or any related characteristics.,False,none,The claims are specific to PD-L1 binding antibodies and do not mention B7-H3 or any related characteristics.,False,none,There is no mention of topoisomerase I inhibitors or related payloads in the claims.,False,"While the claims mention bispecific antibodies, they do not specify ROR1 or B7-H3 as targets.",False,"The patent claims are specific to PD-L1 binding antibodies and do not cover ROR1, B7-H3, or topoisomerase I inhibitor payloads, thus posing no competitive risk to the ADC program targeting these elements.",089-071-389-446-868,
False,none,"The claims focus exclusively on antibodies targeting DR5, with no mention of ROR1 or related receptor characteristics.",False,none,"There is no mention of B7-H3, CD276, or related characteristics in the claims, which are specific to DR5.",False,low,"While claim 20 mentions CPT-11, a topoisomerase I inhibitor, it is in the context of combination therapy with DR5 antibodies, not as a payload in an ADC.",False,The claims do not describe any bispecific or multispecific antibody constructs.,False,"The patent claims are specific to DR5-targeting antibodies and do not cover ROR1, B7-H3, or topoisomerase I inhibitor payloads in a manner relevant to the ADC program.",106-663-859-695-636,
False,none,"The claims do not mention ROR1 or any characteristics specifically associated with ROR1 targeting, such as Wnt5a signaling or expression in CLL.",False,none,"The claims do not mention B7-H3, CD276, or any specific characteristics of B7-H3 targeting, such as being a 4Ig B7 family member.",False,none,The claims focus on genetically engineered microorganisms producing immune modulators and do not mention topoisomerase I inhibitors or related payloads.,False,There are no claims describing bispecific or multispecific antibodies targeting ROR1 or B7-H3.,False,"The patent does not claim any elements related to ROR1, B7-H3, or topoisomerase I inhibitors, thus posing no competitive risk to the ADC program targeting these elements.",094-196-854-243-872,
False,none,"The claims do not mention ROR1 or any characteristics specifically associated with ROR1 targeting, such as Wnt5a signaling or expression in CLL.",False,none,"The claims do not mention B7-H3, CD276, or any specific characteristics of B7-H3 targeting, such as being a 4Ig B7 family member.",False,none,"The claims do not mention topoisomerase I inhibitors or any specific payloads like DXd, SN-38, or camptothecin derivatives.",False,There are no claims describing bispecific or multispecific antibodies targeting ROR1 or B7-H3.,False,"None of the criteria for ROR1, B7-H3, or topoisomerase I inhibitor payloads are met with medium or high confidence, and there are no bispecific constructs described. Therefore, this patent does not pose a competitive risk to the ADC program.",105-402-252-703-562,
False,none,"The claims focus on antibodies targeting BAI1, with no mention of ROR1 or related characteristics.",False,none,"The claims do not mention B7-H3 or any related characteristics, focusing solely on BAI1.",False,none,There is no mention of topoisomerase I inhibitors or related payloads in the claims.,False,The claims do not describe any bispecific or multispecific antibody constructs.,False,"The patent claims are specific to BAI1-targeting antibodies and do not overlap with ROR1, B7-H3, or topoisomerase I inhibitor payloads.",103-178-589-463-414,
False,none,"The claims focus on antibodies targeting polypeptides involved in osteoclast differentiation, with no mention of ROR1 or related characteristics.",False,none,"There is no mention of B7-H3, CD276, or related characteristics in the claims, which focus on osteoclast differentiation.",False,none,"The claims do not mention any topoisomerase I inhibitors or related payloads, focusing instead on antibodies for osteoclast differentiation.",False,The claims do not describe any bispecific or multispecific antibody constructs.,False,"The patent claims do not relate to ROR1, B7-H3, or topoisomerase I inhibitors, and thus do not pose a competitive risk to the ADC program targeting these elements.",106-546-136-750-010,
False,none,The claims do not mention ROR1 or any related characteristics such as orphan receptor tyrosine kinase involvement with Wnt5a signaling or expression in specific cancers.,False,none,"There is no mention of B7-H3, CD276, or any related characteristics in the claims.",False,none,The claims do not mention any topoisomerase I inhibitors or related payloads such as camptothecin derivatives.,False,The claims do not describe any bispecific or multispecific antibodies targeting ROR1 or B7-H3.,False,"None of the criteria for ROR1, B7-H3, or topoisomerase I inhibitor payloads are met with medium or high confidence, and there are no bispecific constructs described. Therefore, this patent does not pose a competitive risk to the ADC program.",112-349-078-467-261,
False,none,"The claims do not mention ROR1 or any characteristics specific to ROR1, such as involvement in Wnt5a signaling or expression in CLL. The targets listed do not include ROR1.",False,none,The claims do not mention B7-H3 or CD276. The targets listed do not include B7-H3 or any specific characteristics of B7-H3.,True,high,"The claims explicitly list SN-38, a known topoisomerase I inhibitor, as a potential drug unit in the ADC, providing high confidence for topoisomerase I inhibitor payload involvement.",False,The claims do not describe any bispecific or multispecific antibody constructs.,True,"The presence of a high confidence topoisomerase I inhibitor payload in the claims poses a competitive risk to ADC programs using similar payloads, despite the absence of ROR1 or B7-H3 targeting.",114-876-548-669-413,
False,none,"The claims do not mention ROR1 or any characteristics specific to ROR1 targeting, such as involvement in Wnt5a signaling or expression in specific lymphomas.",False,none,"The claims do not mention B7-H3, CD276, or any specific characteristics of B7-H3 targeting, such as its expression profile or exclusion of other B7 family members.",False,none,"The claims do not mention any topoisomerase I inhibitors or related structural descriptions, such as camptothecin derivatives.",False,The claims do not describe any bispecific or multispecific antibody constructs.,False,"None of the criteria for ROR1, B7-H3, or topoisomerase I inhibitor payloads are met in the claims, indicating no competitive risk to the ADC program.",119-200-533-083-913,
False,none,The claims focus on antibodies binding HLA-A2/TyrD and do not mention ROR1 or any related characteristics.,False,none,"There is no mention of B7-H3, CD276, or related characteristics in the claims.",False,none,The claims do not specify any topoisomerase I inhibitor payloads or related descriptions.,False,"While bispecific antibodies are mentioned, there is no indication that one arm targets ROR1 or B7-H3.",False,"The patent claims do not cover ROR1, B7-H3, or topoisomerase I inhibitor payloads, and thus do not pose a competitive risk to the ADC program targeting these elements.",127-570-183-370-696,
False,none,"The claims do not mention ROR1, NTRKR1, or any specific characteristics of ROR1 such as Wnt5a signaling or expression in CLL. There is no sequence-defined antibody tied to ROR1.",False,none,"The claims do not mention B7-H3, CD276, or any specific characteristics of B7-H3 such as its overexpression in certain cancers. There is no sequence-defined antibody tied to B7-H3.",False,low,The claims mention a therapeutic moiety but do not specify a topoisomerase I inhibitor or any related compounds like camptothecin derivatives. The mention of cytotoxic anti-cancer agents is too generic.,False,The claims do not describe a bispecific or multispecific antibody construct targeting ROR1 or B7-H3.,False,"None of the criteria for ROR1, B7-H3, or topoisomerase I inhibitor payloads are met with medium or high confidence. The claims are focused on antibody conjugation methods without specifying these targets or payloads.",116-390-804-620-751,
False,none,"The claims do not mention ROR1 or any characteristics specific to ROR1 targeting, such as Wnt5a signaling or expression in CLL.",False,none,"There is no mention of B7-H3, CD276, or any related characteristics in the claims.",False,none,The claims focus on temozolomide and do not mention topoisomerase I inhibitors or related compounds.,False,The claims do not describe any bispecific or multispecific antibodies targeting ROR1 or B7-H3.,False,"None of the criteria for ROR1, B7-H3, or topoisomerase I inhibitor payloads are met with medium or high confidence.",131-633-252-889-679,
False,none,"The claims do not mention ROR1 or any characteristics specific to ROR1 targeting, such as involvement in Wnt5a signaling or expression in CLL.",False,none,"The claims do not mention B7-H3, CD276, or any specific characteristics of B7-H3 targeting, such as being a 4Ig B7 family member.",False,none,The claims do not mention topoisomerase I inhibitors or any related compounds like camptothecin derivatives.,False,There are no claims describing bispecific or multispecific antibodies targeting ROR1 or B7-H3.,False,"The patent claims focus on a combination therapy involving EGFR, MEK, and CDK inhibitors for cancers with BRAF mutations, with no relevance to ROR1, B7-H3, or topoisomerase I inhibitors.",178-914-074-443-776,
False,none,"The claims focus on a fusion protein involving an antibody and TNFα, specifically targeting Her-2 with Trastuzumab. There is no mention or implication of ROR1 targeting.",False,none,"The claims do not mention B7-H3 or any related characteristics. The focus is on Her-2 targeting with Trastuzumab, not B7-H3.",False,none,There is no mention of topoisomerase I inhibitors or related payloads in the claims. The focus is on a TNFα fusion protein.,False,The claims describe a fusion protein with a single specificity (Her-2 targeting) and do not involve bispecific or multispecific constructs.,False,"The patent claims do not cover ROR1, B7-H3, or topoisomerase I inhibitor payloads, nor do they describe bispecific constructs involving these targets. Therefore, it does not pose a competitive risk to the ADC program targeting these elements.",150-512-567-805-757,
False,none,"The claims do not mention ROR1, orphan receptor tyrosine kinases, or any related signaling pathways or expression profiles.",False,none,"The claims do not mention B7-H3, CD276, or any related B7 family member descriptions that could be associated with B7-H3.",False,none,"The claims do not mention topoisomerase I inhibitors, camptothecin derivatives, or any related structural descriptions.",False,The claims do not describe any bispecific or multispecific antibody constructs.,False,"The patent claims focus on anti-VEGF formulations and liposome delivery systems, with no mention of ROR1, B7-H3, or topoisomerase I inhibitors. Therefore, it poses no competitive risk to the ADC program targeting these elements.",135-562-760-092-762,
False,none,The claims focus on an anti-CD47 antibody and do not mention ROR1 or any characteristics associated with ROR1 targeting.,False,none,"There is no mention of B7-H3, CD276, or any related characteristics in the claims.",False,none,The claims do not specify any topoisomerase I inhibitors or related payloads.,False,The claims do not describe any bispecific or multispecific antibodies targeting ROR1 or B7-H3.,False,"The patent claims are specific to an anti-CD47 antibody and do not involve ROR1, B7-H3, or topoisomerase I inhibitors, thus posing no competitive risk to the ADC program targeting these elements.",164-353-358-585-594,
False,none,"The claims focus exclusively on antibodies targeting HER2, with no mention or implication of ROR1 or related characteristics.",False,none,"There is no mention of B7-H3, CD276, or any related characteristics in the claims, which are specific to HER2 targeting.",False,none,The claims do not specify any topoisomerase I inhibitors or related payloads; they focus on HER2 antibodies and their uses.,False,The claims do not describe any bispecific or multispecific antibodies; they are specific to HER2 targeting.,False,"The patent claims are specific to HER2 targeting and do not mention ROR1, B7-H3, or topoisomerase I inhibitors, thus posing no competitive risk to the ADC program targeting these elements.",143-331-621-780-137,
False,none,"The claims focus on CHRNB2 as the target, with no mention of ROR1 or related characteristics.",False,none,"The claims do not mention B7-H3 or any related characteristics, focusing instead on CHRNB2.",False,none,There is no mention of topoisomerase I inhibitors or related payloads in the claims.,False,The claims do not describe any bispecific or multispecific antibody constructs.,False,"The patent claims are specific to CHRNB2 and do not overlap with ROR1, B7-H3, or topoisomerase I inhibitor payloads, indicating no competitive risk to the ADC program.",143-333-326-157-341,
False,none,The claims focus on anti-CGRP antibodies and do not mention ROR1 or any related receptor tyrosine kinases.,False,none,"There is no mention of B7-H3, CD276, or any related B7 family members in the claims.",False,none,The claims do not reference any topoisomerase I inhibitors or related payloads.,False,The claims do not describe any bispecific or multispecific antibody constructs.,False,"The patent claims are specific to anti-CGRP antibodies and do not overlap with ROR1, B7-H3, or topoisomerase I inhibitor payloads, indicating no competitive risk to the ADC program.",158-179-365-129-660,
False,none,"The claims do not mention ROR1 or any characteristics specific to ROR1 targeting, such as involvement in Wnt5a signaling or expression in CLL.",False,none,"There is no mention of B7-H3, CD276, or any specific characteristics of B7-H3 targeting in the claims.",False,none,The claims do not mention topoisomerase I inhibitors or any related compounds such as camptothecin derivatives.,False,The claims do not describe any bispecific or multispecific antibody constructs.,False,"None of the criteria for ROR1, B7-H3, or topoisomerase I inhibitor payloads are met with medium or high confidence. The patent does not pose a competitive risk to the ADC program targeting these elements.",142-311-806-125-847,
False,none,"The claims do not mention ROR1 or any characteristics specific to ROR1 targeting, such as Wnt5a signaling or expression in CLL.",False,none,"The claims do not mention B7-H3, CD276, or any specific characteristics of B7-H3 targeting.",True,high,"The claims focus on exatecan derivatives, which are known topoisomerase I inhibitors, providing high confidence in the relevance to a topoisomerase I inhibitor payload.",False,There are no claims describing bispecific or multispecific antibodies targeting ROR1 or B7-H3.,True,"The high confidence in the topoisomerase I inhibitor payload poses a competitive risk to ADC programs using similar payloads, despite no specific targeting of ROR1 or B7-H3.",157-074-359-900-554,
False,none,The claims focus on HVEM targeting and do not mention ROR1 or any related characteristics such as Wnt5a signaling or expression in CLL.,False,none,"There is no mention of B7-H3, CD276, or any related characteristics in the claims. The focus is solely on HVEM.",False,none,The claims do not mention any topoisomerase I inhibitors or related payloads. The focus is on HVEM inhibitors for glioma treatment.,False,The claims do not describe any bispecific or multispecific antibodies. They focus on single variable domains targeting HVEM.,False,"The patent claims are specific to HVEM targeting and do not overlap with ROR1, B7-H3, or topoisomerase I inhibitor payloads. Therefore, it does not pose a competitive risk to the ADC program targeting these elements.",165-564-341-444-265,
False,none,"The claims focus on antibodies targeting S100A4, with no mention of ROR1 or related receptor tyrosine kinases.",False,none,"There is no mention of B7-H3, CD276, or related B7 family members in the claims.",False,none,The claims do not mention any topoisomerase I inhibitors or related payloads.,False,The claims do not describe any bispecific or multispecific antibody constructs.,False,"The patent claims are specific to S100A4 antibodies and do not overlap with ROR1, B7-H3, or topoisomerase I inhibitor payloads, indicating no competitive risk to the ADC program.",164-948-407-961-975,
False,none,"The claims do not mention ROR1, NTRKR1, or any related receptor tyrosine kinase. There is no indication of targeting ROR1 in the described compositions.",False,none,"The claims do not mention B7-H3, CD276, or any related B7 family member. There is no indication of targeting B7-H3 in the described compositions.",False,none,"The claims do not mention any topoisomerase I inhibitors or related payloads. The focus is on immunocytokine compositions, not cytotoxic payloads.",False,The claims do not describe any bispecific or multispecific antibody constructs. The focus is on single immunocytokine compositions.,False,"There is no indication of targeting ROR1, B7-H3, or using a topoisomerase I inhibitor payload in the claims. The patent focuses on immunocytokine compositions, which do not overlap with the ADC program's targets or payloads.",170-848-245-907-253,
False,none,"The claims focus on a chimeric receptor targeting CD33, with no mention of ROR1 or related characteristics.",False,none,"There is no mention of B7-H3, CD276, or related characteristics in the claims.",False,none,The claims do not mention any topoisomerase I inhibitors or related payloads.,False,"The claims describe a chimeric receptor targeting CD33, with no indication of bispecific constructs involving ROR1 or B7-H3.",False,"The patent claims are specific to CD33-targeting chimeric receptors and do not involve ROR1, B7-H3, or topoisomerase I inhibitors, posing no competitive risk to the ADC program.",174-259-405-494-292,
False,none,"The claims do not mention ROR1 or any characteristics specific to ROR1 targeting, such as involvement in Wnt5a signaling or expression in CLL.",False,none,"The claims do not mention B7-H3, CD276, or any specific characteristics of B7-H3 targeting, such as overexpression in specific tumors.",False,none,The claims do not mention topoisomerase I inhibitors or any specific payloads related to topoisomerase I inhibition.,False,The claims do not describe any bispecific or multispecific antibody constructs.,False,"None of the claims relate to ROR1, B7-H3, or topoisomerase I inhibitors, and there are no bispecific constructs described. Therefore, this patent does not pose a competitive risk to the ADC program targeting these elements.",178-433-898-645-584,
False,none,"The claims do not mention ROR1 or any characteristics specifically associated with ROR1 targeting, such as Wnt5a signaling or expression in CLL or mantle cell lymphoma.",False,none,"The claims do not mention B7-H3, CD276, or any specific characteristics of B7-H3 targeting, such as being a 4Ig B7 family member or overexpression in specific cancers.",False,none,The claims do not mention topoisomerase I inhibitors or any related payloads such as camptothecin derivatives or their mechanisms of action.,False,The claims do not describe any bispecific or multispecific antibody constructs.,False,"There is no indication in the claims of targeting ROR1, B7-H3, or using a topoisomerase I inhibitor payload. Therefore, this patent does not pose a competitive risk to the ADC program targeting these elements.",186-760-194-520-992,
False,none,The claims focus exclusively on anti-tissue factor (TF) ADCs and do not mention ROR1 or any related characteristics.,False,none,"There is no mention of B7-H3, CD276, or any related characteristics in the claims, which are specific to anti-tissue factor ADCs.",False,none,"The claims specify a drug portion comprising vcMMAE, which is not a topoisomerase I inhibitor. There is no mention of topoisomerase I inhibitors or related compounds.",False,The claims do not describe any bispecific or multispecific antibody constructs.,False,"The patent claims are specific to anti-tissue factor ADCs with vcMMAE payloads and do not cover ROR1, B7-H3, or topoisomerase I inhibitors. Therefore, it does not pose a competitive risk to the specified ADC program.",185-334-807-672-385,
False,none,"The claims do not mention ROR1 or any characteristics associated with ROR1 targeting, such as involvement in Wnt5a signaling or expression in specific lymphomas.",False,none,"The claims do not mention B7-H3, CD276, or any characteristics specific to B7-H3 targeting, such as being a 4Ig B7 family member or overexpression in specific solid tumors.",False,none,The claims focus on pyrrolobenzodiazepine (PBD) payloads and do not mention topoisomerase I inhibitors or related compounds like camptothecin derivatives.,False,"The claims do not describe bispecific or multispecific antibodies, nor do they mention any targeting of ROR1 or B7-H3.",False,"There is no indication of ROR1, B7-H3, or topoisomerase I inhibitor involvement in the claims, thus posing no competitive risk to the ADC program targeting these elements.",181-388-145-170-893,
False,none,"The claims do not mention ROR1 or any characteristics associated with ROR1 targeting, such as Wnt5a signaling or expression in specific lymphomas.",False,none,"There is no mention of B7-H3, CD276, or any related characteristics in the claims. The focus is on DLL4 and VEGF binding.",False,none,The claims do not reference any topoisomerase I inhibitors or related payloads. The focus is on binding proteins targeting DLL4 and VEGF.,False,"While the claims describe bispecific binding proteins, neither arm targets ROR1 or B7-H3, focusing instead on DLL4 and VEGF.",False,"The patent does not pose a competitive risk to an ADC program targeting ROR1, B7-H3, or using a topoisomerase I inhibitor payload, as none of these elements are addressed in the claims.",194-916-403-208-371,
False,none,"The claims do not mention ROR1 or any characteristics specific to ROR1, such as involvement in Wnt5a signaling or expression in CLL or mantle cell lymphoma.",False,none,"The claims do not mention B7-H3, CD276, or any specific characteristics of B7-H3, such as being a 4Ig B7 family member or overexpression in specific solid tumors.",False,none,The claims do not mention topoisomerase I inhibitors or any specific compounds like camptothecin derivatives that would suggest a topoisomerase I inhibitor payload.,False,The claims do not describe any bispecific or multispecific antibody constructs targeting ROR1 or B7-H3.,False,"There is no indication in the claims of targeting ROR1, B7-H3, or using a topoisomerase I inhibitor payload. Therefore, this patent does not pose a competitive risk to the ADC program targeting these elements.",195-738-009-582-469,
False,none,The claims focus exclusively on an anti-CD19 antibody formulation with no mention of ROR1 or related characteristics.,False,none,"There is no mention of B7-H3, CD276, or related characteristics in the claims, which are specific to an anti-CD19 antibody.",False,none,"The claims do not mention any topoisomerase I inhibitors or related payloads, focusing solely on an anti-CD19 antibody formulation.",False,The claims do not describe any bispecific or multispecific antibodies; they are specific to a single anti-CD19 antibody.,False,"The patent claims are specific to an anti-CD19 antibody formulation and do not involve ROR1, B7-H3, or topoisomerase I inhibitors, posing no competitive risk to the ADC program targeting these elements.",065-044-297-446-09X,
False,none,"The claims do not mention ROR1 or any characteristics specific to ROR1 targeting, such as orphan receptor tyrosine kinase involvement or expression patterns.",False,none,"There is no mention of B7-H3, CD276, or any related characteristics in the claims. The focus is on extracellular vesicles with immunomodulating components.",False,none,The claims do not reference topoisomerase I inhibitors or any related payloads. The focus is on cytokines and immunomodulating components.,False,"The claims do not describe any bispecific or multispecific antibodies, nor do they mention ROR1 or B7-H3.",False,"None of the criteria for ROR1, B7-H3, or topoisomerase I inhibitor payloads are met with medium or high confidence. The claims focus on extracellular vesicles with immunomodulating components, which do not overlap with the ADC program targeting ROR1 or B7-H3 with a topoisomerase I inhibitor payload.",004-505-401-842-735,
False,none,"The claims focus on antibodies targeting CD137 and PD-L1, with no mention of ROR1 or related receptor tyrosine kinases.",False,none,"There is no mention of B7-H3 or CD276 in the claims, which are specific to CD137 and PD-L1.",False,none,The claims do not mention any topoisomerase I inhibitors or related payloads.,False,"While the abstract mentions bispecific antibodies, the claims do not describe any bispecific constructs involving ROR1 or B7-H3.",False,"The patent claims do not cover ROR1, B7-H3, or topoisomerase I inhibitors, and there are no bispecific constructs involving these targets. Therefore, it poses no competitive risk to the ADC program targeting these elements.",124-405-481-513-79X,
False,none,"The claims do not mention ROR1 or any characteristics specifically associated with ROR1 targeting, such as involvement in Wnt5a signaling or expression in CLL.",False,none,"The claims do not mention B7-H3, CD276, or any specific characteristics of B7-H3 targeting, such as being a 4Ig B7 family member or overexpression in specific cancers.",False,none,"The claims specify an immune agonist as the payload, not a topoisomerase I inhibitor or any related compounds like camptothecin derivatives.",False,The claims do not describe a bispecific or multispecific antibody construct.,False,"None of the criteria for ROR1, B7-H3, or topoisomerase I inhibitor payloads are met with medium or high confidence, and there is no bispecific construct described. Therefore, this patent does not pose a competitive risk to the ADC program targeting these elements.",037-211-329-197-842,
False,none,"The claims do not mention ROR1 or any characteristics specifically associated with ROR1 targeting, such as Wnt5a signaling or expression in CLL.",False,none,"The claims do not mention B7-H3, CD276, or any specific characteristics of B7-H3 targeting. The focus is on a multi-kinase inhibitor and PD-1/PD-L1 antibodies.",False,none,There is no mention of topoisomerase I inhibitors or related compounds such as camptothecin derivatives in the claims.,False,"The claims do not describe any bispecific or multispecific antibodies, nor do they mention ROR1 or B7-H3 as targets.",False,"The patent does not pose a competitive risk to an ADC program targeting ROR1, B7-H3, or using a topoisomerase I inhibitor payload, as none of these elements are claimed or implied.",036-423-949-905-895,
False,none,"The claims do not mention ROR1 or any characteristics specifically associated with ROR1 targeting, such as Wnt5a signaling or expression in CLL.",True,high,"Claim 11 explicitly mentions B7-H3 as a target for the bispecific anti-cancer antibody, providing high confidence in B7-H3 targeting.",True,high,"Claim 7 includes irinotecan, a known topoisomerase I inhibitor, as an anti-cancer agent, providing high confidence in the use of a topoisomerase I inhibitor payload.",True,"The claims describe a bispecific anti-cancer antibody targeting B7-H3, meeting the criteria for a bispecific construct with one arm targeting B7-H3.",True,"The patent poses a competitive risk due to high confidence in both B7-H3 targeting and the use of a topoisomerase I inhibitor payload, as well as the presence of a bispecific construct targeting B7-H3.",077-627-115-888-779,
False,none,"The claims focus on antibodies targeting TREM2, with no mention of ROR1 or related characteristics.",False,none,The claims are specific to TREM2 antibodies and do not mention B7-H3 or related features.,False,none,There is no mention of topoisomerase I inhibitors or related payloads in the claims.,False,The claims do not describe bispecific or multispecific antibodies involving ROR1 or B7-H3.,False,"The patent claims are specific to TREM2 antibodies and do not overlap with ROR1, B7-H3, or topoisomerase I inhibitor payloads, indicating no competitive risk.",000-522-463-353-821,
False,none,"The claims do not mention ROR1 or any characteristics specifically associated with ROR1 targeting, such as Wnt5a signaling or expression in CLL.",False,none,"The claims focus on an anti-HER3 antibody drug conjugate and do not mention B7-H3, CD276, or any related characteristics.",False,none,The claims do not specify a topoisomerase I inhibitor or any related compounds such as camptothecin derivatives.,False,The claims do not describe any bispecific or multispecific antibody constructs.,False,"The patent claims are specific to an anti-HER3 ADC and do not cover ROR1, B7-H3, or topoisomerase I inhibitor payloads, thus posing no competitive risk to the specified ADC program.",132-092-907-758-264,
False,none,"The claims focus on prostate-associated antigens such as PSA, PSCA, and PSMA, with no mention of ROR1 or related receptor tyrosine kinases.",False,none,"There is no mention of B7-H3, CD276, or related B7 family members in the claims. The focus is on prostate cancer antigens.",False,none,The claims do not mention topoisomerase I inhibitors or related payloads. The focus is on immunogenic polypeptides and vaccine compositions.,False,The claims do not describe bispecific or multispecific antibodies. They focus on multi-antigen constructs for prostate cancer.,False,"The patent claims are specific to prostate cancer antigens and vaccine compositions, with no overlap with ROR1, B7-H3, or topoisomerase I inhibitor payloads. Therefore, it poses no competitive risk to the ADC program targeting these elements.",006-157-006-927-450,
False,none,"The claims focus on a chimeric antigen receptor (CAR) targeting mesothelin, with no mention of ROR1 or related receptor tyrosine kinases. There is no indication of targeting ROR1 in any form.",False,none,"The claims are specific to mesothelin-targeting CARs and do not mention B7-H3, CD276, or any related B7 family members. There is no evidence of targeting B7-H3.",False,none,The claims do not mention any topoisomerase I inhibitors or related payloads. The focus is solely on CAR-T cell technology targeting mesothelin.,False,"The claims describe a single-target CAR-T cell specific to mesothelin, with no indication of bispecific or multispecific constructs involving ROR1 or B7-H3.",False,"The patent claims are specific to mesothelin-targeting CAR-T cells and do not involve ROR1, B7-H3, or topoisomerase I inhibitors. Therefore, it poses no competitive risk to an ADC program targeting these elements.",003-749-956-524-903,
False,none,The claims focus on anti-Mcl-1 antibodies and do not mention ROR1 or any related characteristics such as orphan receptor tyrosine kinases or Wnt5a signaling.,False,none,"There is no mention of B7-H3, CD276, or any related B7 family member characteristics in the claims. The focus is solely on Mcl-1 targeting.",False,none,The claims do not mention any topoisomerase I inhibitors or related payloads. The focus is on antibodies targeting Mcl-1.,False,"While bispecific antibodies are mentioned, there is no indication that one arm targets ROR1 or B7-H3.",False,"The patent claims are specific to anti-Mcl-1 antibodies and do not cover ROR1, B7-H3, or topoisomerase I inhibitor payloads. Therefore, it does not pose a competitive risk to the ADC program targeting these elements.",008-760-689-543-26X,
False,none,The claims do not mention ROR1 or any related orphan receptor tyrosine kinase characteristics.,False,none,"The claims do not mention B7-H3, CD276, or any related B7 family member characteristics.",False,none,The claims do not mention topoisomerase I inhibitors or any related payloads.,False,The claims do not describe any bispecific or multispecific antibody constructs.,False,"The patent claims focus on a combination of chidamide and celecoxib, with no mention of ROR1, B7-H3, or topoisomerase I inhibitors, thus posing no competitive risk to the ADC program targeting these elements.",037-780-677-559-264,
False,none,"The claims do not mention ROR1 or any characteristics specific to ROR1 targeting, such as Wnt5a signaling or expression in CLL.",False,none,"The claims do not mention B7-H3, CD276, or any specific characteristics of B7-H3 targeting.",False,none,The claims focus on polyglutamated pemetrexed and do not mention topoisomerase I inhibitors or related payloads.,False,There are no claims describing bispecific or multispecific antibodies targeting ROR1 or B7-H3.,False,"The patent claims do not cover ROR1, B7-H3, or topoisomerase I inhibitor payloads, thus posing no competitive risk to the ADC program targeting these elements.",034-968-867-053-892,
False,none,"The claims do not mention ROR1 or any specific characteristics associated with ROR1 targeting, such as Wnt5a signaling or expression in CLL.",False,none,"There is no mention of B7-H3, CD276, or any specific characteristics that would suggest targeting B7-H3 in the claims.",True,high,"The claims explicitly list camptothecin, irinotecan, and topotecan, which are known topoisomerase I inhibitors, as potential anticancer agents.",False,The claims do not describe any bispecific or multispecific antibody constructs.,True,The presence of high confidence in topoisomerase I inhibitor payloads in the claims indicates competitive risk to ADC programs using such payloads.,028-344-596-685-499,
False,none,"The claims do not mention ROR1 or any characteristics specific to ROR1 targeting, such as involvement in Wnt5a signaling or expression in CLL.",False,none,"The claims do not mention B7-H3, CD276, or any specific characteristics of B7-H3 targeting.",True,high,"The claims explicitly include a 'topoisomerase inhibitor' as a component of the pharmaceutical composition, which supports high confidence for a topoisomerase I inhibitor payload.",False,"While the claims mention bispecific antibodies, they do not specify ROR1 or B7-H3 as one of the targets, thus not meeting the criteria for flagging.",True,The presence of a topoisomerase I inhibitor in the claims with high confidence indicates potential competitive risk to an ADC program using a similar payload.,028-680-274-160-406,
False,none,The claims do not mention ROR1 or any related orphan receptor tyrosine kinase characteristics.,False,none,"The claims do not mention B7-H3, CD276, or any related characteristics of the B7 family.",False,none,The claims do not mention any topoisomerase I inhibitors or related payloads.,False,There are no claims describing bispecific or multispecific antibodies.,False,"The patent claims focus on a combination therapy involving an EGFR inhibitor and nivolumab, with no mention of ROR1, B7-H3, or topoisomerase I inhibitors. Therefore, it poses no competitive risk to the ADC program targeting these elements.",032-816-693-391-107,
False,none,The claims focus on antibodies targeting CAPRIN-1 protein and do not mention ROR1 or any related characteristics such as orphan receptor tyrosine kinase or Wnt5a signaling.,False,none,"There is no mention of B7-H3, CD276, or any related B7 family member characteristics in the claims. The focus is solely on CAPRIN-1 protein.",False,none,The claims do not mention any topoisomerase I inhibitors or related payloads. The focus is on antibodies targeting CAPRIN-1 and angiogenesis inhibitors.,False,The claims do not describe any bispecific or multispecific antibody constructs. The focus is on single specificity antibodies targeting CAPRIN-1.,False,"The patent does not pose a competitive risk to an ADC program targeting ROR1, B7-H3, or using a topoisomerase I inhibitor payload, as it is focused on CAPRIN-1 targeting antibodies and angiogenesis inhibitors.",039-063-454-122-533,
False,none,"The claims focus exclusively on antibody molecules that bind to CD73, with no mention or implication of ROR1 or related receptor tyrosine kinases.",False,none,"The claims are specific to CD73 binding antibodies and do not mention B7-H3, CD276, or any related B7 family members.",False,none,"There is no mention of topoisomerase I inhibitors or related payloads in the claims, which are focused on CD73 binding antibodies.",False,"While the claims mention bispecific antibodies, they are specific to CD73 and do not involve ROR1 or B7-H3 as one of the targets.",False,"The patent claims are specific to CD73 binding antibodies and do not involve ROR1, B7-H3, or topoisomerase I inhibitor payloads, thus posing no competitive risk to the ADC program targeting these elements.",041-182-820-784-451,
False,none,"The claims do not mention ROR1, NTRKR1, or any related receptor tyrosine kinase characteristics. The focus is on synthetic lipopeptide vaccines and immunotherapeutics, not on specific receptor targeting.",False,none,"There is no mention of B7-H3, CD276, or any related B7 family member characteristics in the claims. The claims are centered around vaccine compositions and epitopes, not specific immune checkpoint targets.",False,none,"The claims do not reference topoisomerase I inhibitors or any related payloads. The focus is on vaccine compositions and epitopes, without mention of cytotoxic payloads.",False,The claims do not describe bispecific or multispecific antibodies. The focus is on vaccine compositions and not on antibody constructs.,False,"None of the criteria for ROR1, B7-H3, or topoisomerase I inhibitor payloads are met with medium or high confidence. The claims focus on vaccine compositions, which do not pose a competitive risk to the ADC program targeting ROR1, B7-H3, or using a topoisomerase I inhibitor payload.",053-098-709-884-394,
False,none,The claims focus exclusively on anti-CD39 antibodies and do not mention ROR1 or any related characteristics.,False,none,"There is no mention of B7-H3, CD276, or related characteristics in the claims, which are specific to CD39.",False,none,The claims do not reference any topoisomerase I inhibitors or related payloads. They are focused on anti-CD39 antibodies.,False,The claims do not describe any bispecific or multispecific antibodies involving ROR1 or B7-H3.,False,"The patent claims are specific to anti-CD39 antibodies and do not involve ROR1, B7-H3, or topoisomerase I inhibitors, thus posing no competitive risk to the ADC program targeting these elements.",068-752-798-500-10X,
False,none,The claims focus exclusively on anti-CD40 antibodies and do not mention ROR1 or any related receptor tyrosine kinase characteristics.,False,none,"There is no mention of B7-H3, CD276, or any related B7 family member characteristics in the claims.",False,none,The claims do not reference any topoisomerase I inhibitors or related payloads.,False,The claims do not describe any bispecific or multispecific antibody constructs.,False,"The patent claims are specific to anti-CD40 antibodies and do not overlap with ROR1, B7-H3, or topoisomerase I inhibitor payloads, thus posing no competitive risk to the ADC program targeting these elements.",077-685-596-822-329,
False,none,The claims focus on DR4 targeting and do not mention ROR1 or any related characteristics.,False,none,"There is no mention of B7-H3, CD276, or related characteristics in the claims.",False,none,The claims do not mention any topoisomerase I inhibitors or related payloads.,False,The claims do not describe any bispecific or multispecific antibodies involving ROR1 or B7-H3.,False,"The patent claims are specific to DR4 targeting and do not involve ROR1, B7-H3, or topoisomerase I inhibitors, thus posing no competitive risk to the ADC program.",081-156-379-829-330,
False,none,The claims focus exclusively on BCMA-specific CARs and do not mention ROR1 or any related characteristics.,False,none,The claims are specific to BCMA and do not reference B7-H3 or any related features.,False,none,There is no mention of topoisomerase I inhibitors or related payloads in the claims.,False,The claims do not describe bispecific constructs involving ROR1 or B7-H3.,False,"The patent claims are specific to BCMA-targeting CARs and do not overlap with ROR1, B7-H3, or topoisomerase I inhibitor payloads.",083-986-615-850-98X,
False,none,"The claims focus on antibodies targeting CEACAM5, with no mention of ROR1 or related characteristics.",False,none,The claims are specific to CEACAM5 and do not mention B7-H3 or related features.,False,none,There is no mention of topoisomerase I inhibitors or related payloads in the claims.,False,The claims do not describe bispecific or multispecific antibodies.,False,"The patent claims are specific to CEACAM5-targeting antibodies and do not overlap with ROR1, B7-H3, or topoisomerase I inhibitor payloads.",072-708-491-618-935,
False,none,"The claims focus on antibodies targeting LGR5, with no mention of ROR1 or related characteristics.",False,none,"There is no mention of B7-H3, CD276, or related characteristics in the claims.",False,none,The claims do not mention any topoisomerase I inhibitors or related payloads.,False,The claims do not describe any bispecific or multispecific antibody constructs.,False,"The patent claims are specific to LGR5-targeting antibodies and do not overlap with ROR1, B7-H3, or topoisomerase I inhibitor payloads.",095-498-784-499-302,
False,none,"The claims focus on antibodies targeting the SMO protein, with no mention of ROR1 or related receptor tyrosine kinases.",False,none,"There is no mention of B7-H3, CD276, or related B7 family members in the claims, which are specific to SMO protein targeting.",False,none,The claims do not mention any topoisomerase I inhibitors or related payloads; they are focused on antibodies against SMO.,False,The claims do not describe any bispecific or multispecific antibody constructs.,False,"The patent claims are specific to antibodies targeting the SMO protein and do not involve ROR1, B7-H3, or topoisomerase I inhibitor payloads, indicating no competitive risk to the ADC program.",119-877-435-289-920,
False,none,The claims focus on an antibody-drug conjugate targeting tissue factor (TF) and do not mention ROR1 or any related characteristics.,False,none,The claims are specific to targeting tissue factor (TF) and do not mention B7-H3 or any related characteristics.,False,none,"The claims specify payloads such as maytansine derivatives and auristatins, but do not mention topoisomerase I inhibitors or related compounds.",False,The claims do not describe any bispecific or multispecific antibody constructs.,False,"The patent claims are specific to tissue factor-targeted ADCs with payloads unrelated to topoisomerase I inhibitors, and do not involve ROR1 or B7-H3 targets.",117-594-953-992-330,
False,none,"The claims focus on antibodies targeting the N-terminal domain of CXCR4, with no mention of ROR1 or related receptor characteristics.",False,none,"There is no mention of B7-H3, CD276, or any related characteristics in the claims. The focus is solely on CXCR4.",False,none,The claims do not mention any topoisomerase I inhibitors or related payloads. The focus is on RNA binding and modulation of CXCR4.,False,"The claims do not describe any bispecific or multispecific antibodies. The focus is on a single target, CXCR4.",False,"The patent claims are specific to CXCR4 targeting and do not overlap with ROR1, B7-H3, or topoisomerase I inhibitor payloads. Therefore, it poses no competitive risk to the ADC program targeting these elements.",125-318-275-601-212,
False,none,The claims focus on an anti-interleukin-6 receptor antibody formulation and do not mention ROR1 or any related characteristics.,False,none,"There is no mention of B7-H3, CD276, or related characteristics in the claims, which are specific to an anti-interleukin-6 receptor antibody formulation.",False,none,"The claims do not mention any topoisomerase I inhibitors or related payloads, focusing instead on an antibody formulation for interleukin-6 receptor.",False,The claims do not describe any bispecific or multispecific antibodies; they are specific to a single anti-interleukin-6 receptor antibody formulation.,False,"The patent claims are specific to an anti-interleukin-6 receptor antibody formulation and do not involve ROR1, B7-H3, or topoisomerase I inhibitor payloads, posing no competitive risk to the ADC program targeting these elements.",142-576-511-663-721,
False,none,"The claims do not mention ROR1 or any characteristics specifically associated with ROR1 targeting, such as Wnt5a signaling or expression in CLL or mantle cell lymphoma.",False,none,"The claims do not mention B7-H3 or CD276, nor do they describe characteristics specific to B7-H3 targeting.",False,none,The claims do not mention topoisomerase I inhibitors or any related payloads such as camptothecin derivatives.,False,The claims do not describe bispecific or multispecific antibodies targeting ROR1 or B7-H3.,False,"There is no indication in the claims of targeting ROR1, B7-H3, or using a topoisomerase I inhibitor payload. Therefore, this patent does not pose a competitive risk to the ADC program targeting these elements.",143-323-537-537-636,
False,none,The claims do not mention ROR1 or any related receptor tyrosine kinase characteristics. The focus is on specific polypeptides and antibodies unrelated to ROR1.,False,none,"There is no mention of B7-H3, CD276, or any related B7 family member characteristics in the claims. The claims focus on other specific antigens and proteins.",False,none,The claims do not mention any topoisomerase I inhibitors or related payloads. The focus is on antibodies and their binding to specific polypeptides.,False,The claims do not describe any bispecific or multispecific antibody constructs. The focus is on monoclonal or polyclonal antibodies targeting specific polypeptides.,False,"None of the claims relate to ROR1, B7-H3, or topoisomerase I inhibitor payloads. The patent does not pose a competitive risk to the specified ADC program.",143-561-537-942-432,
False,none,"The claims do not mention ROR1 or any characteristics associated with ROR1 targeting, such as involvement in Wnt5a signaling or expression in specific lymphomas.",True,high,"The claims explicitly describe a bispecific antibody with one arm binding to B7-H3, which is also known as CD276.",False,none,There is no mention of a topoisomerase I inhibitor or related payloads such as camptothecin derivatives in the claims.,True,"The claims describe a bispecific antibody targeting EGFR and B7-H3, meeting the criteria for a bispecific construct with one arm targeting B7-H3.",True,"The patent poses a competitive risk due to the high confidence B7-H3 targeting and the bispecific nature of the antibody, which aligns with the criteria for competitive risk assessment.",151-406-659-011-783,
False,none,The claims focus on an anti-Trop-2 monoclonal antibody and do not mention ROR1 or any characteristics associated with ROR1 targeting.,False,none,"There is no mention of B7-H3, CD276, or any related characteristics in the claims. The focus is on Trop-2 targeting.",False,none,The claims do not specify any topoisomerase I inhibitors or related payloads. The payload structure is not described in a way that suggests a topoisomerase I inhibitor.,False,The claims do not describe any bispecific or multispecific antibodies. They focus solely on Trop-2 targeting ADCs.,False,"The patent claims are specific to Trop-2 targeting ADCs and do not involve ROR1, B7-H3, or topoisomerase I inhibitors. Therefore, it does not pose a competitive risk to the specified ADC program.",146-847-880-737-009,
False,none,"The claims do not mention ROR1 or any characteristics specific to ROR1, such as involvement in Wnt5a signaling or expression in CLL.",False,none,"The claims do not mention B7-H3, CD276, or any specific characteristics of B7-H3. The focus is on dendritic cell and ICD markers.",False,none,There is no mention of topoisomerase I inhibitors or related payloads in the claims.,False,"While the claims describe bispecific antibodies, neither arm targets ROR1 or B7-H3.",False,"The patent does not pose a competitive risk to an ADC program targeting ROR1, B7-H3, or using a topoisomerase I inhibitor payload, as none of these elements are claimed.",155-486-273-651-938,
False,none,The claims focus on CD37-specific binding molecules and do not mention ROR1 or any related characteristics.,False,none,"There is no mention of B7-H3, CD276, or related characteristics in the claims.",False,none,The claims do not mention any topoisomerase I inhibitors or related payloads.,False,The claims do not describe any bispecific or multispecific antibodies.,False,"The patent claims are specific to CD37 and do not involve ROR1, B7-H3, or topoisomerase I inhibitors, thus posing no competitive risk to the ADC program targeting these elements.",154-806-588-901-720,
False,none,"The claims do not mention ROR1 or any specific characteristics associated with ROR1 targeting, such as Wnt5a signaling or expression in specific cancers.",False,none,"The claims do not mention B7-H3, CD276, or any specific characteristics associated with B7-H3 targeting, such as its expression profile or exclusion of other B7 family members.",False,none,The claims do not specify any topoisomerase I inhibitors or related payloads such as camptothecin derivatives or their mechanisms of action.,False,"The claims do not describe any bispecific or multispecific antibodies, nor do they mention any specific targeting of ROR1 or B7-H3.",False,"None of the claims indicate targeting of ROR1, B7-H3, or the use of a topoisomerase I inhibitor payload. Therefore, there is no competitive risk to the ADC program based on the evaluated criteria.",154-416-983-396-978,
False,none,"The claims do not mention ROR1 or any characteristics specific to ROR1 targeting, such as involvement in Wnt5a signaling or expression in CLL.",False,none,"The claims do not mention B7-H3, CD276, or any specific characteristics of B7-H3 targeting, such as its overexpression in certain tumors.",False,none,The claims focus on lipid nanoparticles containing mRNAs for immune-modulating polypeptides and do not mention topoisomerase I inhibitors or related payloads.,False,The claims do not describe any bispecific or multispecific antibody constructs.,False,"None of the criteria for ROR1, B7-H3, or topoisomerase I inhibitor payloads are met with medium or high confidence, and there are no bispecific constructs described.",158-206-927-719-330,
False,none,"The claims focus on antibodies targeting CD39, with no mention of ROR1 or related characteristics such as orphan receptor tyrosine kinases or Wnt5a signaling.",False,none,"There is no mention of B7-H3, CD276, or related characteristics in the claims. The focus is solely on CD39-targeting antibodies.",False,none,The claims do not mention any topoisomerase I inhibitors or related payloads. The focus is on antibody compositions targeting CD39.,False,The claims do not describe any bispecific or multispecific antibodies. They are focused on monospecific antibodies targeting CD39.,False,"The patent claims are specific to CD39-targeting antibodies and do not overlap with ROR1, B7-H3, or topoisomerase I inhibitor payloads. Therefore, it does not pose a competitive risk to the ADC program targeting these elements.",155-133-359-580-575,
False,none,"The claims focus on an anti-TIM-3 antibody and a demethylating agent, with no mention of ROR1 or related receptor characteristics.",False,none,"The claims do not mention B7-H3, CD276, or any related characteristics specific to B7-H3 targeting.",False,none,"There is no mention of topoisomerase I inhibitors or related payloads in the claims, which focus on a combination of an anti-TIM-3 antibody and a demethylating agent.",False,The claims do not describe any bispecific or multispecific antibody constructs.,False,"The patent claims are specific to an anti-TIM-3 antibody and a demethylating agent, with no overlap in targeting ROR1, B7-H3, or using a topoisomerase I inhibitor payload. Therefore, it poses no competitive risk to the ADC program targeting these elements.",177-929-887-170-547,
True,high,"The claims explicitly mention ROR1 as a tumor-associated antigen (TAA) for T-cell targeting, which directly supports ROR1 targeting.",False,none,"There is no mention of B7-H3 or CD276 in the claims, nor any description fitting the criteria for B7-H3 targeting.",False,none,"The claims do not mention any topoisomerase I inhibitors or related payloads, nor do they describe any camptothecin derivatives or similar structures.",False,The claims do not describe any bispecific or multispecific antibody constructs.,True,The high confidence in ROR1 targeting indicates a competitive risk to an ADC program targeting ROR1.,178-136-296-101-482,
False,none,"The claims do not mention ROR1, NTRKR1, or any specific characteristics of ROR1 such as involvement in Wnt5a signaling or expression in specific cancers. There is no indication of targeting ROR1 in the described compositions.",False,none,"The claims do not mention B7-H3, CD276, or any specific characteristics of B7-H3 such as its overexpression in certain cancers. There is no indication of targeting B7-H3 in the described compositions.",False,none,"The claims do not mention topoisomerase I inhibitors or any specific compounds like DXd, SN-38, or camptothecin derivatives. The focus is on immune modulation rather than cytotoxic payloads.",False,The claims do not describe any bispecific or multispecific antibody constructs. The focus is on compositions comprising multiple immune modulators.,False,"None of the claims indicate targeting ROR1, B7-H3, or using a topoisomerase I inhibitor payload. The patent focuses on immune modulation using a combination of agonists and antagonists, posing no direct competitive risk to the ADC program targeting these specific elements.",179-041-782-028-203,
False,none,"The claims do not mention ROR1, orphan receptor tyrosine kinases, or any related signaling pathways. There is no indication of targeting ROR1 in the claims.",False,none,"The claims do not mention B7-H3, CD276, or any related B7 family member characteristics. There is no indication of targeting B7-H3 in the claims.",False,none,The claims do not mention topoisomerase I inhibitors or any related payloads. There is no indication of using a topoisomerase I inhibitor payload in the claims.,False,The claims do not describe any bispecific or multispecific antibody constructs.,False,"None of the claims indicate targeting ROR1, B7-H3, or using a topoisomerase I inhibitor payload. Therefore, this patent does not pose a competitive risk to the ADC program targeting these elements.",191-936-659-431-752,
False,none,"The claims focus on antibodies targeting DLL4, with no mention of ROR1 or related receptor tyrosine kinases.",False,none,"There is no mention of B7-H3, CD276, or related B7 family members in the claims.",False,none,The claims do not mention any topoisomerase I inhibitors or related payloads.,False,"While there is mention of bispecific antibodies, none of the arms target ROR1 or B7-H3.",False,"The patent claims do not cover ROR1, B7-H3, or topoisomerase I inhibitor payloads, and thus do not pose a competitive risk to the ADC program targeting these elements.",181-077-656-157-799,
False,none,"The claims focus on a recombinant fusion protein targeting PD-1 and TGFβ, with no mention of ROR1 or related characteristics.",False,none,"The claims do not mention B7-H3, CD276, or any related characteristics specific to B7-H3 targeting.",False,none,There is no mention of topoisomerase I inhibitors or related payloads in the claims.,False,"The claims describe a fusion protein targeting PD-1 and TGFβ, not a bispecific antibody involving ROR1 or B7-H3.",False,"The patent claims do not cover ROR1, B7-H3, or topoisomerase I inhibitors, and there is no bispecific construct involving these targets. Therefore, it poses no competitive risk to the ADC program targeting these elements.",195-698-517-292-560,
False,none,"The claims focus exclusively on antibodies targeting P-cadherin, with no mention of ROR1 or related receptor tyrosine kinases.",False,none,"There is no mention of B7-H3, CD276, or related B7 family members in the claims, which are specific to P-cadherin.",False,none,The claims do not specify any topoisomerase I inhibitors or related payloads. The focus is on P-cadherin targeting ADCs with unspecified drug moieties.,False,The claims do not describe any bispecific or multispecific antibody constructs.,False,"The patent claims are specific to P-cadherin targeting ADCs and do not overlap with ROR1, B7-H3, or topoisomerase I inhibitor payloads. Therefore, it does not pose a competitive risk to the specified ADC program.",043-451-324-630-774,
False,none,"The claims do not mention ROR1, NTRKR1, or any specific characteristics of ROR1 such as Wnt5a signaling or expression patterns. There is no indication of targeting ROR1 in the described constructs.",False,none,"The claims do not mention B7-H3, CD276, or any specific characteristics of B7-H3 such as its expression profile or structural features. There is no indication of targeting B7-H3 in the described constructs.",False,none,"The claims do not mention any topoisomerase I inhibitors, such as DXd, SN-38, or camptothecin derivatives. There is no indication of a topoisomerase I inhibitor payload in the described constructs.",False,The claims describe multimerization and binding domains but do not specify bispecific or multispecific antibodies targeting ROR1 or B7-H3.,False,"None of the criteria for ROR1, B7-H3, or topoisomerase I inhibitor payloads are met with medium or high confidence. The patent does not pose a competitive risk to an ADC program targeting these elements.",063-661-008-848-975,
False,none,"The claims do not mention ROR1 or any characteristics specifically associated with ROR1 targeting, such as Wnt5a signaling or expression in CLL.",False,none,"The claims do not mention B7-H3, CD276, or any specific characteristics of B7-H3 targeting, such as being a 4Ig B7 family member.",False,none,The claims do not mention topoisomerase I inhibitors or any specific compounds or mechanisms associated with topoisomerase I inhibition.,False,The claims do not describe any bispecific or multispecific antibody constructs.,False,"None of the criteria for ROR1, B7-H3, or topoisomerase I inhibitor payloads are met with medium or high confidence, and there are no bispecific constructs described.",060-771-529-638-47X,
False,none,"The claims do not mention ROR1, orphan receptor tyrosine kinases, or any related signaling pathways or expression profiles.",False,none,"The claims do not mention B7-H3, CD276, or any related B7 family member characteristics.",False,none,The claims do not mention topoisomerase I inhibitors or any related compounds or mechanisms.,False,There are no claims describing bispecific or multispecific antibodies targeting ROR1 or B7-H3.,False,"The patent claims focus on matriptase inhibitors for orthomyxovirus infections and do not relate to ROR1, B7-H3, or topoisomerase I inhibitor payloads.",185-779-495-614-208,
False,none,"The claims do not mention ROR1 or any characteristics specifically associated with ROR1 targeting, such as Wnt5a signaling or expression in CLL or mantle cell lymphoma.",False,none,"The claims do not mention B7-H3, CD276, or any specific characteristics of B7-H3 targeting, such as being a 4Ig B7 family member or overexpression in specific cancers.",False,none,"The claims do not mention topoisomerase I inhibitors or any specific payloads like DXd, SN-38, or camptothecin derivatives. The focus is on thienoazepine derivatives, which are not related to topoisomerase I inhibition.",False,The claims do not describe any bispecific or multispecific antibody constructs.,False,"There is no indication of ROR1, B7-H3, or topoisomerase I inhibitor involvement in the claims, and no bispecific constructs are described. Therefore, the patent does not pose a competitive risk to the ADC program targeting these elements.",137-938-398-338-816,
False,none,"The claims do not mention ROR1 or any characteristics specific to ROR1, such as Wnt5a signaling or expression in CLL or mantle cell lymphoma.",False,none,"The claims do not mention B7-H3, CD276, or any specific characteristics of B7-H3, such as being a 4Ig B7 family member or overexpression in specific cancers.",False,none,The claims do not mention topoisomerase I inhibitors or any related compounds such as camptothecin derivatives.,False,"While the claims mention bispecific antibodies, there is no indication that one arm targets ROR1 or B7-H3.",False,"None of the claims indicate targeting of ROR1, B7-H3, or the use of a topoisomerase I inhibitor payload. Therefore, this patent does not pose a competitive risk to the ADC program targeting these elements.",020-481-822-828-428,
False,none,"The claims do not mention ROR1 or any characteristics specific to ROR1 targeting, such as Wnt5a signaling or expression in CLL.",False,none,"The claims do not mention B7-H3, CD276, or any specific characteristics of B7-H3 targeting.",False,none,The claims do not mention topoisomerase I inhibitors or any related compounds such as camptothecin derivatives.,False,There are no claims describing bispecific or multispecific antibodies targeting ROR1 or B7-H3.,False,"The patent claims focus on liposomal compositions of polyglutamated tetrahydrofolate without any mention of ROR1, B7-H3, or topoisomerase I inhibitors, indicating no competitive risk to the ADC program.",189-168-941-034-493,
False,none,"The claims do not mention ROR1 or any characteristics specific to ROR1 targeting, such as involvement in Wnt5a signaling or expression in CLL.",False,none,"The claims do not mention B7-H3 or any characteristics specific to B7-H3 targeting, such as being a 4Ig B7 family member or overexpression in specific cancers.",False,none,"The claims specify an eribulin payload, which is an anti-tubulin agent, not a topoisomerase I inhibitor. There is no mention of topoisomerase I inhibitors or related mechanisms.",False,The claims do not describe any bispecific or multispecific antibody constructs.,False,"The patent does not pose a competitive risk to an ADC program targeting ROR1, B7-H3, or using a topoisomerase I inhibitor payload, as none of these elements are claimed.",145-774-351-119-204,
False,none,The claims focus on anti-HER2 antibody-maytansine conjugates and do not mention ROR1 or any related characteristics.,False,none,"There is no mention of B7-H3, CD276, or related characteristics in the claims.",False,none,"The payload described in the claims is a maytansinoid, which is not a topoisomerase I inhibitor.",False,The claims do not describe any bispecific or multispecific antibody constructs.,False,"The patent does not pose a competitive risk to an ADC program targeting ROR1, B7-H3, or using a topoisomerase I inhibitor payload, as none of these elements are claimed.",013-436-312-510-659,
False,none,The claims focus on a humanized 4-1BB monoclonal antibody without any mention of ROR1 or related receptor tyrosine kinases.,False,none,"There is no mention of B7-H3, CD276, or any related B7 family members in the claims.",False,none,The claims do not mention any topoisomerase I inhibitors or related payloads.,False,"The claims describe a monoclonal antibody specific to 4-1BB, with no indication of bispecific or multispecific constructs involving ROR1 or B7-H3.",False,"The patent claims are specific to a 4-1BB monoclonal antibody and do not involve ROR1, B7-H3, or topoisomerase I inhibitors, thus posing no competitive risk to the ADC program targeting these elements.",004-593-772-475-682,
False,none,"The claims do not mention ROR1, orphan receptor tyrosine kinases, or any related characteristics that would suggest targeting ROR1.",False,none,"The claims do not mention B7-H3, CD276, or any related characteristics that would suggest targeting B7-H3.",False,none,The claims focus on benzodiazepine dimers and do not mention topoisomerase I inhibitors or related payloads such as camptothecin derivatives.,False,The claims do not describe bispecific or multispecific antibodies targeting ROR1 or B7-H3.,False,"There is no indication in the claims of targeting ROR1, B7-H3, or using a topoisomerase I inhibitor payload, thus posing no competitive risk to the ADC program.",023-979-145-438-63X,
False,none,The claims do not mention ROR1 or any related receptor tyrosine kinase characteristics. The focus is on a zinc phthalocyanine compound for photodynamic therapy.,False,none,"There is no mention of B7-H3, CD276, or any related immune checkpoint characteristics in the claims. The patent is centered on a photosensitizer compound.",False,none,The claims do not reference topoisomerase I inhibitors or any related payloads. The patent is focused on photodynamic therapy agents.,False,The claims do not describe any bispecific or multispecific antibody constructs. The patent is related to a photosensitizer compound.,False,"The patent does not pose a competitive risk to an ADC program targeting ROR1, B7-H3, or using a topoisomerase I inhibitor payload, as it focuses on a photodynamic therapy compound unrelated to these targets or payloads.",029-853-159-129-12X,
False,none,"The claims do not mention ROR1 or any characteristics associated with ROR1 targeting, such as orphan receptor tyrosine kinase involvement or specific expression patterns.",False,none,"There is no mention of B7-H3, CD276, or any related characteristics in the claims that would suggest targeting of B7-H3.",False,none,"The claims do not reference any topoisomerase I inhibitors or related payloads, such as camptothecin derivatives or specific DNA single-strand break mechanisms.",False,"The claims do not describe any bispecific or multispecific antibody constructs, nor do they involve ROR1 or B7-H3 targeting.",False,"None of the criteria for ROR1, B7-H3, or topoisomerase I inhibitor payloads are met with medium or high confidence, and there are no bispecific constructs involving these targets. Therefore, this patent does not pose a competitive risk to the ADC program.",019-530-268-412-216,
False,none,"The claims do not mention ROR1, orphan receptor tyrosine kinases, or any related signaling pathways or expression profiles.",False,none,"The claims do not mention B7-H3, CD276, or any related B7 family member descriptions that would suggest B7-H3 targeting.",False,none,"The claims do not mention topoisomerase I inhibitors, camptothecin derivatives, or any related structural or functional descriptions.",False,The claims do not describe any bispecific or multispecific antibody constructs.,False,"The patent claims focus on extracellular vesicles and do not address ROR1, B7-H3, or topoisomerase I inhibitor payloads, thus posing no competitive risk to the ADC program targeting these elements.",023-706-194-311-789,
False,none,"The claims focus on antibodies targeting IGF-1 and IGF-2, with no mention of ROR1 or related receptor tyrosine kinases.",False,none,"There is no mention of B7-H3, CD276, or any related B7 family members in the claims.",False,none,The claims do not mention topoisomerase I inhibitors or any related payloads.,False,The claims do not describe any bispecific or multispecific antibody constructs.,False,"The patent claims are specific to IGF-1 and IGF-2 targeting antibodies, with no relevance to ROR1, B7-H3, or topoisomerase I inhibitor payloads. Therefore, it poses no competitive risk to the ADC program targeting these elements.",015-624-905-585-972,
False,none,The claims do not mention ROR1 or any characteristics associated with ROR1 targeting. The focus is solely on B7-H3.,True,high,"The claims explicitly describe an anti-B7-H3 antibody-drug conjugate, specifying B7-H3 as the target. This is clearly supported by the detailed antibody sequences provided.",False,none,There is no mention of a topoisomerase I inhibitor or related compounds in the claims. The payload is not specified as a topoisomerase I inhibitor.,False,The claims do not describe any bispecific or multispecific antibody constructs.,True,The patent poses a competitive risk to a B7-H3 targeting ADC program due to the high confidence in B7-H3 targeting claims. There is no risk from ROR1 or topoisomerase I inhibitor payloads.,014-710-141-979-908,
False,none,"The claims do not mention ROR1 or any characteristics specific to ROR1 targeting, such as involvement in Wnt5a signaling or expression in CLL.",False,none,"The claims do not mention B7-H3, CD276, or any characteristics specific to B7-H3 targeting, such as being a 4Ig B7 family member.",False,none,"The claims do not mention any topoisomerase I inhibitors or related payloads, nor do they describe any camptothecin derivatives or similar structures.",False,The claims do not describe any bispecific or multispecific antibody constructs.,False,"None of the criteria for ROR1, B7-H3, or topoisomerase I inhibitor payloads are met, and there are no bispecific constructs described. Therefore, this patent does not pose a competitive risk to the ADC program targeting these elements.",012-975-326-120-359,
False,none,"The claims focus on bispecific antibodies targeting EGFR and cMET, with no mention of ROR1 or related characteristics.",False,none,"There is no mention of B7-H3, CD276, or related characteristics in the claims.",False,none,The claims do not mention any topoisomerase I inhibitors or related payloads.,False,"While the claims describe bispecific antibodies, neither arm targets ROR1 or B7-H3.",False,"The patent does not pose a competitive risk to an ADC program targeting ROR1, B7-H3, or using a topoisomerase I inhibitor payload, as none of these elements are addressed in the claims.",051-290-932-419-96X,
False,none,"The claims do not mention ROR1, orphan receptor tyrosine kinases, or any related signaling pathways or expression profiles.",False,none,"The claims do not mention B7-H3, CD276, or any related B7 family member descriptions that would suggest targeting B7-H3.",False,none,"The claims do not mention topoisomerase I inhibitors, camptothecin derivatives, or any related structural or functional descriptions.",False,The claims do not describe any bispecific or multispecific antibody constructs.,False,"None of the claims relate to ROR1, B7-H3, or topoisomerase I inhibitors, and there are no bispecific constructs described. Therefore, there is no competitive risk to the ADC program targeting these elements.",038-154-467-559-395,
False,none,"The claims do not mention ROR1 or any characteristics associated with ROR1 targeting, such as orphan receptor tyrosine kinase or Wnt5a signaling.",False,none,"There is no mention of B7-H3, CD276, or any related characteristics in the claims. The focus is on Glypican-1 related to esophageal cancer.",False,none,The claims do not reference any topoisomerase I inhibitors or related payloads. The focus is on Glypican-1 detection and suppression.,False,The claims do not describe any bispecific or multispecific antibody constructs.,False,"The patent does not pose a competitive risk to an ADC program targeting ROR1, B7-H3, or using a topoisomerase I inhibitor payload, as none of these elements are addressed in the claims.",046-489-392-597-753,
False,none,"The claims do not mention ROR1 or any characteristics specific to ROR1 targeting, such as involvement in Wnt5a signaling or expression in specific lymphomas.",False,none,"The claims do not mention B7-H3, CD276, or any specific characteristics of B7-H3 targeting. The focus is on IAP inhibitors and immune checkpoint inhibitors, not B7 family members.",False,none,There is no mention of topoisomerase I inhibitors or related payloads in the claims. The focus is on IAP inhibitors and immune checkpoint inhibitors.,False,The claims do not describe any bispecific or multispecific antibody constructs.,False,"None of the criteria for ROR1, B7-H3, or topoisomerase I inhibitor payloads are met with medium or high confidence. The patent focuses on combinations of IAP inhibitors and immune checkpoint inhibitors, posing no direct competitive risk to the ADC program.",062-858-822-003-304,
False,none,"The claims do not mention ROR1 or any characteristics specific to ROR1 targeting, such as involvement in Wnt5a signaling or expression in CLL.",False,none,"The claims do not mention B7-H3, CD276, or any characteristics specific to B7-H3 targeting, such as being a 4Ig B7 family member.",False,none,The claims do not mention any topoisomerase I inhibitors or related payloads such as camptothecin derivatives.,False,"While the claims mention bispecific antibodies, there is no indication that one arm targets ROR1 or B7-H3.",False,"None of the criteria for ROR1, B7-H3, or topoisomerase I inhibitor payloads are met with medium or high confidence, and there is no bispecific construct targeting these antigens.",048-193-685-886-161,
False,none,"The claims do not mention ROR1 or any characteristics specifically associated with ROR1 targeting, such as Wnt5a signaling or expression in CLL.",False,none,"There is no mention of B7-H3, CD276, or any specific characteristics of B7-H3 in the claims.",False,none,The claims do not specify any topoisomerase I inhibitors or related compounds such as camptothecin derivatives.,False,The claims do not describe any bispecific or multispecific antibody constructs.,False,"None of the criteria for ROR1, B7-H3, or topoisomerase I inhibitor payloads are met with medium or high confidence, and there are no bispecific constructs described.",071-105-024-684-221,
False,none,"The claims do not mention ROR1 or any characteristics specifically associated with ROR1 targeting, such as Wnt5a signaling or expression in specific cancers.",False,none,"There is no mention of B7-H3, CD276, or any specific characteristics of B7-H3 targeting in the claims.",False,none,"The claims do not specify any topoisomerase I inhibitors or related payloads, nor do they describe any camptothecin derivatives or similar structures.",False,"The claims do not describe any bispecific or multispecific antibody constructs, nor do they mention any specific targeting of ROR1 or B7-H3.",False,"None of the claims indicate targeting of ROR1, B7-H3, or the use of a topoisomerase I inhibitor payload. Therefore, there is no competitive risk to the ADC program based on the evaluated criteria.",069-132-162-751-72X,
False,none,"The claims do not mention ROR1 or any characteristics specific to ROR1, such as involvement in Wnt5a signaling or expression in CLL. The focus is on anti-DNA binding proteins, not receptor tyrosine kinases.",False,none,"There is no mention of B7-H3, CD276, or any related characteristics in the claims. The claims focus on DNA binding proteins, not immune checkpoint proteins.",False,none,"The claims do not specify any topoisomerase I inhibitors or related payloads. The focus is on binding proteins and their sequences, not on payloads or cytotoxic agents.",False,The claims do not describe bispecific or multispecific antibodies. They focus on single-chain and intact antibodies targeting DNA.,False,"None of the criteria for ROR1, B7-H3, or topoisomerase I inhibitor payloads are met with medium or high confidence. The claims focus on anti-DNA binding proteins, which do not overlap with the ADC program's targets.",064-168-355-572-157,
True,high,"The claims explicitly mention ROR1 as a target for the chimeric antigen receptor (CAR) or T cell receptor (TCR) in the genetically modified T cells, which directly supports ROR1 targeting.",True,high,"The claims explicitly list B7-H3 (CD276) as a potential target for the CAR or TCR in the genetically modified T cells, indicating direct targeting of B7-H3.",False,none,"There is no mention of topoisomerase I inhibitors or related payloads in the claims, nor any structural or functional descriptions that suggest such a payload.",False,The claims do not describe any bispecific or multispecific antibody constructs targeting ROR1 or B7-H3.,True,"The patent poses a competitive risk due to high confidence in both ROR1 and B7-H3 targeting, as explicitly claimed in the context of CAR or TCR-modified T cells.",086-963-939-591-029,
False,none,"The claims focus on vectors encoding prostate-associated antigens such as PSMA, PSA, and PSCA, with no mention of ROR1 or related receptor tyrosine kinases.",False,none,"There is no mention of B7-H3, CD276, or any related B7 family members in the claims. The focus is on prostate-associated antigens.",False,none,The claims do not mention any topoisomerase I inhibitors or related payloads. They are centered on genetic constructs for prostate cancer antigens.,False,The claims do not describe any bispecific or multispecific antibodies. They focus on vectors for expressing prostate-associated antigens.,False,"The patent claims do not cover ROR1, B7-H3, or topoisomerase I inhibitor payloads, nor do they describe bispecific constructs involving these targets. Therefore, it does not pose a competitive risk to the ADC program targeting these elements.",082-256-052-712-151,
False,none,The claims focus on an anti-FGFR4 antibody and do not mention ROR1 or any related characteristics or sequences.,False,none,"There is no mention of B7-H3, CD276, or any related characteristics in the claims.",False,none,The claims do not mention any topoisomerase I inhibitors or related payloads.,False,The claims do not describe any bispecific or multispecific antibodies.,False,"The patent claims are specific to an anti-FGFR4 antibody and a bile acid sequestrant, with no relevance to ROR1, B7-H3, or topoisomerase I inhibitor payloads.",091-755-010-125-98X,
False,none,The claims focus exclusively on an anti-HER2 antibody-drug conjugate and do not mention ROR1 or any related characteristics.,False,none,"There is no mention of B7-H3, CD276, or any related characteristics in the claims.",False,none,The claims specify an anti-HER2 ADC with a particular drug-linker but do not mention topoisomerase I inhibitors or related payloads.,False,The claims do not describe any bispecific or multispecific antibody constructs.,False,"The patent claims are specific to an anti-HER2 ADC and ATR inhibitor combination, with no relevance to ROR1, B7-H3, or topoisomerase I inhibitor payloads. Therefore, it poses no competitive risk to the ADC program targeting these elements.",095-931-191-218-08X,
False,none,The claims are specific to antibodies binding to CLDN18.2 and do not mention ROR1 or any characteristics associated with ROR1 targeting.,False,none,The claims focus on CLDN18.2 binding and do not mention B7-H3 or any related characteristics.,True,high,"The claims explicitly mention DNA topoisomerase inhibitors, including irinotecan, camptothecin, and other specific topoisomerase I inhibitors as potential payloads for the ADC.",False,There is no mention of bispecific or multispecific antibodies targeting ROR1 or B7-H3 in the claims.,True,The patent poses a competitive risk due to the high confidence in the use of topoisomerase I inhibitors as payloads in the ADCs described in the claims.,114-423-429-406-82X,
False,none,"The claims focus exclusively on antibodies targeting DR5, with no mention or implication of ROR1 or related characteristics.",False,none,The claims are specific to DR5 antibodies and do not mention B7-H3 or any related B7 family member characteristics.,False,none,"There is no mention of topoisomerase I inhibitors or related payloads in the claims, which focus solely on DR5 antibodies.",False,The claims do not describe any bispecific or multispecific antibody constructs.,False,"The patent claims are specific to DR5-targeting antibodies and do not overlap with ROR1, B7-H3, or topoisomerase I inhibitor payloads, indicating no competitive risk to the ADC program.",110-129-699-156-311,
False,none,"The claims focus exclusively on antibodies targeting Notch4, with no mention or implication of ROR1 or related characteristics.",False,none,"The claims are specific to Notch4 antibodies and do not mention B7-H3, CD276, or related characteristics.",False,none,There is no mention of topoisomerase I inhibitors or related payloads in the claims.,False,The claims do not describe any bispecific or multispecific antibody constructs.,False,"The patent claims are specific to Notch4 antibodies and do not overlap with ROR1, B7-H3, or topoisomerase I inhibitor payloads, indicating no competitive risk to the ADC program.",110-199-022-193-317,
True,high,"The claims explicitly mention an anti-ROR1 antibody or fragment binding to the antigen, which directly targets ROR1.",True,high,"The claims explicitly mention an anti-B7-H3 antibody or fragment binding to the antigen, which directly targets B7-H3.",True,high,"The claims describe ligand-drug conjugates involving camptothecin analogs, which are known topoisomerase I inhibitors.",False,The claims do not describe a bispecific or multispecific antibody construct.,True,"The patent poses a competitive risk due to high confidence in targeting both ROR1 and B7-H3, as well as utilizing a topoisomerase I inhibitor payload.",102-361-842-962-751,
False,none,"The claims focus exclusively on antibodies targeting CD38, with no mention or implication of ROR1 or related receptor tyrosine kinases.",False,none,"There is no mention of B7-H3, CD276, or any related B7 family members in the claims, which are specific to CD38.",False,none,The claims do not mention any topoisomerase I inhibitors or related payloads; they focus solely on CD38-targeting antibodies.,False,The claims do not describe any bispecific or multispecific antibody constructs; they are specific to CD38-targeting antibodies.,False,"The patent claims are specific to CD38-targeting antibodies and do not overlap with ROR1, B7-H3, or topoisomerase I inhibitor payloads, posing no competitive risk to the ADC program.",129-621-006-232-575,
False,none,The claims focus exclusively on anti-CTLA4 antibodies without any mention or implication of ROR1 or related receptor tyrosine kinases.,False,none,"There is no mention of B7-H3, CD276, or any related B7 family members in the claims. The focus is solely on CTLA4.",False,none,The claims do not mention any topoisomerase I inhibitors or related payloads. The focus is on antibodies targeting CTLA4.,False,The claims do not describe any bispecific or multispecific antibodies. They are focused on monospecific anti-CTLA4 antibodies.,False,"The patent claims are specific to anti-CTLA4 antibodies and do not cover ROR1, B7-H3, or topoisomerase I inhibitor payloads. Therefore, it poses no competitive risk to the ADC program targeting these elements.",116-389-367-289-002,
False,none,"The claims do not mention ROR1, NTRKR1, or any related receptor tyrosine kinase. There is no indication of targeting ROR1 in the described recombinant vaccinia viruses or their applications.",False,none,"The claims do not mention B7-H3, CD276, or any related B7 family member. There is no indication of targeting B7-H3 in the described recombinant vaccinia viruses or their applications.",False,none,"The claims do not mention topoisomerase I inhibitors or any specific compounds like DXd, SN-38, or camptothecin derivatives. The focus is on recombinant vaccinia viruses, not on ADC payloads.",False,The claims do not describe any bispecific or multispecific antibodies. The focus is on recombinant vaccinia viruses and their therapeutic applications.,False,"None of the criteria for ROR1, B7-H3, or topoisomerase I inhibitor payloads are met with medium or high confidence. The patent focuses on recombinant vaccinia viruses, which do not pose a competitive risk to the ADC program targeting ROR1, B7-H3, or using a topoisomerase I inhibitor payload.",114-995-160-978-748,
False,none,"The claims do not mention ROR1 or any characteristics specific to ROR1 targeting, such as involvement in Wnt5a signaling or expression in CLL.",False,none,"The claims do not mention B7-H3, CD276, or any characteristics specific to B7-H3 targeting, such as being a 4Ig B7 family member.",False,none,The claims do not specify a topoisomerase I inhibitor or any related compounds such as camptothecin derivatives.,False,The claims do not describe any bispecific or multispecific antibody constructs.,False,"None of the claims relate to ROR1, B7-H3, or a topoisomerase I inhibitor payload, thus posing no competitive risk to the ADC program targeting these elements.",146-914-358-024-070,
False,none,"The claims do not mention ROR1 or any characteristics specific to ROR1 targeting, such as involvement in Wnt5a signaling or expression in CLL.",False,none,"The claims do not mention B7-H3, CD276, or any specific characteristics of B7-H3 targeting, such as its expression profile in solid tumors.",False,none,The claims focus on lyophilized formulations of CD73 compounds and do not mention topoisomerase I inhibitors or related payloads.,False,There are no claims describing bispecific or multispecific antibodies targeting ROR1 or B7-H3.,False,"The patent claims do not cover ROR1, B7-H3, or topoisomerase I inhibitor payloads, and there are no bispecific constructs involving these targets. Therefore, it does not pose a competitive risk to the ADC program.",158-393-558-626-214,
False,none,"The claims do not mention ROR1, NTRKR1, or any specific characteristics of ROR1 such as involvement in Wnt5a signaling or expression in CLL. There is no indication of antibodies or targeting moieties specific to ROR1.",False,none,"The claims do not mention B7-H3, CD276, or any specific characteristics of B7-H3 such as being a 4Ig B7 family member. There is no indication of antibodies or targeting moieties specific to B7-H3.",False,none,"The claims do not explicitly mention topoisomerase I inhibitors, nor do they describe any payloads that are camptothecin derivatives or analogs. There is no structural description of a camptothecin-like lactone scaffold.",False,"The claims do not describe any bispecific or multispecific antibodies, nor do they mention any targeting moieties that would suggest a bispecific construct involving ROR1 or B7-H3.",False,"None of the criteria for ROR1, B7-H3, or topoisomerase I inhibitor payloads are met with medium or high confidence. There is no indication of bispecific constructs involving these targets. Therefore, the patent does not pose a competitive risk to the ADC program targeting these specific elements.",147-011-394-858-661,
False,none,"The claims do not mention ROR1 or any characteristics specific to ROR1 targeting, such as Wnt5a signaling or expression in CLL.",False,none,"There is no mention of B7-H3, CD276, or any specific characteristics of B7-H3 targeting in the claims.",True,medium,"Claim 13 includes camptothecin and camptothecin derivatives, which are known topoisomerase I inhibitors, indicating potential relevance to a topoisomerase I inhibitor payload.",False,The claims do not describe a bispecific or multispecific antibody construct targeting ROR1 or B7-H3.,True,The presence of camptothecin derivatives in the claims suggests potential competitive risk to a program using a topoisomerase I inhibitor payload.,152-426-966-069-752,
False,none,"The claims do not mention ROR1 or any characteristics specific to ROR1, such as involvement in Wnt5a signaling or expression in CLL. The focus is on STING activators and anti-Tregs agents.",False,none,"There is no mention of B7-H3, CD276, or any related characteristics in the claims. The claims are centered around STING activators and anti-Tregs agents.",False,none,The claims do not reference topoisomerase I inhibitors or any related compounds. The focus is on STING activators and anti-Tregs agents.,False,The claims do not describe any bispecific or multispecific antibodies. The focus is on combinations of STING activators and anti-Tregs agents.,False,"None of the criteria for ROR1, B7-H3, or topoisomerase I inhibitors are met in the claims. The patent does not pose a competitive risk to the ADC program targeting these elements.",157-016-175-753-216,
False,none,"The claims focus on antibodies targeting IL6, with no mention of ROR1 or related receptor characteristics.",False,none,"The claims do not mention B7-H3, CD276, or any related characteristics specific to B7-H3.",False,none,There is no mention of topoisomerase I inhibitors or related payloads in the claims.,False,The claims do not describe any bispecific or multispecific antibody constructs.,False,"The patent claims are specific to IL6-targeting antibodies and do not overlap with ROR1, B7-H3, or topoisomerase I inhibitor payloads.",187-401-907-564-728,
False,none,"The claims do not mention ROR1 or any characteristics specific to ROR1 targeting, such as Wnt5a signaling or expression in CLL. The focus is on immune checkpoint inhibitors and CpG motifs.",False,none,"There is no mention of B7-H3, CD276, or any related characteristics in the claims. The claims focus on immune checkpoint inhibitors like PD-L1 and CTLA-4.",False,none,The claims do not reference topoisomerase I inhibitors or any related compounds. The focus is on immunostimulatory oligonucleotides and immune checkpoint inhibitors.,False,The claims do not describe bispecific or multispecific antibodies. They focus on single immune checkpoint inhibitors linked to CpG motifs.,False,"None of the criteria for ROR1, B7-H3, or topoisomerase I inhibitor payloads are met with medium or high confidence. The patent does not pose a competitive risk to the ADC program targeting these elements.",170-282-014-960-030,
False,none,"The claims focus on antibodies targeting LAG3, with no mention of ROR1 or related receptor characteristics.",False,none,The claims are specific to LAG3 antibodies and do not mention B7-H3 or related characteristics.,False,none,There is no mention of topoisomerase I inhibitors or related payloads in the claims.,False,The claims do not describe bispecific or multispecific antibodies involving ROR1 or B7-H3.,False,"The patent claims are specific to LAG3 antibodies and do not overlap with ROR1, B7-H3, or topoisomerase I inhibitor payloads, posing no competitive risk to the ADC program.",169-276-468-893-518,
False,none,"The claims focus on antibodies targeting the ErbB3 receptor, with no mention of ROR1 or related characteristics.",False,none,The claims are specific to ErbB3 and do not mention B7-H3 or any related characteristics.,False,none,There is no mention of topoisomerase I inhibitors or related payloads in the claims.,False,The claims do not describe any bispecific or multispecific antibody constructs.,False,"The patent claims are specific to ErbB3-targeting antibodies and do not overlap with ROR1, B7-H3, or topoisomerase I inhibitor payloads.",193-136-124-195-607,
False,none,"The claims focus on bispecific antibodies targeting HER2, with no mention of ROR1 or related characteristics.",False,none,"There is no mention of B7-H3, CD276, or related characteristics in the claims.",False,none,The claims do not mention any topoisomerase I inhibitors or related payloads.,False,"While the claims describe bispecific antibodies, they are specific to HER2 and do not involve ROR1 or B7-H3.",False,"The patent does not pose a competitive risk to an ADC program targeting ROR1, B7-H3, or using a topoisomerase I inhibitor payload, as none of these elements are claimed.",188-685-397-186-993,
False,none,"The claims do not mention ROR1 or any characteristics specifically associated with ROR1 targeting, such as Wnt5a signaling or expression in CLL.",False,none,"The claims do not mention B7-H3, CD276, or any specific characteristics of B7-H3 targeting. The listed antigens do not include B7-H3.",False,none,"The claims specify a duocarmycin derivative as the payload, which is not a topoisomerase I inhibitor. There is no mention of camptothecin derivatives or topoisomerase I inhibition.",False,The claims do not describe any bispecific or multispecific antibody constructs.,False,"None of the criteria for ROR1, B7-H3, or topoisomerase I inhibitor payloads are met with medium or high confidence. The patent does not pose a competitive risk to the specified ADC program.",023-823-748-516-456,
False,none,"The claims do not mention ROR1 or any characteristics specific to ROR1 targeting, such as Wnt5a signaling or expression in CLL.",False,none,"The claims do not mention B7-H3, CD276, or any specific characteristics of B7-H3 targeting.",False,none,The claims do not specify a topoisomerase I inhibitor or any related compounds such as SN-38 or camptothecin derivatives.,False,There is no mention of bispecific or multispecific antibodies in the claims.,False,"None of the criteria for ROR1, B7-H3, or topoisomerase I inhibitor payloads are met with medium or high confidence, and there is no bispecific construct described.",002-174-227-201-556,
False,none,"The claims do not mention ROR1, orphan receptor tyrosine kinases, or any related characteristics. The focus is on a specific chemical compound without reference to ROR1 targeting.",False,none,"There is no mention of B7-H3, CD276, or any related B7 family member characteristics in the claims. The claims are centered on a specific chemical compound without reference to B7-H3 targeting.",False,none,The claims do not mention topoisomerase I inhibitors or any related compounds such as camptothecin derivatives. The focus is on a specific chemical compound unrelated to topoisomerase I inhibition.,False,The claims do not describe any bispecific or multispecific antibodies. They focus solely on a specific chemical compound.,False,"None of the criteria for ROR1, B7-H3, or topoisomerase I inhibitor payloads are met with medium or high confidence. The claims are specific to a chemical compound unrelated to the ADC program targets.",195-900-066-172-733,
False,none,"The claims do not mention ROR1 or any characteristics specifically associated with ROR1 targeting, such as Wnt5a signaling or expression in CLL.",True,high,"Claim 12 explicitly lists an anti-B7-H3 (CD276) antibody, indicating a high confidence in B7-H3 targeting.",True,high,"The claims specify a camptothecin drug, which is a known topoisomerase I inhibitor, providing high confidence in the use of a topoisomerase I inhibitor payload.",False,"While the claims mention bispecific antibodies, there is no indication that one arm targets ROR1 or B7-H3.",True,The patent poses a competitive risk due to high confidence in both B7-H3 targeting and the use of a topoisomerase I inhibitor payload.,160-036-141-399-120,
False,none,"The claims focus on antibodies targeting TIM3, with no mention of ROR1 or related characteristics.",False,none,The claims are specific to TIM3 and do not mention B7-H3 or related characteristics.,False,none,The claims do not specify a topoisomerase I inhibitor as a payload. The cytotoxic agents listed do not include any topoisomerase I inhibitors.,False,There are no claims describing bispecific or multispecific antibodies involving ROR1 or B7-H3.,False,"The patent claims are specific to TIM3-targeting antibodies and do not involve ROR1, B7-H3, or topoisomerase I inhibitors, thus posing no competitive risk to the ADC program targeting these elements.",053-066-299-458-037,
False,none,The claims focus on T-cell receptors targeting mutant RAS peptides and do not mention ROR1 or any related characteristics.,False,none,"There is no mention of B7-H3, CD276, or any related characteristics in the claims.",False,none,The claims do not mention topoisomerase I inhibitors or any related payloads.,False,The claims do not describe any bispecific or multispecific antibodies.,False,"The patent claims are specific to T-cell receptors targeting mutant RAS and do not overlap with ROR1, B7-H3, or topoisomerase I inhibitor payloads.",134-637-799-447-396,
False,none,"The claims do not mention ROR1, orphan receptor tyrosine kinases, or any related signaling pathways or expression profiles.",False,none,"The claims do not mention B7-H3, CD276, or any related B7 family member descriptions.",False,none,The claims do not mention topoisomerase I inhibitors or any related payloads such as camptothecin derivatives.,False,The claims do not describe any bispecific or multispecific antibody constructs.,False,"The patent claims focus on hetero-structured RNA and its use as an immune stimulant, with no relevance to ROR1, B7-H3, or topoisomerase I inhibitor payloads.",100-876-394-614-306,
False,none,"The claims focus on antibodies targeting clusterin, with no mention of ROR1 or related receptor tyrosine kinases.",False,none,"There is no mention of B7-H3, CD276, or related B7 family members in the claims.",False,none,The claims do not specify any topoisomerase I inhibitors or related payloads.,False,The claims do not describe any bispecific or multispecific antibody constructs.,False,"The patent claims are specific to anti-clusterin antibodies and do not overlap with ROR1, B7-H3, or topoisomerase I inhibitor payloads, indicating no competitive risk to the ADC program targeting these elements.",001-185-565-792-907,
False,none,"The claims do not mention ROR1 or any specific characteristics associated with ROR1 targeting, such as Wnt5a signaling or expression in specific lymphomas.",False,none,"The claims do not mention B7-H3, CD276, or any specific characteristics associated with B7-H3 targeting, such as overexpression in certain solid tumors.",False,none,The claims do not specify a topoisomerase I inhibitor or any related compounds such as camptothecin derivatives. The focus is on a generic toxin molecule for ADCs without specifying the type of cytotoxic payload.,False,There are no claims describing bispecific or multispecific antibodies targeting ROR1 or B7-H3.,False,"The patent does not pose a competitive risk to an ADC program targeting ROR1, B7-H3, or using a topoisomerase I inhibitor payload, as none of these elements are addressed in the claims.",022-939-359-330-779,
False,none,The claims do not mention ROR1 or any characteristics specific to ROR1 targeting antibodies.,False,none,"The claims do not mention B7-H3, CD276, or any characteristics specific to B7-H3 targeting antibodies.",False,none,The claims focus on duocarmycin payloads and do not mention topoisomerase I inhibitors or related compounds.,False,The claims do not describe bispecific or multispecific antibodies.,False,"There is no indication of ROR1, B7-H3, or topoisomerase I inhibitor involvement in the claims, thus posing no competitive risk to the specified ADC program.",021-152-591-233-775,
False,none,"The claims do not mention ROR1, orphan receptor tyrosine kinases, or any related signaling pathways or expression profiles.",False,none,"The claims do not mention B7-H3, CD276, or any related B7 family member characteristics.",False,none,The claims do not mention topoisomerase I inhibitors or any related compounds such as camptothecin derivatives.,False,The claims do not describe any bispecific or multispecific antibody constructs.,False,"None of the criteria for ROR1, B7-H3, or topoisomerase I inhibitor payloads are met, and there are no bispecific constructs described. Therefore, this patent does not pose a competitive risk to the ADC program targeting these elements.",022-533-525-137-65X,
False,none,"The claims do not mention ROR1, orphan receptor tyrosine kinases, or any specific characteristics associated with ROR1 targeting.",False,none,"The claims do not mention B7-H3, CD276, or any specific characteristics associated with B7-H3 targeting.",False,none,The claims focus on pyrrolobenzodiazepine dimers and do not mention topoisomerase I inhibitors or related payloads.,False,The claims do not describe bispecific or multispecific antibodies targeting ROR1 or B7-H3.,False,"There is no indication in the claims of targeting ROR1, B7-H3, or using a topoisomerase I inhibitor payload, thus posing no competitive risk to the ADC program.",036-118-368-354-000,
False,none,"The claims do not mention ROR1 or any specific characteristics associated with ROR1 targeting, such as Wnt5a signaling or expression in specific cancers.",False,none,"There is no mention of B7-H3, CD276, or any specific characteristics of B7-H3 targeting in the claims.",False,none,"The claims do not specify any topoisomerase I inhibitors or related structural descriptions. The focus is on enediyne compounds, which are not related to topoisomerase I inhibition.",False,The claims do not describe any bispecific or multispecific antibodies targeting ROR1 or B7-H3.,False,"None of the criteria for ROR1, B7-H3, or topoisomerase I inhibitor payloads are met with medium or high confidence. Therefore, this patent does not pose a competitive risk to the ADC program targeting these elements.",035-011-565-205-358,
False,none,"The claims do not mention ROR1 or any characteristics associated with ROR1 targeting, such as orphan receptor tyrosine kinase or Wnt5a signaling involvement.",False,none,"There is no mention of B7-H3, CD276, or any related characteristics in the claims. The focus is on Fc receptor binding antibodies, specifically anti-FcγRIIB.",False,none,The claims do not reference any topoisomerase I inhibitors or related payloads. The focus is on antibody formulations and administration routes.,False,The claims do not describe any bispecific or multispecific antibodies. They focus on single antibody formulations targeting FcγRIIB.,False,"None of the criteria for ROR1, B7-H3, or topoisomerase I inhibitor payloads are met with medium or high confidence. The patent focuses on Fc receptor binding antibodies, specifically anti-FcγRIIB, which does not overlap with the ADC program targets.",036-581-251-083-299,
False,none,"The claims do not mention ROR1 or any characteristics specific to ROR1 targeting, such as involvement in Wnt5a signaling or expression in CLL.",False,none,"There is no mention of B7-H3, CD276, or any specific characteristics of B7-H3 targeting in the claims.",False,none,The claims do not specify any topoisomerase I inhibitors or related payloads such as camptothecin derivatives.,False,The claims do not describe any bispecific or multispecific antibody constructs.,False,"None of the criteria for ROR1, B7-H3, or topoisomerase I inhibitor payloads are met with medium or high confidence, and there are no bispecific constructs described.",048-069-851-207-761,
False,none,"The claims do not mention ROR1 or any characteristics specific to ROR1 targeting. The focus is on a crystalline form of a specific compound, CFT7455, without reference to ROR1.",False,none,"There is no mention of B7-H3, CD276, or any related characteristics in the claims. The patent is centered on a crystalline compound and its therapeutic applications, not on B7-H3 targeting.",False,none,The claims do not reference topoisomerase I inhibitors or any related payloads. The patent is focused on a specific crystalline compound and its use in treating certain cancers.,False,The claims do not describe any bispecific or multispecific antibodies. The patent is focused on a crystalline form of a compound and its therapeutic applications.,False,"None of the criteria for ROR1, B7-H3, or topoisomerase I inhibitor payloads are met in the claims. The patent does not pose a competitive risk to an ADC program targeting these elements.",040-901-542-314-127,
False,none,"The claims do not mention ROR1 or any specific characteristics associated with ROR1 targeting, such as Wnt5a signaling or expression in specific cancers.",False,none,"The claims do not mention B7-H3, CD276, or any specific characteristics associated with B7-H3 targeting, such as overexpression in certain solid tumors.",False,none,The claims do not mention topoisomerase I inhibitors or any specific compounds or mechanisms associated with topoisomerase I inhibition.,False,There is no mention of bispecific or multispecific antibodies in the claims.,False,"None of the criteria for ROR1, B7-H3, or topoisomerase I inhibitor payloads are met with medium or high confidence, and there is no bispecific construct described. Therefore, the patent does not pose a competitive risk to the ADC program targeting these elements.",062-803-669-766-103,
False,none,The claims focus exclusively on anti-PD-L1 antibodies and do not mention ROR1 or any related characteristics.,False,none,"There is no mention of B7-H3, CD276, or any related characteristics in the claims, which are specific to PD-L1 antibodies.",False,none,The claims do not mention any topoisomerase I inhibitors or related payloads; they are focused on PD-L1 antibodies.,False,The claims do not describe any bispecific or multispecific antibodies; they are solely focused on anti-PD-L1 antibodies.,False,"The patent claims are specific to anti-PD-L1 antibodies and do not cover ROR1, B7-H3, or topoisomerase I inhibitor payloads, posing no competitive risk to the ADC program targeting these elements.",058-657-477-719-591,
False,none,"The claims do not mention ROR1 or any characteristics specific to ROR1, such as involvement in Wnt5a signaling or expression in CLL. The focus is on CDIM epitopes on B cells, unrelated to ROR1.",False,none,"There is no mention of B7-H3, CD276, or any related characteristics. The claims focus on CDIM epitopes and B cell targeting, which are not associated with B7-H3.",False,none,"The claims do not specify any topoisomerase I inhibitors or related payloads. The focus is on cell membrane wounding and antibody crosslinking, not on specific cytotoxic payloads.",False,"The claims do not describe bispecific or multispecific antibodies. The focus is on polyvalent agents and crosslinking, not bispecific constructs.",False,"None of the criteria for ROR1, B7-H3, or topoisomerase I inhibitor payloads are met with medium or high confidence. The claims focus on CDIM epitopes and B cell targeting, which do not pose a competitive risk to the specified ADC program.",075-047-140-468-57X,
False,none,The claims focus on a pharmaceutical composition comprising anti-CTLA4 and anti-PD1 antibodies for treating hepatocellular carcinoma. There is no mention of ROR1 or related characteristics in the claims.,False,none,"The claims do not mention B7-H3, CD276, or any related characteristics. The focus is on CTLA4 and PD1 antibodies, which are unrelated to B7-H3.",False,none,The claims do not specify any topoisomerase I inhibitors or related payloads. The mention of chemotherapeutic drugs does not include any specific topoisomerase I inhibitors.,False,"The claims describe a mixture of antibodies, not a bispecific or multispecific antibody construct. There is no indication of targeting ROR1 or B7-H3.",False,"None of the criteria for ROR1, B7-H3, or topoisomerase I inhibitor payloads are met with medium or high confidence. The patent does not pose a competitive risk to the ADC program targeting these elements.",068-993-390-628-756,
False,none,"The claims do not mention ROR1 or any characteristics specific to ROR1 targeting, such as involvement in Wnt5a signaling or expression in CLL.",False,none,"There is no mention of B7-H3, CD276, or any related characteristics in the claims. The focus is on DLK-1 targeting.",False,none,The claims do not specify any topoisomerase I inhibitors or related payloads. The focus is on lenvatinib and DLK-1 antibodies.,False,The claims do not describe any bispecific or multispecific antibodies involving ROR1 or B7-H3.,False,"The patent does not pose a competitive risk to an ADC program targeting ROR1, B7-H3, or using a topoisomerase I inhibitor payload, as none of these elements are claimed.",076-451-797-465-083,
False,none,"The claims do not mention ROR1 or any characteristics specific to ROR1, such as involvement in Wnt5a signaling or expression in CLL or mantle cell lymphoma.",True,high,"Claim 4 explicitly mentions B7-H3 as part of the costimulatory domain in the chimeric antigen receptor (CAR), indicating a specific targeting of B7-H3.",False,none,There is no mention of topoisomerase I inhibitors or related payloads such as camptothecin derivatives in the claims.,False,The claims do not describe any bispecific or multispecific antibody constructs.,True,The high confidence in B7-H3 targeting through the CAR construct poses a competitive risk to ADC programs targeting B7-H3.,079-331-652-614-431,
False,none,"The claims focus on antibodies targeting CD123, with no mention of ROR1 or related characteristics.",False,none,"There is no mention of B7-H3 or related characteristics in the claims, which are specific to CD123.",False,none,"The claims do not mention topoisomerase I inhibitors or related payloads, focusing instead on KSP inhibitors.",False,The claims do not describe bispecific or multispecific antibodies; they are specific to CD123 targeting.,False,"The patent claims are specific to CD123-targeting ADCs with KSP inhibitors, with no overlap with ROR1, B7-H3, or topoisomerase I inhibitor payloads.",076-998-018-196-97X,
False,none,"The claims focus on antibodies targeting Tie2, with no mention of ROR1 or related characteristics such as Wnt5a signaling or expression in specific lymphomas.",False,none,"There is no mention of B7-H3, CD276, or any related characteristics in the claims. The focus is solely on Tie2.",False,none,The claims do not mention any topoisomerase I inhibitors or related payloads. The focus is on antibodies against Tie2.,False,The claims do not describe any bispecific or multispecific antibodies. They are specific to Tie2 targeting.,False,"The patent does not pose a competitive risk to an ADC program targeting ROR1, B7-H3, or using a topoisomerase I inhibitor payload, as it is specific to Tie2 antibodies.",078-356-006-344-451,
False,none,"The claims focus on antibodies targeting human LAG-3, with no mention of ROR1 or related receptor tyrosine kinases.",False,none,"The claims are specific to antibodies binding to LAG-3, with no indication of targeting B7-H3 or related B7 family members.",False,none,There is no mention of topoisomerase I inhibitors or related payloads in the claims.,False,The claims do not describe bispecific or multispecific antibodies; they focus solely on LAG-3 targeting antibodies.,False,"The patent claims are specific to LAG-3 targeting antibodies and do not overlap with ROR1, B7-H3, or topoisomerase I inhibitor payloads, posing no competitive risk to the ADC program.",093-590-538-418-238,
False,none,The claims focus on antibodies targeting MMP-7 and do not mention ROR1 or any related characteristics.,False,none,"There is no mention of B7-H3, CD276, or related characteristics in the claims.",False,none,The claims do not mention topoisomerase I inhibitors or related payloads.,False,The claims do not describe any bispecific or multispecific antibody constructs.,False,"The patent claims are specific to MMP-7 targeting antibodies and do not overlap with ROR1, B7-H3, or topoisomerase I inhibitor payloads.",089-795-807-175-241,
False,none,"The claims do not mention ROR1, orphan receptor tyrosine kinases, or any specific characteristics associated with ROR1 targeting.",False,none,"The claims do not mention B7-H3, CD276, or any specific characteristics associated with B7-H3 targeting.",False,none,"The claims focus on pyrrolo[2,1-c][1,4]benzodiazepine (PBD) derivatives as cytotoxic agents, with no mention of topoisomerase I inhibitors or related compounds.",False,The claims do not describe bispecific or multispecific antibodies targeting ROR1 or B7-H3.,False,"None of the criteria for ROR1, B7-H3, or topoisomerase I inhibitor payloads are met with medium or high confidence, and there are no bispecific constructs described. Therefore, the patent does not pose a competitive risk to the ADC program targeting these elements.",097-125-793-743-929,
False,none,The claims focus on an anti-LSR antibody and do not mention ROR1 or any characteristics associated with ROR1 targeting.,False,none,"There is no mention of B7-H3, CD276, or any related characteristics in the claims. The focus is solely on LSR targeting.",False,none,The claims do not mention any topoisomerase I inhibitors or related payloads. The focus is on antibody targeting of LSR.,False,"While the claims mention various antibody formats, including bispecifics, there is no indication that any of these target ROR1 or B7-H3.",False,"The patent claims are specific to LSR targeting and do not overlap with ROR1, B7-H3, or topoisomerase I inhibitor payloads. Therefore, it does not pose a competitive risk to the ADC program targeting these elements.",100-516-873-280-80X,
False,none,The claims do not mention ROR1 or any characteristics specifically associated with ROR1 targeting.,True,high,"The claims explicitly mention an anti-B7-H3 (CD276) antibody, indicating a clear intent to target B7-H3.",True,high,"The claims describe a camptothecin derivative, which is a known topoisomerase I inhibitor, supporting high confidence in targeting topoisomerase I.",False,The claims do not describe a bispecific or multispecific antibody construct.,True,The patent poses a competitive risk due to high confidence in targeting both B7-H3 and using a topoisomerase I inhibitor payload.,106-886-654-548-227,
False,none,"The claims focus on mutated humanized 12G4 antibodies targeting the anti-Müllerian hormone type II receptor, with no mention of ROR1 or related characteristics.",False,none,"The claims do not mention B7-H3, CD276, or any related characteristics. The focus is solely on the anti-Müllerian hormone type II receptor.",False,none,There is no mention of topoisomerase I inhibitors or related payloads in the claims. The patent is focused on nucleic acids encoding specific antibody sequences.,False,The claims do not describe bispecific or multispecific antibodies. They are focused on mutated humanized 12G4 antibodies targeting a single receptor.,False,"The patent does not pose a competitive risk to an ADC program targeting ROR1, B7-H3, or using a topoisomerase I inhibitor payload, as it is focused on a different target and does not mention relevant payloads.",104-452-319-237-690,
False,none,"The claims do not mention ROR1 or any characteristics specific to ROR1, such as involvement in Wnt5a signaling or expression in CLL or mantle cell lymphoma.",False,none,"The claims do not mention B7-H3, CD276, or any specific characteristics of B7-H3, such as being a 4Ig B7 family member or overexpression in specific cancers.",False,none,"The claims do not mention any topoisomerase I inhibitors or related payloads, nor do they describe any camptothecin derivatives or similar structures.",False,"The claims do not describe any bispecific or multispecific antibodies, nor do they mention any constructs targeting ROR1 or B7-H3.",False,"None of the claims relate to ROR1, B7-H3, or topoisomerase I inhibitors, and there are no bispecific constructs described. Therefore, there is no competitive risk to the ADC program targeting these elements.",102-796-153-822-430,
False,none,The claims focus on HER binding peptides and do not mention ROR1 or any related characteristics.,False,none,"There is no mention of B7-H3, CD276, or related characteristics in the claims.",True,medium,"The claims include camptothecin, a known topoisomerase I inhibitor, as a potential small molecule drug in the complex.",False,The claims do not describe any bispecific or multispecific antibody constructs.,True,The presence of camptothecin in the claims as a payload provides medium confidence of competitive risk to a topoisomerase I inhibitor ADC program.,115-053-512-299-720,
False,none,"The claims do not mention ROR1 or any characteristics specific to ROR1, such as involvement in Wnt5a signaling or expression in CLL. The focus is on IL-8 targeting.",False,none,"There is no mention of B7-H3, CD276, or any related characteristics in the claims. The patent is centered on IL-8 targeting.",False,none,The claims do not reference any topoisomerase I inhibitors or related payloads. The focus is on IL-8 targeting antibodies.,False,The claims do not describe any bispecific or multispecific antibodies involving ROR1 or B7-H3.,False,"The patent does not pose a competitive risk to an ADC program targeting ROR1, B7-H3, or using a topoisomerase I inhibitor payload, as it focuses solely on IL-8 targeting.",134-925-094-221-916,
False,none,"The claims do not mention ROR1 or any characteristics specific to ROR1 targeting, such as Wnt5a signaling or expression in CLL.",False,none,"There is no mention of B7-H3, CD276, or any related characteristics in the claims. The focus is on PD1 and IL-17B inhibitors.",False,none,The claims do not mention topoisomerase I inhibitors or any related payloads. The focus is on immune checkpoint and cytokine inhibition.,False,The claims do not describe any bispecific or multispecific antibody constructs.,False,"The patent claims focus on PD1 and IL-17B inhibitors, with no mention of ROR1, B7-H3, or topoisomerase I inhibitors. Therefore, it does not pose a competitive risk to the ADC program targeting these elements.",137-340-950-812-694,
False,none,"The claims do not mention ROR1 or any characteristics specific to ROR1, such as involvement in Wnt5a signaling or expression in CLL or mantle cell lymphoma.",False,none,"The claims do not mention B7-H3, CD276, or any characteristics specific to B7-H3, such as being a 4Ig B7 family member or overexpression in specific cancers.",False,none,The claims do not mention any topoisomerase I inhibitors or related payloads such as camptothecin derivatives.,False,"While the claims describe a multi-specific binding protein, none of the binding sites target ROR1 or B7-H3.",False,"There is no competitive risk to an ADC program targeting ROR1, B7-H3, or using a topoisomerase I inhibitor payload, as none of these elements are claimed in the patent.",138-591-445-380-547,
False,none,"The claims focus on a bispecific antibody targeting EGFR and cMET, with no mention of ROR1 or related characteristics.",False,none,"There is no mention of B7-H3, CD276, or related characteristics in the claims.",False,none,The claims do not mention any topoisomerase I inhibitors or related payloads.,True,"The claims describe a bispecific antibody targeting EGFR and cMET, but neither target is ROR1 or B7-H3.",False,"The patent does not target ROR1, B7-H3, or involve a topoisomerase I inhibitor payload, and thus does not pose a competitive risk to the ADC program.",147-500-612-714-541,
False,none,The claims do not mention ROR1 or any related characteristics such as orphan receptor tyrosine kinase involvement in Wnt5a signaling or expression in specific cancers.,False,none,"There is no mention of B7-H3, CD276, or any related characteristics in the claims.",False,none,The claims do not mention any topoisomerase I inhibitors or related compounds such as camptothecin derivatives.,False,The claims do not describe any bispecific or multispecific antibodies targeting ROR1 or B7-H3.,False,"None of the criteria for ROR1, B7-H3, or topoisomerase I inhibitor payloads are met, and there are no bispecific constructs described. Therefore, this patent does not pose a competitive risk to the ADC program.",141-788-549-905-317,
False,none,The claims focus exclusively on an anti-Her3 antibody-drug conjugate with no mention or implication of ROR1 targeting.,False,none,The claims are specific to Her3 and do not mention B7-H3 or any related characteristics that would suggest B7-H3 targeting.,False,none,There is no mention of a topoisomerase I inhibitor or related payloads in the claims. The focus is on the structure and components of the Her3 ADC.,False,The claims do not describe a bispecific or multispecific antibody construct. They are specific to a Her3-targeting ADC.,False,"The patent claims are specific to Her3-targeting ADCs and do not overlap with ROR1, B7-H3, or topoisomerase I inhibitor payloads. Therefore, it does not pose a competitive risk to the specified ADC program.",148-592-025-870-547,
False,none,"The claims do not mention ROR1 or any characteristics specific to ROR1 targeting, such as Wnt5a signaling or expression in CLL.",False,none,"The claims do not mention B7-H3, CD276, or any specific characteristics of B7-H3 targeting.",False,none,The claims do not specify a topoisomerase I inhibitor or any related compounds like camptothecin derivatives.,False,The claims do not describe any bispecific or multispecific antibodies.,False,"None of the criteria for ROR1, B7-H3, or topoisomerase I inhibitor payloads are met with medium or high confidence, and no bispecific constructs are claimed.",171-026-605-189-800,
False,none,The claims focus on antibodies targeting CAPRIN-1 protein and do not mention ROR1 or any related characteristics.,False,none,"There is no mention of B7-H3, CD276, or related characteristics in the claims. The focus is on CAPRIN-1 protein.",False,none,The claims do not mention topoisomerase I inhibitors or related payloads. The focus is on a pyrimidine-based drug and carboplatin.,False,The claims do not describe any bispecific or multispecific antibody constructs.,False,"The patent claims are specific to CAPRIN-1 targeting antibodies combined with pyrimidine-based drugs and carboplatin, with no overlap with ROR1, B7-H3, or topoisomerase I inhibitor payloads.",177-443-600-519-992,
False,none,"The claims do not mention ROR1 or any characteristics specific to ROR1 targeting, such as Wnt5a signaling or expression in CLL.",False,none,"There is no mention of B7-H3, CD276, or any related characteristics in the claims.",False,none,The claims do not reference topoisomerase I inhibitors or any related payloads such as camptothecin derivatives.,False,The claims do not describe any bispecific or multispecific antibody constructs.,False,"None of the criteria for ROR1, B7-H3, or topoisomerase I inhibitor payloads are met with medium or high confidence, and there are no bispecific constructs described. Therefore, this patent does not pose a competitive risk to the ADC program.",180-237-658-882-955,
False,none,"The claims do not mention ROR1 or any characteristics associated with ROR1 targeting, such as involvement in Wnt5a signaling or expression in CLL.",False,none,"The claims do not mention B7-H3 or any related characteristics. The focus is on CD38 and BCMA, which are unrelated to B7-H3.",False,none,There is no mention of topoisomerase I inhibitors or related payloads in the claims. The focus is on bispecific antibodies and radioimmunotherapy.,False,"While the claims describe bispecific antibodies, neither arm targets ROR1 or B7-H3, which are the relevant targets for this analysis.",False,"The patent does not pose a competitive risk to an ADC program targeting ROR1, B7-H3, or using a topoisomerase I inhibitor payload, as none of these elements are addressed in the claims.",172-460-228-371-372,
False,none,"The claims focus on antibodies targeting BCMA, with no mention of ROR1 or related receptor characteristics.",False,none,The claims are specific to BCMA-targeting antibodies and do not mention B7-H3 or related characteristics.,False,none,There is no mention of topoisomerase I inhibitors or related payloads in the claims.,False,The claims do not describe any bispecific or multispecific antibodies involving ROR1 or B7-H3.,False,"The patent claims are specific to BCMA-targeting antibodies and do not involve ROR1, B7-H3, or topoisomerase I inhibitor payloads, posing no competitive risk to the ADC program targeting these elements.",187-856-240-555-25X,
False,none,The claims focus on antibodies targeting adrenomedullin (ADM) and do not mention ROR1 or any related receptor tyrosine kinase characteristics.,False,none,"There is no mention of B7-H3, CD276, or any related B7 family member in the claims. The focus is solely on adrenomedullin (ADM) targeting.",False,none,The claims do not mention any topoisomerase I inhibitors or related payloads. The focus is on antibodies against adrenomedullin (ADM).,False,The claims do not describe any bispecific or multispecific antibody constructs. They are specific to monoclonal antibodies targeting adrenomedullin (ADM).,False,"The patent claims are specific to antibodies targeting adrenomedullin (ADM) and do not involve ROR1, B7-H3, or topoisomerase I inhibitor payloads. Therefore, it poses no competitive risk to the ADC program targeting these elements.",186-468-829-330-917,
False,none,"The claims do not mention ROR1 or any characteristics associated with ROR1 targeting, such as involvement in Wnt5a signaling or expression in CLL.",False,none,"The claims specifically target B7-H4, not B7-H3. B7-H4 is a different protein and should not be confused with B7-H3.",True,high,"The claims explicitly mention a topoisomerase inhibitor as the cytotoxic agent in the ADC, which aligns with the criteria for a topoisomerase I inhibitor payload.",False,The claims do not describe a bispecific or multispecific antibody construct.,True,"The patent poses a competitive risk due to the high confidence in the use of a topoisomerase I inhibitor payload, despite not targeting ROR1 or B7-H3.",193-420-291-409-64X,
False,none,The claims focus on anti-FSTL1 antibodies and do not mention ROR1 or any related receptor tyrosine kinase characteristics.,False,none,"The claims do not specify B7-H3 or CD276. Although B7-H3 is mentioned in the context of combination therapies, it is not the target of the claimed antibodies.",False,low,The claims mention topoisomerase inhibitors in a broad context of chemotherapeutic agents but do not specify a topoisomerase I inhibitor payload in the context of an ADC.,False,The claims do not describe any bispecific or multispecific antibody constructs.,False,"The patent claims are focused on anti-FSTL1 antibodies and do not cover ROR1, B7-H3, or a topoisomerase I inhibitor payload with sufficient specificity to pose a competitive risk.",193-154-903-199-622,
False,none,"The claims do not mention ROR1 or any specific characteristics associated with ROR1 targeting, such as Wnt5a signaling or expression in specific cancers.",False,none,"The claims do not mention B7-H3, CD276, or any specific characteristics associated with B7-H3 targeting, such as its expression profile or exclusion of other B7 family members.",True,high,"Claim 15 explicitly lists SN-38, a known topoisomerase I inhibitor, as a potential payload, providing high confidence in the relevance to topoisomerase I inhibitor payloads.",False,The claims do not describe any bispecific or multispecific antibody constructs.,True,The presence of a high-confidence topoisomerase I inhibitor payload (SN-38) in the claims indicates competitive risk to ADC programs using similar payloads.,072-174-337-144-598,
False,none,"The claims do not mention ROR1 or any characteristics specific to ROR1, such as involvement in Wnt5a signaling or expression in CLL. The focus is on CAR constructs and immune-enhancing RNAs without specifying ROR1 as a target.",False,none,"There is no mention of B7-H3, CD276, or any specific characteristics of B7-H3 in the claims. The claims are centered around CAR constructs and immune-enhancing RNAs without specifying B7-H3 as a target.",False,none,"The claims do not mention topoisomerase I inhibitors or any related payloads. The focus is on nucleic acid molecules and CAR constructs, not on cytotoxic payloads.",False,The claims do not describe bispecific or multispecific antibodies. They focus on CAR constructs and immune-enhancing RNAs without indicating bispecific constructs.,False,"None of the criteria for ROR1, B7-H3, or topoisomerase I inhibitor payloads are met with medium or high confidence. The claims focus on CAR constructs and immune-enhancing RNAs, which do not overlap with the ADC program targeting ROR1, B7-H3, or topoisomerase I inhibitors.",145-757-231-215-15X,
False,none,"The claims focus on bispecific chimeric antigen receptors targeting GPRC5D and BCMA, with no mention of ROR1 or related receptor tyrosine kinases.",False,none,"There is no mention of B7-H3, CD276, or any related B7 family members in the claims. The focus is on GPRC5D and BCMA.",False,none,The claims do not mention any topoisomerase I inhibitors or related payloads. The focus is on CAR constructs and not ADCs.,False,"While the claims describe bispecific CARs, they do not target ROR1 or B7-H3, which are the relevant targets for this analysis.",False,"The patent does not pose a competitive risk to an ADC program targeting ROR1, B7-H3, or using a topoisomerase I inhibitor payload, as none of these elements are addressed in the claims.",059-611-824-925-537,
False,none,"The claims do not mention ROR1 or any characteristics specific to ROR1 targeting, such as involvement in Wnt5a signaling or expression in CLL.",False,none,"The claims do not mention B7-H3, CD276, or any specific characteristics of B7-H3 targeting.",False,none,The claims do not mention topoisomerase I inhibitors or any specific payloads related to topoisomerase I inhibition.,False,"While the claims mention bispecific antibodies, they are specific to CD38 and do not involve ROR1 or B7-H3.",False,"The patent claims are focused on combinations involving anti-CD38 agents and DHODH inhibitors, with no mention of ROR1, B7-H3, or topoisomerase I inhibitors, thus posing no competitive risk to the ADC program targeting these elements.",044-973-333-628-996,
False,none,"The claims do not mention ROR1 or any specific characteristics associated with ROR1 targeting, such as Wnt5a signaling or expression in specific cancers.",False,none,"The claims do not mention B7-H3, CD276, or any specific characteristics associated with B7-H3 targeting, such as overexpression in certain solid tumors.",True,high,"Claim 11 explicitly lists topotecan and camptothecin, which are known topoisomerase I inhibitors, as potential payloads for the conjugates.",False,The claims do not describe any bispecific or multispecific antibody constructs.,True,The patent poses a competitive risk due to the high confidence identification of topoisomerase I inhibitors as payloads in the claimed conjugates.,126-970-128-775-646,
False,none,"The claims do not mention ROR1 or any characteristics associated with ROR1 targeting, such as Wnt5a signaling or expression in specific cancers.",False,none,"The claims do not mention B7-H3, CD276, or any characteristics associated with B7-H3 targeting, such as overexpression in specific solid tumors.",False,none,The claims do not mention topoisomerase I inhibitors or any specific payloads like camptothecin derivatives or related compounds.,False,The claims do not describe any bispecific or multispecific antibody constructs.,False,"None of the claims relate to ROR1, B7-H3, or topoisomerase I inhibitors, and there are no bispecific constructs targeting these antigens. Therefore, this patent does not pose a competitive risk to the ADC program targeting these elements.",199-366-511-138-292,
False,none,"The claims do not mention ROR1 or any characteristics specific to ROR1 targeting, such as orphan receptor tyrosine kinase involvement or expression patterns.",False,none,"The claims do not mention B7-H3, CD276, or any specific characteristics of B7-H3 targeting, such as overexpression in specific cancers or being a 4Ig B7 family member.",False,none,The claims do not mention topoisomerase I inhibitors or any related payloads such as camptothecin derivatives or DNA single-strand break mechanisms.,False,The claims do not describe any bispecific or multispecific antibody constructs.,False,"None of the claims relate to ROR1, B7-H3, or topoisomerase I inhibitor payloads, and there are no bispecific constructs described. Therefore, there is no competitive risk to the ADC program targeting these elements.",196-962-670-036-746,
False,none,"The claims focus on a fusion protein targeting TIGIT and TGF-β, with no mention of ROR1 or related receptor characteristics.",False,none,"There is no mention of B7-H3, CD276, or related characteristics in the claims, which focus on TIGIT and TGF-β.",False,none,"The claims do not mention any topoisomerase I inhibitors or related payloads, focusing instead on a fusion protein with TIGIT and TGF-β binding.",False,"The claims describe a fusion protein with TIGIT and TGF-β binding, not a bispecific antibody targeting ROR1 or B7-H3.",False,"The patent claims do not cover ROR1, B7-H3, or topoisomerase I inhibitors, and thus do not pose a competitive risk to the ADC program targeting these elements.",076-011-319-154-134,
False,none,"The claims do not mention ROR1, orphan receptor tyrosine kinases, or any related signaling pathways or expression profiles that would suggest ROR1 targeting.",False,none,"The claims do not mention B7-H3, CD276, or any characteristics specific to B7-H3 targeting. There is no indication of targeting a 4Ig B7 family member or any related expression profiles.",False,none,The claims focus on gamma polyglutamated aminopterin compositions and do not mention topoisomerase I inhibitors or related payloads such as camptothecin derivatives.,False,"The claims do not describe any bispecific or multispecific antibody constructs, nor do they suggest targeting ROR1 or B7-H3.",False,"There is no indication from the claims that the patent poses a competitive risk to an ADC program targeting ROR1, B7-H3, or using a topoisomerase I inhibitor payload.",068-014-891-791-621,
False,none,"The claims do not mention ROR1 or any specific characteristics associated with ROR1 targeting, such as involvement in Wnt5a signaling or expression in specific cancers.",False,none,"The claims do not mention B7-H3, CD276, or any specific characteristics associated with B7-H3 targeting, such as overexpression in certain solid tumors.",False,none,The claims do not specify any topoisomerase I inhibitors or related compounds such as camptothecin derivatives. The focus is on peptidomimetic linkers and general drug moieties without specific mention of topoisomerase I inhibition.,False,The claims do not describe any bispecific or multispecific antibody constructs. The focus is on single antibody-drug conjugates.,False,"None of the criteria for ROR1, B7-H3, or topoisomerase I inhibitor payloads are met with medium or high confidence. The claims focus on peptidomimetic linkers and general ADC constructs without specific targeting or payload details relevant to the program.",004-128-372-550-256,
False,none,"The claims focus on antibodies targeting the OX40 receptor, with no mention of ROR1 or related characteristics.",False,none,"There is no mention of B7-H3, CD276, or related characteristics in the claims, which are specific to OX40.",False,none,The claims do not mention any topoisomerase I inhibitors or related payloads; they focus on OX40 antibodies.,False,The claims do not describe any bispecific or multispecific antibodies involving ROR1 or B7-H3.,False,"The patent claims are specific to OX40 antibodies and do not involve ROR1, B7-H3, or topoisomerase I inhibitors, posing no competitive risk to the ADC program targeting these elements.",007-875-447-103-193,
False,none,"The claims do not mention ROR1 or any specific characteristics associated with ROR1 targeting, such as Wnt5a signaling or expression in CLL.",False,none,"The claims do not mention B7-H3, CD276, or any specific characteristics associated with B7-H3 targeting, such as being a 4Ig B7 family member.",True,high,"The claims explicitly list camptothecin and topoisomerase inhibitor RFS 2000 as potential payloads, which are known topoisomerase I inhibitors.",False,The claims do not describe any bispecific or multispecific antibody constructs.,True,"The patent poses a competitive risk due to the high confidence identification of topoisomerase I inhibitor payloads, which are relevant to the ADC program.",013-716-093-661-09X,
False,none,"The claims focus on compounds inhibiting EGFR-HSP90 interactions, with no mention of ROR1 or related characteristics.",False,none,"There is no mention of B7-H3, CD276, or related characteristics in the claims.",False,none,The claims do not mention topoisomerase I inhibitors or related payloads.,False,The claims do not describe any bispecific or multispecific antibody constructs.,False,"The patent claims do not cover ROR1, B7-H3, or topoisomerase I inhibitors, and there are no bispecific constructs relevant to these targets.",022-873-617-525-132,
False,none,"The claims do not mention ROR1, orphan receptor tyrosine kinases, or any related signaling pathways. The focus is on detecting ferroptosis using anti-TfR1 antibodies.",False,none,"There is no mention of B7-H3, CD276, or any related B7 family member in the claims. The patent is centered on ferroptosis detection and treatment using anti-TfR1 antibodies.",False,none,The claims do not reference topoisomerase I inhibitors or any related payloads. The focus is on ferroptosis and anti-TfR1 antibodies.,False,The claims do not describe any bispecific or multispecific antibody constructs. The patent is focused on monoclonal antibodies targeting TfR1.,False,"The patent does not pose a competitive risk to an ADC program targeting ROR1, B7-H3, or using a topoisomerase I inhibitor payload, as it is focused on ferroptosis detection and treatment using anti-TfR1 antibodies.",018-880-642-189-768,
False,none,"The claims do not mention ROR1 or any characteristics specific to ROR1 targeting, such as Wnt5a signaling or expression in CLL.",False,none,"There is no mention of B7-H3, CD276, or any related characteristics in the claims.",False,none,The claims focus on antifolate agents and do not mention topoisomerase I inhibitors or related compounds.,False,The claims do not describe any bispecific or multispecific antibody constructs.,False,"None of the criteria for ROR1, B7-H3, or topoisomerase I inhibitor payloads are met, and there are no bispecific constructs described. Therefore, this patent does not pose a competitive risk to the ADC program.",026-681-270-787-908,
False,none,"The claims do not mention ROR1, NTRKR1, or any related receptor tyrosine kinase. There is no indication of targeting ROR1 or related pathways.",False,none,"The claims do not mention B7-H3, CD276, or any related B7 family member. There is no indication of targeting B7-H3 or related pathways.",False,none,The claims do not mention topoisomerase I inhibitors or any related compounds such as camptothecin derivatives. The focus is on E-selectin antagonists and hematopoietic mobilizers.,False,There are no claims describing bispecific or multispecific antibodies targeting ROR1 or B7-H3.,False,"The patent does not claim any technology related to ROR1, B7-H3, or topoisomerase I inhibitors. It focuses on compositions for hematopoietic enhancement and immunocompromised conditions, posing no competitive risk to the ADC program.",027-479-703-653-962,
False,none,The claims focus exclusively on CD22 targeting with no mention of ROR1 or related characteristics.,False,none,"There is no mention of B7-H3, CD276, or related characteristics in the claims.",False,none,The claims do not mention any topoisomerase I inhibitors or related payloads.,False,The claims describe a CAR T cell specific for CD22 without any bispecific or multispecific constructs involving ROR1 or B7-H3.,False,"The patent claims are specific to CD22 CAR T cells and do not involve ROR1, B7-H3, or topoisomerase I inhibitors, thus posing no competitive risk to the ADC program targeting these elements.",036-771-262-213-199,
False,none,"The claims focus on an ADC targeting CD179a, with no mention of ROR1 or related characteristics.",False,none,"There is no mention of B7-H3, CD276, or related characteristics in the claims.",False,none,"The claims specify calicheamicin as the payload, which is not a topoisomerase I inhibitor.",False,The claims do not describe any bispecific or multispecific antibody constructs.,False,"The patent does not target ROR1, B7-H3, or use a topoisomerase I inhibitor payload, thus posing no competitive risk to the ADC program in question.",043-326-097-138-233,
False,none,"The claims do not mention ROR1 or any characteristics specific to ROR1 targeting, such as Wnt5a signaling or expression in CLL.",False,none,"The claims do not mention B7-H3, CD276, or any specific characteristics of B7-H3 targeting.",False,none,The claims do not mention topoisomerase I inhibitors or any related compounds such as camptothecin derivatives.,False,The claims do not describe any bispecific or multispecific antibodies targeting ROR1 or B7-H3.,False,"None of the claims relate to ROR1, B7-H3, or topoisomerase I inhibitors, and there are no bispecific constructs involving these targets. Therefore, this patent does not pose a competitive risk to the ADC program.",060-462-010-132-158,
False,none,The claims focus on a monoclonal antibody against PD-1 and do not mention ROR1 or any related characteristics.,False,none,The claims are specific to PD-1 and do not reference B7-H3 or any related B7 family member characteristics.,False,none,There is no mention of a topoisomerase I inhibitor or related payloads in the claims.,False,The claims do not describe any bispecific or multispecific antibody constructs.,False,"The patent claims are specific to PD-1 antibodies and do not overlap with ROR1, B7-H3, or topoisomerase I inhibitor payloads, indicating no competitive risk to the ADC program.",063-490-212-072-47X,
False,none,"The claims do not mention ROR1 or any characteristics associated with ROR1 targeting, such as Wnt5a signaling or expression in specific lymphomas.",False,none,"The claims do not mention B7-H3, CD276, or any characteristics specific to B7-H3 targeting.",True,high,"The claims explicitly mention irinotecan, a known topoisomerase I inhibitor, as part of the pharmaceutical composition.",False,"The claims describe multispecific antibodies targeting CD47 and EpCAM, but do not involve ROR1 or B7-H3.",True,"The patent poses a competitive risk due to the high confidence in the use of a topoisomerase I inhibitor payload, specifically irinotecan, which is relevant to the ADC program.",070-511-529-653-698,
False,none,"The claims do not mention ROR1 or any characteristics associated with ROR1 targeting, such as orphan receptor tyrosine kinase or Wnt5a signaling involvement.",False,none,"The claims do not mention B7-H3, CD276, or any characteristics associated with B7-H3 targeting, such as being a 4Ig B7 family member or overexpression in specific cancers.",False,none,"The claims specify cytotoxic agents like doxorubicin, auristatin, maytansinoid, and neocarzinostatin, but do not mention topoisomerase I inhibitors or related compounds.",False,The claims do not describe any bispecific or multispecific antibody constructs.,False,"None of the claims relate to ROR1, B7-H3, or topoisomerase I inhibitor payloads, and there are no bispecific constructs involving these targets. Therefore, the patent does not pose a competitive risk to the ADC program targeting these elements.",066-622-754-014-515,
False,none,The claims focus on anti-CD74 antibody-drug conjugates and do not mention ROR1 or any characteristics associated with ROR1 targeting.,False,none,The claims are specific to anti-CD74 antibody-drug conjugates and do not mention B7-H3 or any related characteristics.,False,none,"The claims specify an Mcl-1 inhibitor as the payload, with no mention of topoisomerase I inhibitors or related compounds.",False,The claims do not describe any bispecific or multispecific antibody constructs.,False,"The patent claims are specific to anti-CD74 ADCs with Mcl-1 inhibitor payloads, which do not overlap with ROR1, B7-H3, or topoisomerase I inhibitor ADC programs.",079-454-696-030-702,
False,none,"The claims do not mention ROR1 or any characteristics specific to ROR1 targeting, such as Wnt5a signaling or expression in CLL.",False,none,"The claims do not mention B7-H3, CD276, or any characteristics specific to B7-H3 targeting, such as overexpression in solid tumors.",False,none,"The claims do not mention any topoisomerase I inhibitors or related payloads, such as camptothecin derivatives.",False,"The claims describe multispecific Fab fusion proteins targeting CD3 and EpCAM, but do not involve ROR1 or B7-H3.",False,"There is no competitive risk to an ADC program targeting ROR1, B7-H3, or using a topoisomerase I inhibitor payload, as none of these elements are claimed.",082-900-633-820-93X,
False,none,"The claims do not mention ROR1 or any characteristics associated with ROR1 targeting, such as orphan receptor tyrosine kinase or Wnt5a signaling.",False,none,"The claims focus on antibodies targeting PD-L1 and TIM-3, with no mention of B7-H3 or related characteristics.",False,none,There is no mention of topoisomerase I inhibitors or related payloads in the claims.,False,"The claims describe bispecific antibodies targeting PD-L1 and TIM-3, but neither target is ROR1 or B7-H3.",False,"The patent does not claim any targets or payloads relevant to the ADC program focused on ROR1, B7-H3, or topoisomerase I inhibitors.",080-056-074-216-918,
False,none,The claims focus on CD19-specific chimeric antigen receptors and do not mention ROR1 or any related characteristics.,False,none,"There is no mention of B7-H3, CD276, or any related characteristics in the claims.",False,none,The claims do not reference any topoisomerase I inhibitors or related payloads.,False,The claims do not describe any bispecific or multispecific constructs involving ROR1 or B7-H3.,False,"The patent claims are specific to CD19 CARs and do not involve ROR1, B7-H3, or topoisomerase I inhibitors, thus posing no competitive risk to the ADC program targeting these elements.",102-249-358-278-384,
False,none,"The claims do not mention ROR1 or any characteristics specifically associated with ROR1 targeting, such as involvement in Wnt5a signaling or expression in CLL.",True,high,"The claims explicitly mention an anti-B7H3 antibody, which directly targets B7-H3, also known as CD276.",False,none,The claims do not specify a topoisomerase I inhibitor or any related compounds such as camptothecin derivatives.,False,The claims do not describe a bispecific or multispecific antibody construct.,True,"The patent poses a competitive risk due to the high confidence B7-H3 targeting, which is relevant to the ADC program targeting B7-H3.",087-589-297-730-734,
False,none,"The claims do not mention ROR1, orphan receptor tyrosine kinases, or any related signaling pathways or expression profiles.",False,none,"The claims do not mention B7-H3, CD276, or any related B7 family member descriptions.",False,none,The claims do not mention topoisomerase I inhibitors or any related payloads such as camptothecin derivatives.,False,The claims do not describe any bispecific or multispecific antibody constructs.,False,"The claims focus on mRNA compositions for HPV-related antigens and immunomodulatory agents, with no relevance to ROR1, B7-H3, or topoisomerase I inhibitor payloads.",088-194-898-651-628,
False,none,"The claims focus on antibodies targeting MFAP5, with no mention of ROR1 or related receptor tyrosine kinases.",False,none,"There is no mention of B7-H3, CD276, or related B7 family members in the claims.",False,none,The claims do not specify any topoisomerase I inhibitors or related payloads.,False,The claims do not describe any bispecific or multispecific antibody constructs.,False,"The patent claims are specific to MFAP5-targeting antibodies and do not overlap with ROR1, B7-H3, or topoisomerase I inhibitor payloads.",093-122-002-027-397,
False,none,"The claims focus on antibodies targeting DKK1 and DKK4, with no mention of ROR1 or related receptor tyrosine kinases.",False,none,"There is no mention of B7-H3, CD276, or related B7 family members in the claims.",True,medium,"Claim 50 mentions the use of a topoisomerase I inhibitor as a pharmaceutically active agent in combination with the claimed antibodies, indicating potential use of such payloads.",False,The claims do not describe any bispecific or multispecific antibody constructs.,True,The mention of topoisomerase I inhibitors in combination with the claimed antibodies suggests potential competitive risk to ADC programs using similar payloads.,120-636-842-163-282,
False,none,The claims focus on an anti-VEGF antibody formulation and do not mention ROR1 or any characteristics associated with ROR1 targeting.,False,none,"There is no mention of B7-H3, CD276, or any related characteristics in the claims. The focus is solely on VEGF targeting.",False,none,The claims do not mention any topoisomerase I inhibitors or related payloads. The focus is on antibody formulation components.,False,The claims do not describe any bispecific or multispecific antibody constructs.,False,"The patent claims are specific to an anti-VEGF antibody formulation and do not relate to ROR1, B7-H3, or topoisomerase I inhibitor payloads. Therefore, it poses no competitive risk to the ADC program targeting these elements.",133-425-433-789-112,
False,none,The claims focus on a CEA CD3 bispecific antibody and do not mention ROR1 or any characteristics associated with ROR1 targeting.,False,none,"There is no mention of B7-H3, CD276, or any related characteristics in the claims. The focus is on CEA and CD3 targets.",False,none,The claims do not mention any topoisomerase I inhibitors or related payloads. The focus is on a bispecific antibody and TGFβ signaling inhibitors.,False,"While the claims describe a bispecific antibody, neither arm targets ROR1 or B7-H3, which are the relevant targets for this analysis.",False,"The patent does not pose a competitive risk to an ADC program targeting ROR1, B7-H3, or using a topoisomerase I inhibitor payload, as none of these elements are addressed in the claims.",116-012-527-097-510,
False,none,"The claims focus exclusively on antibodies targeting CD138, with no mention or implication of ROR1 or related characteristics.",False,none,"There is no mention of B7-H3, CD276, or related characteristics in the claims, which are specific to CD138.",False,none,"The claims do not specify any payload, let alone a topoisomerase I inhibitor. They focus on the antibody structure and binding to CD138.",False,The claims do not describe any bispecific or multispecific constructs involving ROR1 or B7-H3.,False,"The patent claims are specific to CD138-targeting antibodies and do not involve ROR1, B7-H3, or topoisomerase I inhibitors, posing no competitive risk to the ADC program targeting these elements.",113-836-749-519-179,
False,none,The claims focus on antibodies targeting galectin-9 and do not mention ROR1 or any related characteristics such as orphan receptor tyrosine kinases or Wnt5a signaling.,False,none,"There is no mention of B7-H3, CD276, or any related B7 family member characteristics in the claims. The focus is solely on galectin-9.",False,none,The claims do not mention any topoisomerase I inhibitors or related payloads. The focus is on immune modulation using anti-galectin-9 antibodies.,False,The claims do not describe any bispecific or multispecific antibody constructs. The focus is on monospecific antibodies targeting galectin-9.,False,"The patent claims are specific to anti-galectin-9 antibodies and do not overlap with ROR1, B7-H3, or topoisomerase I inhibitor payloads. Therefore, it poses no competitive risk to the ADC program targeting these elements.",124-324-584-747-818,
False,none,"The claims do not mention ROR1, orphan receptor tyrosine kinases, or any related signaling pathways or expression profiles.",False,none,"The claims do not mention B7-H3, CD276, or any related B7 family member descriptions that would suggest B7-H3 targeting.",False,none,"The claims do not mention topoisomerase I inhibitors, camptothecin derivatives, or any related structural or functional descriptions.",False,The claims do not describe any bispecific or multispecific antibody constructs.,False,"None of the claims relate to ROR1, B7-H3, or topoisomerase I inhibitors, and there are no bispecific constructs described. Therefore, there is no competitive risk to the ADC program targeting these elements.",124-879-520-033-663,
False,none,"The claims focus on antibodies targeting MICA, with no mention of ROR1 or related receptor tyrosine kinases.",False,none,The claims are specific to antibodies binding MICA and do not mention B7-H3 or related B7 family members.,False,none,There is no mention of topoisomerase I inhibitors or related payloads in the claims.,False,The claims do not describe bispecific or multispecific antibodies involving ROR1 or B7-H3.,False,"The patent claims are specific to MICA-targeting antibodies and do not involve ROR1, B7-H3, or topoisomerase I inhibitor payloads, posing no competitive risk to the ADC program.",127-993-738-879-715,
False,none,"The claims focus on polynucleotides encoding bispecific antibodies targeting VEGF and DLL4, with no mention of ROR1 or related characteristics.",False,none,"The claims do not mention B7-H3, CD276, or any related characteristics. The focus is on VEGF and DLL4 binding agents.",False,none,There is no mention of topoisomerase I inhibitors or related payloads in the claims.,True,"The claims describe bispecific antibodies targeting VEGF and DLL4, but neither target is ROR1 or B7-H3.",False,"The patent does not pose a competitive risk to an ADC program targeting ROR1, B7-H3, or using a topoisomerase I inhibitor payload, as it focuses on VEGF and DLL4 bispecific antibodies.",140-685-238-160-671,
False,none,"The claims focus on nucleic acid sequences encoding antibodies targeting IL-6 and CD126, with no mention of ROR1 or related characteristics.",False,none,"The claims do not mention B7-H3, CD276, or any related characteristics. They are specific to IL-6 and CD126 targets.",False,none,There is no mention of topoisomerase I inhibitors or related payloads in the claims.,False,The claims do not describe bispecific or multispecific antibodies involving ROR1 or B7-H3.,False,"The patent claims are specific to IL-6 and CD126 targeting antibodies, with no overlap with ROR1, B7-H3, or topoisomerase I inhibitor payloads.",147-181-312-986-662,
False,none,"The claims do not mention ROR1 or any characteristics specific to ROR1 targeting, such as Wnt5a signaling or expression in CLL.",False,none,"There is no mention of B7-H3, CD276, or any related characteristics in the claims.",True,high,"Claim 2 explicitly lists camptothecin, a known topoisomerase I inhibitor, as an antineoplastic agent, supporting high confidence for topoisomerase I inhibitor payload relevance.",False,The claims do not describe any bispecific or multispecific antibody constructs.,True,The presence of a high confidence topoisomerase I inhibitor payload in the claims indicates competitive risk to ADC programs using similar payloads.,144-329-367-782-252,
False,none,The claims focus on antibodies targeting CD38 and do not mention ROR1 or any related characteristics.,False,none,"There is no mention of B7-H3, CD276, or related characteristics in the claims.",False,none,The claims do not mention any topoisomerase I inhibitors or related payloads.,False,The claims do not describe any bispecific or multispecific antibodies.,False,"The patent claims are specific to CD38-targeting antibodies and bortezomib, with no overlap with ROR1, B7-H3, or topoisomerase I inhibitor payloads.",144-495-213-121-201,
False,none,"The claims focus on an antibody targeting the ERBB2 receptor, with no mention or implication of ROR1 or related characteristics.",False,none,"There is no mention of B7-H3, CD276, or related characteristics in the claims, which are specific to ERBB2 targeting.",False,none,The claims do not mention any topoisomerase I inhibitors or related payloads; they focus solely on ERBB2-targeting antibodies.,False,The claims do not describe any bispecific or multispecific antibodies; they are specific to ERBB2-targeting antibodies.,False,"The patent claims are specific to ERBB2-targeting antibodies and do not mention ROR1, B7-H3, or topoisomerase I inhibitors, thus posing no competitive risk to the ADC program targeting these elements.",144-809-522-246-613,
False,none,The claims focus exclusively on antibodies targeting interleukin 7 receptor (IL7R) with no mention of ROR1 or related receptor tyrosine kinases.,False,none,"There is no mention of B7-H3, CD276, or any related B7 family members in the claims, which are specific to IL7R.",False,none,The claims do not mention any topoisomerase I inhibitors or related payloads; they are focused on IL7R-targeting antibodies.,False,The claims do not describe any bispecific or multispecific antibody constructs; they are solely focused on IL7R-targeting antibodies.,False,"The patent claims are specific to IL7R-targeting antibodies and do not mention ROR1, B7-H3, or topoisomerase I inhibitors, indicating no competitive risk to the ADC program targeting these elements.",174-400-578-989-584,
False,none,"The claims do not mention ROR1 or any characteristics specific to ROR1, such as Wnt5a signaling or expression in CLL. The focus is on HIDE1 proteins and antibodies.",False,none,"There is no mention of B7-H3, CD276, or any related characteristics in the claims. The patent is centered on HIDE1 proteins and antibodies.",False,none,The claims do not reference any topoisomerase I inhibitors or related payloads. The focus is solely on HIDE1 proteins and antibodies.,False,The claims do not describe any bispecific or multispecific antibodies. They are focused on HIDE1 proteins and antibodies.,False,"There is no indication of competitive risk to an ADC program targeting ROR1, B7-H3, or using a topoisomerase I inhibitor payload, as the claims are specific to HIDE1 proteins and antibodies.",192-435-906-827-342,
False,none,"The claims do not mention ROR1, NTRKR1, or any specific characteristics associated with ROR1 targeting, such as Wnt5a signaling or expression in CLL or mantle cell lymphoma.",True,medium,"The claims include B7-H3 as a potential immune checkpoint blocking agent, which suggests targeting of B7-H3. However, there is no explicit mention of B7-H3 binding antibodies, so the confidence is medium.",False,none,"There is no mention of topoisomerase I inhibitors or related payloads such as DXd, SN-38, or camptothecin derivatives in the claims.",False,The claims do not describe any bispecific or multispecific antibody constructs targeting ROR1 or B7-H3.,True,"The medium confidence in B7-H3 targeting suggests potential competitive risk to programs targeting B7-H3, even though there is no mention of ROR1 or topoisomerase I inhibitors.",178-693-505-673-156,
False,none,"The claims do not mention ROR1, orphan receptor tyrosine kinases, or any related characteristics such as Wnt5a signaling or expression in specific cancers.",False,none,"The claims do not mention B7-H3, CD276, or any related characteristics such as overexpression in specific solid tumors.",False,none,"The claims do not mention topoisomerase I inhibitors, camptothecin derivatives, or any related structural or functional descriptions.",False,The claims do not describe any bispecific or multispecific antibody constructs.,False,"The patent does not claim any elements related to ROR1, B7-H3, or topoisomerase I inhibitors, and thus poses no competitive risk to the ADC program targeting these elements.",195-978-658-943-685,
False,none,"The claims do not mention ROR1 or any characteristics specific to ROR1 targeting, such as involvement in Wnt5a signaling or expression in CLL.",False,none,"The claims do not mention B7-H3, CD276, or any specific characteristics of B7-H3 targeting.",False,none,There is no mention of topoisomerase I inhibitors or related payloads in the claims.,False,The claims do not describe any bispecific or multispecific antibody constructs.,False,"None of the criteria for ROR1, B7-H3, or topoisomerase I inhibitor payloads are met, and there are no bispecific constructs described. Therefore, this patent does not pose a competitive risk to the ADC program.",044-433-530-205-637,
False,none,The claims do not mention ROR1 or any related characteristics such as orphan receptor tyrosine kinase involvement in Wnt5a signaling or expression in specific cancers.,False,none,"There is no mention of B7-H3, CD276, or any related characteristics in the claims.",False,none,The claims focus on alpha polyglutamated aminopterin and do not mention topoisomerase I inhibitors or related payloads.,False,The claims do not describe any bispecific or multispecific antibody constructs.,False,"None of the criteria for ROR1, B7-H3, or topoisomerase I inhibitor payloads are met, and there are no bispecific constructs described. Therefore, this patent does not pose a competitive risk to the ADC program.",196-607-933-078-723,
False,none,"The claims focus on antibodies binding to VISTA, with no mention of ROR1 or related characteristics.",False,none,The claims are specific to VISTA binding antibodies and do not mention B7-H3 or related characteristics.,False,none,There is no mention of topoisomerase I inhibitors or related payloads in the claims.,False,"While the abstract mentions a bispecific molecule, the claims do not specify any bispecific constructs involving ROR1 or B7-H3.",False,"The patent claims are specific to VISTA-targeting antibodies and do not involve ROR1, B7-H3, or topoisomerase I inhibitor payloads, thus posing no competitive risk to the ADC program.",025-828-510-410-462,
False,none,"The claims do not mention ROR1 or any related receptor tyrosine kinase characteristics. The focus is on gamma polyglutamated pralatrexate compositions and liposomal delivery, with no indication of targeting ROR1.",False,none,"There is no mention of B7-H3, CD276, or any related B7 family member characteristics in the claims. The patent is centered on antifolate compositions and does not address immune checkpoint targets.",False,none,"The claims do not reference topoisomerase I inhibitors or related payloads. The focus is on antifolate compounds, specifically gamma polyglutamated pralatrexate, without any mention of topoisomerase I inhibition.",False,The claims do not describe any bispecific or multispecific antibody constructs. The patent is focused on liposomal compositions of antifolate drugs.,False,"The patent does not pose a competitive risk to an ADC program targeting ROR1, B7-H3, or using a topoisomerase I inhibitor payload, as none of these elements are addressed in the claims.",126-700-848-517-741,
False,none,"The claims do not mention ROR1 or any characteristics specific to ROR1 targeting, such as involvement in Wnt5a signaling or expression in CLL.",False,none,"The claims do not mention B7-H3, CD276, or any specific characteristics of B7-H3 targeting, such as being a 4Ig B7 family member.",False,none,The claims focus on gamma polyglutamated methotrexate and do not mention topoisomerase I inhibitors or related payloads.,False,The claims do not describe any bispecific or multispecific antibody constructs.,False,"There is no indication of ROR1, B7-H3, or topoisomerase I inhibitor involvement in the claims, thus posing no competitive risk to the ADC program targeting these elements.",112-671-786-998-886,
False,none,"The claims do not mention ROR1 or any characteristics specific to ROR1, such as involvement in Wnt5a signaling or expression in CLL.",True,high,"The claims explicitly mention an anti-B7-H3 antibody, which directly targets B7-H3 (CD276).",False,none,The claims do not specify any topoisomerase I inhibitors or related payloads such as camptothecin derivatives.,False,The claims do not describe any bispecific or multispecific antibody constructs.,True,"The patent poses a competitive risk due to the high confidence B7-H3 targeting claims, which directly overlap with the ADC program targeting B7-H3.",000-720-199-850-470,
False,none,"The claims do not mention ROR1, NTRKR1, or any related receptor tyrosine kinase. There is no indication of targeting ROR1 in the described oncolytic virus or its components.",False,none,"The claims do not mention B7-H3, CD276, or any related B7 family member. The focus is on an anti-CD47 antibody, with no indication of targeting B7-H3.",False,none,There is no mention of topoisomerase I inhibitors or related payloads in the claims. The patent focuses on an oncolytic virus expressing an anti-CD47 antibody.,False,The claims do not describe any bispecific or multispecific antibody constructs. The focus is solely on a recombinant oncolytic virus with an anti-CD47 antibody.,False,"The patent does not pose a competitive risk to an ADC program targeting ROR1, B7-H3, or using a topoisomerase I inhibitor payload, as none of these elements are claimed or suggested.",022-441-904-427-675,
False,none,"The claims do not mention ROR1 or any characteristics specific to ROR1, such as involvement in Wnt5a signaling or expression in CLL. The focus is on TLR7/8 agonists and functional drugs, without reference to orphan receptor tyrosine kinases.",False,none,"There is no mention of B7-H3, CD276, or any related characteristics in the claims. The patent is centered on TLR7/8 agonists and does not address B7 family members.",False,none,"The claims do not specify any topoisomerase I inhibitors or related compounds. The focus is on TLR7/8 agonists and functional drugs, without reference to topoisomerase I inhibition.",False,"The claims do not describe bispecific or multispecific antibodies. The invention pertains to a complex of a TLR7/8 agonist and a functional drug, not bispecific constructs.",False,"None of the criteria for ROR1, B7-H3, or topoisomerase I inhibitors are met with medium or high confidence. The patent does not pose a competitive risk to the ADC program targeting these specific elements.",016-061-881-721-035,
False,none,"The claims do not mention ROR1 or any characteristics specific to ROR1 targeting, such as orphan receptor tyrosine kinase involvement or expression patterns.",False,none,"The claims do not mention B7-H3, CD276, or any characteristics specific to B7-H3 targeting, such as being a 4Ig B7 family member or overexpression in specific cancers.",False,none,"The claims do not mention any topoisomerase I inhibitors or related payloads, such as camptothecin derivatives or specific inhibitors like SN-38 or irinotecan.",False,The claims do not describe any bispecific or multispecific antibody constructs.,False,"None of the claims relate to ROR1, B7-H3, or topoisomerase I inhibitors, and there are no bispecific constructs targeting these antigens. Therefore, this patent does not pose a competitive risk to the ADC program targeting these elements.",023-890-703-149-074,
False,none,"The claims do not mention ROR1 or any characteristics specific to ROR1 targeting, such as Wnt5a signaling or expression in CLL.",False,none,"The claims do not mention B7-H3, CD276, or any specific characteristics of B7-H3 targeting.",False,none,The claims do not mention topoisomerase I inhibitors or any related payloads such as camptothecin derivatives.,False,There are no claims describing bispecific or multispecific antibodies targeting ROR1 or B7-H3.,False,"The patent claims focus on a combination therapy involving EGFR, MEK, and CDK inhibitors for KRAS-mutated cancers, with no mention of ROR1, B7-H3, or topoisomerase I inhibitors. Therefore, it poses no competitive risk to the ADC program targeting these elements.",028-845-288-755-497,
False,none,"The claims do not mention ROR1 or any characteristics specific to ROR1, such as involvement in Wnt5a signaling or expression in CLL or mantle cell lymphoma.",False,none,"The claims do not mention B7-H3, CD276, or any specific characteristics of B7-H3, such as being a 4Ig B7 family member or overexpression in specific cancers.",False,none,The claims do not mention topoisomerase I inhibitors or any specific payloads like camptothecin derivatives or related mechanisms of action.,False,There are no claims describing bispecific or multispecific antibodies targeting ROR1 or B7-H3.,False,"The patent does not claim any elements related to ROR1, B7-H3, or topoisomerase I inhibitors, thus posing no competitive risk to the ADC program targeting these elements.",036-813-199-813-003,
False,none,"The claims focus on multispecific antibodies targeting HLA-G and CD3, with no mention of ROR1 or related receptor tyrosine kinases.",False,none,"There is no mention of B7-H3, CD276, or any related B7 family members in the claims.",False,none,The claims do not mention any topoisomerase I inhibitors or related payloads.,True,"The claims describe a bispecific antibody targeting HLA-G and CD3, but neither target is ROR1 or B7-H3.",False,"The patent does not target ROR1, B7-H3, or involve a topoisomerase I inhibitor payload, and thus does not pose a competitive risk to the ADC program.",034-010-124-330-70X,
False,none,"The claims do not mention ROR1 or any characteristics specific to ROR1 targeting, such as involvement in Wnt5a signaling or expression in CLL.",False,none,"The claims do not mention B7-H3, CD276, or any specific characteristics of B7-H3 targeting.",False,none,The claims do not mention any topoisomerase I inhibitors or related compounds such as camptothecin derivatives.,False,The claims do not describe any bispecific or multispecific antibodies.,False,"None of the criteria for ROR1, B7-H3, or topoisomerase I inhibitor payloads are met, and there are no bispecific constructs described. Therefore, this patent does not pose a competitive risk to the ADC program targeting these elements.",061-324-871-243-686,
False,none,The claims focus on antibodies targeting interleukin-17 receptor B (IL-17RB) and do not mention ROR1 or any related characteristics.,False,none,"There is no mention of B7-H3, CD276, or any related characteristics in the claims. The focus is solely on IL-17RB.",False,none,The claims do not mention any topoisomerase I inhibitors or related payloads. The focus is on antibodies against IL-17RB.,False,The claims do not describe any bispecific or multispecific antibodies. They focus on monospecific antibodies targeting IL-17RB.,False,"The patent claims are specific to IL-17RB-targeting antibodies and do not overlap with ROR1, B7-H3, or topoisomerase I inhibitor payloads. Therefore, it poses no competitive risk to the ADC program targeting these elements.",058-283-876-082-221,
False,none,The claims focus exclusively on anti-CD25 antibodies and do not mention ROR1 or any related characteristics such as orphan receptor tyrosine kinases or Wnt5a signaling.,False,none,"There is no mention of B7-H3, CD276, or any related B7 family member characteristics in the claims. The focus is solely on CD25.",False,none,The claims do not mention any topoisomerase I inhibitors or related payloads. The focus is on the use of anti-CD25 antibodies for treating AML and DLBCL.,False,"The claims describe monospecific antibodies targeting CD25, with no mention of bispecific or multispecific constructs involving ROR1 or B7-H3.",False,"The patent claims are specific to anti-CD25 antibodies and do not involve ROR1, B7-H3, or topoisomerase I inhibitor payloads. Therefore, it poses no competitive risk to the ADC program targeting these elements.",071-569-177-204-968,
False,none,"The claims do not mention ROR1 or any characteristics specific to ROR1 targeting, such as Wnt5a signaling or expression in CLL.",False,none,"There is no mention of B7-H3, CD276, or any specific characteristics of B7-H3 targeting in the claims.",False,none,The claims do not mention topoisomerase I inhibitors or any related compounds such as camptothecin derivatives.,False,The claims do not describe any bispecific or multispecific antibodies.,False,"None of the criteria for ROR1, B7-H3, or topoisomerase I inhibitor payloads are met with medium or high confidence, and there are no bispecific constructs described. Therefore, this patent does not pose a competitive risk to the ADC program.",071-701-409-895-864,
False,none,"The claims focus on antibodies targeting the ErbB-3 receptor, with no mention of ROR1 or related characteristics.",False,none,The claims are specific to ErbB-3 antibodies and do not mention B7-H3 or related characteristics.,False,none,There is no mention of topoisomerase I inhibitors or related payloads in the claims.,False,The claims do not describe bispecific or multispecific antibodies.,False,"The patent claims are specific to ErbB-3 antibodies and do not overlap with ROR1, B7-H3, or topoisomerase I inhibitor payloads, posing no competitive risk to the ADC program.",073-384-821-544-237,
False,none,"The claims do not mention ROR1 or any characteristics specific to ROR1, such as involvement in Wnt5a signaling or expression in CLL. The focus is on DOTA-haptens and bispecific antibodies targeting other tumor antigens.",False,none,"The claims do not mention B7-H3 or CD276, nor do they describe a target fitting the specific characteristics of B7-H3. The tumor antigens listed do not include B7-H3.",False,none,There is no mention of topoisomerase I inhibitors or related payloads in the claims. The focus is on radioisotopes and bispecific antibodies for pretargeted radioimmunotherapy.,False,"While the claims describe bispecific antibodies, they do not target ROR1 or B7-H3. The bispecific antibodies are directed towards other tumor antigens.",False,"The patent does not pose a competitive risk to an ADC program targeting ROR1, B7-H3, or using a topoisomerase I inhibitor payload, as none of these elements are claimed or implied.",082-112-987-018-146,
False,none,"The claims do not mention ROR1, NTRKR1, or any related receptor tyrosine kinase characteristics. There is no indication of targeting ROR1 in the described compositions or methods.",True,high,"The claims explicitly mention B7-H3 as a target for the immune checkpoint inhibitor, which directly supports high confidence in B7-H3 targeting.",False,none,There is no mention of topoisomerase I inhibitors or related payloads such as camptothecin derivatives in the claims. The focus is on immune checkpoint inhibitors and other agents.,False,The claims do not describe any bispecific or multispecific antibody constructs targeting ROR1 or B7-H3.,True,"The high confidence in B7-H3 targeting indicates a competitive risk to ADC programs targeting B7-H3, despite the absence of ROR1 or topoisomerase I inhibitor payloads.",085-261-746-506-833,
False,none,The claims do not mention ROR1 or any related characteristics such as orphan receptor tyrosine kinase involvement in Wnt5a signaling or expression in specific cancers.,False,none,"The claims do not mention B7-H3, CD276, or any related characteristics such as being a 4Ig B7 family member or overexpression in specific solid tumors.",False,none,The claims do not mention any topoisomerase I inhibitors or related compounds such as camptothecin derivatives.,False,There are no claims describing bispecific or multispecific antibodies targeting ROR1 or B7-H3.,False,"The patent claims do not cover ROR1, B7-H3, or topoisomerase I inhibitor payloads, and there are no bispecific constructs involving these targets. Therefore, it poses no competitive risk to the ADC program targeting these elements.",080-148-878-429-757,
False,none,"The claims focus on antibodies targeting Sialyl-Lewis a, with no mention of ROR1 or related receptor tyrosine kinases.",False,none,"There is no mention of B7-H3, CD276, or related B7 family members in the claims.",False,none,The claims do not specify any topoisomerase I inhibitors or related payloads.,False,The claims do not describe any bispecific or multispecific antibody constructs.,False,"The patent claims are specific to antibodies targeting Sialyl-Lewis a and do not overlap with ROR1, B7-H3, or topoisomerase I inhibitor payloads.",102-983-608-372-522,
False,none,"The claims focus on an antibody drug conjugate targeting IL-13Ralpha2, with no mention of ROR1 or related characteristics.",False,none,"There is no mention of B7-H3, CD276, or related characteristics in the claims, which are specific to IL-13Ralpha2.",False,none,The claims do not specify any topoisomerase I inhibitor payloads or related structural descriptions.,False,The claims do not describe any bispecific or multispecific antibody constructs.,False,"The patent claims are specific to IL-13Ralpha2 targeting ADCs and do not overlap with ROR1, B7-H3, or topoisomerase I inhibitor payloads.",115-683-703-466-428,
False,none,"The claims do not mention ROR1 or any characteristics associated with ROR1 targeting, such as involvement in Wnt5a signaling or expression in specific cancers.",False,none,"The claims do not mention B7-H3, CD276, or any characteristics that would suggest targeting of B7-H3.",False,low,"While claim 71 lists camptothecin, a known topoisomerase I inhibitor, it is part of a broad list of cytotoxic drugs without specific emphasis on topoisomerase I inhibitors.",False,The claims do not describe any bispecific or multispecific antibody constructs.,False,"None of the criteria for ROR1, B7-H3, or topoisomerase I inhibitor payloads are met with medium or high confidence, and there are no bispecific constructs described.",109-882-974-125-929,
False,none,The claims focus on a vaccine targeting HER3 and do not mention ROR1 or any related characteristics.,False,none,"There is no mention of B7-H3, CD276, or related characteristics in the claims.",False,none,The claims do not mention topoisomerase I inhibitors or related payloads.,False,The claims do not describe any bispecific or multispecific antibody constructs.,False,"The patent claims are focused on a HER3-targeting vaccine and do not relate to ROR1, B7-H3, or topoisomerase I inhibitor payloads, thus posing no competitive risk to the ADC program.",122-575-840-464-715,
False,none,The claims focus on antibodies targeting MDR1 and do not mention ROR1 or any characteristics associated with ROR1 targeting.,False,none,"There is no mention of B7-H3, CD276, or any related characteristics in the claims. The focus is solely on MDR1 and related bispecific constructs.",False,none,The claims do not mention topoisomerase I inhibitors or any related payloads. The focus is on antibodies targeting MDR1.,True,"The claims describe bispecific antibodies targeting MDR1 and a tumor-associated antigen, but there is no indication that the second target is ROR1 or B7-H3.",False,"None of the criteria for ROR1, B7-H3, or topoisomerase I inhibitor payloads are met with medium or high confidence. The bispecific constructs do not involve ROR1 or B7-H3, so there is no competitive risk to the ADC program targeting these antigens.",132-129-082-486-474,
False,none,The claims focus exclusively on IGF-1R targeting antibodies and do not mention ROR1 or any related characteristics.,False,none,"There is no mention of B7-H3, CD276, or any related characteristics in the claims. The focus is solely on IGF-1R.",False,none,The claims do not specify any topoisomerase I inhibitors or related payloads. The drug moiety D is described in broad terms without specific mention of topoisomerase I inhibitors.,False,The claims do not describe any bispecific or multispecific antibodies. The focus is on single-target IGF-1R antibodies.,False,"The patent claims are specific to IGF-1R targeting and do not overlap with ROR1, B7-H3, or topoisomerase I inhibitor payloads. Therefore, it does not pose a competitive risk to the ADC program targeting these elements.",137-136-471-080-344,
False,none,"The claims do not mention ROR1, orphan receptor tyrosine kinases, or any related signaling pathways or expression profiles.",False,none,"The claims do not mention B7-H3, CD276, or any related B7 family member descriptions.",False,none,The claims focus on polyglutamated antifolates and do not mention topoisomerase I inhibitors or related payloads.,False,There are no claims describing bispecific or multispecific antibodies.,False,"The patent claims do not relate to ROR1, B7-H3, or topoisomerase I inhibitors, thus posing no competitive risk to the ADC program targeting these elements.",139-223-346-986-735,
False,none,The claims do not mention ROR1 or any specific characteristics of ROR1 targeting. There is no indication of antibodies binding to ROR1 or related receptor features.,False,none,"The claims do not mention B7-H3, CD276, or any specific characteristics of B7-H3 targeting. There is no indication of antibodies binding to B7-H3 or related features.",False,none,The claims do not specify any topoisomerase I inhibitors or related payloads. The term 'cytotoxic drug' is too generic to infer a topoisomerase I inhibitor payload.,False,"The claims do not describe bispecific or multispecific antibodies, nor do they specify any targeting of ROR1 or B7-H3.",False,"There is no indication of targeting ROR1, B7-H3, or using a topoisomerase I inhibitor payload in the claims. Therefore, this patent does not pose a competitive risk to the ADC program targeting these elements.",153-190-687-917-542,
False,none,"The claims do not mention ROR1 or any characteristics specific to ROR1 targeting, such as Wnt5a signaling or expression in CLL.",False,none,"There is no mention of B7-H3, CD276, or any related characteristics in the claims.",False,none,The claims do not reference topoisomerase I inhibitors or any related compounds such as camptothecin derivatives.,False,The claims do not describe any bispecific or multispecific antibody constructs.,False,"None of the criteria for ROR1, B7-H3, or topoisomerase I inhibitor payloads are met with medium or high confidence, and there are no bispecific constructs described.",150-869-387-153-159,
False,none,"The claims do not mention ROR1 or any characteristics specific to ROR1 targeting, such as Wnt5a signaling or expression in CLL.",False,none,"The claims do not mention B7-H3, CD276, or any specific characteristics of B7-H3 targeting.",False,none,The claims focus on radiopharmaceuticals and do not mention topoisomerase I inhibitors or related payloads.,False,There are no claims describing bispecific or multispecific antibodies targeting ROR1 or B7-H3.,False,"The patent does not claim any technology related to ROR1, B7-H3, or topoisomerase I inhibitors, thus posing no competitive risk to the ADC program targeting these elements.",146-721-071-313-050,
False,none,"The claims do not mention ROR1 or any characteristics specific to ROR1 targeting, such as Wnt5a signaling or expression in CLL.",False,none,"The claims do not mention B7-H3, CD276, or any specific characteristics of B7-H3 targeting.",False,none,The claims do not mention topoisomerase I inhibitors or any specific payloads related to topoisomerase I inhibition.,False,The claims do not describe any bispecific or multispecific antibody constructs.,False,"None of the claims relate to ROR1, B7-H3, or topoisomerase I inhibitors, and there are no bispecific constructs targeting these antigens. Therefore, there is no competitive risk to the ADC program.",151-397-473-020-057,
False,none,"The claims do not mention ROR1 or any characteristics specific to ROR1, such as involvement in Wnt5a signaling or expression in CLL or mantle cell lymphoma.",False,none,"The claims do not mention B7-H3, CD276, or any specific characteristics of B7-H3, such as being a 4Ig B7 family member or overexpression in specific cancers.",False,none,The claims do not mention topoisomerase I inhibitors or any related compounds such as camptothecin derivatives.,False,There are no claims describing bispecific or multispecific antibodies targeting ROR1 or B7-H3.,False,"The patent does not claim any elements related to ROR1, B7-H3, or topoisomerase I inhibitors, thus posing no competitive risk to the ADC program targeting these elements.",168-662-294-678-621,
False,none,The claims focus on anti-CD19 antibodies and do not mention ROR1 or any related characteristics such as orphan receptor tyrosine kinases or Wnt5a signaling.,False,none,"There is no mention of B7-H3, CD276, or any related B7 family member characteristics in the claims.",False,none,The claims do not mention any topoisomerase I inhibitors or related payloads. The focus is on anti-CD19 antibodies and their use in treating B cell malignancies.,False,The claims do not describe any bispecific or multispecific antibodies. They focus solely on anti-CD19 antibodies.,False,"The patent claims are specific to anti-CD19 antibodies and do not involve ROR1, B7-H3, or topoisomerase I inhibitors. Therefore, it does not pose a competitive risk to the ADC program targeting these elements.",170-798-004-496-155,
False,none,"The claims do not mention ROR1 or any characteristics associated with ROR1 targeting, such as Wnt5a signaling or expression in specific lymphomas.",False,none,"There is no mention of B7-H3, CD276, or any related characteristics in the claims. The focus is on mutant SMO proteins and hedgehog pathway inhibitors.",False,none,The claims do not reference topoisomerase I inhibitors or any related compounds such as camptothecin derivatives. The focus is on hedgehog pathway modulation.,False,The claims do not describe any bispecific or multispecific antibody constructs.,False,"The patent claims are focused on mutant SMO proteins and hedgehog pathway inhibitors, with no relevance to ROR1, B7-H3, or topoisomerase I inhibitor payloads. Therefore, it poses no competitive risk to the ADC program targeting these elements.",166-590-753-318-658,
False,none,The claims do not mention ROR1 or any related characteristics such as orphan receptor tyrosine kinase involvement in Wnt5a signaling or expression in specific cancers like CLL or mantle cell lymphoma.,False,none,"The claims do not mention B7-H3, CD276, or any related characteristics such as being a 4Ig B7 family member or overexpression in specific cancers.",False,none,"The claims do not mention any topoisomerase I inhibitors or related payloads such as DXd, SN-38, or camptothecin derivatives.",False,The claims do not describe any bispecific or multispecific antibodies targeting ROR1 or B7-H3.,False,"None of the criteria for ROR1, B7-H3, or topoisomerase I inhibitor payloads are met with medium or high confidence, and there are no bispecific constructs targeting these antigens.",168-384-598-195-437,
False,none,"The claims focus on antibodies targeting EPO and its receptor, with no mention of ROR1 or related characteristics.",False,none,"There is no mention of B7-H3, CD276, or related characteristics in the claims.",False,none,The claims do not mention topoisomerase I inhibitors or related payloads.,False,The claims do not describe bispecific or multispecific antibodies targeting ROR1 or B7-H3.,False,"The patent claims are specific to EPO and its receptor, with no overlap with ROR1, B7-H3, or topoisomerase I inhibitor payloads.",160-937-286-985-970,
False,none,"The claims do not mention ROR1 or any characteristics specifically associated with ROR1 targeting, such as involvement in Wnt5a signaling or expression in CLL or mantle cell lymphoma.",False,none,"The claims do not mention B7-H3, CD276, or any specific characteristics of B7-H3 targeting, such as being a 4Ig B7 family member or overexpression in specific cancers.",False,none,"The claims do not mention topoisomerase I inhibitors or any specific payloads related to topoisomerase I inhibition, such as camptothecin derivatives.",False,The claims do not describe any bispecific or multispecific antibodies targeting ROR1 or B7-H3.,False,"None of the claims relate to ROR1, B7-H3, or topoisomerase I inhibitors, and there are no bispecific constructs involving these targets. Therefore, this patent does not pose a competitive risk to the ADC program targeting these elements.",166-155-170-617-086,
False,none,"The claims do not mention ROR1 or any characteristics specific to ROR1 targeting, such as involvement in Wnt5a signaling or expression in CLL.",False,none,"The claims do not mention B7-H3, CD276, or any specific characteristics of B7-H3 targeting. The focus is on immune checkpoint therapies unrelated to B7-H3.",False,none,There is no mention of topoisomerase I inhibitors or related payloads in the claims. The focus is on combinations with urolithins and immunotherapy treatments.,False,The claims do not describe any bispecific or multispecific antibody constructs.,False,"The patent does not pose a competitive risk to an ADC program targeting ROR1, B7-H3, or using a topoisomerase I inhibitor payload, as none of these elements are addressed in the claims.",159-438-124-919-899,
False,none,"The claims focus on T-cell engaging proteins targeting DLL3 and CD3, with no mention of ROR1 or related characteristics.",False,none,"There is no mention of B7-H3, CD276, or related characteristics in the claims, which focus on DLL3 and CD3 targeting.",False,none,"The claims do not mention any topoisomerase I inhibitors or related payloads, focusing instead on T-cell engaging proteins.",False,"The claims describe bispecific constructs targeting DLL3 and CD3, but do not involve ROR1 or B7-H3.",False,"The patent claims are specific to DLL3/CD3 T-cell engaging proteins and do not overlap with ROR1, B7-H3, or topoisomerase I inhibitor payloads, posing no competitive risk to the ADC program.",154-094-499-244-287,
False,none,"The claims do not mention ROR1 or any characteristics specific to ROR1 targeting, such as involvement in Wnt5a signaling or expression in CLL.",False,none,"The claims do not mention B7-H3, CD276, or any specific characteristics of B7-H3 targeting, such as being a 4Ig B7 family member.",False,none,The claims focus on liposomal compositions containing polyglutamated antifolates and do not mention topoisomerase I inhibitors or related payloads.,False,There are no claims describing bispecific or multispecific antibodies targeting ROR1 or B7-H3.,False,"The patent does not claim any technology related to ROR1, B7-H3, or topoisomerase I inhibitors, thus posing no competitive risk to the ADC program targeting these elements.",184-623-631-522-256,
True,high,"Claim 16 explicitly lists ROR1 as a target antigen for the antibody-drug conjugate, providing high confidence in ROR1 targeting.",False,none,"There is no mention of B7-H3 or CD276 in the claims, nor any description fitting the criteria for B7-H3 targeting.",True,high,"Claim 10 explicitly includes topoisomerase inhibitors such as SN38 and Exatecan as potential payloads, providing high confidence in topoisomerase I inhibitor payload targeting.",False,The claims do not describe a bispecific or multispecific antibody construct.,True,"The patent poses a competitive risk due to high confidence in both ROR1 targeting and topoisomerase I inhibitor payload, meeting the criteria for competitor_flag.",172-535-464-602-703,
False,none,The claims focus on a pharmaceutical composition comprising anti-CTLA4 and anti-PD1 antibodies for treating non-small cell lung cancer. There is no mention of ROR1 or related receptor characteristics.,False,none,"The claims do not mention B7-H3, CD276, or any related characteristics. The focus is on immune checkpoint inhibitors CTLA4 and PD1.",False,none,"The claims do not specify any topoisomerase I inhibitors or related payloads. The chemotherapeutic drugs mentioned are carboplatin, cisplatin, paclitaxel, vinorelbine, and pemetrexed, none of which are topoisomerase I inhibitors.",False,The claims describe a mixture of antibodies (anti-CTLA4 and anti-PD1) but do not describe a bispecific or multispecific antibody construct targeting ROR1 or B7-H3.,False,"There is no indication in the claims of targeting ROR1, B7-H3, or using a topoisomerase I inhibitor payload. The patent focuses on a combination of immune checkpoint inhibitors and chemotherapeutic drugs for non-small cell lung cancer.",184-284-810-129-106,
False,none,The claims focus on CD19-targeted CAR-T cells and do not mention ROR1 or any related characteristics such as orphan receptor tyrosine kinases or Wnt5a signaling.,False,none,"There is no mention of B7-H3, CD276, or any related B7 family member characteristics in the claims.",False,none,The claims do not reference any topoisomerase I inhibitors or related payloads such as camptothecin derivatives.,False,The claims describe bispecific CAR-T cells but do not involve ROR1 or B7-H3 as one of the targets.,False,"The patent claims are specific to CD19-targeted CAR-T cells and do not involve ROR1, B7-H3, or topoisomerase I inhibitor payloads, thus posing no competitive risk to the ADC program targeting these elements.",193-986-797-904-755,
False,none,"The claims do not mention ROR1 or any specific characteristics associated with ROR1 targeting, such as Wnt5a signaling or expression in specific cancers.",False,none,"The claims do not mention B7-H3, CD276, or any specific characteristics associated with B7-H3 targeting, such as its expression profile or exclusion of other B7 family members.",False,none,"The claims do not specify any topoisomerase I inhibitors or related payloads, nor do they describe mechanisms or structures indicative of such inhibitors.",False,The claims describe a polymer-based ADC with nucleic acid components but do not specify bispecific or multispecific antibody constructs targeting ROR1 or B7-H3.,False,"None of the claims specifically target ROR1, B7-H3, or involve a topoisomerase I inhibitor payload, and there is no indication of bispecific constructs involving these targets.",076-692-777-342-104,
False,none,"The claims do not mention ROR1 or any characteristics specific to ROR1 targeting, such as orphan receptor tyrosine kinase involvement or expression patterns.",False,none,"The claims do not mention B7-H3, CD276, or any characteristics specific to B7-H3 targeting, such as being a 4Ig B7 family member or overexpression in specific cancers.",False,none,The claims focus on alpha polyglutamated lometrexol and do not mention topoisomerase I inhibitors or related payloads.,False,There are no claims describing bispecific or multispecific antibodies targeting ROR1 or B7-H3.,False,"The patent does not claim any elements related to ROR1, B7-H3, or topoisomerase I inhibitors, thus posing no competitive risk to the ADC program targeting these elements.",028-275-425-725-613,
False,none,The claims focus on ILDR2 antagonists and do not mention ROR1 or any related characteristics.,False,none,"There is no mention of B7-H3, CD276, or related characteristics in the claims.",False,none,The claims do not specify any topoisomerase I inhibitors or related payloads.,False,The claims do not describe any bispecific or multispecific antibodies involving ROR1 or B7-H3.,False,"The patent claims are specific to ILDR2 antagonists and do not overlap with ROR1, B7-H3, or topoisomerase I inhibitor payloads.",003-490-599-151-220,
False,none,The claims focus on an anti-TROP2 antibody-drug conjugate and do not mention ROR1 or any characteristics associated with ROR1 targeting.,False,none,"There is no mention of B7-H3, CD276, or any related characteristics in the claims. The focus is on TROP2 targeting.",True,high,"Claim 7 specifies datopotamab deruxtecan (DS-1062a), which is known to contain a topoisomerase I inhibitor payload, providing high confidence in the presence of a topoisomerase I inhibitor.",False,The claims do not describe any bispecific or multispecific antibody constructs.,True,"The presence of a topoisomerase I inhibitor payload in the claimed ADC poses a competitive risk to programs using similar payloads, despite the different target (TROP2).",001-972-182-117-288,
False,none,"The claims do not mention ROR1 or any characteristics specific to ROR1 targeting, such as orphan receptor tyrosine kinase involvement in Wnt5a signaling or expression in CLL.",False,none,"There is no mention of B7-H3, CD276, or any specific characteristics of B7-H3 targeting in the claims.",False,none,The claims do not specify any topoisomerase I inhibitors or related compounds such as camptothecin derivatives.,False,The claims do not describe any bispecific or multispecific antibody constructs.,False,"None of the criteria for ROR1, B7-H3, or topoisomerase I inhibitor payloads are met with medium or high confidence, and there are no bispecific constructs described. Therefore, this patent does not pose a competitive risk to the ADC program.",048-516-822-952-166,
False,none,"The claims focus on HDAC6 inhibitors and CD20 antibodies, with no mention of ROR1 or related characteristics.",False,none,"There is no mention of B7-H3, CD276, or related characteristics in the claims.",False,none,The claims do not mention topoisomerase I inhibitors or related payloads.,False,The claims do not describe any bispecific or multispecific antibodies.,False,"The patent claims are specific to HDAC6 inhibitors and CD20 antibodies, with no overlap with ROR1, B7-H3, or topoisomerase I inhibitor payloads.",034-693-274-699-794,
False,none,"The claims focus on antibodies targeting VEGFR2, with no mention of ROR1 or related characteristics.",False,none,The claims are specific to VEGFR2 and do not mention B7-H3 or related characteristics.,False,none,There is no mention of topoisomerase I inhibitors or related payloads in the claims.,False,The claims do not describe any bispecific or multispecific antibody constructs.,False,"The patent claims are specific to VEGFR2-targeting antibodies and do not overlap with ROR1, B7-H3, or topoisomerase I inhibitor payloads, indicating no competitive risk to the ADC program.",076-831-390-138-683,
False,none,"The claims do not mention ROR1 or any characteristics specific to ROR1 targeting, such as involvement in Wnt5a signaling or expression in CLL.",False,none,"The claims do not mention B7-H3, CD276, or any specific characteristics of B7-H3 targeting, such as being a 4Ig B7 family member.",False,none,The claims focus on PI3K inhibitors and do not mention topoisomerase I inhibitors or related payloads like camptothecin derivatives.,False,There are no claims describing bispecific or multispecific antibodies targeting ROR1 or B7-H3.,False,"The patent does not claim any elements related to ROR1, B7-H3, or topoisomerase I inhibitors, thus posing no competitive risk to the ADC program targeting these elements.",070-851-252-103-570,
False,none,"The claims do not mention ROR1 or any characteristics specific to ROR1 targeting, such as Wnt5a signaling or expression in CLL.",False,none,"There is no mention of B7-H3, CD276, or any specific characteristics of B7-H3 targeting in the claims.",False,none,The claims do not mention topoisomerase I inhibitors or any related compounds such as camptothecin derivatives.,False,The claims do not describe any bispecific or multispecific antibody constructs.,False,"None of the criteria for ROR1, B7-H3, or topoisomerase I inhibitor payloads are met, and there are no bispecific constructs described. Therefore, this patent does not pose a competitive risk to the ADC program.",073-304-523-899-002,
False,none,The claims focus on anti-PD-1 antibodies and do not mention ROR1 or any related receptor characteristics.,False,none,The claims are specific to PD-1 antibodies and do not reference B7-H3 or any related B7 family member characteristics.,False,none,There is no mention of topoisomerase I inhibitors or related payloads in the claims.,False,The claims do not describe bispecific or multispecific antibodies targeting ROR1 or B7-H3.,False,"The patent claims are specific to PD-1 antibodies and do not overlap with ROR1, B7-H3, or topoisomerase I inhibitor payloads, indicating no competitive risk to the ADC program.",074-311-640-161-260,
False,none,"The claims do not mention ROR1 or any characteristics specific to ROR1 targeting, such as involvement in Wnt5a signaling or expression in CLL.",False,none,"The claims do not mention B7-H3, CD276, or any specific characteristics of B7-H3 targeting. The focus is on PD-1 and VEGFA.",False,none,The claims do not mention topoisomerase I inhibitors or any related payloads. The focus is on bispecific antibodies and PARP inhibitors.,False,"While the claims describe a bispecific antibody, neither arm targets ROR1 or B7-H3. The bispecific antibody targets PD-1 and VEGFA.",False,"There is no competitive risk to an ADC program targeting ROR1, B7-H3, or using a topoisomerase I inhibitor payload, as none of these elements are claimed or implied in the patent.",093-855-521-135-89X,
False,none,"The claims do not mention ROR1, orphan receptor tyrosine kinases, or any related signaling pathways. There is no indication of targeting ROR1 or related receptors.",False,none,"The claims do not mention B7-H3, CD276, or any related B7 family members. There is no indication of targeting B7-H3 or related proteins.",False,none,"The claims do not mention topoisomerase I inhibitors, camptothecin derivatives, or any related payloads. The focus is on TGF-beta inhibitors, not topoisomerase I inhibitors.",False,There are no claims describing bispecific or multispecific antibodies targeting ROR1 or B7-H3.,False,"The patent does not pose a competitive risk to an ADC program targeting ROR1, B7-H3, or using a topoisomerase I inhibitor payload, as none of these elements are claimed or suggested.",102-823-161-611-052,
False,none,"The claims do not mention ROR1, orphan receptor tyrosine kinases, or any related signaling pathways or expression profiles.",False,none,"The claims do not mention B7-H3, CD276, or any related B7 family member descriptions that would suggest targeting B7-H3.",True,high,"Claim 38 explicitly lists camptothecin, a known topoisomerase I inhibitor, as a potential active ingredient in the composition.",False,The claims do not describe any bispecific or multispecific antibody constructs.,True,The presence of a high confidence topoisomerase I inhibitor payload in the claims indicates potential competitive risk to ADC programs using similar payloads.,107-861-535-741-409,
False,none,"The claims do not mention ROR1 or any characteristics specific to ROR1 targeting, such as Wnt5a signaling or expression in CLL.",False,none,"There is no mention of B7-H3, CD276, or any related characteristics in the claims.",False,none,The claims do not specify a topoisomerase I inhibitor or any related compounds such as camptothecin derivatives.,False,The claims do not describe any bispecific or multispecific antibodies targeting ROR1 or B7-H3.,False,"None of the criteria for ROR1, B7-H3, or topoisomerase I inhibitor payloads are met with medium or high confidence, and there are no bispecific constructs described. Therefore, this patent does not pose a competitive risk to the ADC program.",105-324-063-365-25X,
False,none,The claims focus exclusively on an anti-EGFR monoclonal antibody and do not mention ROR1 or any related characteristics.,False,none,"There is no mention of B7-H3, CD276, or any related characteristics in the claims, which are specific to an anti-EGFR antibody.",False,none,The claims do not mention any topoisomerase I inhibitors or related payloads. The focus is solely on an anti-EGFR antibody.,False,The claims do not describe any bispecific or multispecific antibody constructs. They are specific to a monoclonal anti-EGFR antibody.,False,"The patent claims are specific to an anti-EGFR monoclonal antibody and do not involve ROR1, B7-H3, or topoisomerase I inhibitors, thus posing no competitive risk to the ADC program targeting these elements.",136-343-202-979-031,
False,none,The claims focus on antibodies and CARs targeting glypican-2 (GPC2) and do not mention ROR1 or any related characteristics.,False,none,"The claims do not mention B7-H3 or CD276, nor do they describe any characteristics specific to B7-H3.",False,none,There is no mention of topoisomerase I inhibitors or related payloads in the claims.,False,"While the claims include multispecific antibodies, they do not target ROR1 or B7-H3, which are necessary for the bispecific_flag to be true.",False,"None of the criteria for ROR1, B7-H3, or topoisomerase I inhibitor payloads are met with medium or high confidence, and the bispecific constructs do not involve these targets.",148-822-854-954-108,
False,none,"The claims do not mention ROR1 or any characteristics specific to ROR1 targeting, such as Wnt5a signaling or expression in CLL.",False,none,"The claims do not mention B7-H3, CD276, or any specific characteristics of B7-H3 targeting.",False,none,There is no mention of topoisomerase I inhibitors or related payloads in the claims.,False,The claims do not describe any bispecific or multispecific antibody constructs.,False,"The patent claims focus on CTLA-4 antagonists and dendritic cell modifications, with no relevance to ROR1, B7-H3, or topoisomerase I inhibitor payloads.",141-356-527-930-088,
False,none,"The claims focus on ADCs targeting HER2, HER3, and EGFR, with no mention of ROR1 or related characteristics.",False,none,"There is no mention of B7-H3, CD276, or related characteristics in the claims.",False,none,The claims do not specify any topoisomerase I inhibitors or related payloads.,False,The claims do not describe any bispecific or multispecific antibodies.,False,"The patent claims do not cover ROR1, B7-H3, or topoisomerase I inhibitor payloads, thus posing no competitive risk to the ADC program targeting these elements.",167-816-964-659-781,
False,none,The claims focus exclusively on anti-PD-L1 antibodies and do not mention ROR1 or any related receptor tyrosine kinase characteristics.,False,none,"The claims are specific to PD-L1 antibodies and do not reference B7-H3, CD276, or any related B7 family member characteristics that exclude PD-L1.",False,none,"There is no mention of topoisomerase I inhibitors or related payloads in the claims, which are focused on PD-L1 antibody compositions and uses.",False,The claims do not describe any bispecific or multispecific antibody constructs; they are solely focused on PD-L1 targeting antibodies.,False,"The patent claims are specific to PD-L1 antibodies and do not cover ROR1, B7-H3, or topoisomerase I inhibitor payloads, thus posing no competitive risk to the ADC program targeting these elements.",164-432-355-010-694,
False,none,"The claims do not mention ROR1 or any characteristics associated with ROR1 targeting, such as involvement in Wnt5a signaling or expression in specific lymphomas.",False,none,"There is no mention of B7-H3, CD276, or any related characteristics in the claims. The focus is on BCMA targeting.",True,high,"The claims explicitly mention an exatecan derivative, which is a known topoisomerase I inhibitor, as the payload in the ADC.",False,The claims do not describe any bispecific or multispecific antibody constructs.,True,"The patent poses a competitive risk due to the high confidence in the use of a topoisomerase I inhibitor payload, specifically an exatecan derivative, which is relevant to the ADC program.",161-222-345-938-38X,
False,none,The claims do not mention ROR1 or any related characteristics such as orphan receptor tyrosine kinase involvement in Wnt5a signaling or expression in specific cancers.,False,none,"The claims do not mention B7-H3, CD276, or any related characteristics such as being a 4Ig B7 family member or overexpression in specific solid tumors.",False,none,"The claims focus on vascular disrupting agents and immune checkpoint inhibitors, with no mention of topoisomerase I inhibitors or related payloads.",False,The claims do not describe any bispecific or multispecific antibodies targeting ROR1 or B7-H3.,False,"There is no indication in the claims of targeting ROR1, B7-H3, or using a topoisomerase I inhibitor payload, thus posing no competitive risk to the ADC program.",182-690-895-735-236,
False,none,The claims do not mention ROR1 or any characteristics specifically associated with ROR1 targeting.,False,none,The claims do not mention B7-H3 or any characteristics specifically associated with B7-H3 targeting.,True,high,"The claims explicitly describe a camptothecin derivative, which is a known topoisomerase I inhibitor, and its use in antibody-drug conjugates.",False,The claims do not describe any bispecific or multispecific antibody constructs.,True,"The patent poses a competitive risk due to the high confidence in the topoisomerase I inhibitor payload claims, specifically the camptothecin derivative used in ADCs.",135-598-405-116-613,
False,none,"The claims do not mention ROR1, orphan receptor tyrosine kinases, or any related signaling pathways or expression profiles that would suggest ROR1 targeting.",False,none,"The claims do not mention B7-H3, CD276, or any characteristics specific to B7-H3 targeting.",False,none,"The claims do not mention topoisomerase I inhibitors, camptothecin derivatives, or any related structural or functional descriptions.",False,"The claims do not describe any bispecific or multispecific antibodies, nor do they suggest targeting ROR1 or B7-H3.",False,"None of the claims suggest targeting ROR1, B7-H3, or using a topoisomerase I inhibitor payload. Therefore, this patent does not pose a competitive risk to the ADC program targeting these elements.",072-285-985-249-357,
False,none,"The claims focus on antibodies specifically binding to ErbB3, with no mention of ROR1 or related characteristics.",False,none,The claims are specific to ErbB3 binding antibodies and do not mention B7-H3 or related characteristics.,False,none,There is no mention of topoisomerase I inhibitors or related payloads in the claims.,False,The claims do not describe any bispecific or multispecific antibody constructs.,False,"The patent claims are specific to ErbB3 binding antibodies and do not overlap with ROR1, B7-H3, or topoisomerase I inhibitor payloads, posing no competitive risk to the ADC program targeting these elements.",095-320-438-454-373,
False,none,"The claims do not mention ROR1 or any characteristics specific to ROR1 targeting, such as Wnt5a signaling or expression in CLL.",False,none,"The claims do not mention B7-H3, CD276, or any specific characteristics of B7-H3 targeting.",False,none,The claims do not specify any topoisomerase I inhibitors or related payloads.,False,The claims do not describe bispecific or multispecific antibodies targeting ROR1 or B7-H3.,False,"None of the criteria for ROR1, B7-H3, or topoisomerase I inhibitor payloads are met with medium or high confidence, and there is no bispecific construct described.",007-433-368-103-736,
False,none,"The claims do not mention ROR1 or any characteristics specific to ROR1 targeting, such as Wnt5a signaling or expression in CLL.",False,none,"The claims do not mention B7-H3, CD276, or any specific characteristics of B7-H3 targeting.",False,none,The claims focus on maytansinoid derivatives and do not mention topoisomerase I inhibitors or related structural features.,False,There are no claims describing bispecific or multispecific antibodies targeting ROR1 or B7-H3.,False,"None of the criteria for ROR1, B7-H3, or topoisomerase I inhibitor payloads are met with medium or high confidence.",004-623-520-427-507,
False,none,"The claims focus on antibodies targeting the extracellular domain of human death receptor 5, with no mention of ROR1 or related characteristics.",False,none,"There is no mention of B7-H3, CD276, or related characteristics in the claims, which are specific to death receptor 5.",False,none,The claims do not mention any topoisomerase I inhibitors or related payloads. The focus is solely on antibodies against death receptor 5.,False,The claims do not describe any bispecific or multispecific antibody constructs.,False,"The patent claims are specific to antibodies targeting death receptor 5 and do not involve ROR1, B7-H3, or topoisomerase I inhibitor payloads. Therefore, it does not pose a competitive risk to the ADC program targeting these elements.",001-872-618-841-835,
False,none,The claims focus on BCMA-specific binding domains and do not mention ROR1 or any characteristics associated with ROR1 targeting.,False,none,"There is no mention of B7-H3, CD276, or any related characteristics in the claims. The focus is on BCMA-specific binding domains.",False,none,The claims do not mention topoisomerase I inhibitors or any related payloads. The focus is on CAR T cells and γ-secretase inhibitors.,False,The claims do not describe bispecific or multispecific antibodies. They focus on CAR T cells targeting BCMA.,False,"The patent claims are specific to BCMA-targeting CAR T cells and γ-secretase inhibitors, with no mention of ROR1, B7-H3, or topoisomerase I inhibitors. Therefore, it does not pose a competitive risk to the ADC program targeting these elements.",019-993-352-924-821,
False,none,"The claims do not mention ROR1, NTRKR1, or any specific characteristics of ROR1 such as Wnt5a signaling or expression in specific cancers. The focus is on vaccine compositions with integrin agonists.",False,none,"There is no mention of B7-H3, CD276, or any specific characteristics of B7-H3 in the claims. The claims are centered around integrin agonists and vaccine compositions.",False,none,"The claims do not reference topoisomerase I inhibitors, camptothecin derivatives, or any related structural descriptions. The focus is on integrin agonists and vaccine compositions.",False,The claims do not describe any bispecific or multispecific antibodies. The focus is on vaccine compositions with integrin agonists.,False,"None of the claims relate to ROR1, B7-H3, or topoisomerase I inhibitors, nor do they describe bispecific constructs involving these targets. Therefore, there is no competitive risk to the ADC program targeting these elements.",026-916-653-640-683,
False,none,The claims do not mention ROR1 or any related characteristics or antibodies targeting ROR1.,False,none,"The claims do not mention B7-H3, CD276, or any related characteristics or antibodies targeting B7-H3.",False,none,The claims focus on paclitaxel and do not mention any topoisomerase I inhibitors or related payloads.,False,The claims do not describe any bispecific or multispecific antibodies.,False,"The claims do not cover ROR1, B7-H3, or topoisomerase I inhibitors, and there are no bispecific constructs involving these targets. Therefore, there is no competitive risk to the ADC program.",045-811-469-840-894,
False,none,"The claims do not mention ROR1 or any characteristics specific to ROR1 targeting, such as involvement in Wnt5a signaling or expression in CLL.",False,none,"There is no mention of B7-H3, CD276, or any related characteristics in the claims.",False,none,The claims do not reference any topoisomerase I inhibitors or related compounds such as camptothecin derivatives.,False,The claims do not describe any bispecific or multispecific antibody constructs.,False,"The patent claims focus on a combination of a specific quinazoline compound and Her2 inhibitors, with no relevance to ROR1, B7-H3, or topoisomerase I inhibitors. Therefore, it poses no competitive risk to the ADC program targeting these elements.",034-424-644-064-636,
False,none,"The claims do not mention ROR1 or any characteristics specific to ROR1 targeting, such as involvement in Wnt5a signaling or expression in specific lymphomas.",False,none,"The claims do not mention B7-H3, CD276, or any specific characteristics of B7-H3 targeting, such as its expression profile in solid tumors.",False,none,The claims do not mention topoisomerase I inhibitors or any related compounds such as camptothecin derivatives.,False,The claims do not describe any bispecific or multispecific antibody constructs.,False,"There is no indication in the claims of targeting ROR1, B7-H3, or using a topoisomerase I inhibitor payload, nor is there any bispecific construct described. Therefore, this patent does not pose a competitive risk to the ADC program targeting these elements.",037-793-979-077-984,
False,none,"The claims focus on a bispecific antibody targeting BCMA and CD3, with no mention of ROR1 or related characteristics.",False,none,"There is no mention of B7-H3, CD276, or related characteristics in the claims.",False,none,The claims do not mention any topoisomerase I inhibitors or related payloads.,False,"While the claims describe a bispecific antibody, neither arm targets ROR1 or B7-H3.",False,"The patent does not pose a competitive risk to an ADC program targeting ROR1, B7-H3, or using a topoisomerase I inhibitor payload, as none of these elements are claimed.",060-729-974-248-550,
False,none,"The claims focus on antibodies targeting OX40, with no mention of ROR1 or related receptor characteristics.",False,none,The claims do not mention B7-H3 or any related characteristics specific to B7-H3 targeting.,False,none,There is no mention of topoisomerase I inhibitors or related payloads in the claims.,False,The claims do not describe a bispecific antibody involving ROR1 or B7-H3.,False,"None of the criteria for ROR1, B7-H3, or topoisomerase I inhibitor payloads are met with medium or high confidence, and no bispecific constructs involving these targets are claimed.",063-199-333-948-358,
False,none,"The claims do not mention ROR1 or any characteristics specific to ROR1, such as involvement in Wnt5a signaling or expression in CLL or mantle cell lymphoma.",True,high,"Claim 22 explicitly mentions B7-H3 as a target for the antibody, which directly supports high confidence in B7-H3 targeting.",False,none,The claims do not specify a topoisomerase I inhibitor or any related compounds such as camptothecin derivatives.,False,The claims do not describe a bispecific or multispecific antibody construct.,True,The high confidence in B7-H3 targeting from claim 22 indicates a competitive risk to an ADC program targeting B7-H3.,072-247-692-226-840,
False,none,The claims focus on antibodies targeting folate receptor α (FRα) and do not mention ROR1 or any related characteristics.,False,none,The claims are specific to folate receptor α and do not mention B7-H3 or any related characteristics.,True,high,"The claims explicitly mention DNA topoisomerase I inhibitors, including irinotecan, camptothecin, and other derivatives, as potential payloads for the antibody-drug conjugates.",False,The claims do not describe any bispecific or multispecific antibody constructs.,True,"The patent poses a competitive risk due to the high confidence in the use of topoisomerase I inhibitor payloads, which are relevant to the ADC program.",053-552-740-929-041,
False,none,"The claims do not mention ROR1 or any characteristics specific to ROR1 targeting, such as involvement in Wnt5a signaling or expression in CLL or mantle cell lymphoma.",False,none,"The claims do not mention B7-H3, CD276, or any specific characteristics of B7-H3 targeting, such as being a 4Ig B7 family member or overexpression in specific cancers.",False,none,"The claims do not specify any topoisomerase I inhibitors or related payloads, nor do they describe any camptothecin derivatives or similar structures.",False,The claims describe engineered extracellular vesicles with antigen binding domains but do not specify bispecific or multispecific antibodies targeting ROR1 or B7-H3.,False,"None of the claims indicate targeting of ROR1, B7-H3, or the use of a topoisomerase I inhibitor payload. Therefore, there is no competitive risk to the ADC program based on the evaluated criteria.",094-618-415-302-479,
False,none,"The claims focus on a chimeric antigen receptor (CAR) targeting CLL-1, with no mention of ROR1 or related receptor tyrosine kinases.",False,none,"While B7-H3 is mentioned in the context of costimulatory domains, the claims do not target B7-H3 as an antigen. The focus is on CLL-1 targeting CARs.",False,none,"There is no mention of topoisomerase I inhibitors or related payloads in the claims, which are centered on CAR constructs targeting CLL-1.",False,The claims do not describe bispecific or multispecific antibodies; they focus on CAR constructs targeting CLL-1.,False,"The patent claims are specific to CAR constructs targeting CLL-1 and do not involve ROR1, B7-H3, or topoisomerase I inhibitors, thus posing no competitive risk to the ADC program targeting these elements.",093-235-485-843-735,
False,none,The claims focus on an antibody targeting the human anti-Müllerian hormone type II receptor (AMHR-II) and do not mention ROR1 or related characteristics.,False,none,"There is no mention of B7-H3, CD276, or related characteristics in the claims. The focus is solely on AMHR-II.",False,none,"The claims specify anticancer agents like carboplatin, paclitaxel, and doxorubicin, none of which are topoisomerase I inhibitors. There is no mention of topoisomerase I inhibitors or related payloads.",False,The claims do not describe any bispecific or multispecific antibody constructs.,False,"The patent claims do not cover ROR1, B7-H3, or topoisomerase I inhibitor payloads, and there are no bispecific constructs involving these targets. Therefore, it does not pose a competitive risk to the ADC program targeting these elements.",092-941-958-465-626,
False,none,"The claims do not mention ROR1, NTRKR1, or any specific characteristics of an orphan receptor tyrosine kinase that would suggest ROR1 targeting. The focus is on methods of making CAR-expressing cells without specifying ROR1 as a target.",False,none,"The claims do not mention B7-H3, CD276, or any specific characteristics of a B7 family member that would suggest B7-H3 targeting. The focus is on methods of making CAR-expressing cells without specifying B7-H3 as a target.",False,none,"The claims do not mention topoisomerase I inhibitors or any specific payloads related to topoisomerase I inhibition. The focus is on CAR-expressing cells, not on ADC payloads.",False,"The claims do not describe bispecific or multispecific antibodies. The focus is on CAR-expressing cells, not on bispecific constructs.",False,"None of the criteria for ROR1, B7-H3, or topoisomerase I inhibitor payloads are met with medium or high confidence. The patent focuses on CAR-expressing cells without specifying these targets or payloads, indicating no competitive risk to the ADC program.",110-474-067-782-223,
False,none,"The claims do not mention ROR1 or any characteristics specific to ROR1, such as involvement in Wnt5a signaling or expression in CLL or mantle cell lymphoma.",True,medium,"The claims include B7-H3 in the list of possible signaling domains for the CAR T cells, indicating potential targeting of B7-H3.",False,none,There is no mention of topoisomerase I inhibitors or related payloads in the claims.,False,The claims describe CAR T cells with bi-functional molecules but do not describe bispecific antibodies targeting ROR1 or B7-H3.,True,The presence of B7-H3 in the claims with medium confidence suggests potential competitive risk to programs targeting B7-H3.,115-010-095-435-743,
False,none,"The claims do not mention ROR1, orphan receptor tyrosine kinases, or any related characteristics that would suggest targeting ROR1.",False,none,"The claims do not mention B7-H3, CD276, or any related characteristics that would suggest targeting B7-H3.",False,none,"The claims do not mention topoisomerase I inhibitors, camptothecin derivatives, or any related characteristics that would suggest a topoisomerase I inhibitor payload.",False,The claims do not describe any bispecific or multispecific antibodies targeting ROR1 or B7-H3.,False,"The patent does not claim any elements related to ROR1, B7-H3, or topoisomerase I inhibitors, thus posing no competitive risk to the ADC program targeting these elements.",109-585-379-102-764,
False,none,"The claims do not mention ROR1, NTRKR1, or any related receptor tyrosine kinase. There is no indication of targeting ROR1 or any characteristics associated with it.",False,none,"The claims do not mention B7-H3, CD276, or any related B7 family member. There is no indication of targeting B7-H3 or any characteristics associated with it.",False,none,The claims do not mention any topoisomerase I inhibitors or related payloads. There is no indication of using a topoisomerase I inhibitor as a payload.,False,The claims do not describe any bispecific or multispecific antibody constructs targeting ROR1 or B7-H3.,False,"None of the criteria for ROR1, B7-H3, or topoisomerase I inhibitor payloads are met with medium or high confidence. The patent does not pose a competitive risk to the ADC program targeting these elements.",119-971-189-118-528,
False,none,"The claims do not mention ROR1 or any characteristics specific to ROR1, such as involvement in Wnt5a signaling or expression in CLL. The focus is on a combination drug with a cancer immunotherapy agent and a specific compound, without reference to ROR1.",False,none,"There is no mention of B7-H3, CD276, or any specific characteristics of B7-H3 in the claims. The claims focus on a combination drug with a cancer immunotherapy agent and a specific compound, without reference to B7-H3.",False,none,"The claims do not mention topoisomerase I inhibitors or any specific payloads related to topoisomerase I inhibition. The focus is on a combination drug with a cancer immunotherapy agent and a specific compound, without reference to topoisomerase I inhibitors.",False,The claims do not describe any bispecific or multispecific antibodies. The focus is on a combination drug with a cancer immunotherapy agent and a specific compound.,False,"None of the criteria for ROR1, B7-H3, or topoisomerase I inhibitor payloads are met with medium or high confidence. The claims focus on a combination drug with a cancer immunotherapy agent and a specific compound, which does not overlap with the ADC program targeting ROR1, B7-H3, or topoisomerase I inhibitors.",132-580-173-349-64X,
False,none,"The claims focus on antibodies targeting the extracellular domain of human c-Kit, with no mention of ROR1 or related characteristics.",False,none,The claims are specific to c-Kit targeting antibodies and do not mention B7-H3 or any related features.,False,none,There is no mention of a topoisomerase I inhibitor payload or related compounds in the claims.,False,The claims do not describe any bispecific or multispecific antibody constructs.,False,"The patent claims are specific to c-Kit targeting antibodies and do not overlap with ROR1, B7-H3, or topoisomerase I inhibitor payloads, indicating no competitive risk.",141-745-431-206-801,
False,none,"The claims do not mention ROR1, NTRKR1, or any specific characteristics of ROR1 targeting. There is no indication of antibodies or compounds targeting ROR1.",False,none,"The claims do not mention B7-H3, CD276, or any specific characteristics of B7-H3 targeting. There is no indication of antibodies or compounds targeting B7-H3.",False,none,The claims do not mention topoisomerase I inhibitors or any specific payloads related to topoisomerase I inhibition. The focus is on immunomodulating polynucleotides and their conjugates.,False,The claims do not describe bispecific or multispecific antibodies targeting ROR1 or B7-H3.,False,"There is no indication of competitive risk to an ADC program targeting ROR1, B7-H3, or using a topoisomerase I inhibitor payload based on the claims. The patent focuses on immunomodulating polynucleotides and their conjugates, which do not overlap with the specified ADC targets or payloads.",145-345-053-478-086,
False,none,"The claims focus on antibodies targeting RSPO3, with no mention of ROR1 or related receptor tyrosine kinases.",False,none,"There is no mention of B7-H3, CD276, or related B7 family members in the claims.",False,none,"The claims do not specify any payloads, including topoisomerase I inhibitors or related compounds.",False,The claims do not describe any bispecific or multispecific antibody constructs.,False,"The patent claims are specific to RSPO3-targeting antibodies and do not overlap with ROR1, B7-H3, or topoisomerase I inhibitor payloads, indicating no competitive risk to the ADC program.",150-180-095-827-430,
False,none,"The claims focus on engineered effector cells targeting CD46, with no mention of ROR1 or related receptor characteristics.",False,none,"There is no mention of B7-H3, CD276, or related characteristics in the claims, which are specific to CD46.",False,none,The claims do not mention any topoisomerase I inhibitors or related payloads; they focus on engineered effector cells targeting CD46.,False,The claims do not describe any bispecific or multispecific antibodies; they are focused on single-target CD46-specific effector cells.,False,"The patent claims are specific to CD46-targeting effector cells and do not overlap with ROR1, B7-H3, or topoisomerase I inhibitor payloads, posing no competitive risk to the ADC program.",174-998-427-147-186,
False,none,"The claims do not mention ROR1 or any characteristics specific to ROR1, such as involvement in Wnt5a signaling or expression in CLL or mantle cell lymphoma.",False,none,"The claims do not mention B7-H3, CD276, or any specific characteristics of B7-H3, such as being a 4Ig B7 family member or overexpression in specific solid tumors.",False,none,The claims do not mention any topoisomerase I inhibitors or related payloads such as camptothecin derivatives or specific topoisomerase I inhibitor drugs.,False,The claims do not describe any bispecific or multispecific antibodies targeting ROR1 or B7-H3.,False,"None of the criteria for ROR1, B7-H3, or topoisomerase I inhibitor payloads are met with medium or high confidence, and there are no bispecific constructs targeting these antigens.",181-298-016-523-251,
False,none,"The claims do not mention ROR1 or any characteristics specifically associated with ROR1 targeting, such as Wnt5a signaling or expression in CLL.",False,none,"The claims do not mention B7-H3, CD276, or any specific characteristics of B7-H3 targeting, such as overexpression in certain solid tumors.",False,none,The claims do not mention topoisomerase I inhibitors or any specific payloads related to topoisomerase I inhibition.,False,The claims do not describe any bispecific or multispecific antibody constructs.,False,"None of the claims indicate targeting of ROR1, B7-H3, or the use of a topoisomerase I inhibitor payload. Therefore, there is no competitive risk to the ADC program based on the evaluated criteria.",167-735-148-062-739,
False,none,"The claims do not mention ROR1 or any characteristics specific to ROR1 targeting, such as involvement in Wnt5a signaling or expression in CLL.",False,none,"There is no mention of B7-H3, CD276, or any specific characteristics of B7-H3 targeting in the claims.",False,none,The claims do not mention topoisomerase I inhibitors or any related compounds such as camptothecin derivatives.,False,The claims do not describe any bispecific or multispecific antibody constructs.,False,"The patent claims focus on a pharmaceutical combination involving a compound of formula A and PD-1/PD-L1 inhibitors, with no mention of ROR1, B7-H3, or topoisomerase I inhibitors. Therefore, it does not pose a competitive risk to the ADC program targeting these elements.",168-493-628-931-54X,
False,none,The claims focus on inhibitors of IL-38 and do not mention ROR1 or any related characteristics such as orphan receptor tyrosine kinase or Wnt5a signaling.,False,none,"There is no mention of B7-H3, CD276, or any related characteristics in the claims. The focus is solely on IL-38 inhibition.",False,none,The claims do not mention any topoisomerase I inhibitors or related payloads. The focus is on IL-38 inhibitors for cancer treatment.,False,The claims do not describe any bispecific or multispecific antibodies. They focus on monoclonal antibodies targeting IL-38.,False,"The patent claims are specific to IL-38 inhibitors and do not overlap with ROR1, B7-H3, or topoisomerase I inhibitor payloads. Therefore, it does not pose a competitive risk to the ADC program targeting these elements.",168-621-570-767-276,
False,none,The claims do not mention ROR1 or any characteristics specifically associated with ROR1 targeting.,True,high,"Claim 2 and Claim 9 explicitly list B7-H3 (CD276) as a target for the ADC, indicating high confidence in B7-H3 targeting.",False,none,"The claims focus on maytansinoid derivatives as payloads, with no mention of topoisomerase I inhibitors or related compounds.",False,The claims do not describe any bispecific or multispecific antibody constructs.,True,The high confidence in B7-H3 targeting indicates a competitive risk to ADC programs targeting B7-H3.,187-196-200-675-141,
False,none,"The claims do not mention ROR1 or any characteristics specific to ROR1, such as involvement in Wnt5a signaling or expression in CLL or mantle cell lymphoma.",True,high,"Claim 3 explicitly mentions B7-H3 as a co-inhibitory immune checkpoint protein that can be antagonized by the antibody, indicating a high confidence in B7-H3 targeting.",False,none,The claims do not mention any topoisomerase I inhibitors or related payloads such as camptothecin derivatives.,False,The claims do not describe any bispecific or multispecific antibody constructs.,True,The high confidence in B7-H3 targeting poses a competitive risk to an ADC program targeting B7-H3.,026-942-415-959-751,
False,none,"The claims do not mention ROR1 or any specific characteristics associated with ROR1 targeting, such as involvement in Wnt5a signaling or expression in specific cancers.",False,none,"The claims do not mention B7-H3, CD276, or any specific characteristics associated with B7-H3 targeting, such as overexpression in certain solid tumors.",False,none,"The claims do not specify any topoisomerase I inhibitors or related payloads, nor do they describe any structural features typical of camptothecin derivatives.",False,The claims do not describe any bispecific or multispecific antibody constructs targeting ROR1 or B7-H3.,False,"None of the criteria for ROR1, B7-H3, or topoisomerase I inhibitor payloads are met with medium or high confidence, and there are no bispecific constructs described. Therefore, this patent does not pose a competitive risk to the ADC program.",114-026-342-813-634,
False,none,"The claims do not mention ROR1 or any characteristics specifically associated with ROR1 targeting, such as involvement in Wnt5a signaling or expression in CLL or mantle cell lymphoma.",False,none,"The claims do not mention B7-H3, CD276, or any specific characteristics of B7-H3 targeting. There is no description of a 4Ig B7 family member or exclusion of other B7 family members.",False,none,"The claims specify cytotoxins such as saporin, gelonin, or Pseudomonas exotoxin, but do not mention topoisomerase I inhibitors or related compounds like camptothecin derivatives.",False,The claims do not describe any bispecific or multispecific antibody constructs.,False,"None of the claims support targeting ROR1, B7-H3, or using a topoisomerase I inhibitor payload. Therefore, this patent does not pose a competitive risk to the ADC program targeting these elements.",132-848-532-814-393,
False,none,"The claims do not mention ROR1 or any characteristics specific to ROR1 targeting. The antibody sequences provided are specific to anti-CD22, not ROR1.",False,none,"There is no mention of B7-H3, CD276, or any related characteristics in the claims. The focus is on anti-CD22 antibodies.",False,none,"The claims specify calicheamicin derivatives as the payload, which are not topoisomerase I inhibitors. There is no mention of topoisomerase I inhibitors or related compounds.",False,The claims do not describe any bispecific or multispecific antibodies. The focus is on monomeric calicheamicin derivative/anti-CD22 antibody conjugates.,False,"None of the criteria for ROR1, B7-H3, or topoisomerase I inhibitor payloads are met with medium or high confidence. The patent does not pose a competitive risk to the ADC program targeting these specific elements.",113-363-909-332-50X,
False,none,"The claims do not mention ROR1 or any characteristics specific to ROR1 targeting, such as Wnt5a signaling or expression in CLL.",True,high,"Claim 166 explicitly mentions B7-H3 as a target for an immune pathway checkpoint modulator, which directly supports B7-H3 targeting.",False,none,There is no mention of topoisomerase I inhibitors or related payloads in the claims.,False,The claims do not describe any bispecific or multispecific antibody constructs.,True,The high confidence in B7-H3 targeting indicates a competitive risk to ADC programs targeting B7-H3.,002-524-677-968-153,
False,none,"The claims focus on bispecific agents targeting CD3 and CLDN6, with no mention of ROR1 or related characteristics.",False,none,"There is no mention of B7-H3, CD276, or related characteristics in the claims.",False,none,The claims do not mention any topoisomerase I inhibitors or related payloads.,False,"The claims describe bispecific agents targeting CD3 and CLDN6, but neither target is ROR1 or B7-H3.",False,"The patent does not pose a competitive risk to an ADC program targeting ROR1, B7-H3, or using a topoisomerase I inhibitor payload, as none of these elements are claimed.",010-301-469-898-076,
False,none,"The claims do not mention ROR1 or any specific characteristics associated with ROR1 targeting, such as involvement in Wnt5a signaling or expression in specific cancers.",False,none,"The claims do not mention B7-H3, CD276, or any specific characteristics associated with B7-H3 targeting, such as its expression profile in various tumors.",False,none,The claims do not specify any topoisomerase I inhibitors or related compounds such as camptothecin derivatives. The focus is on a β-galactoside-introduced self-immolative linker without specific payload details.,False,The claims do not describe any bispecific or multispecific antibody constructs targeting ROR1 or B7-H3.,False,"There is no indication from the claims that the patent poses a competitive risk to ADC programs targeting ROR1, B7-H3, or using a topoisomerase I inhibitor payload.",022-321-066-234-615,
False,none,"The claims focus on antibodies targeting integrin A6B4, with no mention of ROR1 or related receptor tyrosine kinases.",False,none,"There is no mention of B7-H3, CD276, or any related B7 family members in the claims.",False,low,"While the claims mention anticancer agents like irinotecan, a topoisomerase I inhibitor, the focus is on the antibody's role in enhancing sensitivity to these agents, not on ADCs with topoisomerase I inhibitor payloads.",False,The claims do not describe any bispecific or multispecific antibody constructs.,False,"The patent claims are specific to integrin A6B4 targeting antibodies and do not overlap with ROR1, B7-H3, or ADCs with topoisomerase I inhibitor payloads.",029-098-715-929-122,
False,none,"The claims do not mention ROR1, NTRKR1, or any related receptor tyrosine kinase with characteristics specific to ROR1. There is no indication of targeting ROR1 in the described cell therapies or CAR constructs.",True,high,"The claims explicitly mention CAR constructs specific to B7H3, indicating a clear intent to target B7-H3 in the described cell therapies.",False,none,"There is no mention of topoisomerase I inhibitors or related payloads such as DXd, SN-38, or camptothecin derivatives in the claims.",False,The claims do not describe bispecific or multispecific antibodies targeting ROR1 or B7-H3.,True,The high confidence in B7-H3 targeting through CAR constructs indicates a competitive risk to ADC programs targeting B7-H3.,029-917-213-141-374,
False,none,The claims focus on a HER2-targeting ADC and do not mention ROR1 or any characteristics associated with ROR1 targeting.,False,none,"There is no mention of B7-H3, CD276, or any related characteristics in the claims.",False,none,The claims do not specify a topoisomerase I inhibitor or any related payload. The focus is on STING agonists.,False,The claims do not describe a bispecific or multispecific antibody construct.,False,"The patent claims are specific to HER2-targeting ADCs with STING agonists and do not overlap with ROR1, B7-H3, or topoisomerase I inhibitor payloads.",033-172-522-171-439,
False,none,"The claims do not mention ROR1 or any characteristics specific to ROR1 targeting, such as involvement in Wnt5a signaling or expression in specific cancers.",False,none,"The claims do not mention B7-H3, CD276, or any specific characteristics of B7-H3 targeting, such as being a 4Ig B7 family member or overexpression in specific cancers.",False,none,"The claims do not mention topoisomerase I inhibitors or any specific payloads related to topoisomerase I inhibition, such as camptothecin derivatives.",False,The claims do not describe any bispecific or multispecific antibody constructs targeting ROR1 or B7-H3.,False,"There is no indication in the claims of targeting ROR1, B7-H3, or using a topoisomerase I inhibitor payload. Therefore, this patent does not pose a competitive risk to the ADC program targeting these elements.",071-628-990-401-590,
False,none,The claims do not mention ROR1 or any related characteristics such as orphan receptor tyrosine kinase involvement in Wnt5a signaling or expression in specific cancers.,False,none,"The claims do not mention B7-H3, CD276, or any related characteristics such as being a 4Ig B7 family member overexpressed in specific cancers.",False,none,The claims do not mention topoisomerase I inhibitors or any related compounds such as camptothecin derivatives.,False,The claims do not describe any bispecific or multispecific antibody constructs.,False,"None of the claims relate to ROR1, B7-H3, or topoisomerase I inhibitors, and there are no bispecific constructs described. Therefore, there is no competitive risk to the ADC program targeting these elements.",091-293-296-030-033,
True,high,The claims explicitly mention ROR1 as a target for the antigen binding domain of the chimeric antigen receptor (CAR) in the lentiviral vector composition.,True,high,The claims explicitly mention B7-H3 (CD276) as a target for the antigen binding domain of the chimeric antigen receptor (CAR) in the lentiviral vector composition.,False,none,There is no mention of topoisomerase I inhibitors or related payloads in the claims.,False,The claims do not describe a bispecific or multispecific antibody construct.,True,"The patent poses a competitive risk due to high confidence in targeting both ROR1 and B7-H3, which are relevant to the ADC program.",099-899-110-135-847,
False,none,"The claims focus on WT1 peptides and related immunotherapy compositions, with no mention of ROR1 or related receptor tyrosine kinases.",False,none,"There is no mention of B7-H3, CD276, or any related B7 family members in the claims. The focus is solely on WT1 peptides.",False,none,The claims do not mention any topoisomerase I inhibitors or related payloads. The invention is centered around peptide-based immunotherapy.,False,The claims do not describe any bispecific or multispecific antibody constructs. The focus is on peptide combinations and immune cell therapies.,False,"The patent claims are specific to WT1 peptide-based immunotherapy and do not overlap with ROR1, B7-H3, or topoisomerase I inhibitor payloads. Therefore, it poses no competitive risk to the ADC program targeting these elements.",110-675-003-933-265,
False,none,"The claims do not mention ROR1 or any specific characteristics associated with ROR1, such as Wnt5a signaling or expression in CLL. The focus is on antibodies targeting cell surface antigens subject to receptor-mediated endocytosis, without specifying ROR1.",False,none,"There is no mention of B7-H3, CD276, or any specific characteristics of B7-H3 in the claims. The claims focus on antibodies targeting cell surface antigens subject to receptor-mediated endocytosis, without specifying B7-H3.",False,none,"The claims do not mention topoisomerase I inhibitors or any specific payloads related to topoisomerase I inhibition. The focus is on the use of endocytosis inhibitors and antibodies, not on cytotoxic payloads.",False,The claims do not describe bispecific or multispecific antibodies. The focus is on compositions and methods involving single antibodies and endocytosis inhibitors.,False,"None of the criteria for ROR1, B7-H3, or topoisomerase I inhibitor payloads are met with medium or high confidence. The claims focus on endocytosis inhibitors and antibodies without specifying targets or payloads relevant to the ADC program.",108-520-194-823-633,
False,none,The claims focus on antibodies targeting CAPRIN-1 protein and do not mention ROR1 or any related characteristics such as Wnt5a signaling or expression in specific lymphomas.,False,none,"There is no mention of B7-H3, CD276, or any related characteristics in the claims. The focus is solely on CAPRIN-1 protein.",False,none,The claims do not mention any topoisomerase I inhibitors or related payloads. The focus is on a combination of a pyrimidine-based drug and cisplatin.,False,The claims do not describe any bispecific or multispecific antibody constructs. The focus is on antibodies targeting CAPRIN-1 protein.,False,"The patent does not pose a competitive risk to an ADC program targeting ROR1, B7-H3, or using a topoisomerase I inhibitor payload, as it is focused on CAPRIN-1 targeting antibodies combined with pyrimidine-based drugs and cisplatin.",118-448-476-629-096,
False,none,"The claims do not mention ROR1 or any characteristics specific to ROR1, such as involvement in Wnt5a signaling or expression in CLL.",False,none,"The claims do not mention B7-H3, CD276, or any specific characteristics of B7-H3. The focus is on EGFRvIII and HER2.",False,none,There is no mention of topoisomerase I inhibitors or related payloads in the claims.,False,"The claims describe bispecific constructs targeting EGFRvIII and HER2, but do not involve ROR1 or B7-H3.",False,"The patent does not pose a competitive risk to an ADC program targeting ROR1, B7-H3, or using a topoisomerase I inhibitor payload, as none of these elements are claimed.",120-391-194-753-336,
False,none,"The claims do not mention ROR1 or any characteristics specifically associated with ROR1 targeting, such as involvement in Wnt5a signaling or expression in CLL.",False,none,"The claims do not mention B7-H3, CD276, or any specific characteristics of B7-H3 targeting, such as being a 4Ig B7 family member or overexpression in specific solid tumors.",False,none,"The claims do not mention topoisomerase I inhibitors or any specific payloads related to topoisomerase I inhibition, such as camptothecin derivatives.",False,The claims do not describe any bispecific or multispecific antibody constructs.,False,"None of the claims indicate targeting of ROR1, B7-H3, or the use of a topoisomerase I inhibitor payload. Therefore, there is no competitive risk to the ADC program based on the provided claims.",143-679-203-314-464,
False,none,The claims focus exclusively on an anti-HER2 antibody-drug conjugate and do not mention ROR1 or any characteristics associated with ROR1 targeting.,False,none,"There is no mention of B7-H3, CD276, or any related characteristics in the claims. The focus is solely on HER2 targeting.",False,none,The claims do not specify a topoisomerase I inhibitor payload. The focus is on a combination of an anti-HER2 ADC with a PARP1 inhibitor.,False,The claims do not describe any bispecific or multispecific antibody constructs.,False,"The patent claims are specific to an anti-HER2 ADC combined with a PARP1 inhibitor, with no mention of ROR1, B7-H3, or topoisomerase I inhibitors. Therefore, it does not pose a competitive risk to the specified ADC program.",141-539-598-312-123,
False,none,"The claims do not mention ROR1 or any characteristics specific to ROR1 targeting, such as Wnt5a signaling or expression in CLL.",False,none,"The claims do not mention B7-H3, CD276, or any specific characteristics of B7-H3 targeting.",False,none,The claims do not specify a topoisomerase I inhibitor or any related compounds such as camptothecin derivatives.,False,"While the claims mention a bispecific ligand, there is no indication that one arm targets ROR1 or B7-H3.",False,"None of the criteria for ROR1, B7-H3, or topoisomerase I inhibitor payloads are met with medium or high confidence, and the bispecific construct does not involve these targets.",139-909-786-566-749,
False,none,"The claims focus on antibodies targeting HER2 and HER3, with no mention of ROR1 or related characteristics.",False,none,"There is no mention of B7-H3, CD276, or related characteristics in the claims.",False,low,"While claim 21 mentions a topoisomerase inhibitor as a potential second agent, it does not specify a topoisomerase I inhibitor or any specific compounds like SN-38 or camptothecin derivatives.",False,"The claims describe bispecific antibodies targeting HER2 and HER3, but do not involve ROR1 or B7-H3.",False,"The patent does not pose a competitive risk to an ADC program targeting ROR1, B7-H3, or using a topoisomerase I inhibitor payload, as none of these elements are claimed with medium or high confidence.",154-785-207-425-514,
False,none,"The claims do not mention ROR1 or any characteristics specifically associated with ROR1 targeting, such as Wnt5a signaling or expression in CLL.",False,none,"There is no mention of B7-H3, CD276, or any related characteristics in the claims. The focus is on anti-TIGIT and anti-CTLA4-anti-PD-1 bispecific antibodies.",False,none,The claims do not specify any topoisomerase I inhibitors or related payloads. The mention of chemotherapeutic drugs is generic and does not specify topoisomerase I inhibitors.,False,"While the claims describe a bispecific antibody targeting CTLA4 and PD-1, neither arm targets ROR1 or B7-H3.",False,"None of the criteria for ROR1, B7-H3, or topoisomerase I inhibitor payloads are met with medium or high confidence. The bispecific antibody described does not involve ROR1 or B7-H3, so there is no competitive risk to the ADC program targeting these antigens.",156-742-984-141-041,
False,none,The claims focus on IgM solutions and do not mention ROR1 or any related receptor tyrosine kinase characteristics.,False,none,"There is no mention of B7-H3, CD276, or any related B7 family member in the claims.",False,none,The claims do not reference any topoisomerase I inhibitors or related payloads.,False,The claims do not describe any bispecific or multispecific antibody constructs.,False,"The patent claims are specific to IgM solutions and do not relate to ROR1, B7-H3, or topoisomerase I inhibitor payloads, thus posing no competitive risk to the ADC program.",147-850-638-044-945,
True,high,"Claim 16 explicitly lists 'receptor tyrosine kinase like orphan receptor 1 (ROR1)' as a tumor antigen, which directly supports high confidence for ROR1 targeting.",True,high,"Claim 15 explicitly mentions 'B7-H3' as an activating antigen on an immune effector cell, providing high confidence for B7-H3 targeting.",False,none,"The claims do not mention any topoisomerase I inhibitors or related payloads, nor do they describe mechanisms or structures associated with topoisomerase I inhibition.",True,"Claims describe bispecific and trispecific antibodies, with one arm potentially targeting ROR1 or B7-H3, as indicated in claims 10 and 16.",True,"The patent poses a competitive risk due to high confidence in both ROR1 and B7-H3 targeting, and the presence of bispecific constructs involving these targets.",164-437-065-726-849,
False,none,The claims focus on T cell receptors targeting gp100 and do not mention ROR1 or any related characteristics.,False,none,"There is no mention of B7-H3, CD276, or related characteristics in the claims.",False,none,The claims do not mention topoisomerase I inhibitors or related payloads.,False,The claims describe bispecific TCRs but do not involve ROR1 or B7-H3 as one of the targets.,False,"None of the criteria for ROR1, B7-H3, or topoisomerase I inhibitor payloads are met, and the bispecific constructs do not involve these targets.",161-063-422-389-674,
False,none,The claims focus on an anti-CCR8 antibody and do not mention ROR1 or any related characteristics such as orphan receptor tyrosine kinase involvement or expression patterns associated with ROR1.,False,none,"There is no mention of B7-H3, CD276, or any related characteristics in the claims. The focus is solely on CCR8 and associated antibodies.",False,none,"The claims list specific chemotherapeutic agents, none of which are topoisomerase I inhibitors. The focus is on agents like platinum complexes, taxanes, and gemcitabine.",False,"The claims do not describe any bispecific or multispecific antibody constructs. The focus is on a single target, CCR8.",False,"The patent does not pose a competitive risk to an ADC program targeting ROR1, B7-H3, or using a topoisomerase I inhibitor payload, as none of these elements are addressed in the claims.",172-930-662-538-175,
False,none,"The claims do not mention ROR1 or any characteristics specific to ROR1 targeting, such as involvement in Wnt5a signaling or expression in CLL.",False,none,"The claims do not mention B7-H3, CD276, or any characteristics specific to B7-H3 targeting, such as being a 4Ig B7 family member.",False,none,The claims do not mention topoisomerase I inhibitors or any related compounds such as camptothecin derivatives.,False,The claims do not describe any bispecific or multispecific antibodies.,False,"The patent claims focus on combinations of HDAC6 inhibitors and PD-L1 inhibitors, with no mention of ROR1, B7-H3, or topoisomerase I inhibitors, thus posing no competitive risk to the ADC program targeting these elements.",180-152-554-081-384,
False,none,"The claims do not mention ROR1 or any characteristics specific to ROR1 targeting, such as Wnt5a signaling or expression in CLL.",False,none,"The claims do not mention B7-H3, CD276, or any specific characteristics of B7-H3 targeting.",True,high,"Claim 2 explicitly lists topotecan and irinotecan, both of which are topoisomerase I inhibitors, as potential drugs encapsulated in the liposome composition.",False,The claims do not describe any bispecific or multispecific antibody constructs.,True,The high confidence in the topoisomerase I inhibitor payload being claimed poses a competitive risk to ADC programs using similar payloads.,189-631-446-134-085,
True,high,"The claims explicitly mention an anti-ROR-1 antibody, which directly targets the ROR1 receptor.",False,none,"There is no mention of B7-H3 or CD276 in the claims, nor any description that matches the characteristics of B7-H3.",False,none,"The payload described in the claims is eribulin, which is not a topoisomerase I inhibitor. There is no mention of any topoisomerase I inhibitors or related structural descriptions.",False,The claims do not describe any bispecific or multispecific antibody constructs.,True,The patent poses a competitive risk to an ADC program targeting ROR1 due to the high confidence in the claims specifying an anti-ROR-1 antibody.,198-409-690-685-216,
False,none,"The claims do not mention ROR1 or any related characteristics such as orphan receptor tyrosine kinase involvement, Wnt5a signaling, or expression in specific cancers.",False,none,"The claims do not mention B7-H3, CD276, or any related characteristics such as being a 4Ig B7 family member or overexpression in specific tumors.",False,none,The claims do not mention topoisomerase I inhibitors or any related compounds such as camptothecin derivatives.,False,The claims do not describe any bispecific or multispecific antibody constructs.,False,"The claims do not address ROR1, B7-H3, or topoisomerase I inhibitors, and there are no bispecific constructs described. Therefore, there is no competitive risk to the ADC program targeting these elements.",111-351-348-698-577,
False,none,"The claims focus on antibodies targeting GARP, with no mention of ROR1 or related characteristics such as Wnt5a signaling or expression in CLL or mantle cell lymphoma.",False,none,"There is no mention of B7-H3, CD276, or any related characteristics in the claims. The focus is solely on GARP-targeting antibodies.",False,none,The claims do not mention any topoisomerase I inhibitors or related payloads. The focus is on antibodies and their use in cancer treatment.,False,The claims do not describe any bispecific or multispecific antibodies. They focus on monoclonal antibodies targeting GARP.,False,"The patent does not pose a competitive risk to an ADC program targeting ROR1, B7-H3, or using a topoisomerase I inhibitor payload, as it is focused on GARP-targeting antibodies.",059-752-761-517-091,
False,none,"The claims do not mention ROR1 or any characteristics specifically associated with ROR1 targeting, such as involvement in Wnt5a signaling or expression in CLL or mantle cell lymphoma.",False,none,"The claims do not mention B7-H3, CD276, or any specific characteristics of B7-H3 targeting, such as being a 4Ig B7 family member or overexpression in specific cancers.",True,high,"The claims explicitly describe the use of camptothecin analogs, which are known topoisomerase I inhibitors, as the payload in the described antibody-drug conjugates.",False,The claims do not describe any bispecific or multispecific antibody constructs.,True,"The patent poses a competitive risk due to the high confidence in the use of a topoisomerase I inhibitor payload, specifically camptothecin analogs, which aligns with the ADC program's focus on such payloads.",087-591-128-298-613,
False,none,"The claims do not mention ROR1 or any characteristics specifically associated with ROR1 targeting, such as Wnt5a signaling or expression in CLL.",True,high,"The claims explicitly mention B7-H3 as a potential intracellular domain for the CAR, indicating a direct association with B7-H3 targeting.",False,none,There is no mention of topoisomerase I inhibitors or related payloads in the claims.,False,The claims do not describe a bispecific or multispecific antibody construct targeting ROR1 or B7-H3.,True,The high confidence in B7-H3 targeting indicates a competitive risk to ADC programs targeting B7-H3.,085-872-380-564-619,
False,none,"The claims focus on antibodies targeting heparanase, with no mention of ROR1 or related receptor tyrosine kinases.",False,none,"There is no mention of B7-H3, CD276, or any related B7 family members in the claims.",False,none,The claims do not mention any topoisomerase I inhibitors or related payloads.,False,The claims do not describe any bispecific or multispecific antibody constructs.,False,"The patent claims are specific to heparanase-targeting antibodies and do not overlap with ROR1, B7-H3, or topoisomerase I inhibitor payloads.",184-270-747-563-446,
False,none,The claims focus on an anti-IGF-1 receptor humanized antibody with no mention of ROR1 or related receptor tyrosine kinases.,False,none,"There is no mention of B7-H3, CD276, or related B7 family members in the claims.",False,none,The claims do not mention any topoisomerase I inhibitors or related payloads.,False,The claims do not describe any bispecific or multispecific antibody constructs.,False,"The patent claims are specific to an anti-IGF-1 receptor antibody and do not overlap with ROR1, B7-H3, or topoisomerase I inhibitor payloads, posing no competitive risk to the ADC program.",009-402-037-937-200,
False,none,"The claims do not mention ROR1, orphan receptor tyrosine kinases, or any related signaling pathways or expression profiles that would suggest ROR1 targeting.",False,none,"There is no mention of B7-H3, CD276, or any related B7 family member characteristics that would suggest B7-H3 targeting in the claims.",False,none,"The claims do not specify any topoisomerase I inhibitors, camptothecin derivatives, or related mechanisms of action that would indicate a topoisomerase I inhibitor payload.",False,The claims do not describe any bispecific or multispecific antibody constructs.,False,"None of the claims suggest targeting of ROR1, B7-H3, or the use of a topoisomerase I inhibitor payload. Therefore, there is no competitive risk to the ADC program based on the provided claims.",004-519-316-292-369,
False,none,"The claims do not mention ROR1 or any characteristics specific to ROR1 targeting, such as involvement in Wnt5a signaling or expression in CLL.",False,none,"The claims do not mention B7-H3, CD276, or any specific characteristics of B7-H3 targeting, such as being a 4Ig B7 family member.",False,none,The claims do not specify a topoisomerase I inhibitor or any related compounds like camptothecin derivatives.,False,The claims do not describe any bispecific or multispecific antibody constructs.,False,"None of the criteria for ROR1, B7-H3, or topoisomerase I inhibitor payloads are met with medium or high confidence, and no bispecific constructs are described. Therefore, this patent does not pose a competitive risk to the ADC program targeting these elements.",003-669-790-850-142,
False,none,The claims do not mention ROR1 or any related characteristics such as orphan receptor tyrosine kinase involvement or specific expression patterns.,False,none,"The claims do not mention B7-H3, CD276, or any related characteristics such as being a 4Ig B7 family member or specific overexpression patterns.",False,none,The claims do not mention topoisomerase I inhibitors or any related compounds such as camptothecin derivatives.,False,The claims do not describe any bispecific or multispecific antibody constructs.,False,"None of the claims relate to ROR1, B7-H3, or topoisomerase I inhibitors, and there are no bispecific constructs described. Therefore, there is no competitive risk to the ADC program targeting these elements.",009-477-255-311-923,
False,none,"The claims do not mention ROR1 or any characteristics specifically associated with ROR1 targeting, such as Wnt5a signaling or expression in CLL.",False,none,"There is no mention of B7-H3, CD276, or any specific characteristics of B7-H3 targeting in the claims.",True,medium,"The claims include topoisomerase inhibitors as potential antineoplastic agents, which could encompass topoisomerase I inhibitors, but do not specify any particular topoisomerase I inhibitor.",False,"While bispecific ligands are mentioned, there is no indication that one arm targets ROR1 or B7-H3.",True,"The inclusion of topoisomerase inhibitors in the claims poses a potential competitive risk to programs using topoisomerase I inhibitor payloads, warranting a medium confidence competitor flag.",031-567-480-396-237,
False,none,"The claims do not mention ROR1 or any characteristics associated with ROR1 targeting, such as Wnt5a signaling or expression in specific lymphomas.",False,none,"There is no mention of B7-H3, CD276, or any related characteristics in the claims. The focus is on HDGF and VEGF targeting.",False,none,The claims do not specify any topoisomerase I inhibitors or related payloads. The listed antitumor agents do not include any topoisomerase I inhibitors.,False,"The claims describe a bifunctional molecule targeting HDGF and VEGF, but neither target is ROR1 or B7-H3, and there is no indication of bispecificity involving these targets.",False,"None of the criteria for ROR1, B7-H3, or topoisomerase I inhibitor payloads are met with medium or high confidence. The patent does not pose a competitive risk to the ADC program targeting these specific elements.",023-941-521-938-651,
False,none,"The claims focus on antibodies targeting HSP90α, with no mention of ROR1 or related receptor tyrosine kinases.",False,none,"There is no mention of B7-H3, CD276, or related B7 family members in the claims.",False,none,The claims do not mention any topoisomerase I inhibitors or related payloads.,False,The claims do not describe any bispecific or multispecific antibody constructs.,False,"The patent claims are specific to antibodies targeting HSP90α and do not overlap with ROR1, B7-H3, or topoisomerase I inhibitor payloads. Therefore, it poses no competitive risk to the ADC program targeting these elements.",021-144-455-040-24X,
False,none,"The claims do not mention ROR1, orphan receptor tyrosine kinases, or any related signaling pathways or expression profiles.",False,none,"The claims do not mention B7-H3, CD276, or any related B7 family member descriptions.",False,none,"The claims do not mention topoisomerase I inhibitors, camptothecin derivatives, or any related structural descriptions.",False,The claims do not describe any bispecific or multispecific antibody constructs.,False,"None of the criteria for ROR1, B7-H3, or topoisomerase I inhibitor payloads are met with medium or high confidence. Therefore, the patent does not pose a competitive risk to the ADC program targeting these elements.",033-877-269-962-279,
False,none,The claims focus on an anti-CD26 antibody conjugate and do not mention ROR1 or any related characteristics.,False,none,"There is no mention of B7-H3, CD276, or related characteristics in the claims.",False,none,"The payload specified in the claims is triptolide, which is not a topoisomerase I inhibitor or related to camptothecin derivatives.",False,The claims do not describe any bispecific or multispecific antibody constructs.,False,"The patent claims are specific to an anti-CD26 antibody conjugated with triptolide, with no relevance to ROR1, B7-H3, or topoisomerase I inhibitor payloads.",042-541-540-123-884,
False,none,The claims do not mention ROR1 or any related characteristics such as orphan receptor tyrosine kinase involvement in Wnt5a signaling or expression in specific cancers.,False,none,"There is no mention of B7-H3, CD276, or any related characteristics in the claims.",False,none,The claims do not mention topoisomerase I inhibitors or any related compounds such as camptothecin derivatives.,False,The claims do not describe any bispecific or multispecific antibodies targeting ROR1 or B7-H3.,False,"None of the claims relate to ROR1, B7-H3, or topoisomerase I inhibitors, and there are no bispecific constructs described. Therefore, this patent does not pose a competitive risk to the ADC program targeting these elements.",056-548-554-823-873,
False,none,The claims do not mention ROR1 or any related characteristics such as orphan receptor tyrosine kinase involvement in Wnt5a signaling or expression in specific cancers.,False,none,"There is no mention of B7-H3, CD276, or any related characteristics in the claims. The focus is on a sesquiterpene derivative and PD-1 antibody.",False,none,The claims do not mention topoisomerase I inhibitors or any related compounds such as camptothecin derivatives.,False,The claims do not describe any bispecific or multispecific antibodies targeting ROR1 or B7-H3.,False,"The patent does not pose a competitive risk to an ADC program targeting ROR1, B7-H3, or using a topoisomerase I inhibitor payload, as none of these elements are claimed.",077-088-214-051-771,
False,none,"The claims do not mention ROR1, NTRKR1, or any related receptor tyrosine kinase. There is no indication of targeting ROR1 in the described antibodies or polypeptides.",True,high,"The claims explicitly describe antibodies and antigen binding fragments that bind to B7-H3, also known as CD276. This is clearly stated in the claims, providing high confidence in B7-H3 targeting.",False,none,There is no mention of topoisomerase I inhibitors or related payloads in the claims. The focus is on B7-H3 binding antibodies and related compositions.,False,"While the claims mention multispecific constructs, there is no indication that these constructs target both B7-H3 and another antigen relevant to the analysis, such as ROR1.",True,The patent poses a competitive risk to a B7-H3 targeting ADC program due to the high confidence in B7-H3 targeting claims. There is no risk related to ROR1 or topoisomerase I inhibitor payloads.,071-843-118-187-28X,
False,none,The claims focus on an anti-CLDN6 antibody and do not mention ROR1 or any related characteristics such as Wnt5a signaling or expression in CLL.,False,none,"There is no mention of B7-H3, CD276, or any related characteristics in the claims. The focus is solely on CLDN6 targeting.",False,none,The claims do not mention any topoisomerase I inhibitors or related compounds. The payloads described are not associated with topoisomerase I inhibition.,False,The claims do not describe any bispecific or multispecific antibody constructs. The focus is on a single specificity for CLDN6.,False,"The patent does not pose a competitive risk to ADC programs targeting ROR1, B7-H3, or using a topoisomerase I inhibitor payload, as none of these elements are claimed.",090-636-677-430-298,
False,none,The claims focus on antibodies binding to prostaglandin E2 and do not mention ROR1 or any related characteristics.,False,none,"There is no mention of B7-H3, CD276, or any related characteristics in the claims.",False,none,The claims do not mention topoisomerase I inhibitors or any related payloads.,False,"While the claims mention bispecific antibodies, there is no indication that one arm targets ROR1 or B7-H3.",False,"The patent does not pose a competitive risk to an ADC program targeting ROR1, B7-H3, or using a topoisomerase I inhibitor payload, as none of these elements are addressed in the claims.",106-470-467-711-149,
False,none,"The claims do not mention ROR1 or any characteristics specific to ROR1, such as Wnt5a signaling or expression in CLL. The focus is on CARs targeting CD19, CD22, mesothelin, CA-125, or HER2.",False,none,"There is no mention of B7-H3, CD276, or any related characteristics in the claims. The targeted antigens are CD19, CD22, mesothelin, CA-125, and HER2.",False,none,The claims do not reference any topoisomerase I inhibitors or related payloads. The focus is on CAR compositions and glycolysis accelerating metabolites.,False,The claims do not describe any bispecific or multispecific antibodies. The focus is on single-target CARs.,False,"None of the claims relate to ROR1, B7-H3, or topoisomerase I inhibitors, and there are no bispecific constructs targeting these antigens. Therefore, this patent does not pose a competitive risk to the ADC program targeting these elements.",123-577-171-100-302,
False,none,The claims focus on an anti-CLDN18.2 antibody-drug conjugate and do not mention ROR1 or any related characteristics.,False,none,"There is no mention of B7-H3, CD276, or related characteristics in the claims.",False,none,"The claims specify an MMAE payload, which is not a topoisomerase I inhibitor. There is no mention of topoisomerase I inhibitors or related characteristics.",False,The claims do not describe a bispecific or multispecific antibody construct.,False,"The patent claims are specific to an anti-CLDN18.2 ADC with an MMAE payload, which does not overlap with ROR1, B7-H3, or topoisomerase I inhibitor targeting.",131-936-087-305-374,
False,none,"The claims do not mention ROR1 or any characteristics associated with ROR1 targeting, such as involvement in Wnt5a signaling or expression in specific lymphomas.",False,none,"The claims do not mention B7-H3, CD276, or any specific characteristics of B7-H3 targeting. The focus is on antibodies binding to STn, a glycan, rather than a B7 family member.",False,none,The claims do not specify any topoisomerase I inhibitors or related payloads. The focus is on antibodies and their binding to STn.,False,There are no claims describing bispecific or multispecific antibodies targeting ROR1 or B7-H3.,False,"None of the criteria for ROR1, B7-H3, or topoisomerase I inhibitor payloads are met with medium or high confidence. The patent focuses on antibodies targeting STn, which does not overlap with the ADC program's targets.",146-785-382-879-740,
False,none,"The claims do not mention ROR1, orphan receptor tyrosine kinases, or any related signaling pathways. The focus is on peptides with NOS inhibitory activity.",False,none,"There is no mention of B7-H3, CD276, or any related B7 family members in the claims. The claims are centered on peptide compositions and hydrogels.",False,none,The claims do not reference topoisomerase I inhibitors or any related payloads. The focus is on peptide-based hydrogels with NOS inhibitory activity.,False,The claims do not describe any bispecific or multispecific antibodies. The focus is on peptide compositions and hydrogels.,False,"None of the criteria for ROR1, B7-H3, or topoisomerase I inhibitor payloads are met in the claims. The patent does not pose a competitive risk to the ADC program targeting these elements.",157-303-166-641-10X,
False,none,"The claims do not mention ROR1 or any characteristics specific to ROR1 targeting, such as involvement in Wnt5a signaling or expression in CLL.",False,none,"The claims do not mention B7-H3, CD276, or any specific characteristics of B7-H3 targeting.",False,none,The claims do not mention topoisomerase I inhibitors or any related compounds such as camptothecin derivatives.,False,The claims do not describe any bispecific or multispecific antibodies targeting ROR1 or B7-H3.,False,"None of the claims relate to ROR1, B7-H3, or topoisomerase I inhibitors, and there are no bispecific constructs involving these targets. Therefore, this patent does not pose a competitive risk to the ADC program.",158-085-750-682-983,
False,none,"The claims do not mention ROR1 or any characteristics specifically associated with ROR1, such as Wnt5a signaling or expression in CLL. The focus is on antibodies targeting HLA/NY-ESO and CD3.",False,none,"There is no mention of B7-H3, CD276, or any related characteristics in the claims. The claims are centered on antibodies targeting HLA/NY-ESO and CD3.",False,none,The claims do not reference any topoisomerase I inhibitors or related payloads. The focus is on bispecific antibodies without specifying any payloads.,True,"The claims describe bispecific antibodies, specifically targeting HLA/NY-ESO and CD3. However, neither target is ROR1 or B7-H3.",False,"The patent does not pose a competitive risk to an ADC program targeting ROR1, B7-H3, or using a topoisomerase I inhibitor payload, as none of these elements are claimed or implied in the patent.",172-671-766-154-455,
False,none,The claims do not mention ROR1 or any related characteristics such as orphan receptor tyrosine kinase with Wnt5a signaling involvement or expression in specific lymphomas.,False,none,"The claims do not mention B7-H3, CD276, or any related characteristics such as being a 4Ig B7 family member overexpressed in specific solid tumors.",False,none,The claims do not mention topoisomerase I inhibitors or any related compounds such as camptothecin derivatives or analogs.,False,The claims do not describe any bispecific or multispecific antibodies targeting ROR1 or B7-H3.,False,"None of the claims relate to ROR1, B7-H3, or topoisomerase I inhibitors, and there are no bispecific constructs involving these targets. Therefore, there is no competitive risk to the ADC program targeting these elements.",189-089-034-099-941,
False,none,"The claims do not mention ROR1 or any characteristics specific to ROR1, such as involvement in Wnt5a signaling or expression in CLL. The focus is on ASGPR binding compounds.",False,none,"There is no mention of B7-H3, CD276, or any related characteristics in the claims. The patent is centered on ASGPR binding compounds.",False,none,The claims do not specify any topoisomerase I inhibitors or related payloads. The focus is on ASGPR binding compounds and their conjugates.,False,The claims do not describe bispecific or multispecific antibodies targeting ROR1 or B7-H3.,False,"None of the criteria for ROR1, B7-H3, or topoisomerase I inhibitor payloads are met with medium or high confidence. The patent does not pose a competitive risk to the ADC program targeting these elements.",186-803-536-888-672,
False,none,The claims do not mention ROR1 or any related orphan receptor tyrosine kinase characteristics. The focus is on compounds inhibiting PGE2/EP4 signaling.,False,none,"There is no mention of B7-H3, CD276, or any related B7 family member characteristics in the claims. The patent is centered on PGE2/EP4 signaling inhibition.",False,none,The claims do not reference topoisomerase I inhibitors or any related payloads. The patent is focused on a different mechanism involving PGE2/EP4 signaling.,False,The claims do not describe any bispecific or multispecific antibody constructs. The patent is focused on small molecule compounds.,False,"None of the criteria for ROR1, B7-H3, or topoisomerase I inhibitor payloads are met with medium or high confidence. The patent does not pose a competitive risk to the ADC program targeting these elements.",175-139-883-447-052,
False,none,"The claims do not mention ROR1 or any characteristics specific to ROR1, such as involvement in Wnt5a signaling or expression in CLL or mantle cell lymphoma.",False,none,"The claims do not mention B7-H3, CD276, or any specific characteristics of B7-H3, such as being a 4Ig B7 family member or overexpression in specific cancers.",False,none,The claims do not mention any topoisomerase I inhibitors or related payloads such as camptothecin derivatives or DNA single-strand break mechanisms.,False,The claims do not describe any bispecific or multispecific antibodies targeting ROR1 or B7-H3.,False,"There is no indication in the claims of targeting ROR1, B7-H3, or using a topoisomerase I inhibitor payload. Therefore, this patent does not pose a competitive risk to the ADC program targeting these elements.",188-665-519-275-479,
False,none,The claims focus on an anti-CD19 ADC and do not mention ROR1 or any characteristics associated with ROR1 targeting.,False,none,"There is no mention of B7-H3 or related characteristics in the claims, which are specific to CD19 targeting.",False,none,The claims do not specify any topoisomerase I inhibitor payloads or related mechanisms of action.,False,The claims do not describe any bispecific or multispecific antibody constructs.,False,"The patent claims are specific to an anti-CD19 ADC and do not involve ROR1, B7-H3, or topoisomerase I inhibitor payloads, thus posing no competitive risk to the specified ADC program.",184-731-517-619-087,
False,none,"The claims do not mention ROR1 or any characteristics specific to ROR1, such as involvement in Wnt5a signaling or expression in CLL. The focus is on TROP-2 targeting.",False,none,"There is no mention of B7-H3, CD276, or any related characteristics in the claims. The patent is centered on TROP-2 and PD-L1 targets.",True,high,"The claims explicitly describe an anti-TROP-2 ADC with a camptothecin drug, which is a known topoisomerase I inhibitor, providing high confidence in the relevance to topoisomerase I inhibitor payloads.",False,The claims do not describe any bispecific or multispecific antibody constructs involving ROR1 or B7-H3.,True,"The patent poses a competitive risk due to the high confidence in the use of a topoisomerase I inhibitor payload, specifically camptothecin, in the ADC targeting TROP-2.",094-071-744-495-930,
False,none,"The claims do not mention ROR1 or any characteristics specifically associated with ROR1, such as Wnt5a signaling or expression in CLL or mantle cell lymphoma.",False,none,"The claims do not mention B7-H3, CD276, or any characteristics specifically associated with B7-H3, such as being a 4Ig B7 family member or overexpression in specific solid tumors.",False,none,"The claims do not mention topoisomerase I inhibitors or any specific payloads like DXd, SN-38, or camptothecin derivatives.",False,The claims do not describe any bispecific or multispecific antibodies targeting ROR1 or B7-H3.,False,"None of the claims relate to ROR1, B7-H3, or topoisomerase I inhibitors, and there are no bispecific constructs involving these targets. Therefore, this patent does not pose a competitive risk to the ADC program targeting these elements.",034-433-559-812-77X,
False,none,"The claims do not mention ROR1 or any characteristics specific to ROR1, such as involvement in Wnt5a signaling or expression in CLL. The focus is on interleukins and Fc domains, not orphan receptor tyrosine kinases.",False,none,"There is no mention of B7-H3, CD276, or any specific characteristics of B7-H3 in the claims. The claims focus on interleukins and Fc domains without specifying any B7 family members.",False,none,"The claims specify chemotherapeutic agents such as fluorouracil and oxaliplatin, but do not mention topoisomerase I inhibitors or related compounds like camptothecin derivatives.",False,The claims do not describe a bispecific or multispecific antibody construct. The focus is on immunoconjugates with interleukins and Fc domains.,False,"None of the claims relate to ROR1, B7-H3, or topoisomerase I inhibitors, and there is no bispecific construct involving these targets. Therefore, this patent does not pose a competitive risk to the ADC program targeting these elements.",169-459-046-116-622,
False,none,"The claims do not mention ROR1 or any characteristics specific to ROR1 targeting, such as involvement in Wnt5a signaling or expression in CLL.",True,high,"Claim 21 explicitly mentions an anti-CD276 antibody, which is synonymous with B7-H3, indicating high confidence in B7-H3 targeting.",True,high,"Claim 24 explicitly lists 'topoisomerase inhibitor' and claim 25 includes specific topoisomerase I inhibitors such as irinotecan, topotecan, SN-38, and exatecan, supporting high confidence.",False,The claims do not describe any bispecific or multispecific antibody constructs.,True,The patent poses a competitive risk due to high confidence in both B7-H3 targeting and the use of a topoisomerase I inhibitor payload.,127-198-383-875-199,
False,none,The claims do not mention ROR1 or any related characteristics such as orphan receptor tyrosine kinase involvement in Wnt5a signaling or expression in CLL. The focus is on PD-L1 binding and ferritin nanocages.,False,none,"There is no mention of B7-H3, CD276, or any related characteristics in the claims. The patent is focused on PD-L1 binding peptides and ferritin nanocages.",False,none,"The claims do not specify any topoisomerase I inhibitors or related payloads. The focus is on PD-L1 binding and ferritin nanocages, with no mention of topoisomerase I inhibitors.",False,The claims do not describe any bispecific or multispecific antibodies. The focus is solely on PD-L1 binding peptides and ferritin nanocages.,False,"None of the criteria for ROR1, B7-H3, or topoisomerase I inhibitor payloads are met with medium or high confidence. The patent does not pose a competitive risk to the ADC program targeting these elements.",158-714-130-676-370,
False,none,"The claims do not mention ROR1 or any characteristics specific to ROR1 targeting, such as Wnt5a signaling or expression in CLL.",False,none,"The claims do not mention B7-H3, CD276, or any specific characteristics of B7-H3 targeting.",True,high,"The claims explicitly describe camptothecin compounds and their derivatives, which are known topoisomerase I inhibitors.",False,The claims do not describe any bispecific or multispecific antibody constructs.,True,"The patent poses a competitive risk due to the high confidence in the topoisomerase I inhibitor payload, specifically camptothecin derivatives.",109-397-067-081-134,
False,none,"The claims do not mention ROR1 or any characteristics specific to ROR1 targeting, such as involvement in Wnt5a signaling or expression in CLL.",False,none,"The claims do not mention B7-H3, CD276, or any specific characteristics of B7-H3 targeting, such as being a 4Ig B7 family member.",False,none,The claims focus on alpha polyglutamated methotrexate and do not mention topoisomerase I inhibitors or related payloads.,False,The claims do not describe bispecific or multispecific antibodies targeting ROR1 or B7-H3.,False,"There is no indication in the claims of targeting ROR1, B7-H3, or using a topoisomerase I inhibitor payload, thus posing no competitive risk to the ADC program.",092-574-509-393-813,
False,none,The claims do not mention ROR1 or any related characteristics such as orphan receptor tyrosine kinase involvement or specific expression patterns.,False,none,"The claims do not mention B7-H3, CD276, or any related characteristics specific to B7-H3 targeting.",False,none,The claims do not mention topoisomerase I inhibitors or any related compounds such as camptothecin derivatives.,False,The claims do not describe any bispecific or multispecific antibody constructs.,False,"None of the claims relate to ROR1, B7-H3, or topoisomerase I inhibitors, and there are no bispecific constructs described. Therefore, there is no competitive risk to the ADC program targeting these elements.",009-027-646-324-328,
False,none,"The claims do not mention ROR1 or any specific characteristics associated with ROR1 targeting, such as Wnt5a signaling or expression in CLL.",False,none,"There is no mention of B7-H3, CD276, or any specific characteristics of B7-H3 targeting in the claims.",False,none,The claims do not specify any topoisomerase I inhibitors or related payloads such as camptothecin derivatives.,False,The claims do not describe any bispecific or multispecific antibodies targeting ROR1 or B7-H3.,False,"None of the criteria for ROR1, B7-H3, or topoisomerase I inhibitor payloads are met with medium or high confidence, and there are no bispecific constructs described.",003-381-574-566-910,
False,none,The claims focus on an anti-CD123 antibody-drug conjugate and do not mention ROR1 or any related characteristics.,False,none,"There is no mention of B7-H3, CD276, or related characteristics in the claims.",True,high,"The claims include an anti-CD123 antibody-drug conjugate linked to camptothecin, which is a known topoisomerase I inhibitor.",False,The claims do not describe any bispecific or multispecific antibody constructs.,True,"The patent poses a competitive risk due to the inclusion of a topoisomerase I inhibitor payload, specifically camptothecin, in the claimed ADC composition.",027-009-168-503-121,
False,none,"The claims do not mention ROR1 or any specific characteristics associated with ROR1 targeting, such as involvement in Wnt5a signaling or expression in specific lymphomas.",False,none,"The claims do not mention B7-H3, CD276, or any specific characteristics associated with B7-H3 targeting, such as being a 4Ig B7 family member or overexpression in specific cancers.",True,high,"The claims explicitly mention 'topoisomerase I inhibitors' as a preferred drug moiety, including specific examples like camptothecin derivative SN-38.",False,The claims do not describe any bispecific or multispecific antibody constructs.,True,"The patent poses a competitive risk due to the high confidence in the inclusion of topoisomerase I inhibitors as a payload, which aligns with the ADC program's focus.",038-289-121-794-257,
True,high,"The claims explicitly mention ROR1 as a target antigen for the recombinant receptor in engineered immune cells, which supports high confidence in ROR1 targeting.",False,none,"There is no mention of B7-H3 or CD276 in the claims, nor any description that matches the criteria for B7-H3 targeting.",False,none,"The claims do not mention any topoisomerase I inhibitors or related payloads, nor do they describe any camptothecin derivatives or similar structures.",False,The claims do not describe any bispecific or multispecific antibody constructs.,True,"The high confidence in ROR1 targeting indicates a competitive risk to ADC programs targeting ROR1, even though there is no risk from B7-H3 or topoisomerase I inhibitor payloads.",065-329-988-633-31X,
False,none,"The claims do not mention ROR1, orphan receptor tyrosine kinases, or any specific characteristics associated with ROR1 targeting.",False,none,"The claims do not mention B7-H3, CD276, or any specific characteristics associated with B7-H3 targeting.",False,none,The claims do not mention topoisomerase I inhibitors or any specific structural features or mechanisms associated with topoisomerase I inhibition.,False,The claims do not describe any bispecific or multispecific antibody constructs.,False,"None of the claims indicate targeting of ROR1, B7-H3, or the use of a topoisomerase I inhibitor payload, thus posing no competitive risk to the ADC program targeting these elements.",087-614-269-119-091,
False,none,The claims do not mention ROR1 or any related characteristics such as orphan receptor tyrosine kinase involvement in Wnt5a signaling or expression in specific cancers.,False,none,"The claims do not mention B7-H3, CD276, or any related characteristics such as being a 4Ig B7 family member or overexpression in specific cancers.",False,none,The claims do not mention topoisomerase I inhibitors or any related compounds such as camptothecin derivatives.,False,The claims do not describe any bispecific or multispecific antibodies targeting ROR1 or B7-H3.,False,"None of the claims relate to ROR1, B7-H3, or topoisomerase I inhibitors, and there are no bispecific constructs described. Therefore, this patent does not pose a competitive risk to the ADC program targeting these elements.",091-302-040-656-747,
False,none,"The claims focus exclusively on an anti-CD39 antibody-drug conjugate, with no mention or implication of ROR1 or related receptor tyrosine kinases.",False,none,"There is no mention of B7-H3, CD276, or any related B7 family member in the claims. The focus is solely on CD39.",True,high,"The claims explicitly include a topoisomerase inhibitor as a potential cytotoxin molecule for the antibody-drug conjugate, which directly supports the presence of a topoisomerase I inhibitor payload.",False,The claims do not describe any bispecific or multispecific antibody constructs; they are focused on a single specificity for CD39.,True,"The presence of a topoisomerase I inhibitor payload in the claims poses a competitive risk to ADC programs utilizing similar payloads, despite the different target (CD39).",106-888-797-763-214,
False,none,"The claims focus on antibodies targeting FGL2, with no mention of ROR1 or related receptor tyrosine kinases.",False,none,"There is no mention of B7-H3, CD276, or related B7 family members in the claims.",False,none,The claims do not specify any topoisomerase I inhibitors or related payloads.,False,The claims do not describe any bispecific or multispecific antibody constructs.,False,"The patent claims are specific to FGL2-targeting antibodies and do not overlap with ROR1, B7-H3, or topoisomerase I inhibitor payloads.",122-522-562-444-562,
False,none,"The claims focus on antigen-binding molecules targeting HER3, with no mention of ROR1 or related characteristics.",False,none,The claims are specific to HER3-targeting molecules and do not mention B7-H3 or related characteristics.,False,none,There is no mention of topoisomerase I inhibitors or related payloads in the claims.,False,The claims do not describe bispecific or multispecific antibodies involving ROR1 or B7-H3.,False,"The patent claims are specific to HER3-targeting molecules and do not involve ROR1, B7-H3, or topoisomerase I inhibitors, thus posing no competitive risk to the ADC program targeting these elements.",118-381-107-352-825,
False,none,"The claims do not mention ROR1, NTRKR1, or any specific characteristics of ROR1 such as Wnt5a signaling or expression in CLL. There is no sequence-defined antibody tied to ROR1.",False,none,"The claims do not mention B7-H3, CD276, or any specific characteristics of B7-H3 such as being a 4Ig B7 family member. There is no sequence-defined antibody tied to B7-H3.",True,high,"The claims explicitly list irinotecan, a known topoisomerase I inhibitor, as a therapeutic agent in the combination therapy.",False,The claims do not describe any bispecific or multispecific antibodies targeting ROR1 or B7-H3.,True,"The presence of irinotecan, a topoisomerase I inhibitor, in the claims poses a competitive risk to ADC programs using similar payloads.",153-620-081-820-727,
False,none,"The claims do not mention ROR1 or any characteristics specific to ROR1, such as involvement in Wnt5a signaling or expression in CLL or mantle cell lymphoma.",False,none,"The claims do not mention B7-H3, CD276, or any characteristics specific to B7-H3, such as being a 4Ig B7 family member or overexpression in specific solid tumors.",False,none,The claims do not mention topoisomerase I inhibitors or any specific payloads related to topoisomerase I inhibition.,False,The claims do not describe any bispecific or multispecific antibodies targeting ROR1 or B7-H3.,False,"There is no indication in the claims of targeting ROR1, B7-H3, or using a topoisomerase I inhibitor payload. Therefore, this patent does not pose a competitive risk to the ADC program targeting these elements.",150-862-350-929-310,
False,none,"The claims do not mention ROR1 or any characteristics specifically associated with ROR1 targeting, such as involvement in Wnt5a signaling or expression in CLL.",True,high,"The claims explicitly mention 'CD276', which is the same as B7-H3, indicating a high confidence in B7-H3 targeting.",False,none,There is no mention of topoisomerase I inhibitors or related compounds such as camptothecin derivatives in the claims.,False,The claims do not describe any bispecific or multispecific antibody constructs.,True,The high confidence in B7-H3 (CD276) targeting indicates a competitive risk to ADC programs targeting B7-H3.,148-752-536-655-013,
False,none,"The claims do not mention ROR1, orphan receptor tyrosine kinases, or any related signaling pathways or expression profiles.",False,none,"The claims do not mention B7-H3, CD276, or any related B7 family member descriptions.",False,none,The claims do not mention topoisomerase I inhibitors or any related compounds such as camptothecin derivatives.,False,There are no claims describing bispecific or multispecific antibodies targeting ROR1 or B7-H3.,False,"The patent does not claim any elements related to ROR1, B7-H3, or topoisomerase I inhibitors, thus posing no competitive risk to the ADC program targeting these elements.",162-351-106-177-218,
False,none,"The claims do not mention ROR1 or any characteristics specifically associated with ROR1 targeting, such as involvement in Wnt5a signaling or expression in CLL.",False,none,"The claims do not mention B7-H3, CD276, or any specific characteristics of B7-H3, such as being a 4Ig B7 family member or overexpression in specific cancers.",False,none,The claims do not specify a topoisomerase I inhibitor payload or any related compounds like camptothecin derivatives or SN-38.,False,There is no mention of bispecific or multispecific antibody constructs in the claims.,False,"None of the criteria for ROR1, B7-H3, or topoisomerase I inhibitor payloads are met with medium or high confidence, and there are no bispecific constructs described. Therefore, the patent does not pose a competitive risk to the ADC program targeting these elements.",197-478-433-094-311,
False,none,"The claims focus on an antibody targeting PD-L2, with no mention of ROR1 or related characteristics.",False,none,The claims are specific to PD-L2 and do not mention B7-H3 or related characteristics.,False,low,"While the claims mention topoisomerase inhibitors as part of a combination therapy, they do not specify a topoisomerase I inhibitor payload in the context of an ADC.",False,The claims do not describe a bispecific or multispecific antibody construct.,False,"The patent claims are specific to PD-L2 targeting antibodies and do not overlap with ROR1, B7-H3, or a topoisomerase I inhibitor payload in a manner that poses a competitive risk.",183-193-079-090-061,
False,none,"The claims do not mention ROR1 or any characteristics specific to ROR1 targeting, such as involvement in Wnt5a signaling or expression in CLL or mantle cell lymphoma.",False,none,"The claims do not mention B7-H3, CD276, or any specific characteristics of B7-H3 targeting, such as being a 4Ig B7 family member or overexpression in specific cancers.",True,high,"The claims explicitly describe camptothecin analogues and conjugates, which are known topoisomerase I inhibitors, indicating a high confidence in the presence of a topoisomerase I inhibitor payload.",False,"While the claims mention bispecific or multispecific antibodies, there is no indication that one arm targets ROR1 or B7-H3.",True,"The presence of a high confidence topoisomerase I inhibitor payload poses a competitive risk to ADC programs utilizing similar payloads, despite the absence of ROR1 or B7-H3 targeting.",192-934-694-088-459,
False,none,"The claims do not mention ROR1 or any specific characteristics of ROR1, such as involvement in Wnt5a signaling or expression in CLL. There is no indication of targeting ROR1 in the described immunoconjugates.",False,none,"The claims do not mention B7-H3, CD276, or any specific characteristics of B7-H3. There is no indication of targeting B7-H3 in the described immunoconjugates.",False,none,The claims do not specify a topoisomerase I inhibitor or any related compounds such as camptothecin derivatives. The drug moiety described does not clearly align with known topoisomerase I inhibitors.,False,The claims do not describe bispecific or multispecific antibodies. The focus is on immunoconjugates with a single antibody-drug linkage.,False,"None of the criteria for ROR1, B7-H3, or topoisomerase I inhibitor payloads are met with medium or high confidence. Therefore, this patent does not pose a competitive risk to the ADC program targeting these elements.",180-102-885-179-081,
False,none,"The claims focus on a bispecific antibody targeting PD-1 and CTLA4, with no mention of ROR1 or related receptor characteristics.",False,none,"The claims do not mention B7-H3, CD276, or any characteristics specific to B7-H3 targeting.",False,none,There is no mention of topoisomerase I inhibitors or related payloads in the claims.,True,"The claims describe a bispecific antibody targeting PD-1 and CTLA4, but neither arm targets ROR1 or B7-H3.",False,"The patent does not pose a competitive risk to an ADC program targeting ROR1, B7-H3, or using a topoisomerase I inhibitor payload, as none of these elements are claimed.",101-880-347-615-144,
False,none,"The claims focus on a chimeric antigen receptor (CAR) targeting CLDN6, with no mention of ROR1 or related receptor tyrosine kinases.",False,none,The claims are specific to CLDN6 targeting and do not mention B7-H3 or any related B7 family members.,False,none,"There is no mention of topoisomerase I inhibitors or related payloads in the claims, which are focused on CAR molecules and immune effector cells.",False,The claims do not describe bispecific or multispecific antibodies; they are focused on CAR molecules targeting CLDN6.,False,"The patent claims are specific to CAR technology targeting CLDN6 and do not overlap with ROR1, B7-H3, or topoisomerase I inhibitor payloads, posing no competitive risk to the ADC program.",077-140-074-286-055,
False,none,"The claims do not mention ROR1 or any characteristics specific to ROR1 targeting, such as involvement in Wnt5a signaling or expression in CLL.",False,none,"The claims do not mention B7-H3, CD276, or any specific characteristics of B7-H3 targeting, such as being a 4Ig B7 family member.",False,none,The claims focus on gamma polyglutamated pemetrexed and do not mention topoisomerase I inhibitors or related payloads.,False,The claims do not describe any bispecific or multispecific antibody constructs.,False,"There is no indication in the claims of targeting ROR1, B7-H3, or using a topoisomerase I inhibitor payload, thus posing no competitive risk to the ADC program.",178-903-563-209-805,
False,none,"The claims do not mention ROR1, orphan receptor tyrosine kinases, or any related characteristics that would suggest targeting ROR1.",False,none,"The claims do not mention B7-H3, CD276, or any related characteristics that would suggest targeting B7-H3.",False,none,The claims do not mention topoisomerase I inhibitors or any related compounds such as camptothecin derivatives.,False,The claims do not describe any bispecific or multispecific antibody constructs.,False,"There is no indication from the claims that the patent poses a competitive risk to an ADC program targeting ROR1, B7-H3, or using a topoisomerase I inhibitor payload.",006-026-839-824-392,
False,none,"The claims focus on an antibody-drug conjugate targeting CLDN18.2, with no mention of ROR1 or related receptor tyrosine kinases.",False,none,The claims are specific to CLDN18.2 targeting antibodies and do not mention B7-H3 or any related B7 family members.,False,none,There is no mention of topoisomerase I inhibitors or related payloads in the claims. The payload is not specified as a topoisomerase I inhibitor.,False,The claims do not describe bispecific or multispecific antibodies targeting ROR1 or B7-H3.,False,"The patent claims are specific to CLDN18.2 targeting ADCs and do not overlap with ROR1, B7-H3, or topoisomerase I inhibitor payloads. Therefore, it does not pose a competitive risk to the specified ADC program.",011-425-126-802-985,
False,none,"The claims do not mention ROR1 or any characteristics specific to ROR1 targeting, such as Wnt5a signaling or expression in CLL.",False,none,"The claims do not mention B7-H3, CD276, or any characteristics specific to B7-H3 targeting, such as overexpression in specific cancers.",False,none,The claims do not mention topoisomerase I inhibitors or any related compounds like camptothecin derivatives.,False,There are no claims describing bispecific or multispecific antibodies targeting ROR1 or B7-H3.,False,"The patent claims are focused on a crystalline form of a SHP2 inhibitor, with no relevance to ROR1, B7-H3, or topoisomerase I inhibitor payloads.",019-032-406-861-289,
False,none,"The claims focus on a chimeric antigen receptor specific to HLA-G, with no mention of ROR1 or related characteristics.",False,none,The claims do not mention B7-H3 or any related characteristics. The focus is on HLA-G specificity.,False,none,There is no mention of a topoisomerase I inhibitor or related payloads in the claims.,False,The claims do not describe a bispecific or multispecific antibody construct.,False,"The patent claims are specific to HLA-G targeting CAR-T cells and do not involve ROR1, B7-H3, or topoisomerase I inhibitors, thus posing no competitive risk to the ADC program.",028-392-429-235-26X,
False,none,"The claims focus on antibodies targeting CAPRIN-1 protein, with no mention of ROR1 or related receptor tyrosine kinases.",False,none,"There is no mention of B7-H3, CD276, or related B7 family members in the claims. The focus is solely on CAPRIN-1.",True,high,"Claim 3 explicitly includes a topoisomerase I inhibitor as a potential component of the medicament, indicating a high confidence in the relevance to topoisomerase I inhibitor payloads.",False,The claims do not describe any bispecific or multispecific antibody constructs.,True,"The presence of a topoisomerase I inhibitor in the claims poses a competitive risk to ADC programs using such payloads, despite the lack of ROR1 or B7-H3 targeting.",060-573-865-502-056,
False,none,The claims focus on anti-IL18-BP antibodies and do not mention ROR1 or any related receptor tyrosine kinase characteristics.,False,none,"The claims do not mention B7-H3 or CD276. Although B7-H3 is listed as a potential target for combination therapy, the primary focus is on IL18-BP antibodies.",False,none,The claims do not specify any topoisomerase I inhibitors or related payloads. The focus is on IL18-BP antibodies and their immunomodulatory effects.,False,The claims do not describe any bispecific or multispecific antibody constructs involving ROR1 or B7-H3.,False,"The patent claims are centered on IL18-BP antibodies and do not cover ROR1, B7-H3, or topoisomerase I inhibitor payloads, thus posing no competitive risk to the ADC program targeting these elements.",037-772-296-138-028,
False,none,The claims focus on bifunctional compounds targeting KRAS proteins and do not mention ROR1 or any related receptor tyrosine kinases.,False,none,"There is no mention of B7-H3, CD276, or any related B7 family members in the claims. The focus is solely on KRAS-targeting compounds.",False,none,"The claims do not mention topoisomerase I inhibitors or any related payloads. The compounds are designed for KRAS modulation, not for delivering cytotoxic agents.",False,The claims describe bifunctional compounds but do not involve bispecific or multispecific antibodies targeting ROR1 or B7-H3.,False,"The patent claims are specific to KRAS-targeting bifunctional compounds and do not overlap with ADC programs targeting ROR1, B7-H3, or using topoisomerase I inhibitor payloads.",050-422-671-802-500,
False,none,The claims focus on antibodies binding to CD40 and do not mention ROR1 or any characteristics associated with ROR1 targeting.,False,none,"There is no mention of B7-H3, CD276, or any related characteristics in the claims. The focus is solely on CD40.",False,none,The claims do not mention any topoisomerase I inhibitors or related payloads. The focus is on CD40 antibodies and their uses.,False,"While the claims mention bispecific molecules, there is no indication that one arm targets ROR1 or B7-H3.",False,"The patent claims are specific to CD40 antibodies and do not overlap with ROR1, B7-H3, or topoisomerase I inhibitor payloads, posing no competitive risk to the ADC program.",074-537-784-333-860,
False,none,The claims focus on an anti-HER2 antibody-drug conjugate and do not mention ROR1 or any related characteristics.,False,none,"There is no mention of B7-H3, CD276, or any related characteristics in the claims.",False,none,The claims do not specify a topoisomerase I inhibitor payload or any related compounds such as camptothecin derivatives.,False,The claims do not describe any bispecific or multispecific antibody constructs.,False,"The patent claims are specific to an anti-HER2 ADC and a CDK9 inhibitor combination, with no relevance to ROR1, B7-H3, or topoisomerase I inhibitor payloads.",103-766-225-929-093,
False,none,The claims focus on antibodies targeting FGFR2 and do not mention ROR1 or any related characteristics.,False,none,The claims are specific to FGFR2 and do not mention B7-H3 or any related characteristics.,False,none,There is no mention of topoisomerase I inhibitors or related payloads in the claims.,False,The claims do not describe bispecific or multispecific antibodies involving ROR1 or B7-H3.,False,"The patent claims are specific to FGFR2-targeting antibodies and tyrosine kinase inhibitors, with no overlap with ROR1, B7-H3, or topoisomerase I inhibitor payloads.",117-567-918-119-006,
False,none,"The claims do not mention ROR1 or any characteristics specifically associated with ROR1 targeting, such as involvement in Wnt5a signaling or expression in CLL.",True,high,"Claim 11 explicitly lists an anti-B7-H3 antibody, which directly supports B7-H3 targeting.",False,none,The claims do not specify any topoisomerase I inhibitors or related payloads such as camptothecin derivatives.,False,There are no claims describing bispecific or multispecific antibodies targeting ROR1 or B7-H3.,True,The high confidence in B7-H3 targeting through explicit claim language indicates a competitive risk to ADC programs targeting B7-H3.,123-721-020-156-177,
False,none,"The claims do not mention ROR1 or any characteristics specifically associated with ROR1 targeting, such as Wnt5a signaling or expression in CLL.",False,none,"The claims do not mention B7-H3, CD276, or any specific characteristics of B7-H3 targeting, such as its overexpression in certain solid tumors.",False,none,The claims do not specify any topoisomerase I inhibitors or related payloads such as camptothecin derivatives or their mechanisms of action.,False,"The claims do not describe any bispecific or multispecific antibodies, nor do they mention ROR1 or B7-H3 as targets.",False,"None of the claims indicate targeting of ROR1, B7-H3, or the use of a topoisomerase I inhibitor payload. Therefore, there is no competitive risk identified for the ADC program targeting these elements.",136-937-096-586-813,
False,none,The claims do not mention ROR1 or any characteristics specifically associated with ROR1 targeting.,False,none,"The claims do not mention B7-H3, CD276, or any characteristics specifically associated with B7-H3 targeting.",False,none,The claims do not mention topoisomerase I inhibitors or any related compounds such as camptothecin derivatives.,False,The claims do not describe any bispecific or multispecific antibody constructs.,False,"There is no indication in the claims of targeting ROR1, B7-H3, or using a topoisomerase I inhibitor payload. Therefore, this patent does not pose a competitive risk to the ADC program targeting these elements.",130-540-502-704-51X,
False,none,"The claims do not mention ROR1 or any characteristics specific to ROR1 targeting, such as involvement in Wnt5a signaling or expression in CLL.",False,none,"The claims do not mention B7-H3, CD276, or any specific characteristics of B7-H3 targeting, such as being a 4Ig B7 family member.",False,none,The claims do not mention topoisomerase I inhibitors or any specific payloads related to topoisomerase I inhibition.,False,There are no claims describing bispecific or multispecific antibodies targeting ROR1 or B7-H3.,False,"The patent does not claim any elements related to ROR1, B7-H3, or topoisomerase I inhibitors, thus posing no competitive risk to the ADC program targeting these elements.",143-817-632-847-624,
False,none,"The claims focus on antibodies targeting CLL-1, with no mention of ROR1 or related receptor characteristics.",False,none,"There is no mention of B7-H3, CD276, or related characteristics in the claims.",False,none,The claims do not specify any topoisomerase I inhibitors or related payloads.,False,"While the claims include bispecific antibodies, neither arm targets ROR1 or B7-H3.",False,"The patent does not pose a competitive risk to an ADC program targeting ROR1, B7-H3, or using a topoisomerase I inhibitor payload, as none of these elements are addressed in the claims.",162-330-533-838-954,
False,none,"The claims do not mention ROR1, NTRKR1, or any specific characteristics of ROR1 such as Wnt5a signaling or expression in CLL. The focus is on NK cell compositions and TGF-beta pathway modulation.",False,none,"There is no mention of B7-H3, CD276, or any related characteristics in the claims. The claims are centered around NK cell modifications and inhibitors of TGF-beta and integrins.",False,none,The claims do not reference topoisomerase I inhibitors or any related compounds such as camptothecin derivatives. The focus is on NK cell therapy and associated inhibitors.,False,"The claims do not describe bispecific or multispecific antibodies targeting ROR1 or B7-H3. The compositions involve NK cells and inhibitors, not antibody constructs.",False,"None of the criteria for ROR1, B7-H3, or topoisomerase I inhibitor payloads are met with medium or high confidence. The patent focuses on NK cell therapy, which does not overlap with the ADC program targeting ROR1 or B7-H3 with a topoisomerase I inhibitor payload.",156-194-687-614-653,
False,none,"The claims do not mention ROR1 or any characteristics specific to ROR1 targeting, such as involvement in Wnt5a signaling or expression in CLL.",False,none,"There is no mention of B7-H3, CD276, or any related characteristics in the claims. The focus is on mRNA vaccines and PD-1 pathway inhibitors.",False,none,The claims do not reference topoisomerase I inhibitors or any related payloads. The invention is centered around mRNA molecules and PD-1 pathway inhibitors.,False,The claims do not describe any bispecific or multispecific antibodies. The focus is on mRNA vaccines and PD-1 pathway inhibitors.,False,"None of the criteria for ROR1, B7-H3, or topoisomerase I inhibitor payloads are met with medium or high confidence. The patent does not pose a competitive risk to the ADC program targeting these elements.",162-156-218-898-016,
False,none,"The claims do not mention ROR1 or any characteristics specific to ROR1, such as involvement in Wnt5a signaling or expression in CLL or mantle cell lymphoma.",False,none,"The claims do not mention B7-H3, CD276, or any characteristics specific to B7-H3, such as being a 4Ig B7 family member or overexpression in specific cancers.",False,none,"The claims specify cytotoxic drug moieties as tubulin disruptors, such as maytansinoids, and do not mention topoisomerase I inhibitors or related compounds.",False,The claims do not describe a bispecific or multispecific antibody construct targeting ROR1 or B7-H3.,False,"The patent does not pose a competitive risk to an ADC program targeting ROR1, B7-H3, or using a topoisomerase I inhibitor payload, as none of these elements are claimed.",180-248-392-469-760,
False,none,"The claims do not mention ROR1 or any specific characteristics associated with ROR1 targeting, such as Wnt5a signaling or expression in specific lymphomas.",False,none,"The claims do not mention B7-H3, CD276, or any specific characteristics associated with B7-H3 targeting, such as its expression profile in solid tumors.",False,none,"The claims do not mention any topoisomerase I inhibitors or related payloads, nor do they describe any structural features of such compounds.",False,The claims do not describe any bispecific or multispecific antibody constructs.,False,"None of the criteria for ROR1, B7-H3, or topoisomerase I inhibitor payloads are met with medium or high confidence, and there are no bispecific constructs described. Therefore, the patent does not pose a competitive risk to the ADC program targeting these elements.",180-085-656-058-436,
False,none,The claims focus on an anti-claudin18.2 antibody-drug conjugate and do not mention ROR1 or any related receptor tyrosine kinase characteristics.,False,none,"The claims are specific to claudin18.2 targeting and do not mention B7-H3, CD276, or any related B7 family member characteristics.",False,none,The claims do not specify any topoisomerase I inhibitors or related payloads such as camptothecin derivatives.,False,The claims do not describe any bispecific or multispecific antibody constructs.,False,"The patent claims are specific to claudin18.2 targeting and do not overlap with ROR1, B7-H3, or topoisomerase I inhibitor payloads, indicating no competitive risk to the ADC program targeting these elements.",059-457-523-964-177,
False,none,The claims focus on an anti-CEACAM5 antibody and do not mention ROR1 or any characteristics associated with ROR1 targeting.,False,none,The claims are specific to an anti-CEACAM5 antibody and do not reference B7-H3 or any related characteristics.,False,none,"The claims do not specify a topoisomerase I inhibitor as a payload. They mention cytostatic agents broadly, including topoisomerase inhibitors, but without specifying Type I.",False,There is no mention of bispecific or multispecific constructs in the claims.,False,"The patent claims are specific to an anti-CEACAM5 antibody and do not cover ROR1, B7-H3, or a topoisomerase I inhibitor payload with sufficient specificity to pose a competitive risk.",073-210-944-503-689,
False,none,"The claims do not mention ROR1 or any characteristics specifically associated with ROR1 targeting, such as involvement in Wnt5a signaling or expression in CLL.",True,high,"Claim 6 explicitly mentions B7-H3 (CD276) as a target antigen for the CAR T cells, providing high confidence in B7-H3 targeting.",False,none,"The claims do not mention any topoisomerase I inhibitors or related payloads, nor do they describe any mechanisms or structures associated with topoisomerase I inhibition.",False,"The claims focus on CAR T cells targeting single antigens, with no mention of bispecific or multispecific constructs.",True,The high confidence in B7-H3 targeting through CAR T cells indicates a competitive risk to ADC programs targeting B7-H3.,147-632-697-474-181,
False,none,"The claims do not mention ROR1 or any characteristics specifically associated with ROR1 targeting, such as Wnt5a signaling or expression in CLL.",False,none,"The claims do not mention B7-H3, CD276, or any specific characteristics of B7-H3 targeting. The focus is on EGFR and HER3.",True,high,"The claims explicitly mention camptothecin, which is a known topoisomerase I inhibitor, as the payload in the antibody-drug conjugate.",False,"The claims describe bispecific antibodies targeting EGFR and HER3, but neither arm targets ROR1 or B7-H3.",True,"The patent poses a competitive risk due to the high confidence in the use of a topoisomerase I inhibitor payload, specifically camptothecin, which is relevant to the ADC program.",007-614-295-473-308,
False,none,"The claims do not mention ROR1 or any characteristics specific to ROR1, such as involvement in Wnt5a signaling or expression in CLL.",False,none,"The claims do not mention B7-H3, CD276, or any specific characteristics of B7-H3, such as its overexpression in solid tumors.",False,none,The claims do not mention topoisomerase I inhibitors or any specific payloads related to topoisomerase I inhibition.,False,The claims do not describe any bispecific or multispecific antibody constructs.,False,"None of the claims relate to ROR1, B7-H3, or topoisomerase I inhibitors, and there are no bispecific constructs targeting these antigens. Therefore, there is no competitive risk to the ADC program.",010-177-614-812-334,
False,none,"The claims focus on antibodies targeting EGFR, with no mention of ROR1 or related characteristics.",False,none,The claims are specific to EGFR-targeting antibodies and do not mention B7-H3 or related characteristics.,True,high,"The claims include ADCs with cytotoxic drugs such as irinotecan (SN38) and exatecan, which are known topoisomerase I inhibitors.",False,The claims do not describe any bispecific or multispecific antibody constructs.,True,The presence of topoisomerase I inhibitors in the ADC claims poses a competitive risk to programs using similar payloads.,009-360-448-387-159,
False,none,The claims do not mention ROR1 or any characteristics associated with ROR1 targeting.,False,none,The claims do not mention B7-H3 or any characteristics associated with B7-H3 targeting.,False,none,The claims do not mention a topoisomerase I inhibitor or any related payloads.,True,"The claims describe a bispecific antibody targeting glypican 3 and CD3, but neither target is ROR1 or B7-H3.",False,"The patent does not pose a competitive risk to an ADC program targeting ROR1, B7-H3, or using a topoisomerase I inhibitor payload, as none of these elements are claimed.",020-900-985-247-04X,
False,none,The claims focus on T cell receptors targeting NY-ESO-1 and do not mention ROR1 or any related characteristics.,False,none,"There is no mention of B7-H3, CD276, or any related characteristics in the claims.",False,none,The claims do not mention topoisomerase I inhibitors or any related payloads.,False,"While bispecific TCRs are mentioned, they do not target ROR1 or B7-H3.",False,"The patent claims are specific to TCRs targeting NY-ESO-1 and do not overlap with ROR1, B7-H3, or topoisomerase I inhibitor payloads.",034-075-255-904-969,
False,none,"The claims do not mention ROR1 or any characteristics specific to ROR1, such as involvement in Wnt5a signaling or expression in CLL. The focus is on CD4+ T cell targeting.",False,none,"There is no mention of B7-H3, CD276, or any related characteristics in the claims. The targeting is specific to CD4+ T cell antigens.",False,none,"The claims do not specify any topoisomerase I inhibitors or related payloads. The focus is on nucleic acid molecules, particularly mRNA.",False,The claims do not describe any bispecific or multispecific antibodies. The focus is on compositions targeting CD4+ T cells.,False,"The patent does not pose a competitive risk to an ADC program targeting ROR1, B7-H3, or using a topoisomerase I inhibitor payload, as none of these elements are addressed in the claims.",043-970-224-830-28X,
False,none,"The claims do not mention ROR1, orphan receptor tyrosine kinases, or any related signaling pathways or expression profiles.",False,none,"The claims do not mention B7-H3, CD276, or any related B7 family member descriptions that would suggest targeting B7-H3.",False,none,"The claims do not mention topoisomerase I inhibitors, camptothecin derivatives, or any related structural descriptions.",False,The claims do not describe any bispecific or multispecific antibody constructs.,False,"There is no indication in the claims of targeting ROR1, B7-H3, or using a topoisomerase I inhibitor payload. Therefore, this patent does not pose a competitive risk to the ADC program targeting these elements.",047-349-069-525-540,
False,none,"The claims do not mention ROR1 or any characteristics specific to ROR1, such as involvement in Wnt5a signaling or expression in CLL. The focus is on PD-1, PD-L1, and LAG-3 antibodies.",False,none,"There is no mention of B7-H3, CD276, or any related characteristics in the claims. The claims focus on PD-1, PD-L1, and LAG-3 antibodies.",False,none,The claims do not mention any topoisomerase I inhibitors or related payloads. The focus is on antibody compositions and their components.,False,"The claims do not describe any bispecific or multispecific antibodies targeting ROR1 or B7-H3. The focus is on combinations of PD-1, PD-L1, and LAG-3 antibodies.",False,"None of the criteria for ROR1, B7-H3, or topoisomerase I inhibitor payloads are met with medium or high confidence. The patent does not pose a competitive risk to the ADC program targeting these elements.",065-234-839-597-958,
False,none,"The claims do not mention ROR1 or any characteristics specific to ROR1 targeting, such as Wnt5a signaling or expression in CLL.",False,none,"There is no mention of B7-H3, CD276, or any related characteristics in the claims.",True,medium,"The claims include 'topoisomerase inhibitor' as a potential anticancer agent, which encompasses topoisomerase I inhibitors, but does not specify any particular topoisomerase I inhibitor.",False,"The claims describe a fusion protein with IL-12 and anti-FAP antibody, not a bispecific antibody targeting ROR1 or B7-H3.",True,The inclusion of topoisomerase inhibitors in the claims poses a medium confidence competitive risk to programs using topoisomerase I inhibitor payloads.,079-253-616-716-456,
False,none,"The claims do not mention ROR1 or any characteristics specific to ROR1 targeting, such as involvement in Wnt5a signaling or expression in CLL.",False,none,"The claims focus on GD2 targeting and do not mention B7-H3, CD276, or any related characteristics specific to B7-H3.",False,none,There is no mention of topoisomerase I inhibitors or related payloads in the claims.,False,The claims do not describe any bispecific or multispecific antibody constructs.,False,"The patent claims are specific to GD2 targeting antibodies and do not overlap with ROR1, B7-H3, or topoisomerase I inhibitor payloads. Therefore, it does not pose a competitive risk to the ADC program targeting these elements.",098-875-949-313-327,
False,none,"The claims focus on a chimeric antigen receptor targeting CD300c, with no mention of ROR1 or related characteristics.",False,none,The claims are specific to CD300c and do not mention B7-H3 or related characteristics.,False,none,There is no mention of a topoisomerase I inhibitor or related payloads in the claims.,False,The claims do not describe a bispecific or multispecific antibody construct.,False,"The patent claims are specific to a chimeric antigen receptor targeting CD300c, with no overlap in targeting ROR1, B7-H3, or using a topoisomerase I inhibitor payload.",095-506-664-227-027,
False,none,The claims do not mention ROR1 or any related characteristics such as orphan receptor tyrosine kinase involvement in Wnt5a signaling or expression in specific cancers.,False,none,"There is no mention of B7-H3, CD276, or any related characteristics in the claims.",True,high,"The claims explicitly describe a cyclodextrin-containing polymer-topoisomerase inhibitor conjugate, specifically mentioning camptothecin, which is a known topoisomerase I inhibitor.",False,The claims do not describe any bispecific or multispecific antibody constructs.,True,"The patent poses a competitive risk due to the high confidence in the topoisomerase I inhibitor payload, specifically camptothecin, which is relevant to the ADC program's payload strategy.",113-957-372-067-74X,
False,none,"The claims do not mention ROR1, orphan receptor tyrosine kinases, or any related characteristics. The focus is on CD73 antagonists.",False,none,"There is no mention of B7-H3, CD276, or any related B7 family member characteristics in the claims. The patent is focused on CD73 antagonists.",False,none,The claims do not mention topoisomerase I inhibitors or any related compounds. The focus is on small molecule CD73 antagonists.,False,The claims do not describe any bispecific or multispecific antibody constructs.,False,"The patent does not pose a competitive risk to an ADC program targeting ROR1, B7-H3, or using a topoisomerase I inhibitor payload, as it focuses on CD73 antagonists.",127-471-655-332-003,
False,none,The claims focus on antibodies targeting CAPRIN-1 and do not mention ROR1 or any related characteristics such as Wnt5a signaling or expression in specific lymphomas.,False,none,"There is no mention of B7-H3, CD276, or any related B7 family characteristics in the claims. The focus is solely on CAPRIN-1 targeting.",False,none,The claims do not mention any topoisomerase I inhibitors or related payloads. The focus is on antibodies and MAPK pathway inhibitors.,False,The claims do not describe any bispecific or multispecific antibody constructs. The focus is on single specificity antibodies targeting CAPRIN-1.,False,"None of the claims relate to ROR1, B7-H3, or topoisomerase I inhibitors, and there are no bispecific constructs involving these targets. Therefore, there is no competitive risk to the ADC program targeting these elements.",147-704-634-457-958,
False,none,"The claims focus on antigen-binding constructs targeting superoxide dismutase and catalase, with no mention of ROR1 or related receptor tyrosine kinases.",False,none,"There is no mention of B7-H3, CD276, or any related B7 family members in the claims. The focus is on superoxide dismutase and catalase.",False,none,The claims do not specify any topoisomerase I inhibitors or related payloads. The constructs are described in terms of binding to superoxide dismutase and catalase.,False,The claims do not describe any bispecific or multispecific antibodies. The constructs are single domain VHH fragments targeting superoxide dismutase and catalase.,False,"The patent does not pose a competitive risk to an ADC program targeting ROR1, B7-H3, or using a topoisomerase I inhibitor payload, as none of these elements are addressed in the claims.",164-259-811-762-739,
False,none,"The claims do not mention ROR1 or any characteristics specific to ROR1, such as involvement in Wnt5a signaling or expression in CLL or mantle cell lymphoma.",False,none,"The claims do not mention B7-H3, CD276, or any characteristics specific to B7-H3, such as being a 4Ig B7 family member or overexpression in specific cancers.",False,none,The claims do not mention topoisomerase I inhibitors or any specific compounds like camptothecin derivatives that would suggest a topoisomerase I payload.,False,The claims describe bifunctional molecules but do not specify bispecific antibodies targeting ROR1 or B7-H3.,False,"None of the criteria for ROR1, B7-H3, or topoisomerase I inhibitors are met with medium or high confidence, and there is no bispecific construct targeting these antigens.",160-538-115-444-207,
False,none,The claims do not mention ROR1 or any related characteristics such as orphan receptor tyrosine kinase involvement in Wnt5a signaling or expression in CLL or mantle cell lymphoma.,False,none,"The claims do not mention B7-H3, CD276, or any related characteristics such as being a 4Ig B7 family member or overexpression in specific cancers.",False,none,The claims do not mention topoisomerase I inhibitors or any related compounds such as camptothecin derivatives or analogs.,False,There are no claims describing bispecific or multispecific antibodies targeting ROR1 or B7-H3.,False,"None of the criteria for ROR1, B7-H3, or topoisomerase I inhibitor payloads are met with medium or high confidence, and there are no bispecific constructs described. Therefore, this patent does not pose a competitive risk to the ADC program.",121-113-746-368-759,
False,none,"The claims do not mention ROR1 or any specific characteristics associated with ROR1 targeting, such as Wnt5a signaling or expression in CLL or mantle cell lymphoma.",False,none,"The claims do not mention B7-H3, CD276, or any specific characteristics associated with B7-H3 targeting, such as being a 4Ig B7 family member or overexpression in specific cancers.",False,none,The claims focus on ecteinascidin derivatives and do not mention topoisomerase I inhibitors or related compounds like camptothecin derivatives.,False,The claims do not describe bispecific or multispecific antibodies targeting ROR1 or B7-H3.,False,"None of the criteria for ROR1, B7-H3, or topoisomerase I inhibitor payloads are met with medium or high confidence, and there is no bispecific construct targeting these antigens.",029-397-905-334-12X,
False,none,The claims focus on an antibody specific for CD19 and do not mention ROR1 or any related characteristics.,False,none,"There is no mention of B7-H3, CD276, or any related characteristics in the claims.",False,none,The claims do not mention any topoisomerase I inhibitors or related payloads.,False,"The claims describe a combination of an anti-CD19 antibody and a BCL-2 inhibitor, with no mention of bispecific or multispecific constructs.",False,"The patent claims are specific to a CD19-targeting antibody and a BCL-2 inhibitor, with no relevance to ROR1, B7-H3, or topoisomerase I inhibitor payloads.",029-178-387-408-941,
False,none,"The claims do not mention ROR1 or any characteristics specifically associated with ROR1 targeting, such as Wnt5a signaling or expression in CLL.",False,none,"The claims do not mention B7-H3 or CD276, nor do they describe characteristics specific to B7-H3 targeting.",False,none,The claims do not mention topoisomerase I inhibitors or any specific payloads related to topoisomerase I inhibition.,False,The claims do not describe any bispecific or multispecific antibody constructs.,False,"None of the criteria for ROR1, B7-H3, or topoisomerase I inhibitor payloads are met with medium or high confidence, and there are no bispecific constructs described. Therefore, this patent does not pose a competitive risk to the ADC program targeting these elements.",067-505-633-997-870,
False,none,"The claims do not mention ROR1 or any characteristics specific to ROR1 targeting, such as involvement in Wnt5a signaling or expression in CLL.",False,none,"There is no mention of B7-H3, CD276, or any related characteristics in the claims.",False,none,The claims do not reference any topoisomerase I inhibitors or related payloads such as camptothecin derivatives.,False,The claims do not describe any bispecific or multispecific antibody constructs.,False,"None of the criteria for ROR1, B7-H3, or topoisomerase I inhibitor payloads are met, and there are no bispecific constructs described. Therefore, this patent does not pose a competitive risk to the ADC program targeting these elements.",098-706-280-221-975,
False,none,"The claims do not mention ROR1 or any characteristics specifically associated with ROR1, such as Wnt5a signaling or expression in CLL. The focus is on tumor cells expressing a target substance at low levels, with no indication of ROR1 involvement.",False,none,"There is no mention of B7-H3, CD276, or any specific characteristics of B7-H3 in the claims. The claims focus on a general target substance on tumor cells, without specifying B7-H3 or related features.",False,none,"The claims specify cytotoxins such as saporin, gelonin, or Pseudomonas exotoxin, none of which are topoisomerase I inhibitors. There is no mention of topoisomerase I inhibitors or related mechanisms.",False,"The claims do not describe any bispecific or multispecific antibody constructs. The focus is on a conjugate with a photosensitizing dye, not a bispecific antibody.",False,"None of the criteria for ROR1, B7-H3, or topoisomerase I inhibitor payloads are met with medium or high confidence. The claims do not pose a competitive risk to the ADC program targeting these specific elements.",047-334-858-745-579,
False,none,"The claims do not mention ROR1 or any characteristics specifically associated with ROR1 targeting, such as Wnt5a signaling or expression in CLL or mantle cell lymphoma.",False,none,"The claims do not mention B7-H3, CD276, or any specific characteristics of B7-H3 targeting, such as being a 4Ig B7 family member or overexpression in specific solid tumors.",False,none,The claims do not mention any topoisomerase I inhibitors or related payloads such as camptothecin derivatives or specific inhibitors like SN-38 or irinotecan.,False,"While the claims describe bispecific antibodies, none of the arms are related to ROR1 or B7-H3 targeting.",False,"There is no indication of ROR1, B7-H3, or topoisomerase I inhibitor involvement in the claims, and the bispecific constructs do not target ROR1 or B7-H3. Therefore, this patent does not pose a competitive risk to the ADC program targeting these elements.",013-084-897-398-458,
False,none,The claims focus on CD44-targeting compositions and do not mention ROR1 or any related characteristics.,False,none,"There is no mention of B7-H3, CD276, or any related characteristics in the claims.",False,none,The claims do not mention topoisomerase I inhibitors or any related payloads.,False,The claims do not describe any bispecific or multispecific antibody constructs.,False,"The patent claims are specific to CD44-targeting compositions and do not overlap with ROR1, B7-H3, or topoisomerase I inhibitor payloads, thus posing no competitive risk to the ADC program.",018-693-678-111-547,
False,none,"The claims do not mention ROR1, NTRKR1, or any specific characteristics of ROR1 such as involvement in Wnt5a signaling or expression in CLL. There is no indication of antibodies targeting ROR1.",False,none,"The claims do not mention B7-H3, CD276, or any specific characteristics of B7-H3 such as its overexpression in certain cancers. There is no indication of antibodies targeting B7-H3.",False,none,"The claims do not mention topoisomerase I inhibitors or any specific compounds like DXd, SN-38, or camptothecin derivatives. The focus is on purine-derived compounds and their conjugates, not topoisomerase I inhibitors.",False,"While the claims mention bispecific or multispecific antibodies, there is no indication that these antibodies target ROR1 or B7-H3.",False,"None of the criteria for ROR1, B7-H3, or topoisomerase I inhibitors are met with medium or high confidence. Therefore, this patent does not pose a competitive risk to the ADC program targeting these elements.",029-369-230-064-492,
False,none,The claims do not mention ROR1 or any related orphan receptor tyrosine kinase characteristics. The focus is on a combination therapy involving a SHP2 inhibitor and a PD-L1 antagonist.,False,none,"There is no mention of B7-H3, CD276, or any related B7 family member characteristics in the claims. The claims are centered around PD-L1 antagonism.",False,none,The claims do not reference any topoisomerase I inhibitors or related payloads. The focus is on a SHP2 inhibitor and PD-L1 antagonist combination therapy.,False,The claims do not describe any bispecific or multispecific antibody constructs. The focus is on combination therapy with a SHP2 inhibitor and a PD-L1 antagonist.,False,"The patent claims do not cover ROR1, B7-H3, or topoisomerase I inhibitor payloads, nor do they describe bispecific constructs involving these targets. Therefore, it does not pose a competitive risk to the ADC program targeting these elements.",040-119-806-966-883,
False,none,"The claims do not mention ROR1, NTRKR1, or any related receptor tyrosine kinase characteristics. There is no indication of targeting ROR1 in the claims.",False,none,"The claims do not mention B7-H3, CD276, or any related B7 family member characteristics. There is no indication of targeting B7-H3 in the claims.",False,none,"The claims focus on combinations of iadademstat and PD(L)1 inhibitors for cancer treatment, with no mention of topoisomerase I inhibitors or related payloads.",False,The claims do not describe any bispecific or multispecific antibody constructs targeting ROR1 or B7-H3.,False,"There is no indication in the claims of targeting ROR1, B7-H3, or using a topoisomerase I inhibitor payload. The patent focuses on iadademstat and PD(L)1 inhibitor combinations, posing no competitive risk to the specified ADC program.",069-793-154-031-640,
False,none,"The claims do not mention ROR1 or any characteristics specifically associated with ROR1 targeting, such as involvement in Wnt5a signaling or expression in CLL or mantle cell lymphoma.",False,none,"The claims do not mention B7-H3, CD276, or any specific characteristics of B7-H3, such as being a 4Ig B7 family member or overexpression in specific cancers.",True,high,"Claim 15 explicitly includes 'topoisomerase inhibitors' as a category of drugs that can be conjugated to the modified antibody, which directly supports the use of a topoisomerase I inhibitor payload.",False,The claims do not describe a bispecific or multispecific antibody construct.,True,"The patent poses a competitive risk due to the high confidence in the inclusion of topoisomerase I inhibitors as a payload, which is relevant to the ADC program's focus on such payloads.",081-109-637-777-472,
False,none,The claims do not mention ROR1 or any characteristics specific to ROR1 targeting. The antibody is defined by specific sequences without reference to ROR1 or related signaling pathways.,False,none,"There is no mention of B7-H3, CD276, or any related characteristics in the claims. The antibody is defined by specific sequences without reference to B7-H3 or related pathways.",False,none,The claims do not specify a topoisomerase I inhibitor or any related compounds. The payload is not described in terms of topoisomerase I inhibition or related structural features.,False,The claims do not describe a bispecific or multispecific antibody. The focus is on a single antibody with defined sequences.,False,"None of the criteria for ROR1, B7-H3, or topoisomerase I inhibitor payloads are met with medium or high confidence. The claims do not pose a competitive risk to the specified ADC program.",133-818-448-814-904,
False,none,The claims focus on antibodies targeting human mutant calreticulin (CALR) and do not mention ROR1 or any related receptor tyrosine kinases.,False,none,"There is no mention of B7-H3, CD276, or any related B7 family members in the claims. The focus is solely on mutant CALR.",False,none,The claims do not mention any topoisomerase I inhibitors or related payloads. The focus is on antibodies against mutant CALR.,False,The claims do not describe any bispecific or multispecific antibodies. They are focused on monospecific antibodies targeting mutant CALR.,False,"The patent does not pose a competitive risk to an ADC program targeting ROR1, B7-H3, or using a topoisomerase I inhibitor payload, as it is focused on antibodies against mutant CALR.",142-371-989-020-398,
False,none,"The claims focus on chimeric antigen receptors targeting PSMA, with no mention or implication of ROR1 or related characteristics.",False,none,"There is no mention of B7-H3, CD276, or related characteristics in the claims, which are specific to PSMA targeting.",False,none,The claims do not mention topoisomerase I inhibitors or related payloads; they focus on CAR constructs and methods for PSMA targeting.,False,The claims do not describe any bispecific or multispecific constructs; they are specific to PSMA-targeting CARs.,False,"The patent claims are specific to PSMA-targeting CARs and do not involve ROR1, B7-H3, or topoisomerase I inhibitors, posing no competitive risk to the ADC program.",151-896-439-582-917,
False,none,The claims focus on antigen-binding proteins targeting Claudin-6 (CLDN6) and do not mention ROR1 or any related receptor tyrosine kinase characteristics.,False,none,"The claims are specific to Claudin-6 targeting and do not mention B7-H3, CD276, or any related B7 family member characteristics.",False,none,There is no mention of topoisomerase I inhibitors or related payloads in the claims. The focus is on antigen-binding proteins and their binding characteristics.,False,The claims do not describe bispecific or multispecific antibodies. They focus solely on Claudin-6 targeting antibodies.,False,"The patent claims are specific to Claudin-6 targeting antibodies and do not overlap with ROR1, B7-H3, or topoisomerase I inhibitor payloads. Therefore, it does not pose a competitive risk to the ADC program targeting these elements.",171-385-724-091-368,
False,none,"The claims do not mention ROR1 or any characteristics specific to ROR1 targeting, such as involvement in Wnt5a signaling or expression in CLL.",False,none,"The claims do not mention B7-H3, CD276, or any specific characteristics of B7-H3 targeting. The focus is on immune checkpoint inhibitors and adjuvants.",False,none,There is no mention of topoisomerase I inhibitors or related payloads in the claims. The focus is on adjuvants and immune modulation.,False,The claims do not describe any bispecific or multispecific antibody constructs.,False,"The patent does not pose a competitive risk to an ADC program targeting ROR1, B7-H3, or using a topoisomerase I inhibitor payload, as none of these elements are addressed in the claims.",182-208-039-937-160,
False,none,"The claims do not mention ROR1 or any characteristics specific to ROR1 targeting, such as Wnt5a signaling or expression in CLL.",False,none,"There is no mention of B7-H3, CD276, or any specific characteristics of B7-H3 targeting in the claims.",True,high,"The claims explicitly include 'topoisomerase inhibitor' as a potential anticancer agent, which supports high confidence for topoisomerase I inhibitor payload risk.",False,The claims do not describe any bispecific or multispecific antibody constructs.,True,The presence of a topoisomerase I inhibitor in the claims poses a competitive risk to ADC programs using such a payload.,184-864-795-805-057,
False,none,"The claims do not mention ROR1 or any characteristics associated with ROR1, such as involvement in Wnt5a signaling or expression in CLL or mantle cell lymphoma.",False,none,"The claims do not mention B7-H3, CD276, or any characteristics specific to B7-H3. The focus is on CLDN6 and T-cell recruitment.",False,none,There is no mention of topoisomerase I inhibitors or related payloads in the claims. The focus is on multispecific antigen-binding molecules.,True,"The claims describe multispecific antigen-binding molecules targeting CD3, CD137, and CLDN6, but none of the targets are ROR1 or B7-H3.",False,"The patent does not target ROR1, B7-H3, or involve a topoisomerase I inhibitor payload. The bispecific constructs do not involve ROR1 or B7-H3, so there is no competitive risk to the ADC program.",186-663-441-215-262,
False,none,"The claims do not mention ROR1 or any characteristics specific to ROR1 targeting, such as Wnt5a signaling or expression in CLL. The focus is on extracellular vesicles and STING agonists, unrelated to ROR1.",False,none,"There is no mention of B7-H3, CD276, or any related characteristics in the claims. The patent is centered on STING agonists and immune modulation, not B7-H3 targeting.",False,none,"The claims do not reference topoisomerase I inhibitors or any related compounds. The focus is on STING agonists within extracellular vesicles, which are unrelated to topoisomerase I inhibition.",False,The claims do not describe any bispecific or multispecific antibody constructs. The patent is focused on compositions involving STING agonists and extracellular vesicles.,False,"None of the criteria for ROR1, B7-H3, or topoisomerase I inhibitor payloads are met with medium or high confidence. The patent does not pose a competitive risk to the ADC program targeting these elements.",009-215-019-431-122,
True,high,"The claims explicitly mention ROR1 as a tumor antigen in claim 9, which directly supports targeting ROR1.",True,high,"The claims explicitly mention B7-H3 as part of the costimulatory signaling region in claim 4, indicating targeting of B7-H3.",False,none,There is no mention of topoisomerase I inhibitors or related payloads in the claims.,False,The claims do not describe a bispecific or multispecific antibody construct.,True,"The patent poses a competitive risk due to high confidence in targeting both ROR1 and B7-H3, as explicitly claimed.",196-912-061-498-026,
False,none,The claims focus on an anti-CEACAM5 antibody and do not mention ROR1 or any related characteristics.,False,none,The claims are specific to an anti-CEACAM5 antibody and do not mention B7-H3 or any related characteristics.,False,low,"While the claims mention topoisomerase inhibitors as potential payloads, there is no specific mention of topoisomerase I inhibitors or related compounds like camptothecin derivatives.",False,The claims do not describe any bispecific or multispecific antibody constructs.,False,"The patent claims are specific to an anti-CEACAM5 antibody and do not cover ROR1, B7-H3, or explicitly mention topoisomerase I inhibitors, thus posing no competitive risk to the ADC program targeting these elements.",114-513-969-370-281,
False,none,"The claims focus on BCMA-targeted CAR-T cell therapy for multiple myeloma, with no mention of ROR1 or related receptor characteristics.",False,none,The claims are specific to BCMA-targeted CAR-T cells and do not mention B7-H3 or related characteristics.,False,none,"There is no mention of topoisomerase I inhibitors or related payloads in the claims, which are focused on CAR-T cell therapy.",False,The claims do not describe bispecific or multispecific antibodies; they are focused on CAR-T cells targeting BCMA.,False,"The patent claims are specific to BCMA-targeted CAR-T cell therapy and do not involve ROR1, B7-H3, or topoisomerase I inhibitors, thus posing no competitive risk to the ADC program targeting these elements.",085-078-924-588-697,
False,none,The claims focus exclusively on an anti-CD20 antibody-drug conjugate and do not mention ROR1 or any related characteristics.,False,none,"There is no mention of B7-H3, CD276, or any related characteristics in the claims.",False,none,"The payload specified in the claims is Monomethyl auristatin E (MMAE), which is not a topoisomerase I inhibitor.",False,The claims do not describe any bispecific or multispecific antibody constructs.,False,"The patent claims are specific to an anti-CD20 ADC with an MMAE payload, which does not overlap with ROR1, B7-H3, or topoisomerase I inhibitor targeting strategies.",008-523-842-627-859,
False,none,"The claims do not mention ROR1 or any specific characteristics of ROR1, such as involvement in Wnt5a signaling or expression in CLL. There is no indication of targeting ROR1 in the claims.",False,none,"The claims do not mention B7-H3, CD276, or any specific characteristics of B7-H3. There is no indication of targeting B7-H3 in the claims.",True,medium,"Claim 21 includes camptothecin as a potential cytotoxic agent, which is a known topoisomerase I inhibitor. This supports a medium confidence level for the presence of a topoisomerase I inhibitor payload.",False,The claims mention various antibody formats but do not specify bispecific constructs targeting ROR1 or B7-H3.,True,"The presence of a topoisomerase I inhibitor payload in the claims poses a competitive risk to ADC programs using similar payloads, warranting a competitor flag.",021-424-005-996-945,
False,none,"The claims do not explicitly mention ROR1 or any characteristics specific to ROR1 targeting, such as involvement in Wnt5a signaling or expression in CLL or mantle cell lymphoma.",True,high,"The claims explicitly mention B7-H3 as a target, which is also known as CD276, indicating a high confidence in B7-H3 targeting.",True,high,"The claims explicitly describe conjugates with camptothecin analogs, which are known topoisomerase I inhibitors, providing high confidence in the use of a topoisomerase I inhibitor payload.",False,The claims do not describe any bispecific or multispecific antibody constructs.,True,The patent poses a competitive risk due to high confidence in both B7-H3 targeting and the use of a topoisomerase I inhibitor payload.,029-944-914-300-634,
False,none,"The claims do not mention ROR1 or any related characteristics such as orphan receptor tyrosine kinase involvement, Wnt5a signaling, or expression patterns associated with ROR1.",False,none,"The claims focus on anti-PD-L1 antibodies and do not mention B7-H3, CD276, or any related characteristics specific to B7-H3.",False,none,"There is no mention of topoisomerase I inhibitors, camptothecin derivatives, or any related payloads in the claims.",False,The claims do not describe any bispecific or multispecific antibody constructs.,False,"The patent claims are specific to a combination of estrogen and anti-PD-L1 antibodies for colorectal cancer treatment, with no mention of ROR1, B7-H3, or topoisomerase I inhibitors. Therefore, it does not pose a competitive risk to the ADC program targeting these elements.",053-016-994-585-614,
False,none,"The claims do not mention ROR1 or any characteristics specific to ROR1 targeting, such as involvement in Wnt5a signaling or expression in CLL.",False,none,"The claims do not mention B7-H3, CD276, or any specific characteristics of B7-H3 targeting. The focus is on PD-1/PD-L1 inhibitors and TLR agonists.",False,none,There is no mention of topoisomerase I inhibitors or related payloads such as camptothecin derivatives in the claims.,False,"The claims do not describe any bispecific or multispecific antibodies, nor do they involve ROR1 or B7-H3.",False,"The patent does not pose a competitive risk to an ADC program targeting ROR1, B7-H3, or using a topoisomerase I inhibitor payload, as none of these elements are addressed in the claims.",036-538-156-766-522,
False,none,"The claims do not mention ROR1 or any characteristics specific to ROR1 targeting, such as involvement in Wnt5a signaling or expression in CLL.",False,none,"The claims do not mention B7-H3 or any characteristics specific to B7-H3 targeting, such as being a 4Ig B7 family member or overexpression in specific solid tumors.",False,none,The claims do not mention any topoisomerase I inhibitors or related payloads such as camptothecin derivatives.,False,The claims do not describe any bispecific or multispecific antibody constructs.,False,"The patent claims focus on a combination therapy involving a specific quinazoline compound and an anti-PD-1 antibody, with no mention of ROR1, B7-H3, or topoisomerase I inhibitors. Therefore, it does not pose a competitive risk to the ADC program targeting these elements.",064-407-486-188-177,
False,none,"The claims do not mention ROR1 or any characteristics specific to ROR1 targeting, such as Wnt5a signaling or expression in CLL.",False,none,"The claims do not mention B7-H3, CD276, or any specific characteristics of B7-H3 targeting.",False,none,There is no mention of topoisomerase I inhibitors or related payloads in the claims.,False,The claims do not describe bispecific or multispecific antibodies targeting ROR1 or B7-H3.,False,"The patent claims do not cover ROR1, B7-H3, or topoisomerase I inhibitor payloads, nor do they describe bispecific constructs involving these targets. Therefore, it does not pose a competitive risk to the ADC program.",099-852-370-805-490,
False,none,"The claims do not mention ROR1 or any characteristics specifically associated with ROR1 targeting, such as Wnt5a signaling or expression in CLL.",False,none,"There is no mention of B7-H3, CD276, or any specific characteristics of B7-H3 in the claims.",False,none,The claims do not reference topoisomerase I inhibitors or any related payloads such as camptothecin derivatives.,False,The claims describe a phase transition adjusting element with multiple ligands but do not specify bispecific antibodies targeting ROR1 or B7-H3.,False,"None of the criteria for ROR1, B7-H3, or topoisomerase I inhibitor payloads are met with medium or high confidence, and there is no bispecific construct targeting these antigens.",083-432-958-175-440,
False,none,"The claims focus on antibodies that specifically bind to LRP6, with no mention of ROR1 or related receptor tyrosine kinases.",False,none,"The claims do not mention B7-H3, CD276, or any related B7 family members. The focus is solely on LRP6 binding antibodies.",True,high,"Claim 21 explicitly lists SN-38, a known topoisomerase I inhibitor, as a potential cytotoxic agent in the immunoconjugate.",False,"While bispecific antibodies are mentioned, there is no indication that one arm targets ROR1 or B7-H3.",True,"The patent poses a competitive risk due to the high confidence identification of a topoisomerase I inhibitor payload, specifically SN-38, in the claims.",104-138-927-336-646,
False,none,"The claims do not mention ROR1 or any characteristics specific to ROR1 targeting, such as involvement in Wnt5a signaling or expression in CLL.",False,none,The claims focus on PD-L1 targeting and do not mention B7-H3 or any related characteristics.,True,high,"The claims list irinotecan hydrochloride and topotecan hydrochloride, both of which are topoisomerase I inhibitors, as potential cytotoxic agents.",False,The claims do not describe any bispecific or multispecific antibody constructs.,True,The presence of topoisomerase I inhibitors in the claims poses a competitive risk to ADC programs using similar payloads.,124-022-878-997-990,
False,none,"The claims do not mention ROR1 or any characteristics specific to ROR1, such as involvement in Wnt5a signaling or expression in CLL or mantle cell lymphoma.",True,high,"Claim 6 explicitly mentions B7H3 as a target for the immune checkpoint inhibitor, which directly supports high confidence in B7-H3 targeting.",False,none,"There is no mention of topoisomerase I inhibitors or related payloads in the claims, such as camptothecin derivatives or specific topoisomerase I inhibitors.",False,The claims do not describe any bispecific or multispecific antibody constructs.,True,The high confidence in B7-H3 targeting through the explicit mention in the claims indicates a competitive risk to an ADC program targeting B7-H3.,134-597-255-764-162,
False,none,"The claims focus on an anti-CD40 antibody and a tyrosine kinase inhibitor, with no mention of ROR1 or related characteristics.",False,none,"There is no mention of B7-H3, CD276, or related characteristics in the claims.",False,low,"The claims mention a third therapeutic agent that could include camptothecin analog drugs, but do not specifically claim a topoisomerase I inhibitor payload.",False,The claims do not describe a bispecific or multispecific antibody construct.,False,"None of the criteria for ROR1, B7-H3, or topoisomerase I inhibitor payloads are met with medium or high confidence, and no bispecific constructs are claimed.",138-744-914-510-960,
False,none,"The claims do not mention ROR1 or any characteristics specific to ROR1 targeting, such as involvement in Wnt5a signaling or expression in CLL.",False,none,"The claims do not mention B7-H3, CD276, or any characteristics specific to B7-H3 targeting.",False,low,"While claim 16 mentions topoisomerase inhibitors, it does so in a generic context without specifying a topoisomerase I inhibitor payload for the claimed antibody constructs.",False,"The claims describe multispecific antibodies targeting DLL3 and potentially other antigens like CD3 or CD137, but none of these are ROR1 or B7-H3.",False,"There is no medium or high confidence in ROR1, B7-H3, or topoisomerase I inhibitor targeting, nor is there a bispecific construct involving ROR1 or B7-H3.",147-958-333-222-274,
False,none,The claims focus on antigen-binding proteins specific to the NY-ESO-1 peptide complex and do not mention ROR1 or any related characteristics.,False,none,"There is no mention of B7-H3, CD276, or any related characteristics in the claims. The focus is solely on NY-ESO-1 targeting.",False,none,The claims do not mention any topoisomerase I inhibitors or related payloads. The focus is on antigen-binding proteins and their specific binding to NY-ESO-1.,False,The claims do not describe any bispecific or multispecific antibodies. They focus on single specificity towards NY-ESO-1.,False,"The patent claims are specific to NY-ESO-1 targeting and do not involve ROR1, B7-H3, or topoisomerase I inhibitors. Therefore, it does not pose a competitive risk to the ADC program targeting these elements.",144-982-181-525-68X,
False,none,The claims focus on EpCAM binding antibodies and do not mention ROR1 or any related characteristics such as Wnt5a signaling or expression in specific lymphomas.,False,none,"There is no mention of B7-H3, CD276, or any related B7 family member characteristics in the claims. The focus is solely on EpCAM binding.",False,none,The claims do not mention any topoisomerase I inhibitors or related payloads. The focus is on antibody binding to EpCAM.,False,The claims do not describe bispecific or multispecific antibodies targeting ROR1 or B7-H3. They focus on EpCAM and potentially HER2 or CD20.,False,"The patent claims are specific to EpCAM binding antibodies and do not cover ROR1, B7-H3, or topoisomerase I inhibitor payloads. Therefore, it does not pose a competitive risk to the ADC program targeting these elements.",188-225-078-432-088,
False,none,The claims focus exclusively on an anti-LAG3 monoclonal antibody without any mention or implication of ROR1 targeting.,False,none,"There is no mention of B7-H3 or related terms in the claims, which are specific to LAG3.",False,none,The claims do not mention any topoisomerase I inhibitors or related payloads.,False,The claims do not describe any bispecific or multispecific antibody constructs.,False,"The patent claims are specific to an anti-LAG3 monoclonal antibody and do not involve ROR1, B7-H3, or topoisomerase I inhibitor payloads, thus posing no competitive risk to the ADC program targeting these elements.",196-857-624-941-935,
False,none,The claims do not mention ROR1 or any related characteristics such as orphan receptor tyrosine kinase involvement in Wnt5a signaling or expression in specific lymphomas.,False,none,"There is no mention of B7-H3, CD276, or any related characteristics in the claims.",False,none,The claims do not specify any topoisomerase I inhibitors or related compounds such as camptothecin derivatives.,False,The claims do not describe any bispecific or multispecific antibodies.,False,"None of the criteria for ROR1, B7-H3, or topoisomerase I inhibitor payloads are met in the claims, indicating no competitive risk to the ADC program.",057-378-793-618-567,
False,none,The claims focus on antibodies targeting mutated KRAS proteins and do not mention ROR1 or related characteristics.,False,none,"There is no mention of B7-H3, CD276, or related characteristics in the claims.",False,none,The claims do not mention topoisomerase I inhibitors or related payloads.,False,The claims do not describe bispecific or multispecific antibodies.,False,"The patent claims are specific to KRAS-targeting antibodies and do not overlap with ROR1, B7-H3, or topoisomerase I inhibitor payloads.",145-368-356-314-830,
False,none,"The claims do not mention ROR1 or any characteristics specific to ROR1 targeting, such as involvement in Wnt5a signaling or expression in CLL.",False,none,"The claims do not mention B7-H3, CD276, or any specific characteristics of B7-H3 targeting, such as being a 4Ig B7 family member.",False,none,The claims focus on FAK inhibitors and do not mention topoisomerase I inhibitors or related payloads like camptothecin derivatives.,False,There are no claims describing bispecific or multispecific antibodies targeting ROR1 or B7-H3.,False,"The patent claims are specific to FAK inhibitors and do not cover ROR1, B7-H3, or topoisomerase I inhibitor payloads, indicating no competitive risk to the ADC program.",054-329-119-877-903,
False,none,"The claims do not mention ROR1 or any characteristics specifically associated with ROR1 targeting, such as involvement in Wnt5a signaling or expression in CLL.",True,high,"Claim 27 explicitly lists an anti-B7-H3 antibody, indicating a high confidence in B7-H3 targeting.",False,none,"The claims focus on an Eribulin derivative as the payload, which is not a topoisomerase I inhibitor. There is no mention of topoisomerase I inhibitors or related compounds like camptothecin derivatives.",False,The claims do not describe any bispecific or multispecific antibody constructs.,True,The high confidence in B7-H3 targeting through explicit claim language indicates a competitive risk to ADC programs targeting B7-H3.,144-516-406-605-288,
False,none,"The claims do not mention ROR1 or any characteristics specific to ROR1 targeting, such as orphan receptor tyrosine kinase involvement in Wnt5a signaling or expression in CLL.",False,none,"The claims do not mention B7-H3, CD276, or any specific characteristics of B7-H3 targeting, such as being a 4Ig B7 family member or overexpression in specific cancers.",True,high,"The claims explicitly list topoisomerase I inhibitors such as irinotecan and topotecan as potential second therapeutic agents, indicating a high confidence in the relevance to a topoisomerase I inhibitor payload.",False,The claims do not describe any bispecific or multispecific antibody constructs.,True,"The presence of topoisomerase I inhibitors in the claims poses a competitive risk to ADC programs using similar payloads, warranting a competitor flag.",100-067-347-458-435,
False,none,"The claims focus exclusively on anti-HER2 antibody-drug conjugates and HER dimerization inhibitors, with no mention of ROR1 or related characteristics.",False,none,"There is no mention of B7-H3, CD276, or related characteristics in the claims, which are specific to HER2 targeting.",True,high,"The claims include trastuzumab deruxtecan, which is known to contain a topoisomerase I inhibitor payload, specifically a derivative of exatecan.",False,The claims do not describe any bispecific or multispecific antibody constructs.,True,The patent poses a competitive risk due to the high confidence identification of a topoisomerase I inhibitor payload in the form of trastuzumab deruxtecan.,003-111-079-263-023,
False,none,"The claims do not mention ROR1, orphan receptor tyrosine kinases, or any related characteristics that would suggest targeting ROR1.",False,none,"The claims do not mention B7-H3, CD276, or any related characteristics that would suggest targeting B7-H3.",False,none,The claims focus on CHK1 inhibitors and do not mention topoisomerase I inhibitors or related payloads.,False,There are no claims describing bispecific or multispecific antibodies targeting ROR1 or B7-H3.,False,"The patent claims are centered around CHK1 inhibitors and do not involve ROR1, B7-H3, or topoisomerase I inhibitors, thus posing no competitive risk to the ADC program targeting these elements.",003-344-304-103-243,
False,none,"The claims do not mention ROR1 or any characteristics associated with ROR1 targeting, such as orphan receptor tyrosine kinase or Wnt5a signaling involvement.",False,none,"There is no mention of B7-H3, CD276, or any related characteristics in the claims. The focus is on a specific polypeptide and its use in tumor treatment, not on B7 family members.",False,none,"The claims do not reference topoisomerase I inhibitors or any related payloads. The focus is on a polypeptide and its use in diagnostics and treatment, not on cytotoxic payloads.",False,The claims do not describe any bispecific or multispecific antibody constructs. The focus is on a single polypeptide and related antibodies.,False,"None of the claims relate to ROR1, B7-H3, or topoisomerase I inhibitors, and there are no bispecific constructs described. Therefore, this patent does not pose a competitive risk to the ADC program targeting these elements.",021-171-691-946-813,
False,none,"The claims do not mention ROR1 or any characteristics specific to ROR1 targeting, such as Wnt5a signaling or expression in CLL.",False,none,"The claims do not mention B7-H3, CD276, or any specific characteristics of B7-H3 targeting.",False,none,The claims do not mention topoisomerase I inhibitors or any related compounds such as camptothecin derivatives.,False,There are no claims describing bispecific or multispecific antibodies targeting ROR1 or B7-H3.,False,"The patent does not claim any compositions or methods related to ROR1, B7-H3, or topoisomerase I inhibitors, thus posing no competitive risk to the ADC program targeting these elements.",024-606-367-090-629,
False,none,"The claims focus on antibodies targeting CAPRIN-1 protein, with no mention of ROR1 or related receptor tyrosine kinases.",False,none,"There is no mention of B7-H3, CD276, or related B7 family members in the claims, which are specific to CAPRIN-1 targeting.",False,none,The claims do not mention any topoisomerase I inhibitors or related payloads; the focus is on CAPRIN-1 targeting antibodies and imiquimod.,False,The claims do not describe any bispecific or multispecific antibody constructs.,False,"The patent claims are specific to CAPRIN-1 targeting and do not overlap with ROR1, B7-H3, or topoisomerase I inhibitor payloads, posing no competitive risk to the ADC program.",052-816-475-283-795,
False,none,"The claims focus on an antibody-drug conjugate targeting CLDN18.2, with no mention of ROR1 or related receptor tyrosine kinases.",False,none,The claims are specific to CLDN18.2 targeting antibodies and do not mention B7-H3 or any related B7 family members.,False,none,"The payload described in the claims is an anthracycline, not a topoisomerase I inhibitor. There is no mention of camptothecin derivatives or topoisomerase I inhibition.",False,The claims do not describe any bispecific or multispecific antibody constructs.,False,"The patent claims are specific to CLDN18.2 targeting ADCs with anthracycline payloads, posing no competitive risk to programs targeting ROR1, B7-H3, or using topoisomerase I inhibitor payloads.",059-458-276-663-231,
False,none,"The claims do not mention ROR1 or any characteristics specific to ROR1 targeting, such as involvement in Wnt5a signaling or expression in CLL.",True,high,"The claims explicitly mention B7-H3 as a target for immune checkpoint inhibitors, which supports high confidence in B7-H3 targeting.",False,none,There is no mention of topoisomerase I inhibitors or related payloads in the claims.,False,The claims do not describe any bispecific or multispecific antibody constructs.,True,The high confidence in B7-H3 targeting indicates a competitive risk to ADC programs targeting B7-H3.,085-114-902-426-756,
False,none,"The claims do not mention ROR1 or any characteristics specific to ROR1, such as involvement in Wnt5a signaling or expression in CLL. The focus is on VIP-R antagonists, which are unrelated to ROR1.",False,none,"The claims do not mention B7-H3 or CD276. Although B7-H3 is listed among potential immune checkpoint inhibitors in combination therapies, the claims do not specify targeting B7-H3 directly.",False,none,There is no mention of topoisomerase I inhibitors or related payloads in the claims. The focus is on VIP-R antagonists and their use in immune modulation.,False,The claims do not describe any bispecific or multispecific antibodies targeting ROR1 or B7-H3.,False,"None of the criteria for ROR1, B7-H3, or topoisomerase I inhibitor payloads are met with medium or high confidence. The patent focuses on VIP-R antagonists, which do not overlap with the ADC program's targets.",098-142-995-935-188,
False,none,The claims do not mention ROR1 or any related characteristics such as orphan receptor tyrosine kinase involvement in Wnt5a signaling or expression in specific cancers.,False,none,"There is no mention of B7-H3, CD276, or any related characteristics in the claims.",False,none,The claims do not mention topoisomerase I inhibitors or any related compounds such as camptothecin derivatives.,False,The claims do not describe any bispecific or multispecific antibody constructs.,False,"None of the claims relate to ROR1, B7-H3, or topoisomerase I inhibitors, and there are no bispecific constructs described. Therefore, this patent does not pose a competitive risk to the ADC program targeting these elements.",138-153-734-701-087,
False,none,"The claims do not mention ROR1 or any related characteristics such as orphan receptor tyrosine kinase involvement, Wnt5a signaling, or expression in specific cancers.",False,none,"There is no mention of B7-H3, CD276, or any related characteristics in the claims. The focus is on creatine and CD8 T cells, not on B7 family members.",False,none,The claims do not specify any topoisomerase I inhibitors or related payloads. The chemotherapeutic agents mentioned are not related to topoisomerase I inhibition.,False,The claims do not describe any bispecific or multispecific antibodies targeting ROR1 or B7-H3.,False,"None of the claims relate to ROR1, B7-H3, or topoisomerase I inhibitors, and there are no bispecific constructs described. Therefore, this patent does not pose a competitive risk to the ADC program targeting these elements.",128-643-029-515-421,
False,none,"The claims do not mention ROR1 or any characteristics specifically associated with ROR1 targeting, such as involvement in Wnt5a signaling or expression in CLL or mantle cell lymphoma.",False,none,"The claims do not mention B7-H3, CD276, or any specific characteristics of B7-H3, such as being a 4Ig B7 family member or overexpression in specific cancers.",True,high,"The claims explicitly describe camptothecin analogs as payloads, which are known topoisomerase I inhibitors, providing high confidence in the relevance to topoisomerase I inhibitor payloads.",False,The claims do not describe any bispecific or multispecific antibody constructs.,True,"The patent poses a competitive risk due to the high confidence in the use of topoisomerase I inhibitor payloads, specifically camptothecin analogs, which are relevant to the ADC program's payload strategy.",143-619-663-700-687,
False,none,"The claims do not mention ROR1 or any characteristics specific to ROR1, such as involvement in Wnt5a signaling or expression in CLL. The focus is on NK cell and cancer cell targets, none of which are related to ROR1.",False,none,"There is no mention of B7-H3, CD276, or any related characteristics in the claims. The second target on cancer cells includes EGFR, PSMA, and others, but not B7-H3.",False,none,"The claims list several chemotherapeutic agents, but none are topoisomerase I inhibitors or related compounds like camptothecin derivatives. The focus is on other types of chemotherapeutics.",False,"The claims describe nanoparticles with multiple targeting agents, but there is no indication of bispecific antibodies targeting ROR1 or B7-H3.",False,"None of the claims relate to ROR1, B7-H3, or topoisomerase I inhibitors, and there is no bispecific construct involving these targets. Therefore, the patent does not pose a competitive risk to the ADC program targeting these elements.",145-744-454-242-101,
False,none,"The claims do not mention ROR1 or any characteristics specifically associated with ROR1, such as involvement in Wnt5a signaling or expression in CLL or mantle cell lymphoma.",False,none,"The claims do not mention B7-H3, CD276, or any specific characteristics of B7-H3, such as being a 4Ig B7 family member or overexpression in specific solid tumors.",False,none,The claims do not mention topoisomerase I inhibitors or any specific compounds or mechanisms associated with topoisomerase I inhibition.,False,The claims do not describe bispecific or multispecific antibodies targeting ROR1 or B7-H3.,False,"None of the claims relate to ROR1, B7-H3, or topoisomerase I inhibitors, and there are no bispecific constructs targeting these antigens. Therefore, this patent does not pose a competitive risk to the ADC program targeting these elements.",128-354-894-457-667,
False,none,"The claims focus on antibodies targeting ACVR2A, with no mention of ROR1 or related receptor tyrosine kinases.",False,none,"There is no mention of B7-H3, CD276, or any related B7 family members in the claims.",False,none,The claims do not mention any topoisomerase I inhibitors or related payloads.,False,The claims do not describe any bispecific or multispecific antibody constructs.,False,"The patent claims are specific to ACVR2A-targeting antibodies and do not overlap with ROR1, B7-H3, or topoisomerase I inhibitor payloads, indicating no competitive risk to the ADC program.",190-135-394-900-843,
False,none,"The claims do not mention ROR1 or any specific characteristics associated with ROR1 targeting, such as involvement in Wnt5a signaling or expression in specific cancers.",False,none,"The claims do not mention B7-H3, CD276, or any specific characteristics associated with B7-H3 targeting, such as being a 4Ig B7 family member or overexpression in specific solid tumors.",False,none,The claims do not specify any topoisomerase I inhibitors or related compounds such as camptothecin derivatives or analogs.,False,The claims do not describe any bispecific or multispecific antibody constructs.,False,"None of the criteria for ROR1, B7-H3, or topoisomerase I inhibitor payloads are met with medium or high confidence, and there are no bispecific constructs described. Therefore, the patent does not pose a competitive risk to the ADC program targeting these elements.",005-507-866-767-697,
False,none,The claims focus on an anti-DKK1 antibody and do not mention ROR1 or any characteristics associated with ROR1 targeting.,False,none,"The claims are specific to DKK1 and do not mention B7-H3, CD276, or any related characteristics.",False,none,There is no mention of topoisomerase I inhibitors or related payloads in the claims.,False,"While the claims include bispecific antibodies, they are specific to DKK1 and do not involve ROR1 or B7-H3.",False,"The patent claims are specific to DKK1 and do not involve ROR1, B7-H3, or topoisomerase I inhibitors, thus posing no competitive risk to the ADC program targeting these elements.",026-813-223-472-497,
False,none,"The claims do not mention ROR1 or any characteristics specific to ROR1, such as involvement in Wnt5a signaling or expression in CLL or mantle cell lymphoma.",False,none,"The claims do not mention B7-H3, CD276, or any characteristics specific to B7-H3, such as being a 4Ig B7 family member or overexpression in specific solid tumors.",False,none,"The claims do not mention topoisomerase I inhibitors or any specific payloads like DXd, SN-38, or camptothecin derivatives.",False,The claims do not describe any bispecific or multispecific antibody constructs.,False,"None of the criteria for ROR1, B7-H3, or topoisomerase I inhibitor payloads are met with medium or high confidence, and there are no bispecific constructs targeting these antigens.",053-222-296-404-334,
False,none,"The claims do not mention ROR1 or any characteristics specifically associated with ROR1 targeting, such as Wnt5a signaling or expression in CLL.",False,none,The claims do not mention B7-H3 or CD276. The mention of B7-H4 in the claims explicitly excludes B7-H3 targeting.,False,none,The claims focus on PROTAC antibody conjugates and do not mention topoisomerase I inhibitors or related payloads.,False,The claims do not describe bispecific or multispecific antibodies targeting ROR1 or B7-H3.,False,"There is no indication in the claims of targeting ROR1, B7-H3, or using a topoisomerase I inhibitor payload. The patent focuses on PROTAC antibody conjugates, which do not overlap with the ADC program criteria.",043-567-337-828-389,
False,none,"The claims do not mention ROR1, orphan receptor tyrosine kinases, or any related signaling pathways or expression profiles associated with ROR1.",False,none,"There is no mention of B7-H3, CD276, or any related B7 family member descriptions that would suggest targeting B7-H3.",False,none,"The claims do not reference any topoisomerase I inhibitors, camptothecin derivatives, or related mechanisms of action.",False,The claims do not describe any bispecific or multispecific antibodies targeting ROR1 or B7-H3.,False,"The patent does not pose a competitive risk to an ADC program targeting ROR1, B7-H3, or using a topoisomerase I inhibitor payload, as none of these elements are claimed.",014-136-146-151-68X,
False,none,"The claims do not mention ROR1 or any related receptor tyrosine kinase characteristics. The focus is on polyinosinic-polycytidylic acid compositions, unrelated to ROR1 targeting.",False,none,"There is no mention of B7-H3, CD276, or any related B7 family member characteristics in the claims. The patent is focused on polyribonucleotide compositions.",False,none,"The claims do not reference topoisomerase I inhibitors or any related payloads. The invention is centered on poly(I:C) molecules, not cytotoxic agents.",False,The claims do not describe any bispecific or multispecific antibody constructs. The patent is focused solely on polyribonucleotide compositions.,False,"None of the criteria for ROR1, B7-H3, or topoisomerase I inhibitor payloads are met. The patent does not pose a competitive risk to the ADC program targeting these elements.",021-623-304-036-807,
False,none,The claims do not mention ROR1 or any characteristics specifically associated with ROR1 targeting.,True,high,"The claims explicitly mention an anti-B7-H3 antibody, which directly targets B7-H3.",False,none,The claims do not specify a topoisomerase I inhibitor or any related compounds as the payload.,False,The claims do not describe any bispecific or multispecific antibody constructs.,True,The patent poses a competitive risk due to the high confidence B7-H3 targeting claims.,023-834-852-942-053,
False,none,The claims do not mention ROR1 or any related characteristics such as orphan receptor tyrosine kinase involvement in Wnt5a signaling or expression in specific lymphomas.,False,none,"There is no mention of B7-H3, CD276, or any related characteristics in the claims. The claims focus on β-glucan, checkpoint inhibitors, and anti-angiogenic antibodies.",False,none,The claims do not mention topoisomerase I inhibitors or any related compounds such as camptothecin derivatives. The focus is on immunotherapy compositions involving β-glucan and checkpoint inhibitors.,False,"The claims do not describe any bispecific or multispecific antibodies. They focus on compositions involving β-glucan, checkpoint inhibitors, and anti-angiogenic antibodies.",False,"None of the claims relate to ROR1, B7-H3, or topoisomerase I inhibitors, and there are no bispecific constructs involving these targets. Therefore, this patent does not pose a competitive risk to the ADC program targeting these elements.",023-387-465-368-31X,
False,none,"The claims do not mention ROR1, orphan receptor tyrosine kinases, or any related signaling pathways or expression profiles.",False,none,"The claims do not mention B7-H3, CD276, or any related B7 family member descriptions.",False,none,"The claims do not mention topoisomerase I inhibitors, camptothecin derivatives, or any related structural descriptions.",False,The claims do not describe any bispecific or multispecific antibody constructs.,False,"The claims focus on arginase inhibitors and do not address ROR1, B7-H3, or topoisomerase I inhibitor payloads, thus posing no competitive risk to the ADC program targeting these elements.",043-872-556-449-187,
False,none,"The claims do not mention ROR1 or any characteristics specifically associated with ROR1 targeting, such as Wnt5a signaling or expression in CLL or mantle cell lymphoma.",False,none,"The claims do not mention B7-H3, CD276, or any specific characteristics of B7-H3 targeting, such as being a 4Ig B7 family member or overexpression in specific cancers.",True,high,"The claims explicitly mention 'exatecan,' which is a known topoisomerase I inhibitor, indicating a high confidence in the presence of a topoisomerase I inhibitor payload.",False,The claims do not describe any bispecific or multispecific antibody constructs.,True,"The presence of a topoisomerase I inhibitor payload (exatecan) in the claims poses a competitive risk to ADC programs using similar payloads, warranting a competitor flag.",034-169-870-188-025,
False,none,The claims do not mention ROR1 or any related characteristics such as orphan receptor tyrosine kinase involvement in Wnt5a signaling or expression in specific cancers.,False,none,"The claims do not mention B7-H3, CD276, or any specific characteristics of B7 family members that would suggest targeting B7-H3.",False,none,The claims do not mention topoisomerase I inhibitors or any related compounds such as camptothecin derivatives.,False,There are no claims describing bispecific or multispecific antibodies targeting ROR1 or B7-H3.,False,"None of the claims suggest targeting ROR1, B7-H3, or using a topoisomerase I inhibitor payload. Therefore, this patent does not pose a competitive risk to the ADC program.",051-172-843-672-755,
False,none,The claims focus on an anti-ceramide monoclonal antibody and do not mention ROR1 or any related characteristics.,False,none,"There is no mention of B7-H3, CD276, or related characteristics in the claims.",False,none,The claims do not mention any topoisomerase I inhibitors or related payloads.,False,The claims do not describe any bispecific or multispecific antibody constructs.,False,"The patent claims are specific to an anti-ceramide monoclonal antibody and do not relate to ROR1, B7-H3, or topoisomerase I inhibitor payloads, thus posing no competitive risk to the ADC program targeting these elements.",076-570-754-673-343,
False,none,The claims do not mention ROR1 or any related characteristics such as orphan receptor tyrosine kinase or Wnt5a signaling involvement.,False,none,"The claims do not mention B7-H3, CD276, or any related characteristics such as a 4Ig B7 family member.",False,none,The claims do not mention any topoisomerase I inhibitors or related payloads.,False,The claims do not describe any bispecific or multispecific antibodies.,False,"None of the criteria for ROR1, B7-H3, or topoisomerase I inhibitor payloads are met in the claims, indicating no competitive risk to the ADC program.",063-131-255-269-892,
False,none,"The claims do not mention ROR1 or any characteristics specific to ROR1 targeting, such as involvement in Wnt5a signaling or expression in CLL.",False,none,"The claims do not mention B7-H3, CD276, or any specific characteristics of B7-H3 targeting, such as being a 4Ig B7 family member.",False,none,The claims focus on lipid nanoparticle compositions for delivering antisense oligonucleotides and do not mention topoisomerase I inhibitors or related payloads.,False,There are no claims describing bispecific or multispecific antibodies targeting ROR1 or B7-H3.,False,"The patent does not claim any technology related to ROR1, B7-H3, or topoisomerase I inhibitors, thus posing no competitive risk to the ADC program targeting these elements.",102-359-747-205-098,
False,none,"The claims do not mention ROR1, orphan receptor tyrosine kinases, or any related signaling pathways or expression profiles.",False,none,"The claims do not mention B7-H3, CD276, or any related B7 family member characteristics.",False,none,The claims do not mention topoisomerase I inhibitors or any related payloads such as camptothecin derivatives.,False,The claims do not describe any bispecific or multispecific antibody constructs.,False,"None of the criteria for ROR1, B7-H3, or topoisomerase I inhibitor payloads are met in the claims, indicating no competitive risk to the ADC program.",109-643-549-077-50X,
False,none,The claims focus on an anti-CD123 antibody and do not mention ROR1 or any characteristics associated with ROR1 targeting.,False,none,"There is no mention of B7-H3, CD276, or any related characteristics in the claims.",False,none,The claims do not specify any topoisomerase I inhibitor payloads or related descriptions.,False,The claims do not describe any bispecific or multispecific antibodies.,False,"The patent claims are specific to an anti-CD123 antibody and do not involve ROR1, B7-H3, or topoisomerase I inhibitors, thus posing no competitive risk to the ADC program targeting these elements.",095-635-340-427-381,
False,none,"The claims do not mention ROR1 or any characteristics associated with ROR1 targeting, such as Wnt5a signaling or expression in specific lymphomas.",False,none,"The claims do not mention B7-H3, CD276, or any related characteristics. The focus is on TRPV6-binding peptides.",False,none,There is no mention of topoisomerase I inhibitors or related payloads in the claims. The focus is on TRPV6-binding peptides for detection and delivery.,False,The claims do not describe any bispecific or multispecific antibody constructs.,False,"The patent claims focus on TRPV6-binding peptides and their use in cancer detection and delivery, with no overlap with ROR1, B7-H3, or topoisomerase I inhibitor payloads.",096-205-447-372-778,
False,none,"The claims do not mention ROR1 or any characteristics specific to ROR1, such as involvement in Wnt5a signaling or expression in CLL. The focus is on bioorthogonal ligation moieties and active agents unrelated to ROR1.",False,none,"There is no mention of B7-H3, CD276, or any related characteristics in the claims. The biomarkers listed do not include B7-H3 or any specific B7 family member.",False,none,"The claims do not specify any topoisomerase I inhibitors or related payloads. The focus is on bioorthogonal ligation and active agents like antibodies, not cytotoxic payloads.",False,The claims do not describe bispecific or multispecific antibodies. The focus is on therapeutic probes with bioorthogonal ligation moieties and active agents.,False,"None of the criteria for ROR1, B7-H3, or topoisomerase I inhibitors are met with medium or high confidence. The patent does not pose a competitive risk to the ADC program targeting these elements.",117-508-764-296-762,
False,none,"The claims do not mention ROR1 or any characteristics specific to ROR1 targeting, such as involvement in Wnt5a signaling or expression in CLL.",True,high,"The claims explicitly mention an immune checkpoint inhibitor that includes an anti-B7-H3 antibody, which directly targets B7-H3 (CD276).",False,none,There is no mention of topoisomerase I inhibitors or related payloads in the claims.,False,The claims do not describe a bispecific or multispecific antibody involving ROR1 or B7-H3.,True,"The patent poses a competitive risk due to the high confidence in B7-H3 targeting, as the claims include an anti-B7-H3 antibody.",130-046-732-851-44X,
False,none,The claims do not mention ROR1 or any related receptor tyrosine kinase. There is no indication of targeting ROR1 in the described compositions or methods.,False,none,"The claims do not mention B7-H3, CD276, or any related B7 family member. There is no indication of targeting B7-H3 in the described compositions or methods.",False,none,"The claims do not mention topoisomerase I inhibitors or any related payloads. The focus is on STING agonists and immune receptor binding agents, not on topoisomerase I inhibitors.",False,The claims do not describe any bispecific or multispecific antibody constructs. The focus is on microdevices for immune modulation.,False,"None of the criteria for ROR1, B7-H3, or topoisomerase I inhibitor payloads are met with medium or high confidence. The patent does not pose a competitive risk to the ADC program targeting these elements.",135-080-403-913-831,
False,none,"The claims do not mention ROR1, orphan receptor tyrosine kinases, or any related signaling pathways or expression profiles.",False,none,"The claims do not mention B7-H3, CD276, or any related B7 family member characteristics.",True,medium,"Claim 12 lists camptothecin, a known topoisomerase I inhibitor, as a potential active agent in the formulation, supporting medium confidence for topoisomerase I inhibitor payload risk.",False,The claims do not describe any bispecific or multispecific antibody constructs.,True,"The presence of camptothecin in the claims as a potential active agent indicates a medium confidence risk for a topoisomerase I inhibitor payload, warranting a competitor flag.",137-792-269-244-646,
False,none,"The claims do not mention ROR1 or any characteristics specific to ROR1 targeting, such as Wnt5a signaling or expression in CLL.",False,none,"There is no mention of B7-H3, CD276, or any related characteristics in the claims.",False,none,The claims focus on STING pathway modulation and do not mention topoisomerase I inhibitors or related payloads.,False,The claims do not describe any bispecific or multispecific antibody constructs.,False,"None of the criteria for ROR1, B7-H3, or topoisomerase I inhibitor payloads are met, and there are no bispecific constructs described. Therefore, this patent does not pose a competitive risk to the ADC program.",149-631-940-852-583,
False,none,"The claims do not mention ROR1 or any characteristics associated with ROR1 targeting, such as involvement in Wnt5a signaling or expression in specific lymphomas.",False,none,"The claims do not mention B7-H3, CD276, or any specific characteristics of B7-H3 targeting, such as being a 4Ig B7 family member or overexpression in specific cancers.",False,none,The claims do not mention topoisomerase I inhibitors or any related compounds such as camptothecin derivatives or their mechanisms of action.,False,The claims do not describe any bispecific or multispecific antibody constructs.,False,"None of the criteria for ROR1, B7-H3, or topoisomerase I inhibitor payloads are met, and there are no bispecific constructs described. Therefore, this patent does not pose a competitive risk to the ADC program targeting these elements.",156-398-277-721-485,
True,high,"Claim 11 explicitly mentions ROR1 as an antigen of interest for a chimeric antigen receptor (CAR), indicating a high confidence in targeting ROR1.",False,none,"There is no mention of B7-H3 or CD276 in the claims, nor any description that matches the criteria for B7-H3 targeting.",False,none,"The claims do not mention any topoisomerase I inhibitors or related payloads, nor do they describe any structural features or mechanisms associated with topoisomerase I inhibition.",False,"While claim 14 mentions bispecific antibodies, there is no indication that one arm targets ROR1 or B7-H3, thus not meeting the criteria for a bispecific flag.",True,"The high confidence in ROR1 targeting through the explicit mention in claim 11 justifies setting the competitor flag to true, indicating potential competitive risk to an ADC program targeting ROR1.",158-351-633-701-662,
False,none,"The claims focus on antibodies targeting CAPRIN-1 protein, with no mention of ROR1 or related receptor tyrosine kinases.",False,none,"There is no mention of B7-H3, CD276, or any related B7 family member in the claims.",False,none,"The claims do not mention topoisomerase I inhibitors or related payloads. The focus is on a combination of CAPRIN-1 targeting antibodies with pyrimidine-based drugs, platinum formulations, and angiogenesis inhibitors.",False,The claims do not describe any bispecific or multispecific antibody constructs.,False,"The patent does not pose a competitive risk to an ADC program targeting ROR1, B7-H3, or using a topoisomerase I inhibitor payload, as none of these elements are claimed or suggested.",173-622-876-302-661,
False,none,"The claims do not mention ROR1 or any specific characteristics of ROR1 targeting, such as involvement in Wnt5a signaling or expression in specific cancers.",False,none,"The claims do not mention B7-H3, CD276, or any specific characteristics of B7-H3 targeting, such as its expression profile or exclusion of other B7 family members.",False,none,"The claims do not specify any topoisomerase I inhibitors or related payloads, nor do they describe mechanisms or structures associated with topoisomerase I inhibition.",False,"The claims do not describe any bispecific or multispecific antibodies, nor do they mention any specific targeting of ROR1 or B7-H3.",False,"None of the criteria for ROR1, B7-H3, or topoisomerase I inhibitor payloads are met with medium or high confidence, and there are no bispecific constructs described. Therefore, the patent does not pose a competitive risk to the ADC program targeting these elements.",113-002-961-661-139,
False,none,The claims do not mention ROR1 or any characteristics specifically associated with ROR1 targeting.,False,none,"The claims do not mention B7-H3, CD276, or any characteristics specifically associated with B7-H3 targeting.",False,none,The claims do not mention topoisomerase I inhibitors or any specific payloads related to topoisomerase I inhibition.,False,The claims do not describe any bispecific or multispecific antibodies targeting ROR1 or B7-H3.,False,"None of the criteria for ROR1, B7-H3, or topoisomerase I inhibitor payloads are met with medium or high confidence. Therefore, this patent does not pose a competitive risk to the ADC program targeting these elements.",133-690-829-296-08X,
False,none,"The claims focus exclusively on HER3-mutated cancer and anti-HER3 antibody-drug conjugates, with no mention or implication of ROR1 targeting.",False,none,"There is no mention of B7-H3 or related descriptions in the claims, which are specific to HER3 and its mutations.",False,none,The claims do not specify any topoisomerase I inhibitors or related payloads; they focus on the anti-HER3 antibody-drug conjugate without detailing the payload type.,False,The claims do not describe any bispecific or multispecific antibody constructs; they are focused on a single specificity for HER3.,False,"The patent claims are specific to HER3-targeting ADCs and do not overlap with ROR1, B7-H3, or topoisomerase I inhibitor payloads, indicating no competitive risk to the specified ADC program.",153-559-123-748-197,
False,none,"The claims do not mention ROR1 or any characteristics specific to ROR1 targeting. The focus is on an anti-HER2 antibody, which is unrelated to ROR1.",False,none,"There is no mention of B7-H3, CD276, or any related characteristics in the claims. The antibody is specific to HER2, not B7-H3.",False,none,"The claims do not specify a topoisomerase I inhibitor payload. The focus is on a STING agonist activity, which is unrelated to topoisomerase I inhibition.",False,"The claims describe a single specificity ADC targeting HER2, with no indication of bispecific or multispecific constructs involving ROR1 or B7-H3.",False,"The patent does not pose a competitive risk to an ADC program targeting ROR1, B7-H3, or using a topoisomerase I inhibitor payload, as none of these elements are claimed or suggested.",126-234-910-564-157,
False,none,"The claims focus on peptides derived from UBE2T and their use in inducing CTLs, with no mention of ROR1 or related receptor tyrosine kinases.",False,none,"There is no mention of B7-H3, CD276, or any related B7 family members in the claims, which are centered on UBE2T-derived peptides.",False,none,The claims do not reference any topoisomerase I inhibitors or related payloads; they are focused on peptide vaccines and CTL induction.,False,The claims do not describe any bispecific or multispecific antibody constructs.,False,"The patent claims are specific to UBE2T-derived peptides and CTL induction, with no overlap in targeting ROR1, B7-H3, or topoisomerase I inhibitors, thus posing no competitive risk to the ADC program.",005-703-396-033-32X,
False,none,"The claims do not mention ROR1 or any characteristics specific to ROR1 targeting, such as involvement in Wnt5a signaling or expression in CLL.",False,none,"The claims do not mention B7-H3, CD276, or any specific characteristics of B7-H3 targeting, such as being a 4Ig B7 family member.",False,none,"The claims focus on a specific compound and its formulation for subcutaneous administration, with no mention of topoisomerase I inhibitors or related mechanisms.",False,There are no claims describing bispecific or multispecific antibodies targeting ROR1 or B7-H3.,False,"The patent does not claim any elements related to ROR1, B7-H3, or topoisomerase I inhibitors, thus posing no competitive risk to the ADC program targeting these elements.",025-453-297-263-636,
False,none,The claims do not mention ROR1 or any related orphan receptor tyrosine kinase characteristics.,False,none,"The claims do not mention B7-H3, CD276, or any related B7 family member characteristics.",False,none,The claims do not mention any topoisomerase I inhibitors or related payloads.,False,There are no claims describing bispecific or multispecific antibodies targeting ROR1 or B7-H3.,False,"The patent claims focus on compositions for enhancing immunotherapy efficacy in colorectal cancer using specific bacterial strains and do not relate to ROR1, B7-H3, or topoisomerase I inhibitor payloads.",010-695-155-816-300,
False,none,"The claims focus on antibodies targeting immune checkpoint molecules, with no mention of ROR1 or related characteristics.",False,none,"The claims specify targeting immune checkpoint molecules, but do not mention B7-H3 or provide characteristics specific to B7-H3.",False,none,There is no mention of topoisomerase I inhibitors or related payloads in the claims.,False,The claims do not describe bispecific or multispecific antibodies targeting ROR1 or B7-H3.,False,"None of the criteria for ROR1, B7-H3, or topoisomerase I inhibitor payloads are met with medium or high confidence.",042-103-337-327-929,
False,none,"The claims do not mention ROR1 or any characteristics specific to ROR1, such as involvement in Wnt5a signaling or expression in CLL or mantle cell lymphoma.",False,none,"The claims do not mention B7-H3, CD276, or any specific characteristics of B7-H3, such as being a 4Ig B7 family member or overexpression in specific solid tumors.",False,none,The claims do not mention any topoisomerase I inhibitors or related payloads such as camptothecin derivatives or specific topoisomerase I inhibitor drugs.,False,The claims do not describe a bispecific or multispecific antibody construct targeting ROR1 or B7-H3.,False,"None of the claims relate to ROR1, B7-H3, or topoisomerase I inhibitors, and there is no bispecific construct involving these targets. Therefore, this patent does not pose a competitive risk to the ADC program targeting these elements.",060-265-377-017-41X,
False,none,"The claims do not mention ROR1, orphan receptor tyrosine kinases, or any related characteristics that would suggest targeting ROR1.",False,none,"The claims do not mention B7-H3, CD276, or any related characteristics that would suggest targeting B7-H3.",False,none,The claims do not mention topoisomerase I inhibitors or any related compounds such as camptothecin derivatives.,False,The claims do not describe any bispecific or multispecific antibody constructs.,False,"There is no indication in the claims of targeting ROR1, B7-H3, or using a topoisomerase I inhibitor payload. Therefore, this patent does not pose a competitive risk to the ADC program targeting these elements.",064-231-763-978-403,
False,none,"The claims do not mention ROR1 or any characteristics specific to ROR1, such as involvement in Wnt5a signaling or expression in CLL. The focus is on immune checkpoint inhibitors and chemotherapeutic drugs.",True,high,"The claims explicitly list B7-H3 as a potential target for immune checkpoint inhibitors, which directly supports B7-H3 targeting.",True,high,"The claims include irinotecan, a known topoisomerase I inhibitor, as a potential chemotherapeutic drug, which directly supports the use of a topoisomerase I inhibitor payload.",False,The claims do not describe any bispecific or multispecific antibody constructs targeting ROR1 or B7-H3.,True,"The patent poses a competitive risk due to high confidence in B7-H3 targeting and the inclusion of a topoisomerase I inhibitor payload, both of which are relevant to the ADC program.",077-636-147-797-040,
False,none,"The claims do not mention ROR1, NTRKR1, or any related receptor tyrosine kinase characteristics. The focus is on phosphatidylcholine as a vein-formation promoting agent.",False,none,"There is no mention of B7-H3, CD276, or any related B7 family member characteristics in the claims. The claims are centered around phosphatidylcholine and its effects on tumor vasculature.",False,none,The claims do not reference any topoisomerase I inhibitors or related payloads. The focus is solely on phosphatidylcholine as a vein-formation promoting agent.,False,There are no claims describing bispecific or multispecific antibodies targeting ROR1 or B7-H3.,False,"The patent does not claim any elements related to ROR1, B7-H3, or topoisomerase I inhibitors, thus posing no competitive risk to the ADC program targeting these elements.",076-868-356-092-908,
False,none,"The claims do not mention ROR1 or any characteristics specifically associated with ROR1 targeting, such as involvement in Wnt5a signaling or expression in CLL or mantle cell lymphoma.",True,high,"The claims explicitly mention B7-H3 as a target antigen for the antibody-drug conjugates, which directly supports high confidence in B7-H3 targeting.",False,none,"The claims specify a Bcl-xL inhibitor as the payload, with no mention of topoisomerase I inhibitors or related compounds such as camptothecin derivatives.",False,The claims do not describe any bispecific or multispecific antibody constructs.,True,"The high confidence in B7-H3 targeting indicates a competitive risk to ADC programs targeting B7-H3, despite the absence of ROR1 or topoisomerase I inhibitor payloads.",114-027-374-968-264,
False,none,"The claims do not mention ROR1 or any specific characteristics associated with ROR1 targeting, such as Wnt5a signaling or expression in specific cancers.",False,none,"The claims do not mention B7-H3, CD276, or any specific characteristics associated with B7-H3 targeting, such as being a 4Ig B7 family member or overexpression in specific solid tumors.",False,none,"The claims focus on auristatin derivatives and do not mention topoisomerase I inhibitors, camptothecin derivatives, or any related structural descriptions.",False,The claims do not describe bispecific or multispecific antibodies targeting ROR1 or B7-H3.,False,"There is no indication from the claims that the patent poses a competitive risk to an ADC program targeting ROR1, B7-H3, or using a topoisomerase I inhibitor payload.",125-148-878-315-267,
False,none,"The claims do not mention ROR1 or any characteristics specific to ROR1 targeting, such as Wnt5a signaling or expression in CLL.",False,none,"There is no mention of B7-H3, CD276, or any specific characteristics of B7-H3 targeting in the claims.",False,none,The claims do not mention topoisomerase I inhibitors or any related compounds such as camptothecin derivatives.,False,The claims do not describe any bispecific or multispecific antibodies.,False,"The patent claims focus on a combination of a BRAF inhibitor and a PD-1 axis binding antagonist, with no mention of ROR1, B7-H3, or topoisomerase I inhibitors. Therefore, it does not pose a competitive risk to the ADC program targeting these elements.",139-577-992-868-133,
False,none,"The claims do not mention ROR1 or any characteristics associated with ROR1 targeting, such as involvement in Wnt5a signaling or expression in specific cancers.",False,none,"The claims do not mention B7-H3, CD276, or any characteristics specific to B7-H3 targeting.",True,medium,"The claims include SN38 as a potential payload, which is a known topoisomerase I inhibitor, but do not explicitly mention 'topoisomerase I inhibitor' in the payload claim.",False,The claims do not describe a bispecific or multispecific antibody construct.,True,The presence of SN38 as a payload in the claims poses a medium confidence competitive risk to ADC programs using topoisomerase I inhibitors.,184-969-751-495-246,
False,none,"The claims do not mention ROR1 or any characteristics specific to ROR1 targeting, such as Wnt5a signaling or expression in CLL.",False,none,"There is no mention of B7-H3, CD276, or any related characteristics in the claims.",False,none,The claims do not reference any topoisomerase I inhibitors or related payloads.,False,The claims do not describe any bispecific or multispecific antibodies.,False,"None of the claims relate to ROR1, B7-H3, or topoisomerase I inhibitors, and there are no bispecific constructs described. Therefore, this patent does not pose a competitive risk to the ADC program targeting these elements.",025-671-992-198-616,
False,none,The claims do not mention ROR1 or any related receptor tyrosine kinase characteristics. The focus is on liposomal compositions containing alpha polyglutamated raltitrexed.,False,none,"There is no mention of B7-H3, CD276, or any related B7 family member in the claims. The claims are centered on liposomal formulations of alpha polyglutamated raltitrexed.",False,none,"The claims do not reference topoisomerase I inhibitors or any related compounds. The focus is on a different chemotherapeutic agent, raltitrexed, in a liposomal formulation.",False,The claims do not describe any bispecific or multispecific antibody constructs. The patent is focused on liposomal drug formulations.,False,"The patent does not pose a competitive risk to an ADC program targeting ROR1, B7-H3, or using a topoisomerase I inhibitor payload, as none of these elements are addressed in the claims.",068-147-881-955-791,
True,high,"The claims explicitly describe an antibody-drug conjugate where the antibody is an anti-ROR1 antibody, clearly targeting ROR1.",False,none,"There is no mention of B7-H3 or CD276 in the claims, nor any description that matches the criteria for B7-H3 targeting.",False,none,The claims do not specify a topoisomerase I inhibitor or any related compounds such as camptothecin derivatives.,False,The claims do not describe a bispecific or multispecific antibody construct.,True,The high confidence in ROR1 targeting indicates a competitive risk to ADC programs targeting ROR1.,180-068-866-368-876,
False,none,"The claims do not mention ROR1 or any specific characteristics associated with ROR1 targeting, such as Wnt5a signaling or expression in CLL.",False,none,"The claims do not mention B7-H3, CD276, or any specific characteristics associated with B7-H3 targeting, such as its expression profile in solid tumors.",True,high,"The claims explicitly list 'LURTOTECAN® topoisomerase 1 inhibitor' as a potential active agent, which directly supports the presence of a topoisomerase I inhibitor payload.",False,"While the claims mention multispecific antibodies, there is no indication that any arm targets ROR1 or B7-H3.",True,The presence of a high-confidence topoisomerase I inhibitor payload in the claims poses a competitive risk to ADC programs utilizing similar payloads.,004-673-907-446-601,
False,none,"The claims do not mention ROR1, orphan receptor tyrosine kinases, or any related signaling pathways or expression profiles.",False,none,"The claims do not mention B7-H3, CD276, or any related B7 family member characteristics.",False,none,The claims do not specify any topoisomerase I inhibitors or related structural descriptions such as camptothecin derivatives.,False,The claims do not describe any bispecific or multispecific antibody constructs.,False,"None of the criteria for ROR1, B7-H3, or topoisomerase I inhibitor payloads are met with medium or high confidence, and no bispecific constructs are claimed.",013-890-609-791-56X,
False,none,"The claims focus on an anti-HER2 antibody-drug conjugate and a RASG12C inhibitor, with no mention of ROR1 or related characteristics.",False,none,"There is no mention of B7-H3, CD276, or related characteristics in the claims.",False,none,The claims do not specify a topoisomerase I inhibitor payload or related compounds.,False,The claims do not describe any bispecific or multispecific antibody constructs.,False,"The patent claims are specific to an anti-HER2 ADC and a RASG12C inhibitor, with no overlap in targeting ROR1, B7-H3, or using a topoisomerase I inhibitor payload.",016-433-929-196-108,
False,none,"The claims focus on an anti-CD38 antibody linked to lenalidomide molecules, with no mention of ROR1 or related characteristics.",False,none,"There is no mention of B7-H3, CD276, or related characteristics in the claims.",False,none,"The payload described in the claims is lenalidomide, which is not a topoisomerase I inhibitor.",False,"The claims describe a molecular construct with a single specificity for CD38, not a bispecific or multispecific antibody.",False,"The patent does not target ROR1, B7-H3, or involve a topoisomerase I inhibitor payload, thus posing no competitive risk to the ADC program.",033-411-150-847-682,
False,none,"The claims do not mention ROR1 or any characteristics specifically associated with ROR1 targeting, such as Wnt5a signaling or expression in CLL.",False,none,"The claims do not mention B7-H3, CD276, or any specific characteristics of B7-H3 targeting, such as overexpression in specific cancers or exclusion of other B7 family members.",False,none,The claims do not specify a topoisomerase I inhibitor payload or any related compounds like camptothecin derivatives.,False,The claims do not describe any bispecific or multispecific antibody constructs.,False,"None of the criteria for ROR1, B7-H3, or topoisomerase I inhibitor payloads are met with medium or high confidence, and no bispecific constructs are described. Therefore, this patent does not pose a competitive risk to the ADC program targeting these elements.",040-392-283-416-934,
False,none,"The claims do not mention ROR1, NTRKR1, or any specific characteristics of ROR1 such as Wnt5a signaling or expression in CLL. There is no indication of targeting ROR1 in the claims.",False,none,"The claims do not mention B7-H3, CD276, or any specific characteristics of B7-H3 such as its overexpression in certain cancers. There is no indication of targeting B7-H3 in the claims.",False,none,"The claims do not mention any topoisomerase I inhibitors or related payloads such as DXd, SN-38, or camptothecin derivatives. There is no indication of using a topoisomerase I inhibitor payload in the claims.",False,The claims do not describe any bispecific or multispecific antibodies targeting ROR1 or B7-H3.,False,"None of the claims indicate targeting ROR1, B7-H3, or using a topoisomerase I inhibitor payload. Therefore, this patent does not pose a competitive risk to an ADC program targeting these elements.",092-217-445-202-356,
False,none,"The claims do not mention ROR1 or any characteristics specifically associated with ROR1 targeting, such as Wnt5a signaling or expression in CLL.",False,none,"There is no mention of B7-H3, CD276, or any specific characteristics of B7-H3 targeting in the claims.",True,high,"The claims include ligand-drug conjugates with exatecan analogues, which are known topoisomerase I inhibitors, providing high confidence in topo I payload involvement.",False,The claims do not describe any bispecific or multispecific antibody constructs.,True,The high confidence in the topoisomerase I inhibitor payload (exatecan analogue) indicates competitive risk to ADC programs using similar payloads.,074-526-277-539-406,
False,none,The claims focus on anti-CD48 antibody-drug conjugates and do not mention ROR1 or any characteristics associated with ROR1 targeting.,False,none,The claims are specific to anti-CD48 antibody-drug conjugates and do not mention B7-H3 or any related characteristics.,False,none,"The payload described in the claims is an Mcl-1 inhibitor, not a topoisomerase I inhibitor. There is no mention of topoisomerase I inhibitors or related compounds.",False,The claims do not describe any bispecific or multispecific antibody constructs.,False,"The patent claims are specific to anti-CD48 ADCs with Mcl-1 inhibitor payloads, which do not overlap with ROR1, B7-H3, or topoisomerase I inhibitor targeting. Therefore, it does not pose a competitive risk to the specified ADC program.",073-351-692-122-159,
False,none,"The claims do not mention ROR1 or any characteristics specific to ROR1 targeting, such as involvement in Wnt5a signaling or expression in CLL.",False,none,"The claims do not mention B7-H3, CD276, or any specific characteristics of B7-H3 targeting, such as being a 4Ig B7 family member.",False,none,The claims focus on 8-sulfonyl-2-aminobenzazepine derivatives and do not mention topoisomerase I inhibitors or related compounds like camptothecin derivatives.,False,The claims do not describe bispecific or multispecific antibodies targeting ROR1 or B7-H3.,False,"There is no indication in the claims of targeting ROR1, B7-H3, or using a topoisomerase I inhibitor payload, thus posing no competitive risk to the specified ADC program.",126-157-043-951-960,
False,none,"The claims do not mention ROR1 or any specific characteristics associated with ROR1 targeting, such as Wnt5a signaling or expression in specific cancers.",False,none,"The claims do not mention B7-H3, CD276, or any specific characteristics associated with B7-H3 targeting, such as overexpression in certain solid tumors.",True,high,"The claims explicitly mention 'non-natural camptothecin compound,' which is a known topoisomerase I inhibitor, supporting high confidence in topo I payload relevance.",False,The claims do not describe any bispecific or multispecific antibody constructs.,True,"The presence of a topoisomerase I inhibitor payload with high confidence indicates competitive risk to ADC programs using similar payloads, despite the absence of ROR1 or B7-H3 targeting.",115-576-418-121-97X,
False,none,"The claims do not mention ROR1 or any characteristics specific to ROR1 targeting, such as Wnt5a signaling or expression in CLL.",False,none,"The claims do not mention B7-H3, CD276, or any specific characteristics of B7-H3 targeting.",False,none,The claims do not mention topoisomerase I inhibitors or any related compounds such as camptothecin derivatives.,False,There are no claims describing bispecific or multispecific antibodies targeting ROR1 or B7-H3.,False,"The patent claims focus on arginase inhibitors and do not address ROR1, B7-H3, or topoisomerase I inhibitors, indicating no competitive risk to the ADC program targeting these elements.",120-485-333-802-810,
False,none,"The claims do not mention ROR1, orphan receptor tyrosine kinases, or any related signaling pathways or expression profiles that would suggest targeting ROR1.",False,none,"The claims do not mention B7-H3, CD276, or any characteristics specific to B7-H3 targeting. There is no indication of targeting a B7 family member that excludes PD-L1, PD-L2, B7-H4, or CTLA-4.",False,none,The claims do not mention topoisomerase I inhibitors or any specific compounds like irinotecan or camptothecin derivatives. The focus is on thyroid hormone analogs and anti-angiogenic formulations.,False,There are no claims describing bispecific or multispecific antibodies targeting ROR1 or B7-H3.,False,"None of the criteria for ROR1, B7-H3, or topoisomerase I inhibitor payloads are met with medium or high confidence. The patent focuses on thyroid hormone analogs and anti-angiogenic formulations, which do not overlap with the ADC program targeting ROR1, B7-H3, or topoisomerase I inhibitors.",147-889-245-427-134,
False,none,"The claims do not mention ROR1 or any characteristics specific to ROR1 targeting, such as involvement in Wnt5a signaling or expression in CLL.",False,none,"The claims do not mention B7-H3, CD276, or any specific characteristics of B7-H3 targeting.",False,none,The claims do not mention topoisomerase I inhibitors or any related compounds such as camptothecin derivatives.,False,The claims do not describe any bispecific or multispecific antibody constructs.,False,"There is no indication in the claims of targeting ROR1, B7-H3, or using a topoisomerase I inhibitor payload. Therefore, this patent does not pose a competitive risk to the ADC program targeting these elements.",141-879-907-125-673,
False,none,"The claims do not mention ROR1, NTRKR1, or any related receptor tyrosine kinase characteristics. There is no indication of targeting ROR1 in the claims.",False,none,"The claims do not mention B7-H3, CD276, or any related B7 family member characteristics. There is no indication of targeting B7-H3 in the claims.",False,none,The claims do not mention any topoisomerase I inhibitors or related compounds. There is no indication of a topoisomerase I inhibitor payload in the claims.,False,The claims do not describe any bispecific or multispecific antibody constructs. There is no indication of bispecific constructs targeting ROR1 or B7-H3.,False,"None of the criteria for ROR1, B7-H3, or topoisomerase I inhibitor payloads are met with medium or high confidence. Therefore, the patent does not pose a competitive risk to the ADC program targeting these elements.",144-921-272-701-82X,
False,none,"The claims do not mention ROR1 or any specific characteristics associated with ROR1 targeting, such as involvement in Wnt5a signaling or expression in specific cancers.",False,none,"The claims do not mention B7-H3, CD276, or any specific characteristics associated with B7-H3 targeting, such as overexpression in certain solid tumors.",True,high,"The claims explicitly mention camptothecin as a drug unit, which is a known topoisomerase I inhibitor.",False,The claims describe multi-drug ADCs but do not specify bispecific or multispecific antibody constructs targeting ROR1 or B7-H3.,True,The presence of a high-confidence topoisomerase I inhibitor payload in the claims poses a competitive risk to ADC programs using similar payloads.,103-164-946-629-041,
False,none,"The claims do not mention ROR1 or any characteristics specific to ROR1 targeting, such as involvement in Wnt5a signaling or expression in CLL.",False,none,"The claims do not mention B7-H3, CD276, or any specific characteristics of B7-H3 targeting.",False,none,The claims do not mention any topoisomerase I inhibitors or related payloads such as camptothecin derivatives.,False,The claims do not describe any bispecific or multispecific antibody constructs.,False,"None of the claims relate to ROR1, B7-H3, or topoisomerase I inhibitors, and there are no bispecific constructs described. Therefore, there is no competitive risk to the ADC program targeting these elements.",181-036-587-298-457,
False,none,"The claims do not mention ROR1, NTRKR1, or any specific characteristics of ROR1 such as Wnt5a signaling or expression in specific cancers.",False,none,"The claims do not mention B7-H3, CD276, or any specific characteristics of B7-H3 such as its expression profile or exclusion of other B7 family members.",False,none,The claims do not mention topoisomerase I inhibitors or any specific compounds or mechanisms associated with topoisomerase I inhibition.,False,The claims do not describe any bispecific or multispecific antibody constructs.,False,"None of the claims relate to ROR1, B7-H3, or topoisomerase I inhibitors, and there are no bispecific constructs described. Therefore, there is no competitive risk to the ADC program targeting these elements.",058-186-782-996-896,
False,none,"The claims do not mention ROR1 or any characteristics specifically associated with ROR1 targeting, such as involvement in Wnt5a signaling or expression in CLL or mantle cell lymphoma.",False,none,"The claims do not mention B7-H3, CD276, or any specific characteristics of B7-H3 targeting, such as being a 4Ig B7 family member or overexpression in specific cancers.",False,none,The claims focus on NAMPT inhibitor-linker conjugates and do not mention topoisomerase I inhibitors or related payloads such as camptothecin derivatives.,False,The claims do not describe any bispecific or multispecific antibody constructs.,False,"There is no indication in the claims of targeting ROR1, B7-H3, or using a topoisomerase I inhibitor payload, thus posing no competitive risk to the ADC program targeting these elements.",148-118-895-014-316,
False,none,The claims do not mention ROR1 or any related characteristics such as orphan receptor tyrosine kinase involvement in Wnt5a signaling or expression in specific cancers.,False,none,"There is no mention of B7-H3, CD276, or any related characteristics in the claims. The focus is on regorafenib and PD-1/PD-L1 inhibitors.",False,none,The claims do not reference topoisomerase I inhibitors or any related compounds such as camptothecin derivatives.,False,The claims do not describe any bispecific or multispecific antibody constructs.,False,"The patent claims focus on a combination of regorafenib and PD-1/PD-L1 inhibitors, with no mention of ROR1, B7-H3, or topoisomerase I inhibitors. Therefore, it poses no competitive risk to the ADC program targeting these elements.",000-384-818-008-777,
False,none,The claims do not mention ROR1 or any specific characteristics of ROR1 targeting. There is no indication of targeting orphan receptor tyrosine kinases with the specific features associated with ROR1.,False,none,"The claims do not mention B7-H3, CD276, or any specific characteristics of B7-H3 targeting. There is no indication of targeting B7 family members with the specific features associated with B7-H3.",False,none,The claims do not specify any topoisomerase I inhibitors or related payloads. There is no mention of camptothecin derivatives or mechanisms involving topoisomerase I inhibition.,False,"The claims do not describe any bispecific or multispecific antibody constructs. There is no indication of targeting multiple antigens, including ROR1 or B7-H3.",False,"None of the criteria for ROR1, B7-H3, or topoisomerase I inhibitor payloads are met with medium or high confidence. The patent does not pose a competitive risk to the ADC program targeting these specific elements.",017-556-651-637-998,
False,none,"The claims do not mention ROR1 or any characteristics specific to ROR1 targeting, such as Wnt5a signaling or expression in CLL.",False,none,"The claims do not mention B7-H3, CD276, or any specific characteristics of B7-H3 targeting.",False,none,The claims do not mention topoisomerase I inhibitors or any related payloads such as camptothecin derivatives.,False,There are no claims describing bispecific or multispecific antibodies targeting ROR1 or B7-H3.,False,"None of the claims relate to ROR1, B7-H3, or topoisomerase I inhibitors, thus posing no competitive risk to the ADC program targeting these elements.",029-959-443-665-179,
False,none,"The claims do not mention ROR1 or any specific characteristics associated with ROR1 targeting, such as Wnt5a signaling or expression in specific lymphomas.",False,none,"The claims do not mention B7-H3, CD276, or any specific characteristics associated with B7-H3 targeting, such as its expression profile or exclusion of other B7 family members.",False,none,The claims do not mention topoisomerase I inhibitors or any specific payloads related to topoisomerase I inhibition.,False,The claims do not describe any bispecific or multispecific antibody constructs.,False,"None of the criteria for ROR1, B7-H3, or topoisomerase I inhibitor payloads are met with medium or high confidence, and there are no bispecific constructs described. Therefore, this patent does not pose a competitive risk to the ADC program.",038-904-236-812-912,
False,none,The claims do not mention ROR1 or any related characteristics such as orphan receptor tyrosine kinase involvement in Wnt5a signaling or expression in specific cancers.,False,none,"The claims do not mention B7-H3, CD276, or any related characteristics such as being a 4Ig B7 family member or overexpression in specific solid tumors.",False,none,"The claims focus on a liposome composition with gemcitabine and an immune checkpoint inhibitor, with no mention of topoisomerase I inhibitors or related payloads.",False,There are no claims describing bispecific or multispecific antibodies targeting ROR1 or B7-H3.,False,"The patent does not claim any elements related to ROR1, B7-H3, or topoisomerase I inhibitors, thus posing no competitive risk to the ADC program targeting these elements.",048-660-015-971-586,
False,none,"The claims do not mention ROR1 or any specific characteristics associated with ROR1 targeting, such as Wnt5a signaling or expression in specific lymphomas.",False,none,"The claims do not mention B7-H3, CD276, or any specific characteristics associated with B7-H3 targeting, such as its expression profile in solid tumors.",True,high,"The claims explicitly list camptothecins and SN-38 as drug units, which are known topoisomerase I inhibitors.",False,The claims do not describe any bispecific or multispecific antibody constructs.,True,The presence of a high-confidence topoisomerase I inhibitor payload in the claims poses a competitive risk to ADC programs using similar payloads.,040-100-501-057-312,
False,none,The claims do not mention ROR1 or any related characteristics such as orphan receptor tyrosine kinase involvement in Wnt5a signaling or expression in specific lymphomas.,False,none,"The claims do not mention B7-H3, CD276, or any related characteristics specific to B7-H3, such as being a 4Ig B7 family member or overexpression in specific solid tumors.",False,none,"The claims focus on PD-L1 expression inhibition and PAI-1 inhibition, with no mention of topoisomerase I inhibitors or related payloads.",False,There are no claims describing bispecific or multispecific antibodies targeting ROR1 or B7-H3.,False,"The patent does not claim any elements related to ROR1, B7-H3, or topoisomerase I inhibitors, thus posing no competitive risk to the ADC program targeting these elements.",050-424-073-662-092,
False,none,"The claims do not mention ROR1, orphan receptor tyrosine kinases, or any related signaling pathways or expression profiles.",False,none,"The claims do not mention B7-H3, CD276, or any related B7 family member descriptions that would suggest targeting B7-H3.",False,none,"The claims do not mention topoisomerase I inhibitors, camptothecin derivatives, or any related structural or functional descriptions.",False,The claims do not describe any bispecific or multispecific antibody constructs.,False,"None of the claims relate to ROR1, B7-H3, or topoisomerase I inhibitors, and there are no bispecific constructs described. Therefore, this patent does not pose a competitive risk to the ADC program targeting these elements.",047-792-716-328-890,
False,none,"The claims do not mention ROR1 or any characteristics specifically associated with ROR1 targeting, such as Wnt5a signaling or expression in CLL or mantle cell lymphoma.",True,high,"Claim 5 explicitly mentions antibodies to B7H3, which directly targets the B7-H3 protein.",False,none,The claims do not mention topoisomerase I inhibitors or any specific compounds or mechanisms associated with topoisomerase I inhibition.,False,The claims do not describe any bispecific or multispecific antibody constructs.,True,"The patent poses a competitive risk due to the high confidence B7-H3 targeting, which is relevant to the ADC program targeting B7-H3.",061-376-282-190-023,
False,none,The claims do not mention ROR1 or any characteristics specifically associated with ROR1 targeting.,True,high,"The claims explicitly mention an anti-B7-H3 antibody, indicating clear targeting of B7-H3.",False,none,There is no mention of a topoisomerase I inhibitor or related compounds in the claims.,False,The claims do not describe a bispecific or multispecific antibody construct.,True,The high confidence in B7-H3 targeting indicates a competitive risk to ADC programs targeting B7-H3.,067-636-137-152-086,
False,none,"The claims do not mention ROR1, NTRKR1, or any related receptor tyrosine kinase characteristics. There is no indication of targeting ROR1 in the described polypeptides or methods.",False,none,"The claims do not mention B7-H3, CD276, or any related B7 family member characteristics. There is no indication of targeting B7-H3 in the described polypeptides or methods.",False,none,"The claims do not mention topoisomerase I inhibitors or any related compounds such as camptothecin derivatives. The focus is on bacterial cytotoxins, not topoisomerase I inhibition.",False,The claims do not describe any bispecific or multispecific antibody constructs. The focus is on chimeric polypeptides involving bacterial cytotoxins.,False,"None of the criteria for ROR1, B7-H3, or topoisomerase I inhibitor payloads are met with medium or high confidence. The patent does not pose a competitive risk to the ADC program targeting these specific elements.",067-407-339-661-429,
False,none,"The claims focus on a monoclonal antibody targeting advillin, with no mention of ROR1 or related characteristics.",False,none,"There is no mention of B7-H3, CD276, or related characteristics in the claims.",False,none,The claims do not mention any topoisomerase I inhibitors or related payloads.,False,The claims do not describe any bispecific or multispecific antibody constructs.,False,"The patent claims are focused on diagnosing and treating peripheral neuropathy using an antibody against advillin, with no relevance to ROR1, B7-H3, or topoisomerase I inhibitor payloads.",073-427-726-949-84X,
False,none,"The claims focus exclusively on an anti-CD37 antibody-drug conjugate, with no mention or implication of ROR1 or related characteristics.",False,none,The claims are specific to CD37 targeting and do not mention B7-H3 or any related characteristics.,False,none,The claims do not specify a topoisomerase I inhibitor or related payload. The payload is described generically as 'NH-DX' without further detail.,False,The claims do not describe any bispecific or multispecific constructs; they focus solely on a CD37-targeting ADC.,False,"The patent claims are specific to CD37-targeting ADCs and do not overlap with ROR1, B7-H3, or topoisomerase I inhibitor payloads. Therefore, it poses no competitive risk to the specified ADC program.",117-970-902-830-995,
False,none,"The claims do not mention ROR1, NTRKR1, or any related receptor tyrosine kinase. There is no indication of targeting ROR1 or related pathways.",False,none,"The claims do not mention B7-H3, CD276, or any related B7 family member. There is no indication of targeting B7-H3 or related pathways.",False,none,The claims do not mention any topoisomerase I inhibitors or related payloads. There is no indication of using a topoisomerase I inhibitor as a payload.,False,The claims do not describe any bispecific or multispecific antibody constructs.,False,"None of the criteria for ROR1, B7-H3, or topoisomerase I inhibitor payloads are met with medium or high confidence. The patent does not pose a competitive risk to the ADC program targeting these elements.",115-976-046-500-356,
False,none,"The claims do not mention ROR1 or any characteristics specific to ROR1, such as involvement in Wnt5a signaling or expression in CLL or mantle cell lymphoma.",False,none,"The claims do not mention B7-H3 or CD276, nor do they describe a target fitting the specific characteristics of B7-H3.",False,none,The claims do not mention topoisomerase I inhibitors or any specific payloads related to topoisomerase I inhibition.,False,The claims do not describe any bispecific or multispecific antibody constructs.,False,"None of the criteria for ROR1, B7-H3, or topoisomerase I inhibitor payloads are met with medium or high confidence, and there are no bispecific constructs described. Therefore, this patent does not pose a competitive risk to the ADC program.",130-895-351-166-269,
False,none,The claims focus on antibodies targeting CAPRIN-1 protein and do not mention ROR1 or any related characteristics such as orphan receptor tyrosine kinase or Wnt5a signaling involvement.,False,none,"The claims are specific to CAPRIN-1 protein and do not mention B7-H3, CD276, or any related characteristics of the B7 family that would suggest B7-H3 targeting.",False,none,There is no mention of topoisomerase I inhibitors or related payloads such as camptothecin derivatives in the claims. The focus is on CAPRIN-1 targeting and glycoprotein synthesis inhibition.,False,The claims do not describe any bispecific or multispecific antibody constructs. They focus solely on CAPRIN-1 targeting antibodies.,False,"The patent claims are specific to CAPRIN-1 targeting and do not overlap with ROR1, B7-H3, or topoisomerase I inhibitor payloads. Therefore, it does not pose a competitive risk to the ADC program targeting these elements.",139-351-194-174-178,
False,none,The claims are specific to an anti-CD22 antibody and do not mention ROR1 or any characteristics associated with ROR1 targeting.,False,none,The claims focus on an anti-CD22 antibody and do not mention B7-H3 or any related characteristics.,False,none,"The claims describe a CBI dimer drug moiety, which is not a known topoisomerase I inhibitor or related to camptothecin derivatives.",False,The claims do not describe a bispecific or multispecific antibody construct.,False,"The patent claims are specific to an anti-CD22 ADC with a CBI dimer payload, which does not overlap with ROR1, B7-H3, or topoisomerase I inhibitor targeting.",162-674-126-966-261,
False,none,"The claims do not mention ROR1 or any characteristics specific to ROR1 targeting, such as involvement in Wnt5a signaling or expression in CLL.",False,none,"The claims do not mention B7-H3, CD276, or any specific characteristics of B7-H3 targeting. The mention of B7-H3 in the context of immune checkpoint inhibitors does not imply targeting by the claimed composition.",False,none,The claims do not mention topoisomerase I inhibitors or any related compounds such as camptothecin derivatives. The focus is on splicing-controlling compounds.,False,There are no claims describing bispecific or multispecific antibodies targeting ROR1 or B7-H3.,False,"The patent does not pose a competitive risk to an ADC program targeting ROR1, B7-H3, or using a topoisomerase I inhibitor payload, as none of these elements are claimed.",179-136-440-900-614,
False,none,The claims do not mention ROR1 or any specific characteristics of ROR1 targeting. There is no indication of an antibody or compound specifically binding to ROR1.,False,none,"The claims do not mention B7-H3 or CD276, nor do they describe any characteristics specific to B7-H3 targeting. There is no indication of an antibody or compound specifically binding to B7-H3.",False,none,The claims do not specify a topoisomerase I inhibitor payload or any related compounds such as camptothecin derivatives. The focus is on oligosaccharide linkers and glycan chain remodeling.,False,"There are no claims describing bispecific or multispecific antibodies, nor any indication of targeting ROR1 or B7-H3.",False,"The patent does not claim any specific targeting of ROR1, B7-H3, or the use of a topoisomerase I inhibitor payload. Therefore, it does not pose a competitive risk to the ADC program targeting these elements.",170-891-508-578-898,
False,none,"The claims do not mention ROR1 or any specific characteristics associated with ROR1 targeting, such as Wnt5a signaling or expression in specific lymphomas.",False,none,"The claims do not mention B7-H3, CD276, or any specific characteristics associated with B7-H3 targeting, such as overexpression in certain solid tumors.",False,none,The claims focus on STING modulators and do not mention topoisomerase I inhibitors or related payloads like camptothecin derivatives.,False,The claims do not describe bispecific or multispecific antibodies targeting ROR1 or B7-H3.,False,"None of the claims indicate targeting of ROR1, B7-H3, or the use of a topoisomerase I inhibitor payload, thus posing no competitive risk to the ADC program in question.",195-007-655-089-493,
False,none,"The claims do not mention ROR1 or any characteristics specific to ROR1 targeting, such as Wnt5a signaling or expression in specific cancers.",False,none,"There is no mention of B7-H3, CD276, or any related characteristics in the claims that would suggest targeting of B7-H3.",False,none,"The claims do not specify any topoisomerase I inhibitors or related payloads. The focus is on a carrier for crossing the blood-brain barrier, not on specific cytotoxic agents.",False,The claims do not describe any bispecific or multispecific antibody constructs.,False,"None of the criteria for ROR1, B7-H3, or topoisomerase I inhibitor payloads are met with medium or high confidence. The patent focuses on a drug delivery method across the blood-brain barrier, which does not directly compete with the ADC program targeting ROR1 or B7-H3 with a topoisomerase I inhibitor payload.",186-505-281-387-474,
False,none,"The claims do not mention ROR1 or any characteristics specific to ROR1 targeting, such as involvement in Wnt5a signaling or expression in CLL.",False,none,"The claims do not mention B7-H3, CD276, or any specific characteristics of B7-H3 targeting.",False,none,The claims do not mention topoisomerase I inhibitors or any specific payloads related to topoisomerase I inhibition.,False,The claims do not describe any bispecific or multispecific antibody constructs.,False,"There is no indication in the claims of targeting ROR1, B7-H3, or using a topoisomerase I inhibitor payload. Therefore, the patent does not pose a competitive risk to the ADC program targeting these elements.",075-365-221-280-927,
False,none,The claims do not mention ROR1 or any related characteristics such as orphan receptor tyrosine kinase involvement in Wnt5a signaling or expression in CLL or mantle cell lymphoma.,False,none,"There is no mention of B7-H3, CD276, or any related characteristics in the claims. The focus is on transferrin receptor targeting.",False,none,"The claims focus on doxorubicin, which is not a topoisomerase I inhibitor. There is no mention of any topoisomerase I inhibitors or related characteristics.",False,The claims do not describe any bispecific or multispecific antibodies. The focus is on a single targeting mechanism involving transferrin receptor.,False,"None of the criteria for ROR1, B7-H3, or topoisomerase I inhibitor payloads are met with medium or high confidence. The patent does not pose a competitive risk to the ADC program targeting these specific elements.",149-739-704-551-214,
False,none,"The claims do not mention ROR1 or any characteristics specific to ROR1, such as involvement in Wnt5a signaling or expression in CLL. The targeting units described are generic and do not specify ROR1.",False,none,"The claims do not mention B7-H3 or CD276, nor do they describe any characteristics specific to B7-H3. The targeting units are generic and do not specify B7-H3.",False,none,"The claims do not mention any topoisomerase I inhibitors or related payloads. The focus is on calcification-inducing molecules, not cytotoxic payloads.",False,The claims do not describe any bispecific or multispecific antibodies. The focus is on molecules with calcification-inducing and targeting units.,False,"There is no indication of ROR1, B7-H3, or topoisomerase I inhibitor involvement in the claims. The patent focuses on a different mechanism of action, namely inducing calcification in tumor cells.",007-666-320-583-686,
False,none,The claims do not mention ROR1 or any related characteristics such as orphan receptor tyrosine kinase involvement in Wnt5a signaling or expression in specific lymphomas.,False,none,"The claims do not mention B7-H3, CD276, or any specific characteristics of B7 family members that would suggest targeting B7-H3.",True,high,"Claim 38 explicitly includes irinotecan, a known topoisomerase I inhibitor, as part of the chemotherapeutic drug list.",False,The claims do not describe any bispecific or multispecific antibody constructs.,True,"The inclusion of irinotecan, a topoisomerase I inhibitor, in the claims poses a competitive risk to ADC programs using similar payloads.",012-966-347-804-86X,
False,none,"The claims do not mention ROR1, orphan receptor tyrosine kinases, or any related characteristics that would suggest targeting ROR1.",False,none,"The claims do not mention B7-H3, CD276, or any related characteristics that would suggest targeting B7-H3.",False,none,"The claims focus on T cells and liposomes with immunostimulatory cytokines, without any mention of topoisomerase I inhibitors or related payloads.",False,There are no claims describing bispecific or multispecific antibodies targeting ROR1 or B7-H3.,False,"None of the criteria for ROR1, B7-H3, or topoisomerase I inhibitor payloads are met with medium or high confidence, and there are no bispecific constructs described. Therefore, this patent does not pose a competitive risk to the ADC program.",029-336-457-196-173,
False,none,"The claims focus on an antibody-conjugated nanoparticle targeting AMHRII, with no mention of ROR1 or related characteristics.",False,none,"There is no mention of B7-H3, CD276, or related characteristics in the claims.",False,none,"The claims specify cytotoxins like RNase A-Aco, saporin, and small molecules such as paclitaxel or doxorubicin, with no mention of topoisomerase I inhibitors.",False,The claims do not describe any bispecific or multispecific antibody constructs.,False,"The patent does not target ROR1, B7-H3, or involve a topoisomerase I inhibitor payload, thus posing no competitive risk to the ADC program.",041-672-936-237-662,
False,none,"The claims do not mention ROR1, orphan receptor tyrosine kinases, or any related signaling pathways or expression profiles.",False,none,"The claims do not mention B7-H3, CD276, or any related B7 family member descriptions.",False,none,The claims do not mention topoisomerase I inhibitors or any related compounds or mechanisms.,False,The claims do not describe any bispecific or multispecific antibody constructs.,False,"None of the claims relate to ROR1, B7-H3, or topoisomerase I inhibitors, and there are no bispecific constructs involving these targets. Therefore, this patent does not pose a competitive risk to the ADC program.",058-960-124-205-802,
False,none,"The claims do not mention ROR1 or any characteristics specific to ROR1 targeting, such as involvement in Wnt5a signaling or expression in CLL.",False,none,"The claims focus on PD-L1 targeting and do not mention B7-H3, CD276, or any related characteristics specific to B7-H3.",False,none,The claims do not mention any topoisomerase I inhibitors or related compounds such as camptothecin derivatives.,False,The claims do not describe any bispecific or multispecific antibodies targeting ROR1 or B7-H3.,False,"The patent claims are specific to PD-L1 targeting nanoparticles and do not involve ROR1, B7-H3, or topoisomerase I inhibitors, thus posing no competitive risk to the ADC program targeting these elements.",076-895-852-898-349,
False,none,"The claims do not mention ROR1, orphan receptor tyrosine kinases, or any related signaling pathways. There is no indication of targeting ROR1 in the described compositions or methods.",False,none,"The claims do not mention B7-H3, CD276, or any related B7 family member characteristics. There is no indication of targeting B7-H3 in the described compositions or methods.",False,none,"The claims do not mention topoisomerase I inhibitors, camptothecin derivatives, or any related mechanisms of action. The focus is on Christensenella sp. and its potential therapeutic effects.",False,There are no claims describing bispecific or multispecific antibodies targeting ROR1 or B7-H3.,False,"The patent does not pose a competitive risk to an ADC program targeting ROR1, B7-H3, or using a topoisomerase I inhibitor payload, as none of these elements are addressed in the claims.",081-198-287-367-453,
False,none,"The claims do not mention ROR1 or any characteristics specific to ROR1 targeting, such as involvement in Wnt5a signaling or expression in CLL.",False,none,"The claims do not mention B7-H3, CD276, or any specific characteristics of B7-H3 targeting, such as being a 4Ig B7 family member.",False,none,The claims do not specify a topoisomerase I inhibitor or any related compounds like camptothecin derivatives.,False,The claims do not describe any bispecific or multispecific antibody constructs.,False,"None of the criteria for ROR1, B7-H3, or topoisomerase I inhibitor payloads are met with medium or high confidence, and no bispecific constructs are claimed.",085-133-765-446-147,
False,none,"The claims do not mention ROR1 or any characteristics specifically associated with ROR1, such as Wnt5a signaling or expression in CLL. The focus is on modified gamma delta T cells with chimeric antigen receptors, without specifying ROR1 as a target.",False,none,"There is no mention of B7-H3, CD276, or any specific characteristics of B7-H3 in the claims. The claims focus on CAR-modified gamma delta T cells targeting unspecified disease antigens.",False,none,"The claims do not mention topoisomerase I inhibitors or any related payloads. The focus is on cellular therapies using modified T cells, not on ADCs or cytotoxic payloads.",False,The claims do not describe bispecific or multispecific antibodies. They focus on modified gamma delta T cells with chimeric antigen receptors targeting unspecified disease antigens.,False,"The patent does not pose a competitive risk to an ADC program targeting ROR1, B7-H3, or using a topoisomerase I inhibitor payload, as none of these elements are addressed in the claims.",110-303-461-821-730,
False,none,"The claims do not mention ROR1 or any characteristics specific to ROR1 targeting, such as involvement in Wnt5a signaling or expression in specific cancers.",False,none,"The claims do not mention B7-H3, CD276, or any characteristics specific to B7-H3 targeting, such as its expression profile or structural features.",False,none,The claims do not mention topoisomerase I inhibitors or any specific payloads related to topoisomerase I inhibition.,False,"The claims do not describe any bispecific or multispecific antibodies, nor do they mention ROR1 or B7-H3 as targets.",False,"None of the criteria for ROR1, B7-H3, or topoisomerase I inhibitor payloads are met with medium or high confidence. The patent focuses on PD-1/PD-L1 inhibitors and STING pathway agonists, which are unrelated to the ADC program in question.",134-160-151-362-597,
False,none,The claims focus on combinations of inecalcitol with anti-CD38 agents and do not mention ROR1 or related characteristics.,False,none,"There is no mention of B7-H3, CD276, or related characteristics in the claims.",False,none,The claims do not mention topoisomerase I inhibitors or related payloads.,False,The claims do not describe any bispecific or multispecific antibody constructs.,False,"The patent claims are specific to combinations involving inecalcitol and anti-CD38 agents, with no mention of ROR1, B7-H3, or topoisomerase I inhibitors, thus posing no competitive risk to the ADC program targeting these elements.",173-265-212-877-224,
False,none,"The claims do not mention ROR1 or any characteristics specific to ROR1 targeting, such as involvement in Wnt5a signaling or expression in CLL or mantle cell lymphoma.",False,none,"The claims do not mention B7-H3, CD276, or any specific characteristics of B7-H3 targeting, such as being a 4Ig B7 family member or overexpression in specific cancers.",False,none,The claims do not specify any topoisomerase I inhibitors or related payloads such as camptothecin derivatives or analogs.,False,The claims do not describe any bispecific or multispecific antibody constructs.,False,"None of the criteria for ROR1, B7-H3, or topoisomerase I inhibitor payloads are met with medium or high confidence, and there are no bispecific constructs described. Therefore, the patent does not pose a competitive risk to the ADC program targeting these elements.",173-950-785-334-847,
False,none,"The claims focus on ADCs targeting PTCRA, with no mention of ROR1 or related characteristics.",False,none,The claims do not mention B7-H3 or any related characteristics specific to B7-H3.,False,none,"The claims specify cytotoxic agents like auristatin and maytansinoid, but do not mention topoisomerase I inhibitors or related characteristics.",False,The claims do not describe any bispecific or multispecific antibody constructs.,False,"The patent claims are specific to ADCs targeting PTCRA with no overlap in targeting ROR1, B7-H3, or using topoisomerase I inhibitor payloads.",150-476-905-655-531,
False,none,"The claims do not mention ROR1 or any characteristics specific to ROR1 targeting, such as involvement in Wnt5a signaling or expression in CLL.",False,none,"The claims do not mention B7-H3, CD276, or any specific characteristics of B7-H3 targeting, such as overexpression in specific cancers.",False,none,"The claims focus on STING-dependent activators and lipid nanoparticles, with no mention of topoisomerase I inhibitors or related payloads.",False,There are no claims describing bispecific or multispecific antibodies targeting ROR1 or B7-H3.,False,"The patent claims do not cover ROR1, B7-H3, or topoisomerase I inhibitor payloads, and there are no bispecific constructs involving these targets. Therefore, it does not pose a competitive risk to the ADC program.",008-960-471-172-394,
False,none,"The claims do not mention ROR1 or any characteristics specific to ROR1 targeting, such as orphan receptor tyrosine kinase involvement or expression patterns.",False,none,"The claims do not mention B7-H3, CD276, or any specific characteristics of B7-H3 targeting. The focus is on immunotherapeutic agents like anti-PD1 and anti-CTLA4 antibodies.",False,none,The claims do not mention topoisomerase I inhibitors or any related payloads. The focus is on immunotherapeutic agents encapsulated in nanoparticles.,False,There are no claims describing bispecific or multispecific antibodies targeting ROR1 or B7-H3.,False,"None of the criteria for ROR1, B7-H3, or topoisomerase I inhibitor payloads are met with medium or high confidence. The patent focuses on microneedle delivery of specific immunotherapeutic agents unrelated to the ADC program targets.",018-846-489-215-552,
False,none,"The claims do not mention ROR1 or any characteristics specific to ROR1, such as involvement in Wnt5a signaling or expression in CLL. The focus is on neuropilin-1 binding peptides.",False,none,"There is no mention of B7-H3, CD276, or any related characteristics in the claims. The patent is centered on neuropilin-1 targeting peptides.",False,none,The claims do not reference any topoisomerase I inhibitors or related payloads. The focus is on peptides and fusion proteins targeting neuropilin-1.,False,The claims do not describe any bispecific or multispecific antibodies. The focus is on peptides and fusion proteins targeting neuropilin-1.,False,"None of the criteria for ROR1, B7-H3, or topoisomerase I inhibitor payloads are met with medium or high confidence. The patent does not pose a competitive risk to the ADC program targeting these specific elements.",035-803-584-780-919,
False,none,"The claims do not mention ROR1 or any specific characteristics associated with ROR1 targeting, such as Wnt5a signaling or expression in specific cancers.",False,none,"The claims do not mention B7-H3, CD276, or any specific characteristics associated with B7-H3 targeting, such as its expression profile or exclusion of other B7 family members.",False,none,"The claims do not specify any topoisomerase I inhibitors or related payloads, nor do they describe mechanisms or structures associated with topoisomerase I inhibition.",False,"The claims do not describe bispecific or multispecific antibodies, nor do they suggest targeting multiple antigens including ROR1 or B7-H3.",False,"None of the criteria for ROR1, B7-H3, or topoisomerase I inhibitor payloads are met with medium or high confidence, and there is no indication of bispecific constructs targeting these antigens.",029-743-856-027-690,
False,none,"The claims do not mention ROR1 or any characteristics specific to ROR1 targeting, such as involvement in Wnt5a signaling or expression in CLL. The focus is on an anti-PD-L1 antibody and anlotinib for small cell lung cancer treatment.",False,none,"There is no mention of B7-H3, CD276, or any related characteristics in the claims. The claims are specific to an anti-PD-L1 antibody and anlotinib, with no indication of targeting B7-H3.",False,none,"The claims do not reference any topoisomerase I inhibitors or related payloads. The composition is focused on an anti-PD-L1 antibody and anlotinib, with no mention of topoisomerase I inhibition.",False,The claims do not describe any bispecific or multispecific antibodies. The focus is solely on a combination of an anti-PD-L1 antibody and anlotinib.,False,"None of the criteria for ROR1, B7-H3, or topoisomerase I inhibitor payloads are met with medium or high confidence. The patent does not pose a competitive risk to an ADC program targeting these elements.",027-483-422-690-742,
False,none,"The claims do not mention ROR1 or any characteristics specific to ROR1 targeting, such as involvement in Wnt5a signaling or expression in CLL.",False,none,"There is no mention of B7-H3, CD276, or any related characteristics in the claims.",False,none,The claims focus on ganetespib and do not mention topoisomerase I inhibitors or related compounds.,False,The claims do not describe any bispecific or multispecific antibodies.,False,"None of the criteria for ROR1, B7-H3, or topoisomerase I inhibitor payloads are met, and there are no bispecific constructs described. Therefore, this patent does not pose a competitive risk to the ADC program.",074-034-929-899-263,
False,none,"The claims do not mention ROR1 or any characteristics specific to ROR1 targeting, such as Wnt5a signaling or expression in CLL.",False,none,"The claims do not mention B7-H3, CD276, or any specific characteristics of B7-H3 targeting.",False,none,The claims focus on compounds with CHK1 inhibition and do not mention topoisomerase I inhibitors or related payloads.,False,There are no claims describing bispecific or multispecific antibodies targeting ROR1 or B7-H3.,False,"The patent does not claim any elements related to ROR1, B7-H3, or topoisomerase I inhibitors, thus posing no competitive risk to the ADC program targeting these elements.",091-354-612-482-08X,
False,none,The claims focus on an antibody specific for CD19 and do not mention ROR1 or any characteristics associated with ROR1 targeting.,False,none,"There is no mention of B7-H3, CD276, or any related characteristics in the claims. The focus is solely on CD19 targeting.",False,none,"The claims do not mention any topoisomerase I inhibitors or related payloads. The combination involves an anti-CD19 antibody and fludarabine, a purine analog.",False,"The claims describe a combination therapy involving a CD19-specific antibody and fludarabine, with no mention of bispecific or multispecific constructs.",False,"The patent claims are specific to a CD19-targeting antibody and fludarabine combination, with no relevance to ROR1, B7-H3, or topoisomerase I inhibitor payloads. Therefore, it poses no competitive risk to the ADC program targeting these elements.",163-177-715-920-180,
False,none,"The claims do not mention ROR1, orphan receptor tyrosine kinases, or any related signaling pathways or expression profiles.",False,none,"The claims do not mention B7-H3, CD276, or any related B7 family member descriptions that would suggest targeting B7-H3.",False,none,"The claims do not mention topoisomerase I inhibitors, camptothecin derivatives, or any related structural or functional descriptions.",False,The claims do not describe any bispecific or multispecific antibody constructs.,False,"None of the claims relate to ROR1, B7-H3, or topoisomerase I inhibitors, and there are no bispecific constructs described. Therefore, there is no competitive risk to the ADC program targeting these elements.",190-773-194-090-002,
False,none,"The claims do not mention ROR1, orphan receptor tyrosine kinases, or any related signaling pathways or expression profiles.",False,none,"The claims do not mention B7-H3, CD276, or any related B7 family member descriptions that would suggest targeting B7-H3.",False,none,The claims do not mention topoisomerase I inhibitors or any specific compounds or mechanisms related to topoisomerase I inhibition.,False,There are no claims describing bispecific or multispecific antibodies targeting ROR1 or B7-H3.,False,"None of the claims suggest targeting ROR1, B7-H3, or using a topoisomerase I inhibitor payload. Therefore, this patent does not pose a competitive risk to the ADC program targeting these elements.",199-309-040-353-373,
False,none,"The claims do not mention ROR1 or any characteristics specific to ROR1 targeting, such as involvement in Wnt5a signaling or expression in CLL.",False,none,"The claims do not mention B7-H3, CD276, or any specific characteristics of B7-H3 targeting. The focus is on PD-1 and PD-L1 antibodies.",False,none,The claims do not mention topoisomerase I inhibitors or any related compounds such as camptothecin derivatives. The focus is on HDAC inhibitors and immune checkpoint inhibitors.,False,The claims do not describe any bispecific or multispecific antibody constructs.,False,"There is no indication of ROR1, B7-H3, or topoisomerase I inhibitor involvement in the claims, thus posing no competitive risk to the ADC program targeting these elements.",017-563-111-064-100,
False,none,The claims focus exclusively on ALK peptides and their use in vaccines and immunogenic compositions. There is no mention of ROR1 or related characteristics.,False,none,The claims are specific to ALK peptides and do not mention B7-H3 or any related B7 family members.,False,none,"There is no mention of topoisomerase I inhibitors or related payloads in the claims, which focus on ALK peptides and vaccines.",False,The claims do not describe any bispecific or multispecific antibody constructs.,False,"The patent claims are specific to ALK-targeting peptides and vaccines, with no overlap or mention of ROR1, B7-H3, or topoisomerase I inhibitors, thus posing no competitive risk to the ADC program targeting these elements.",192-842-344-370-421,
False,none,"The claims focus on a lymphoma-specific drug delivery system targeting CD20, CD19, and CD22, with no mention of ROR1 or related characteristics.",False,none,"There is no mention of B7-H3, CD276, or related characteristics in the claims. The focus is on lymphoma-specific antigens.",False,none,The claims do not specify any topoisomerase I inhibitors or related payloads. The focus is on siRNA and anticancer drugs without specific mention of topoisomerase I inhibitors.,False,The claims describe a nanoparticle system with multiple antibodies but do not meet the criteria for bispecific constructs targeting ROR1 or B7-H3.,False,"The patent does not pose a competitive risk to an ADC program targeting ROR1, B7-H3, or using a topoisomerase I inhibitor payload, as none of these elements are claimed.",131-784-464-800-582,
False,none,The claims do not mention ROR1 or any related characteristics such as orphan receptor tyrosine kinase involvement in Wnt5a signaling or expression in specific lymphomas.,False,none,"The claims do not mention B7-H3, CD276, or any related characteristics such as being a 4Ig B7 family member or overexpression in specific cancers.",False,none,The claims do not mention any topoisomerase I inhibitors or related payloads such as camptothecin derivatives.,False,The claims do not describe any bispecific or multispecific antibodies targeting ROR1 or B7-H3.,False,"There is no indication in the claims of targeting ROR1, B7-H3, or using a topoisomerase I inhibitor payload, nor is there a bispecific construct involving these targets.",022-442-421-311-402,
False,none,The claims do not mention ROR1 or any related characteristics such as Wnt5a signaling or expression in specific lymphomas.,False,none,"There is no mention of B7-H3, CD276, or any related characteristics in the claims.",False,none,The claims do not mention topoisomerase I inhibitors or any related compounds such as camptothecin derivatives.,False,The claims do not describe any bispecific or multispecific antibodies targeting ROR1 or B7-H3.,False,"None of the criteria for ROR1, B7-H3, or topoisomerase I inhibitor payloads are met, and there are no bispecific constructs described. Therefore, this patent does not pose a competitive risk to the ADC program.",019-030-068-626-470,
False,none,"The claims do not mention ROR1 or any characteristics specific to ROR1 targeting, such as involvement in Wnt5a signaling or expression in CLL.",False,none,"The claims do not mention B7-H3, CD276, or any specific characteristics of B7-H3 targeting, such as overexpression in specific solid tumors.",False,none,The claims do not specify a topoisomerase I inhibitor or any related compounds like camptothecin derivatives.,False,There are no claims describing bispecific or multispecific antibodies targeting ROR1 or B7-H3.,False,"None of the claims indicate targeting of ROR1, B7-H3, or the use of a topoisomerase I inhibitor payload. Therefore, this patent does not pose a competitive risk to the ADC program targeting these elements.",029-583-502-628-042,
False,none,"The claims do not mention ROR1 or any characteristics specific to ROR1 targeting, such as involvement in Wnt5a signaling or expression in CLL.",False,none,"The claims do not mention B7-H3, CD276, or any specific characteristics of B7-H3 targeting.",False,none,The claims do not mention topoisomerase I inhibitors or any related compounds such as camptothecin derivatives.,False,The claims do not describe any bispecific or multispecific antibody constructs.,False,"There is no indication in the claims of targeting ROR1, B7-H3, or using a topoisomerase I inhibitor payload. Therefore, this patent does not pose a competitive risk to the ADC program targeting these elements.",077-081-677-130-562,
False,none,"The claims do not mention ROR1 or any characteristics specific to ROR1 targeting, such as involvement in Wnt5a signaling or expression in CLL.",False,none,"There is no mention of B7-H3, CD276, or any related characteristics in the claims. The focus is on anti-PD-1 and anti-PD-L1 antibodies.",False,none,The claims do not reference any topoisomerase I inhibitors or related payloads. The focus is on a specific acrylamide compound and checkpoint inhibitors.,False,The claims do not describe any bispecific or multispecific antibodies. They focus on a combination of a small molecule and checkpoint inhibitors.,False,"None of the criteria for ROR1, B7-H3, or topoisomerase I inhibitor payloads are met in the claims. The patent does not pose a competitive risk to the ADC program targeting these elements.",047-227-275-206-027,
False,none,"The claims do not mention ROR1 or any characteristics specific to ROR1 targeting, such as involvement in Wnt5a signaling or expression in CLL.",False,none,"The claims do not mention B7-H3, CD276, or any specific characteristics of B7-H3 targeting.",False,none,The claims do not mention topoisomerase I inhibitors or any related payloads such as camptothecin derivatives.,False,The claims do not describe any bispecific or multispecific antibody constructs.,False,"None of the claims relate to ROR1, B7-H3, or topoisomerase I inhibitors, and there are no bispecific constructs targeting these antigens. Therefore, there is no competitive risk to the ADC program.",056-902-907-295-113,
False,none,"The claims do not mention ROR1, orphan receptor tyrosine kinases, or any related signaling pathways or expression profiles.",False,none,"The claims do not mention B7-H3, CD276, or any related B7 family member descriptions.",False,none,The claims do not mention topoisomerase I inhibitors or any related compounds or mechanisms.,False,There are no claims describing bispecific or multispecific antibodies targeting ROR1 or B7-H3.,False,"The patent claims focus on probiotic strains and compositions for cancer treatment, with no relevance to ROR1, B7-H3, or topoisomerase I inhibitor payloads.",151-749-016-828-698,
False,none,"The claims do not mention ROR1 or any characteristics specifically associated with ROR1 targeting, such as Wnt5a signaling or expression in CLL.",False,none,"The claims do not mention B7-H3, CD276, or any specific characteristics of B7-H3 targeting, such as its expression profile in solid tumors.",False,none,The claims do not mention topoisomerase I inhibitors or any specific payloads related to topoisomerase I inhibition.,False,The claims do not describe bispecific antibodies targeting ROR1 or B7-H3.,False,"There is no indication in the claims of targeting ROR1, B7-H3, or using a topoisomerase I inhibitor payload. Therefore, this patent does not pose a competitive risk to the ADC program targeting these elements.",162-082-978-372-042,
False,none,The claims do not mention ROR1 or any related characteristics such as orphan receptor tyrosine kinase involvement in Wnt5a signaling or expression in specific cancers.,False,none,"There is no mention of B7-H3, CD276, or any related characteristics in the claims. The focus is on PD-L1 binding antagonists.",False,none,The claims do not mention topoisomerase I inhibitors or any related compounds such as camptothecin derivatives.,False,The claims do not describe any bispecific or multispecific antibodies targeting ROR1 or B7-H3.,False,"The patent claims focus on a combination therapy involving a KRASG12C inhibitor and a PD-L1 antagonist, with no mention of ROR1, B7-H3, or topoisomerase I inhibitors. Therefore, it does not pose a competitive risk to the ADC program targeting these elements.",165-711-279-443-874,
False,none,"The claims do not mention ROR1 or any characteristics specific to ROR1 targeting, such as involvement in Wnt5a signaling or expression in CLL.",False,none,"The claims do not mention B7-H3, CD276, or any specific characteristics of B7-H3 targeting, such as being a 4Ig B7 family member.",False,none,The claims do not mention topoisomerase I inhibitors or any specific payloads like camptothecin derivatives.,False,There are no claims describing bispecific or multispecific antibodies targeting ROR1 or B7-H3.,False,"None of the criteria for ROR1, B7-H3, or topoisomerase I inhibitor payloads are met with medium or high confidence, and there are no bispecific constructs described.",173-620-380-423-911,
False,none,The claims focus exclusively on CD19-targeted therapies and do not mention ROR1 or any related characteristics.,False,none,"There is no mention of B7-H3, CD276, or related characteristics in the claims.",False,none,The claims do not mention any topoisomerase I inhibitors or related payloads.,False,The claims do not describe any bispecific or multispecific antibodies targeting ROR1 or B7-H3.,False,"The patent claims are specific to CD19-targeted therapies and do not overlap with ROR1, B7-H3, or topoisomerase I inhibitor payloads.",103-090-408-931-797,
False,none,"The claims focus on an antibody targeting CAPRIN-1, with no mention of ROR1 or related characteristics.",False,none,"The claims do not mention B7-H3, CD276, or any related characteristics specific to B7-H3.",False,none,The claims do not specify any topoisomerase I inhibitors or related payloads.,False,"While the claims mention various antibody types, there is no indication of a bispecific antibody targeting ROR1 or B7-H3.",False,"The patent claims are specific to CAPRIN-1 targeting and do not involve ROR1, B7-H3, or topoisomerase I inhibitors, thus posing no competitive risk to the ADC program.",188-517-133-909-227,
False,none,"The claims do not mention ROR1 or any characteristics specific to ROR1, such as Wnt5a signaling or expression in CLL or mantle cell lymphoma.",False,none,"The claims do not mention B7-H3, CD276, or any characteristics specific to B7-H3, such as being a 4Ig B7 family member or overexpression in specific cancers.",False,none,The claims do not mention topoisomerase I inhibitors or any related compounds such as camptothecin derivatives.,False,The claims do not describe any bispecific or multispecific antibody constructs.,False,"None of the claims relate to ROR1, B7-H3, or topoisomerase I inhibitors, and there are no bispecific constructs involving these targets. Therefore, this patent does not pose a competitive risk to the ADC program targeting these elements.",178-519-180-498-279,
False,none,"The claims do not mention ROR1 or any characteristics specific to ROR1 targeting, such as involvement in Wnt5a signaling or expression in CLL or mantle cell lymphoma.",False,none,"The claims do not mention B7-H3, CD276, or any specific characteristics of B7-H3 targeting, such as being a 4Ig B7 family member or overexpression in specific solid tumors.",False,none,The claims focus on a phthalocyanine dye conjugate for photoimmunotherapy and do not mention topoisomerase I inhibitors or related payloads.,False,The claims do not describe any bispecific or multispecific antibody constructs.,False,"The patent claims do not cover ROR1, B7-H3, or topoisomerase I inhibitor payloads, and there are no bispecific constructs involving these targets. Therefore, it does not pose a competitive risk to the ADC program targeting these elements.",080-329-716-643-753,
False,none,"The claims do not mention ROR1 or any characteristics specific to ROR1 targeting, such as involvement in Wnt5a signaling or expression in CLL.",False,none,"The claims do not mention B7-H3, CD276, or any specific characteristics of B7-H3 targeting, such as being a 4Ig B7 family member.",False,none,"The claims do not mention topoisomerase I inhibitors or any specific compounds like DXd, SN-38, or camptothecin derivatives.",False,The claims do not describe any bispecific or multispecific antibodies targeting ROR1 or B7-H3.,False,"None of the claims relate to ROR1, B7-H3, or topoisomerase I inhibitors, and there are no bispecific constructs involving these targets. Therefore, there is no competitive risk to the ADC program based on this patent.",025-353-149-768-95X,
False,none,"The claims do not mention ROR1, orphan receptor tyrosine kinases, or any related characteristics. The focus is on chelates and radioimmunotherapy, not specific receptor targeting.",False,none,"There is no mention of B7-H3, CD276, or any related B7 family member characteristics in the claims. The patent is centered on chelates and their use in radioimmunotherapy.",False,none,"The claims do not reference topoisomerase I inhibitors or any related payloads. The invention is focused on chelates for radioimmunotherapy, not cytotoxic payloads.",False,The claims do not describe bispecific or multispecific antibodies. The focus is on chelates and their application in radioimmunotherapy.,False,"The patent does not pose a competitive risk to an ADC program targeting ROR1, B7-H3, or using a topoisomerase I inhibitor payload, as none of these elements are addressed in the claims.",030-562-742-080-242,
False,none,The claims do not mention ROR1 or any related characteristics such as orphan receptor tyrosine kinase involvement in Wnt5a signaling or expression in specific cancers.,False,none,"The claims do not mention B7-H3, CD276, or any related characteristics such as being a 4Ig B7 family member or overexpression in specific cancers.",False,none,The claims do not mention topoisomerase I inhibitors or any related compounds such as camptothecin derivatives.,False,The claims do not describe any bispecific or multispecific antibodies targeting ROR1 or B7-H3.,False,"None of the criteria for ROR1, B7-H3, or topoisomerase I inhibitor payloads are met, and there are no bispecific constructs described. Therefore, this patent does not pose a competitive risk to the ADC program.",024-357-858-166-945,
False,none,"The claims do not mention ROR1 or any specific characteristics associated with ROR1 targeting, such as orphan receptor tyrosine kinase or Wnt5a signaling.",True,high,"Claim 13 explicitly mentions B7-H3 as a target for the cancer immunotherapeutic agent, which directly supports high confidence in B7-H3 targeting.",True,high,"Claim 9 includes topoisomerase inhibitors as part of the anticancer chemotherapeutic agents, which directly supports high confidence in topoisomerase I inhibitor payload involvement.",False,The claims do not describe any bispecific or multispecific antibody constructs.,True,The patent poses a competitive risk due to high confidence in both B7-H3 targeting and topoisomerase I inhibitor payload involvement.,040-890-380-307-731,
False,none,The claims do not mention ROR1 or any related characteristics such as orphan receptor tyrosine kinase or Wnt5a signaling involvement.,False,none,"The claims do not mention B7-H3, CD276, or any related characteristics such as a 4Ig B7 family member.",False,none,The claims do not mention topoisomerase I inhibitors or any related compounds such as camptothecin derivatives.,False,The claims do not describe any bispecific or multispecific antibody constructs.,False,"There is no indication in the claims of targeting ROR1, B7-H3, or using a topoisomerase I inhibitor payload. Therefore, this patent does not pose a competitive risk to the ADC program.",046-229-186-493-557,
False,none,"The claims do not mention ROR1 or any characteristics specific to ROR1 targeting, such as involvement in Wnt5a signaling or expression in CLL.",False,none,"The claims do not mention B7-H3, CD276, or any specific characteristics of B7-H3 targeting.",False,none,The claims do not mention topoisomerase I inhibitors or any specific payloads like camptothecin derivatives.,False,There are no claims describing bispecific or multispecific antibodies targeting ROR1 or B7-H3.,False,"None of the criteria for ROR1, B7-H3, or topoisomerase I inhibitor payloads are met with medium or high confidence, and there are no bispecific constructs targeting these antigens.",047-997-633-845-007,
False,none,"The claims focus on an antibody-drug conjugate targeting IGF-1R, with no mention of ROR1 or related characteristics.",False,none,"The claims do not mention B7-H3, CD276, or any related characteristics. The focus is solely on IGF-1R.",False,none,"The payloads mentioned are derivatives of dolastatin 10 and auristatins, which are not topoisomerase I inhibitors. There is no mention of camptothecin or related topoisomerase I inhibitors.",False,The claims do not describe any bispecific or multispecific antibody constructs.,False,"The patent does not pose a competitive risk to an ADC program targeting ROR1, B7-H3, or using a topoisomerase I inhibitor payload, as it is specific to IGF-1R and uses different payloads.",074-962-069-090-625,
False,none,"The claims do not mention ROR1, orphan receptor tyrosine kinases, or any related signaling pathways or expression profiles.",False,none,"The claims do not mention B7-H3, CD276, or any related B7 family member descriptions.",False,none,"The claims do not mention topoisomerase I inhibitors, camptothecin derivatives, or any related structural or functional descriptions.",False,The claims do not describe any bispecific or multispecific antibody constructs.,False,"There is no indication in the claims of targeting ROR1, B7-H3, or using a topoisomerase I inhibitor payload. Therefore, this patent does not pose a competitive risk to the ADC program targeting these elements.",074-367-608-300-833,
False,none,"The claims do not mention ROR1 or any characteristics specific to ROR1 targeting, such as involvement in Wnt5a signaling or expression in CLL.",False,none,"The claims do not mention B7-H3, CD276, or any specific characteristics of B7-H3 targeting, such as being a 4Ig B7 family member.",False,none,The claims do not specify a topoisomerase I inhibitor or any related compounds like camptothecin derivatives.,False,There are no claims describing bispecific or multispecific antibodies targeting ROR1 or B7-H3.,False,"None of the claims indicate targeting of ROR1, B7-H3, or the use of a topoisomerase I inhibitor, thus posing no competitive risk to the ADC program.",116-091-609-511-306,
False,none,The claims focus on an anti-HER2 antibody-drug conjugate and do not mention ROR1 or any related characteristics.,False,none,"There is no mention of B7-H3, CD276, or related characteristics in the claims.",False,none,"The claims specify an anti-HER2 ADC with a thioether bond and an ATM inhibitor, but do not mention topoisomerase I inhibitors or related payloads.",False,The claims do not describe any bispecific or multispecific antibody constructs.,False,"The patent claims are specific to an anti-HER2 ADC and ATM inhibitor combination, with no mention of ROR1, B7-H3, or topoisomerase I inhibitors, thus posing no competitive risk to the specified ADC program.",116-783-478-574-039,
False,none,"The claims do not mention ROR1 or any characteristics specific to ROR1 targeting, such as involvement in Wnt5a signaling or expression in CLL.",False,none,"The claims do not mention B7-H3, CD276, or any specific characteristics of B7-H3 targeting. The focus is on TLR7 agonists and immune checkpoint inhibitors.",False,none,There is no mention of topoisomerase I inhibitors or related payloads in the claims. The patent focuses on TLR7 agonists and immune checkpoint inhibitors.,False,The claims do not describe bispecific or multispecific antibodies targeting ROR1 or B7-H3.,False,"The patent does not claim any elements related to ROR1, B7-H3, or topoisomerase I inhibitors, and thus does not pose a competitive risk to the ADC program targeting these elements.",118-341-851-779-636,
False,none,"The claims do not mention ROR1 or any characteristics specific to ROR1, such as involvement in Wnt5a signaling or expression in CLL. The focus is on YTHDF1 attenuation.",False,none,"There is no mention of B7-H3, CD276, or any related characteristics in the claims. The patent is centered on YTHDF1 and its modulation.",False,none,The claims do not reference topoisomerase I inhibitors or any related compounds. The focus is on YTHDF1 attenuating agents.,False,The claims do not describe any bispecific or multispecific antibodies. The patent is focused on YTHDF1 attenuation and related compositions.,False,"None of the criteria for ROR1, B7-H3, or topoisomerase I inhibitor payloads are met. The patent does not pose a competitive risk to the ADC program targeting these elements.",173-139-912-843-570,
False,none,"The claims do not mention ROR1 or any characteristics specifically associated with ROR1 targeting, such as Wnt5a signaling or expression in CLL.",False,none,"The claims do not mention B7-H3, CD276, or any specific characteristics of B7-H3 targeting, such as being a 4Ig B7 family member.",False,none,The claims focus on anthracycline-linker reagents and do not mention topoisomerase I inhibitors or related compounds like camptothecin derivatives.,False,The claims do not describe bispecific or multispecific antibodies targeting ROR1 or B7-H3.,False,"None of the criteria for ROR1, B7-H3, or topoisomerase I inhibitor payloads are met with medium or high confidence, and there are no bispecific constructs described.",009-819-624-454-493,
False,none,"The claims focus on compositions involving PD-1 binding polypeptides and modified IL-2 polypeptides, with no mention of ROR1 or related receptor characteristics.",False,none,"There is no mention of B7-H3, CD276, or related characteristics in the claims. The focus is on PD-1 binding and IL-2 modifications.",False,none,The claims do not mention any topoisomerase I inhibitors or related payloads. The focus is on protein compositions involving PD-1 and IL-2.,False,The claims do not describe any bispecific or multispecific antibodies involving ROR1 or B7-H3.,False,"None of the criteria for ROR1, B7-H3, or topoisomerase I inhibitor payloads are met with medium or high confidence. The patent focuses on PD-1 and IL-2 related compositions, posing no competitive risk to the ADC program targeting ROR1, B7-H3, or topoisomerase I inhibitors.",054-291-122-663-112,
False,none,"The claims focus on HuLuc63 and its use in treating multiple myeloma, with no mention of ROR1 or related receptor characteristics.",False,none,"There is no mention of B7-H3, CD276, or related characteristics in the claims.",False,none,The claims do not mention topoisomerase I inhibitors or related payloads.,False,The claims do not describe any bispecific or multispecific antibody constructs.,False,"The patent claims are specific to HuLuc63 and its combinations for treating multiple myeloma, with no overlap with ROR1, B7-H3, or topoisomerase I inhibitor payloads.",057-248-543-983-398,
False,none,"The claims do not mention ROR1 or any characteristics specific to ROR1 targeting, such as Wnt5a signaling or expression in CLL.",False,none,"The claims do not mention B7-H3, CD276, or any specific characteristics of B7-H3 targeting.",False,none,The claims do not mention topoisomerase I inhibitors or any related payloads such as camptothecin derivatives.,False,The claims do not describe any bispecific or multispecific antibody constructs.,False,"There is no indication in the claims of targeting ROR1, B7-H3, or using a topoisomerase I inhibitor payload. Therefore, this patent does not pose a competitive risk to the ADC program targeting these elements.",107-236-171-765-544,
False,none,"The claims do not mention ROR1, orphan receptor tyrosine kinases, or any related signaling pathways or expression profiles.",False,none,"The claims do not mention B7-H3, CD276, or any related B7 family member descriptions that would suggest targeting B7-H3.",False,none,"The claims do not mention topoisomerase I inhibitors, camptothecin derivatives, or any related structural or functional descriptions.",False,The claims do not describe any bispecific or multispecific antibody constructs.,False,"None of the claims relate to ROR1, B7-H3, or topoisomerase I inhibitors, and there are no bispecific constructs described. Therefore, this patent does not pose a competitive risk to the ADC program targeting these elements.",116-693-353-657-202,
False,none,"The claims do not mention ROR1, orphan receptor tyrosine kinases, or any related signaling pathways. The focus is on an adjuvant composition involving a galactose polymer.",False,none,"There is no mention of B7-H3, CD276, or any related B7 family members in the claims. The patent is centered on an adjuvant composition, not specific immune checkpoint targets.",False,none,The claims do not reference topoisomerase I inhibitors or any related payloads. The invention is focused on an adjuvant composition with a galactose polymer.,False,The claims do not describe any bispecific or multispecific antibodies. The patent is focused on an adjuvant composition.,False,"None of the criteria for ROR1, B7-H3, or topoisomerase I inhibitor payloads are met. The patent does not pose a competitive risk to the ADC program targeting these elements.",137-233-228-044-399,
False,none,"The claims do not mention ROR1 or any characteristics specific to ROR1, such as involvement in Wnt5a signaling or expression in CLL or mantle cell lymphoma.",False,none,"The claims do not mention B7-H3, CD276, or any characteristics specific to B7-H3, such as being a 4Ig B7 family member or overexpression in specific solid tumors.",False,none,The claims do not mention any topoisomerase I inhibitors or related payloads such as camptothecin derivatives or specific inhibitors like SN-38 or irinotecan.,False,"The claims do not describe any bispecific or multispecific antibodies, nor do they involve ROR1 or B7-H3.",False,"None of the claims relate to ROR1, B7-H3, or topoisomerase I inhibitors, and there are no bispecific constructs involving these targets. Therefore, this patent does not pose a competitive risk to the ADC program targeting these elements.",129-183-254-246-813,
False,none,"The claims do not mention ROR1, orphan receptor tyrosine kinases, or any specific characteristics associated with ROR1 targeting.",False,none,"The claims do not mention B7-H3, CD276, or any specific characteristics associated with B7-H3 targeting.",False,none,"The claims do not mention topoisomerase I inhibitors, camptothecin derivatives, or any structural descriptions related to topoisomerase I inhibition.",False,The claims do not describe any bispecific or multispecific antibody constructs.,False,"The patent does not claim any specific targeting of ROR1, B7-H3, or the use of topoisomerase I inhibitor payloads. Therefore, it does not pose a competitive risk to the ADC program targeting these elements.",161-571-796-771-238,
False,none,"The claims do not mention ROR1 or any characteristics specific to ROR1, such as Wnt5a signaling or expression in CLL. The focus is on chlorotoxin-based CARs.",False,none,"While B7-H3 is mentioned in the context of costimulatory domains, the claims do not focus on targeting B7-H3 as an antigen. The primary focus is on chlorotoxin-based CARs.",False,none,The claims do not mention topoisomerase I inhibitors or related payloads. The focus is on CAR-T cells with chlorotoxin domains and survival factors.,False,The claims do not describe bispecific or multispecific antibodies. The focus is on single-target CAR-T cells.,False,"The patent does not pose a competitive risk to ADC programs targeting ROR1, B7-H3, or using topoisomerase I inhibitor payloads, as none of these elements are claimed.",160-794-806-777-804,
False,none,"The claims focus on antibodies targeting CAPRIN-1, with no mention of ROR1 or related receptor tyrosine kinases.",False,none,The claims are specific to CAPRIN-1 targeting antibodies and do not mention B7-H3 or related B7 family members.,True,high,"The claims explicitly include a topoisomerase I inhibitor as part of the medicament, with specific examples like topotecan and irinotecan.",False,There are no claims describing bispecific or multispecific antibodies targeting ROR1 or B7-H3.,True,"The patent poses a competitive risk due to the high confidence in the inclusion of a topoisomerase I inhibitor payload, which is relevant to the ADC program.",014-452-580-965-672,
False,none,"The claims do not mention ROR1 or any characteristics specifically associated with ROR1 targeting, such as Wnt5a signaling or expression in CLL.",False,none,"There is no mention of B7-H3, CD276, or any specific characteristics of B7-H3 targeting in the claims.",False,none,The claims do not specify any topoisomerase I inhibitors or related compounds such as camptothecin derivatives.,False,The claims do not describe any bispecific or multispecific antibodies targeting ROR1 or B7-H3.,False,"None of the criteria for ROR1, B7-H3, or topoisomerase I inhibitor payloads are met with medium or high confidence, and there are no bispecific constructs targeting these antigens.",013-540-915-819-567,
False,none,"The claims do not mention ROR1, orphan receptor tyrosine kinases, or any related signaling pathways or expression profiles.",False,none,"The claims do not mention B7-H3, CD276, or any related B7 family member descriptions.",False,none,The claims do not mention topoisomerase I inhibitors or any related compounds or mechanisms.,False,The claims do not describe any bispecific or multispecific antibody constructs.,False,"The patent claims focus on a combination of Clostridium ghonii and tumor angiogenesis inhibitors, with no mention of ROR1, B7-H3, or topoisomerase I inhibitors, thus posing no competitive risk to the ADC program targeting these elements.",030-041-136-437-412,
False,none,"The claims do not mention ROR1 or any characteristics specific to ROR1 targeting, such as Wnt5a signaling or expression in CLL.",False,none,"There is no mention of B7-H3, CD276, or any related characteristics in the claims.",False,none,The claims do not reference any topoisomerase I inhibitors or related payloads such as camptothecin derivatives.,False,The claims do not describe any bispecific or multispecific antibody constructs.,False,"None of the criteria for ROR1, B7-H3, or topoisomerase I inhibitor payloads are met in the claims, indicating no competitive risk to the ADC program.",032-992-008-670-03X,
False,none,"The claims do not mention ROR1 or any specific characteristics associated with ROR1 targeting, such as orphan receptor tyrosine kinase involvement or expression patterns.",False,none,"The claims do not mention B7-H3, CD276, or any specific characteristics associated with B7-H3 targeting, such as being a 4Ig B7 family member or overexpression in specific cancers.",False,none,The claims do not specify any topoisomerase I inhibitors or related compounds such as camptothecin derivatives. The focus is on a cancer cell inactivating agent without specifying the type.,False,There are no claims describing bispecific or multispecific antibodies targeting ROR1 or B7-H3.,False,"None of the claims specifically target ROR1, B7-H3, or involve a topoisomerase I inhibitor payload. Therefore, the patent does not pose a competitive risk to the ADC program targeting these elements.",063-165-374-253-629,
False,none,The claims focus on an antibody specific for CD38 and do not mention ROR1 or any characteristics associated with ROR1 targeting.,False,none,"There is no mention of B7-H3, CD276, or any related characteristics in the claims. The focus is solely on CD38.",False,none,The claims do not mention any topoisomerase I inhibitors or related payloads. The focus is on a combination of an anti-CD38 antibody and melphalan.,False,The claims do not describe any bispecific or multispecific antibodies. They focus on a single specificity for CD38.,False,"The patent claims do not cover ROR1, B7-H3, or a topoisomerase I inhibitor payload, and there is no bispecific construct involving these targets. Therefore, it does not pose a competitive risk to the ADC program targeting these elements.",120-554-722-523-539,
False,none,The claims are specific to an anti-Globo H antibody and do not mention ROR1 or any related characteristics.,False,none,The claims focus on Globo H targeting and do not reference B7-H3 or any related features.,False,none,"The claims specify cytotoxic agents such as maytansinoids and auristatins, but do not mention topoisomerase I inhibitors or related compounds.",False,The claims do not describe any bispecific or multispecific antibody constructs.,False,"The patent claims are specific to Globo H targeting ADCs and do not overlap with ROR1, B7-H3, or topoisomerase I inhibitor payloads, indicating no competitive risk to the specified ADC program.",155-658-727-759-23X,
True,high,"The claims explicitly describe an antibody conjugate that specifically binds to receptor tyrosine kinase orphan receptor 1 (ROR1), with detailed sequence information provided for the antibody's variable regions.",False,none,"There is no mention of B7-H3 or CD276 in the claims, nor any description that matches the characteristics of B7-H3 targeting.",True,high,"The claims include payload moieties such as camptothecans and SN-38, which are known topoisomerase I inhibitors, explicitly supporting the use of a topoisomerase I inhibitor payload.",False,The claims do not describe a bispecific or multispecific antibody construct.,True,"The patent poses a competitive risk due to high confidence in both ROR1 targeting and the use of a topoisomerase I inhibitor payload, which are directly relevant to the ADC program in question.",144-153-487-602-096,
False,none,The claims do not mention ROR1 or any related orphan receptor tyrosine kinase characteristics. The focus is on SHP2 and PD-1 inhibitors.,False,none,"There is no mention of B7-H3, CD276, or any related B7 family member characteristics in the claims. The claims are centered on SHP2 and PD-1 inhibitors.",False,none,The claims do not reference topoisomerase I inhibitors or any related payloads. The focus is on SHP2 and PD-1 inhibitor combinations.,False,The claims do not describe any bispecific or multispecific antibody constructs. The focus is on combination therapies involving SHP2 and PD-1 inhibitors.,False,"The patent claims do not cover ROR1, B7-H3, or topoisomerase I inhibitor payloads, nor do they describe bispecific constructs involving these targets. Therefore, it does not pose a competitive risk to the ADC program targeting these elements.",178-082-514-251-892,
False,none,"The claims do not mention ROR1 or any characteristics associated with ROR1 targeting, such as Wnt5a signaling or expression in specific lymphomas.",False,none,"There is no mention of B7-H3, CD276, or any related characteristics in the claims. The focus is on KAAG1, which is unrelated to B7-H3.",False,none,"The claims focus on pyrrolobenzodiazepine (PBD) payloads, which are not related to topoisomerase I inhibitors. There is no mention of camptothecin derivatives or topoisomerase I inhibition.",False,The claims do not describe any bispecific or multispecific antibody constructs.,False,"The patent does not pose a competitive risk to ADC programs targeting ROR1, B7-H3, or using a topoisomerase I inhibitor payload, as none of these elements are claimed or implied.",188-752-933-105-681,
False,none,"The claims do not mention ROR1 or any characteristics specific to ROR1 targeting, such as involvement in Wnt5a signaling or expression in CLL.",False,none,"The claims do not mention B7-H3, CD276, or any specific characteristics of B7-H3 targeting, such as being a 4Ig B7 family member.",False,none,The claims do not mention topoisomerase I inhibitors or any specific compounds or mechanisms related to topoisomerase I inhibition.,False,The claims do not describe any bispecific or multispecific antibody constructs.,False,"There is no indication in the claims of targeting ROR1, B7-H3, or using a topoisomerase I inhibitor payload. Therefore, the patent does not pose a competitive risk to the ADC program targeting these elements.",138-312-978-931-861,
False,none,The claims do not mention ROR1 or any characteristics specifically associated with ROR1 targeting.,True,high,"The claims explicitly specify that the antibody-drug conjugate targets B7-H3, with detailed sequence information supporting B7-H3 binding.",True,high,"The claims explicitly list DNA topoisomerase I inhibitors, including irinotecan, camptothecin, and SN-38, as potential payloads for the ADC.",False,The claims do not describe a bispecific or multispecific antibody construct.,True,The patent poses a competitive risk due to high confidence in both B7-H3 targeting and the use of a topoisomerase I inhibitor payload.,028-968-946-498-745,
False,none,"The claims do not mention ROR1 or any characteristics specific to ROR1 targeting, such as involvement in Wnt5a signaling or expression in CLL.",False,none,"There is no mention of B7-H3, CD276, or any related characteristics in the claims.",False,none,The claims do not specify a topoisomerase I inhibitor or any related compounds such as camptothecin derivatives.,False,The claims do not describe any bispecific or multispecific antibody constructs.,False,"None of the criteria for ROR1, B7-H3, or topoisomerase I inhibitor payloads are met, and there are no bispecific constructs described. Therefore, this patent does not pose a competitive risk to the ADC program targeting these elements.",019-482-598-762-40X,
False,none,"The claims do not mention ROR1 or any characteristics specific to ROR1 targeting, such as involvement in Wnt5a signaling or expression in CLL.",False,none,"The claims do not mention B7-H3, CD276, or any specific characteristics of B7-H3 targeting. The focus is on STAT inhibitors and immune checkpoint inhibitors.",False,none,There is no mention of topoisomerase I inhibitors or related payloads in the claims. The claims focus on STAT inhibitors and immune checkpoint inhibitors.,False,The claims do not describe any bispecific or multispecific antibody constructs.,False,"The patent does not pose a competitive risk to an ADC program targeting ROR1, B7-H3, or using a topoisomerase I inhibitor payload, as none of these elements are addressed in the claims.",062-290-360-121-058,
False,none,"The claims do not mention ROR1 or any characteristics specific to ROR1, such as Wnt5a signaling or expression in CLL. The focus is on VEGF inhibitors and RTK/Tie2 activators.",False,none,"There is no mention of B7-H3, CD276, or any related characteristics in the claims. The claims are centered around VEGF and RTK/Tie2 pathways.",False,none,The claims do not reference topoisomerase I inhibitors or any related compounds. The focus is on polynucleotides for VEGF and RTK/Tie2 modulation.,False,The claims do not describe bispecific or multispecific antibodies. They focus on polynucleotides for expressing VEGF inhibitors and RTK/Tie2 activators.,False,"None of the claims relate to ROR1, B7-H3, or topoisomerase I inhibitors. The patent does not pose a competitive risk to an ADC program targeting these elements.",096-337-474-911-049,
False,none,The claims do not mention ROR1 or any related characteristics such as orphan receptor tyrosine kinase involvement in Wnt5a signaling or expression in specific lymphomas.,False,none,"There is no mention of B7-H3, CD276, or any related characteristics such as being a 4Ig B7 family member or overexpression in specific solid tumors.",False,none,The claims do not reference topoisomerase I inhibitors or any specific payloads like camptothecin derivatives or related mechanisms of action.,False,"While the claims mention bispecific antibodies, they do not specify ROR1 or B7-H3 as targets, which are necessary for flagging.",False,"None of the criteria for ROR1, B7-H3, or topoisomerase I inhibitors are met with medium or high confidence, and no bispecific constructs target these antigens.",138-721-100-195-226,
False,none,The claims focus on an anti-TROP2 antibody-drug conjugate and do not mention ROR1 or any characteristics associated with ROR1 targeting.,False,none,"There is no mention of B7-H3, CD276, or any related characteristics in the claims. The focus is solely on TROP2 targeting.",False,none,The claims do not specify a topoisomerase I inhibitor payload. The focus is on a combination with a PARP1 selective inhibitor and does not mention any topoisomerase I inhibitors.,False,The claims do not describe any bispecific or multispecific antibody constructs.,False,"The patent claims are specific to an anti-TROP2 ADC combined with a PARP1 inhibitor, with no mention of ROR1, B7-H3, or topoisomerase I inhibitors. Therefore, it does not pose a competitive risk to the specified ADC program.",051-619-645-838-185,
False,none,"The claims do not mention ROR1, orphan receptor tyrosine kinases, or any related signaling pathways or expression profiles.",False,none,"The claims do not mention B7-H3, CD276, or any related B7 family member characteristics.",False,none,The claims focus on a Cis-Pt therapeutic load and do not mention topoisomerase I inhibitors or related compounds.,False,There are no claims describing bispecific or multispecific antibodies.,False,"The patent claims are specific to a Cis-Pt containing implant for cervical cancer treatment and do not relate to ROR1, B7-H3, or topoisomerase I inhibitor ADCs.",053-842-838-548-55X,
False,none,"The claims do not mention ROR1 or any characteristics specific to ROR1 targeting, such as involvement in Wnt5a signaling or expression in CLL.",False,none,"The claims do not mention B7-H3, CD276, or any characteristics specific to B7-H3 targeting, such as being a 4Ig B7 family member.",False,none,The claims focus on ALK5 inhibitors and do not mention topoisomerase I inhibitors or related payloads.,False,The claims do not describe any bispecific or multispecific antibody constructs.,False,"There is no indication of ROR1, B7-H3, or topoisomerase I inhibitor involvement in the claims, thus posing no competitive risk to the ADC program targeting these elements.",109-138-967-668-137,
False,none,"The claims do not mention ROR1, NTRKR1, or any specific characteristics of ROR1 targeting. There is no indication of antibodies or therapeutic agents specifically binding to ROR1.",False,none,"The claims do not mention B7-H3, CD276, or any specific characteristics of B7-H3 targeting. There is no indication of antibodies or therapeutic agents specifically binding to B7-H3.",False,none,The claims do not specify any topoisomerase I inhibitors or related compounds such as camptothecin derivatives. The therapeutic agents listed are broad and do not include specific topoisomerase I inhibitors.,False,"The claims do not describe any bispecific or multispecific antibodies, nor do they mention ROR1 or B7-H3 targeting in a bispecific context.",False,"None of the criteria for ROR1, B7-H3, or topoisomerase I inhibitor payloads are met with medium or high confidence. Therefore, this patent does not pose a competitive risk to the ADC program targeting these elements.",000-732-746-939-844,
False,none,The claims focus on an anti-CD38 antibody for treating multiple myeloma and do not mention ROR1 or any related characteristics.,False,none,"There is no mention of B7-H3, CD276, or any related characteristics in the claims.",False,none,The claims do not mention any topoisomerase I inhibitors or related payloads. The focus is on an anti-CD38 antibody with carfilzomib and dexamethasone.,False,The claims do not describe any bispecific or multispecific antibodies.,False,"The patent claims are specific to an anti-CD38 antibody for multiple myeloma treatment and do not involve ROR1, B7-H3, or topoisomerase I inhibitors, thus posing no competitive risk to the ADC program targeting these elements.",063-438-681-377-841,
False,none,"The claims do not mention ROR1, NTRKR1, or any specific characteristics of ROR1 such as Wnt5a signaling or expression in CLL. There is no indication of antibodies targeting ROR1.",False,none,"The claims do not mention B7-H3, CD276, or any specific characteristics of B7-H3. There is no indication of antibodies targeting B7-H3.",False,none,"The claims focus on auristatin derivatives and do not mention topoisomerase I inhibitors, camptothecin derivatives, or any related structural descriptions.",False,"The claims do not describe any bispecific or multispecific antibodies, nor do they mention any constructs that would suggest such a configuration.",False,"None of the criteria for ROR1, B7-H3, or topoisomerase I inhibitors are met with medium or high confidence. The patent focuses on auristatin derivatives, which do not overlap with the specified ADC program targets.",111-115-783-089-122,
False,none,"The claims do not mention ROR1 or any characteristics specific to ROR1 targeting, such as involvement in Wnt5a signaling or expression in CLL.",False,none,"The claims do not mention B7-H3, CD276, or any characteristics specific to B7-H3 targeting, such as being a 4Ig B7 family member.",False,none,The claims do not mention topoisomerase I inhibitors or any specific payloads related to topoisomerase I inhibition.,False,The claims do not describe any bispecific or multispecific antibody constructs.,False,"There is no indication in the claims of targeting ROR1, B7-H3, or using a topoisomerase I inhibitor payload. Therefore, this patent does not pose a competitive risk to the ADC program targeting these elements.",160-424-719-813-59X,
False,none,"The claims do not mention ROR1 or any characteristics specifically associated with ROR1, such as Wnt5a signaling or expression in CLL. The focus is on EGFR and ICAM-1 ligands.",False,none,"There is no mention of B7-H3, CD276, or any related characteristics in the claims. The claims focus on EGFR and ICAM-1 targeting.",True,high,"The claims include irinotecan and topotecan, which are explicit topoisomerase I inhibitors, as potential therapeutic agents encapsulated in the liposome.",False,"The claims do not describe bispecific or multispecific antibodies. The focus is on liposomes with multiple ligands, not bispecific antibodies.",True,The presence of topoisomerase I inhibitors like irinotecan and topotecan in the claims poses a competitive risk to ADC programs using similar payloads.,145-684-024-684-792,
False,none,"The claims do not mention ROR1 or any characteristics specific to ROR1 targeting, such as involvement in Wnt5a signaling or expression in CLL.",False,none,"The claims do not mention B7-H3, CD276, or any specific characteristics of B7-H3 targeting, such as being a 4Ig B7 family member.",False,none,The claims do not mention topoisomerase I inhibitors or any specific compounds like camptothecin derivatives that would indicate a topoisomerase I inhibitor payload.,False,There are no claims describing bispecific or multispecific antibodies targeting ROR1 or B7-H3.,False,"The patent does not claim any elements related to ROR1, B7-H3, or topoisomerase I inhibitors, thus posing no competitive risk to the ADC program targeting these elements.",195-525-687-155-280,
True,high,"The claims explicitly mention ROR1 as a target for the antibody or antibody fragment, which is linked to a TLR agonist molecule.",True,high,"The claims explicitly mention CD276, which is the same as B7-H3, as a target for the antibody or antibody fragment.",False,none,There is no mention of a topoisomerase I inhibitor or related payloads such as camptothecin derivatives in the claims.,False,"While the claims mention bispecific antibodies, there is no indication that one arm specifically targets ROR1 or B7-H3.",True,"The patent poses a competitive risk due to high confidence in targeting both ROR1 and B7-H3, which are relevant to the ADC program.",034-553-205-273-285,
False,none,"The claims do not mention ROR1, orphan receptor tyrosine kinases, or any related characteristics that would suggest targeting ROR1.",False,none,"The claims do not mention B7-H3, CD276, or any related characteristics that would suggest targeting B7-H3.",False,none,The claims do not mention topoisomerase I inhibitors or any specific compounds or mechanisms related to topoisomerase I inhibition.,False,"The claims do not describe any bispecific or multispecific antibodies, nor do they mention ROR1 or B7-H3.",False,"There is no indication from the claims that the patent poses a competitive risk to an ADC program targeting ROR1, B7-H3, or using a topoisomerase I inhibitor payload.",086-574-767-534-87X,
False,none,"The claims do not mention ROR1 or any specific characteristics of ROR1, such as involvement in Wnt5a signaling or expression in CLL or mantle cell lymphoma.",False,none,"The claims do not mention B7-H3, CD276, or any specific characteristics of B7-H3, such as being a 4Ig B7 family member or overexpression in specific solid tumors.",True,high,"The claims explicitly mention camptothecin as the drug unit, which is a known topoisomerase I inhibitor.",False,The claims do not describe any bispecific or multispecific antibody constructs.,True,"The patent poses a competitive risk due to the high confidence in the use of a topoisomerase I inhibitor payload, specifically camptothecin.",083-402-481-190-258,
False,none,"The claims do not mention ROR1 or any characteristics specific to ROR1 targeting, such as Wnt5a signaling or expression in CLL.",False,none,"The claims do not mention B7-H3, CD276, or any specific characteristics of B7-H3 targeting.",False,none,The claims do not specify a topoisomerase I inhibitor or any related compounds such as camptothecin derivatives.,False,The claims do not describe any bispecific or multispecific antibody constructs.,False,"None of the criteria for ROR1, B7-H3, or topoisomerase I inhibitor payloads are met with medium or high confidence, and there are no bispecific constructs described.",151-517-552-547-993,
False,none,"The claims do not mention ROR1 or any characteristics specifically associated with ROR1 targeting, such as Wnt5a signaling or expression in specific lymphomas.",False,none,"The claims do not mention B7-H3, CD276, or any specific characteristics of B7-H3, such as its expression profile or exclusion of other B7 family members.",False,none,"The claims do not mention topoisomerase I inhibitors or any specific payloads related to topoisomerase I inhibition, such as camptothecin derivatives.",False,The claims do not describe any bispecific or multispecific antibody constructs.,False,"None of the claims relate to ROR1, B7-H3, or topoisomerase I inhibitors, and there are no bispecific constructs described. Therefore, there is no competitive risk to the ADC program targeting these elements.",165-973-685-652-620,
False,none,"The claims do not mention ROR1 or any characteristics specific to ROR1, such as involvement in Wnt5a signaling or expression in CLL.",False,none,"The claims do not mention B7-H3, CD276, or any specific characteristics of B7-H3, such as being a 4Ig B7 family member.",False,none,"The claims do not mention any topoisomerase I inhibitors or related payloads, nor do they describe any camptothecin derivatives or similar structures.",False,The claims do not describe any bispecific or multispecific antibodies targeting ROR1 or B7-H3.,False,"None of the claims relate to ROR1, B7-H3, or topoisomerase I inhibitors, and there are no bispecific constructs involving these targets. Therefore, this patent does not pose a competitive risk to the ADC program.",195-602-057-451-620,
False,none,"The claims focus on a polypeptide specifically binding to CD123 protein, with no mention of ROR1 or related receptor tyrosine kinases.",False,none,"There is no mention of B7-H3, CD276, or any related B7 family members in the claims.",True,medium,"The claims include a co-delivery system with chemotherapy drugs, specifically mentioning camptothecin, which is a known topoisomerase I inhibitor.",False,The claims do not describe any bispecific or multispecific antibody constructs.,True,"The patent poses a competitive risk due to the inclusion of a topoisomerase I inhibitor (camptothecin) in the claimed co-delivery system, which aligns with the ADC program's payload focus.",068-588-064-858-40X,
False,none,The claims do not mention ROR1 or any characteristics specifically associated with ROR1 targeting.,False,none,"The claims do not mention B7-H3, CD276, or any characteristics specifically associated with B7-H3 targeting.",False,none,The claims do not specify a topoisomerase I inhibitor or any related compounds such as camptothecin derivatives.,False,The claims do not describe any bispecific or multispecific antibody constructs.,False,"There is no indication of ROR1, B7-H3, or topoisomerase I inhibitor involvement in the claims, thus posing no competitive risk to the ADC program targeting these elements.",043-648-642-297-670,
False,none,The claims do not mention ROR1 or any characteristics specifically associated with ROR1 targeting.,True,high,"Claim 7 explicitly lists B7-H3 as a target for the antibody-drug conjugate, providing high confidence in B7-H3 targeting.",False,none,"The claims focus on taxoid compounds like paclitaxel, with no mention of topoisomerase I inhibitors or related structures.",False,"While bispecific antibodies are mentioned, there is no indication that one arm targets ROR1 or B7-H3 specifically.",True,The high confidence in B7-H3 targeting indicates a competitive risk to ADC programs targeting B7-H3.,182-980-212-497-896,
False,none,"The claims do not mention ROR1 or any characteristics specific to ROR1 targeting, such as involvement in Wnt5a signaling or expression in CLL or mantle cell lymphoma.",True,high,"Claim 9 explicitly lists B7H3 as a target for the immune checkpoint inhibitor, which directly supports B7-H3 targeting.",False,none,There is no mention of topoisomerase I inhibitors or related payloads in the claims.,False,The claims do not describe any bispecific or multispecific antibody constructs.,True,The high confidence in B7-H3 targeting due to explicit mention in the claims indicates a competitive risk to a B7-H3 ADC program.,104-678-009-847-508,
False,none,"The claims do not mention ROR1 or any characteristics specifically associated with ROR1 targeting, such as involvement in Wnt5a signaling or expression in CLL.",False,none,"The claims do not mention B7-H3, CD276, or any specific characteristics of B7-H3 targeting, such as being a 4Ig B7 family member.",False,none,The claims focus on a STING agonist payload and do not mention topoisomerase I inhibitors or related compounds like camptothecin derivatives.,False,The claims do not describe bispecific or multispecific antibodies targeting ROR1 or B7-H3.,False,"None of the criteria for ROR1, B7-H3, or topoisomerase I inhibitor payloads are met with medium or high confidence, and there is no bispecific construct involving these targets.",064-226-094-481-451,
False,none,"The claims do not mention ROR1, orphan receptor tyrosine kinases, or any related signaling pathways. There is no indication of targeting ROR1 in the claims.",False,none,"The claims do not mention B7-H3, CD276, or any related B7 family member descriptions. There is no indication of targeting B7-H3 in the claims.",False,none,"The claims do not mention topoisomerase I inhibitors or any specific compounds like camptothecin derivatives. The focus is on dolastatin-based compounds, which are not related to topoisomerase I inhibition.",False,There are no claims describing bispecific or multispecific antibodies targeting ROR1 or B7-H3.,False,"The patent does not pose a competitive risk to an ADC program targeting ROR1, B7-H3, or using a topoisomerase I inhibitor payload, as none of these elements are claimed or suggested.",119-675-245-616-809,
False,none,"The claims do not mention ROR1 or any characteristics specific to ROR1, such as involvement in Wnt5a signaling or expression in CLL or mantle cell lymphoma.",False,none,"The claims do not mention B7-H3, CD276, or any specific characteristics of B7-H3, such as being a 4Ig B7 family member or overexpression in specific cancers.",False,none,The claims do not mention topoisomerase I inhibitors or any specific payloads related to topoisomerase I inhibition.,False,The claims do not describe any bispecific or multispecific antibody constructs.,False,"There is no indication in the claims of targeting ROR1, B7-H3, or using a topoisomerase I inhibitor payload, nor are there bispecific constructs involving these targets. Therefore, the patent does not pose a competitive risk to the ADC program targeting these elements.",160-522-169-701-532,
False,none,The claims focus on an antibody specific for CD19 and do not mention ROR1 or any characteristics associated with ROR1 targeting.,False,none,"There is no mention of B7-H3, CD276, or any related characteristics in the claims. The focus is solely on CD19 targeting.",False,none,"The claims do not mention any topoisomerase I inhibitors or related payloads. The combination involves an anti-CD19 antibody and bendamustine, a nitrogen mustard.",False,"The claims describe a combination therapy involving a CD19-specific antibody and bendamustine, with no mention of bispecific or multispecific constructs.",False,"The patent claims are specific to a CD19-targeting antibody and bendamustine combination, with no relevance to ROR1, B7-H3, or topoisomerase I inhibitor payloads. Therefore, it does not pose a competitive risk to the ADC program targeting these elements.",078-010-246-823-867,
False,none,The claims do not mention ROR1 or any related characteristics such as orphan receptor tyrosine kinase involvement in Wnt5a signaling or expression in specific cancers.,False,none,"There is no mention of B7-H3, CD276, or any related characteristics in the claims. The focus is on PD-1 signaling inhibitors and oxidative phosphorylation in T cells.",False,none,The claims do not reference topoisomerase I inhibitors or any related compounds such as camptothecin derivatives.,False,The claims do not describe any bispecific or multispecific antibodies targeting ROR1 or B7-H3.,False,"None of the criteria for ROR1, B7-H3, or topoisomerase I inhibitor payloads are met with medium or high confidence. The patent focuses on PD-1 signaling and oxidative phosphorylation, posing no competitive risk to the ADC program.",157-938-663-287-091,
False,none,"The claims do not mention ROR1 or any characteristics specific to ROR1 targeting, such as Wnt5a signaling or expression in CLL.",False,none,"The claims do not mention B7-H3, CD276, or any specific characteristics of B7-H3 targeting.",False,none,The claims do not mention topoisomerase I inhibitors or any related compounds such as camptothecin derivatives.,False,There are no claims describing bispecific or multispecific antibodies targeting ROR1 or B7-H3.,False,"The patent does not claim any elements related to ROR1, B7-H3, or topoisomerase I inhibitors, thus posing no competitive risk to the ADC program targeting these elements.",186-874-186-667-041,
False,none,"The claims do not mention ROR1, orphan receptor tyrosine kinases, or any related signaling pathways or expression profiles.",False,none,"The claims do not mention B7-H3, CD276, or any related B7 family member descriptions.",False,none,The claims do not mention topoisomerase I inhibitors or any related payloads.,False,The claims do not describe any bispecific or multispecific antibody constructs.,False,"There is no indication in the claims of targeting ROR1, B7-H3, or using a topoisomerase I inhibitor payload. The patent focuses on NK cell fractions and their use, which does not overlap with the ADC program targeting these specific antigens or payloads.",005-382-031-934-286,
False,none,"The claims do not mention ROR1 or any characteristics specific to ROR1, such as involvement in Wnt5a signaling or expression in CLL.",False,none,"There is no mention of B7-H3, CD276, or any specific characteristics of B7-H3 in the claims.",False,none,The claims do not specify any topoisomerase I inhibitors or related payloads. The focus is on fusion proteins and not on specific cytotoxic payloads.,False,The claims do not describe a bispecific or multispecific antibody construct targeting ROR1 or B7-H3.,False,"None of the criteria for ROR1, B7-H3, or topoisomerase I inhibitor payloads are met with medium or high confidence. The patent does not pose a competitive risk to the ADC program targeting these elements.",050-796-714-419-680,
False,none,The claims specifically target CD19 and do not mention ROR1 or any characteristics associated with ROR1 targeting.,False,none,The claims focus on CD19 targeting and do not mention B7-H3 or any related characteristics.,False,none,"The claims describe pyrrolobenzodiazepine (PBD) dimers as the payload, which are not related to topoisomerase I inhibitors.",False,The claims do not describe any bispecific or multispecific antibody constructs.,False,"The patent claims are specific to CD19 targeting with PBD dimers, which do not overlap with ROR1, B7-H3, or topoisomerase I inhibitor payloads.",017-401-270-741-496,
False,none,"The claims do not mention ROR1, NTRKR1, or any specific characteristics of ROR1 such as Wnt5a signaling or expression in specific cancers. There is no indication of targeting ROR1 in the claims.",False,none,"The claims do not mention B7-H3, CD276, or any specific characteristics of B7-H3 such as its expression profile or exclusion of other B7 family members. There is no indication of targeting B7-H3 in the claims.",False,none,"The claims do not mention topoisomerase I inhibitors, camptothecin derivatives, or any related structural or functional descriptions. There is no indication of a topoisomerase I inhibitor payload in the claims.",False,"The claims do not describe any bispecific or multispecific antibody constructs, nor do they mention any specific targeting of ROR1 or B7-H3.",False,"None of the criteria for ROR1, B7-H3, or topoisomerase I inhibitor payloads are met with medium or high confidence. The claims focus on platelet compositions and do not pose a competitive risk to the ADC program targeting ROR1, B7-H3, or using a topoisomerase I inhibitor payload.",029-151-897-099-691,
False,none,"The claims do not mention ROR1 or any characteristics specific to ROR1 targeting, such as Wnt5a signaling or expression in CLL.",False,none,"The claims do not mention B7-H3, CD276, or any specific characteristics of B7-H3 targeting.",False,none,The claims do not mention topoisomerase I inhibitors or any related compounds such as camptothecin derivatives.,False,The claims do not describe any bispecific or multispecific antibodies targeting ROR1 or B7-H3.,False,"None of the claims relate to ROR1, B7-H3, or topoisomerase I inhibitors, and there are no bispecific constructs targeting these antigens. Therefore, this patent does not pose a competitive risk to the ADC program.",061-352-414-000-986,
False,none,"The claims do not mention ROR1 or any characteristics specific to ROR1 targeting, such as involvement in Wnt5a signaling or expression in CLL.",False,none,"The claims do not mention B7-H3, CD276, or any specific characteristics of B7-H3 targeting, such as being a 4Ig B7 family member.",False,none,The claims do not mention any topoisomerase I inhibitors or related payloads such as camptothecin derivatives.,False,There are no claims describing bispecific or multispecific antibodies targeting ROR1 or B7-H3.,False,"The patent does not claim any elements related to ROR1, B7-H3, or topoisomerase I inhibitors, thus posing no competitive risk to the ADC program targeting these elements.",076-457-447-682-851,
False,none,The claims do not mention ROR1 or any related characteristics such as orphan receptor tyrosine kinase involvement in Wnt5a signaling or expression in specific lymphomas.,False,none,"The claims do not mention B7-H3, CD276, or any related characteristics such as being a 4Ig B7 family member or overexpression in specific cancers.",False,none,The claims do not mention topoisomerase I inhibitors or any related compounds such as camptothecin derivatives.,False,The claims do not describe any bispecific or multispecific antibodies targeting ROR1 or B7-H3.,False,"None of the claims relate to ROR1, B7-H3, or topoisomerase I inhibitors, and there are no bispecific constructs involving these targets. Therefore, this patent does not pose a competitive risk to the ADC program.",138-663-297-672-432,
False,none,"The claims do not mention ROR1 or any characteristics associated with ROR1 targeting, such as orphan receptor tyrosine kinase features or specific expression patterns.",False,none,"There is no mention of B7-H3, CD276, or any related characteristics in the claims. The focus is on tumor antigen peptides from specific genes unrelated to B7-H3.",False,none,The claims do not reference topoisomerase I inhibitors or any related payloads. The focus is on tumor antigen peptides and related compositions.,False,"While there is a mention of a bispecific antibody, it is not related to ROR1 or B7-H3 targeting. The bispecific antibody is described in the context of recognizing a lymphocyte surface antigen and a complex of an HLA and the antigen peptide.",False,"None of the claims relate to ROR1, B7-H3, or topoisomerase I inhibitors with medium or high confidence. The patent focuses on tumor antigen peptides from specific genes, which do not overlap with the ADC program's targets.",157-004-471-423-299,
False,none,The claims do not mention ROR1 or any characteristics specifically associated with ROR1 targeting.,True,high,"The claims explicitly mention an anti-B7-H3 antibody, specifically P2E5, which directly targets B7-H3.",True,high,"The claims specify a topoisomerase I inhibitor payload, including camptothecin and its derivatives, which are well-known topoisomerase I inhibitors.",False,The claims do not describe a bispecific or multispecific antibody construct.,True,The patent poses a competitive risk due to high confidence in both B7-H3 targeting and the use of a topoisomerase I inhibitor payload.,173-927-298-272-815,
False,none,"The claims do not mention ROR1 or any characteristics specific to ROR1 targeting, such as Wnt5a signaling or expression in CLL.",False,none,"The claims do not mention B7-H3 or CD276, nor do they describe characteristics specific to B7-H3 targeting.",False,none,The claims do not mention topoisomerase I inhibitors or any specific payloads related to topoisomerase I inhibition.,False,There are no claims describing bispecific or multispecific antibodies targeting ROR1 or B7-H3.,False,"The patent does not claim any compositions or methods that specifically target ROR1, B7-H3, or utilize a topoisomerase I inhibitor payload. Therefore, it does not pose a competitive risk to the ADC program targeting these elements.",192-726-145-178-72X,
False,none,"The claims do not mention ROR1 or any characteristics specific to ROR1 targeting, such as involvement in Wnt5a signaling or expression in CLL.",False,none,"The claims do not mention B7-H3, CD276, or any characteristics specific to B7-H3 targeting, such as being a 4Ig B7 family member overexpressed in certain cancers.",False,none,The claims do not mention topoisomerase I inhibitors or any related compounds like camptothecin derivatives.,False,"While the claims mention a bispecific HER2 inhibitor, there is no indication that one arm targets ROR1 or B7-H3.",False,"The patent does not pose a competitive risk to an ADC program targeting ROR1, B7-H3, or using a topoisomerase I inhibitor payload, as none of these elements are claimed.",112-223-470-462-621,
False,none,"The claims do not mention ROR1, NTRKR1, or any related receptor tyrosine kinase characteristics. The focus is on neoantigen-encoding adenoviral vectors, unrelated to ROR1 targeting.",False,none,"There is no mention of B7-H3, CD276, or any related B7 family member characteristics in the claims. The patent is centered on neoantigen delivery via viral vectors.",False,none,The claims do not reference topoisomerase I inhibitors or any related payloads. The patent is focused on adenoviral vectors for neoantigen delivery.,False,The claims do not describe any bispecific or multispecific antibody constructs. The patent is focused on adenoviral vectors for neoantigen delivery.,False,"None of the criteria for ROR1, B7-H3, or topoisomerase I inhibitor payloads are met. The patent does not pose a competitive risk to the ADC program targeting these elements.",112-235-532-904-711,
False,none,"The claims do not mention ROR1, orphan receptor tyrosine kinases, or any specific characteristics associated with ROR1 targeting.",False,none,"The claims do not mention B7-H3, CD276, or any specific characteristics associated with B7-H3 targeting.",False,none,"The claims do not mention topoisomerase I inhibitors, camptothecin derivatives, or any structural features indicative of a topoisomerase I inhibitor payload.",False,The claims do not describe any bispecific or multispecific antibody constructs.,False,"None of the criteria for ROR1, B7-H3, or topoisomerase I inhibitor payloads are met with medium or high confidence, and there are no bispecific constructs described. Therefore, the patent does not pose a competitive risk to the ADC program targeting these elements.",040-122-149-214-59X,
False,none,"The claims focus exclusively on antibodies targeting claudin 18A2, with no mention or implication of ROR1 or related receptor tyrosine kinases.",False,none,"There is no mention of B7-H3, CD276, or any related B7 family members in the claims, which are specific to claudin 18A2.",False,none,The claims do not mention any topoisomerase I inhibitors or related payloads. The focus is solely on antibodies targeting claudin 18A2.,False,The claims do not describe any bispecific or multispecific antibody constructs. They are focused on single-target antibodies against claudin 18A2.,False,"The patent claims are specific to claudin 18A2 targeting antibodies and do not overlap with ROR1, B7-H3, or topoisomerase I inhibitor payloads. Therefore, it poses no competitive risk to the ADC program targeting these specific antigens or payloads.",050-728-509-862-70X,
False,none,"The claims focus on antibodies specifically binding to TIGIT, with no mention of ROR1 or related receptor characteristics.",False,none,"There is no mention of B7-H3, CD276, or related characteristics in the claims, which are specific to TIGIT binding antibodies.",False,none,The claims do not mention any topoisomerase I inhibitors or related payloads; they focus on TIGIT antibodies.,False,"While claim 30 mentions multispecific antibodies, there is no indication that one arm targets ROR1 or B7-H3.",False,"The patent claims are specific to TIGIT antibodies and do not cover ROR1, B7-H3, or topoisomerase I inhibitor payloads, posing no competitive risk to the ADC program.",073-759-822-275-946,
False,none,The claims do not mention ROR1 or any related characteristics such as orphan receptor tyrosine kinase involvement in Wnt5a signaling or expression in specific cancers.,False,none,"There is no mention of B7-H3, CD276, or any related characteristics in the claims.",True,high,"Claim 22 explicitly lists topotecan, a known topoisomerase I inhibitor, as a small molecular API in the formulation.",False,The claims do not describe any bispecific or multispecific antibody constructs.,True,The presence of a topoisomerase I inhibitor payload in the claims poses a competitive risk to ADC programs using similar payloads.,067-423-162-424-080,
False,none,"The claims do not mention ROR1 or any characteristics specific to ROR1 targeting, such as involvement in Wnt5a signaling or expression in specific cancers.",False,none,"The claims do not mention B7-H3, CD276, or any characteristics specific to B7-H3 targeting, such as overexpression in certain solid tumors.",False,none,The claims focus on an mRNA-mannose conjugate and do not mention topoisomerase I inhibitors or any related payloads.,False,The claims do not describe any bispecific or multispecific antibody constructs.,False,"There is no indication in the claims of targeting ROR1, B7-H3, or using a topoisomerase I inhibitor payload. Therefore, this patent does not pose a competitive risk to the ADC program targeting these elements.",156-153-957-148-12X,
False,none,"The claims do not mention ROR1 or any characteristics specifically associated with ROR1 targeting, such as involvement in Wnt5a signaling or expression in specific cancers.",False,none,"The claims do not mention B7-H3, CD276, or any specific characteristics of B7-H3, such as its expression profile or exclusion of other B7 family members.",False,none,"The claims do not mention topoisomerase I inhibitors or any specific payloads related to topoisomerase I inhibition, such as camptothecin derivatives.",False,The claims do not describe any bispecific or multispecific antibody constructs targeting ROR1 or B7-H3.,False,"None of the claims relate to ROR1, B7-H3, or topoisomerase I inhibitors, and there are no bispecific constructs targeting these antigens. Therefore, the patent does not pose a competitive risk to the ADC program targeting these elements.",060-903-973-741-862,
False,none,"The claims focus exclusively on antibodies that specifically bind to human CD96, with no mention or implication of ROR1 or related receptor tyrosine kinases.",False,none,"There is no mention of B7-H3, CD276, or any related B7 family members in the claims. The focus is solely on CD96.",False,none,"The claims do not mention any payloads, including topoisomerase I inhibitors or related compounds. They are limited to antibodies targeting CD96.",False,The claims do not describe any bispecific or multispecific antibody constructs. They are focused on monospecific antibodies targeting CD96.,False,"The patent claims are specific to antibodies targeting CD96 and do not overlap with ROR1, B7-H3, or topoisomerase I inhibitor payloads. Therefore, it poses no competitive risk to the ADC program targeting these elements.",170-682-824-984-299,
False,none,"The claims do not mention ROR1 or any characteristics specific to ROR1, such as involvement in Wnt5a signaling or expression in CLL.",False,none,"The claims do not mention B7-H3, CD276, or any specific characteristics of B7-H3, such as its expression profile or family member distinctions.",False,none,"The claims do not mention any topoisomerase I inhibitors or related payloads, nor do they describe any camptothecin derivatives or similar structures.",False,"The claims describe multi-specific binding proteins targeting NKG2D, CD16, and EGFR, but none of these targets are ROR1 or B7-H3.",False,"There is no competitive risk to an ADC program targeting ROR1, B7-H3, or using a topoisomerase I inhibitor payload, as none of these elements are addressed in the claims.",154-251-415-879-709,
False,none,"The claims do not mention ROR1 or any characteristics specific to ROR1 targeting, such as orphan receptor tyrosine kinase involvement in Wnt5a signaling or expression in CLL.",False,none,"There is no mention of B7-H3, CD276, or any related characteristics in the claims. The claims focus on A2aR antagonists and related compositions.",False,none,The claims do not mention topoisomerase I inhibitors or any related compounds such as camptothecin derivatives. The focus is on A2aR antagonists.,False,"The claims do not describe any bispecific or multispecific antibodies, nor do they involve ROR1 or B7-H3 targeting.",False,"None of the criteria for ROR1, B7-H3, or topoisomerase I inhibitor payloads are met in the claims. The patent focuses on A2aR antagonist prodrugs, posing no competitive risk to the ADC program targeting ROR1 or B7-H3 with a topoisomerase I inhibitor payload.",080-962-446-147-816,
False,none,"The claims do not mention ROR1 or any characteristics specific to ROR1 targeting, such as involvement in Wnt5a signaling or expression in CLL.",False,none,"The claims do not mention B7-H3, CD276, or any specific characteristics of B7-H3 targeting.",False,none,The claims do not specify any topoisomerase I inhibitors or related payloads such as camptothecin derivatives.,False,The claims do not describe any bispecific or multispecific antibodies.,False,"None of the criteria for ROR1, B7-H3, or topoisomerase I inhibitor payloads are met with medium or high confidence, and no bispecific constructs are claimed.",169-426-278-066-491,
False,none,The claims focus on an anti-PD-1 antibody with specific CDR sequences and mutations in the heavy chain constant region. There is no mention of ROR1 or related receptor tyrosine kinases.,False,none,"The claims are specific to an anti-PD-1 antibody and do not mention B7-H3, CD276, or any related B7 family members other than PD-1.",False,none,There is no mention of topoisomerase I inhibitors or related payloads in the claims. The focus is solely on the PD-1 antibody and its characteristics.,False,The claims do not describe any bispecific or multispecific antibody constructs. They are specific to a monoclonal anti-PD-1 antibody.,False,"The patent claims are specific to an anti-PD-1 antibody and do not cover ROR1, B7-H3, or topoisomerase I inhibitor payloads. Therefore, it does not pose a competitive risk to the ADC program targeting these elements.",158-903-716-578-914,
False,none,"The claims do not mention ROR1 or any characteristics associated with ROR1 targeting, such as orphan receptor tyrosine kinase involvement or specific expression patterns.",False,none,"There is no mention of B7-H3, CD276, or any related characteristics in the claims. The focus is on HDGF and VEGF/TGFβ targeting for ophthalmic conditions.",False,none,The claims do not reference any topoisomerase I inhibitors or related payloads. The invention is centered on bifunctional molecules for ocular pathologies.,False,"While the claims describe a bifunctional molecule, it does not involve ROR1 or B7-H3 targeting. The focus is on HDGF and VEGF/TGFβ for ophthalmic use.",False,"The patent does not pose a competitive risk to an ADC program targeting ROR1, B7-H3, or using a topoisomerase I inhibitor payload, as none of these elements are addressed in the claims.",027-458-044-837-908,
False,none,The claims do not mention ROR1 or any specific characteristics of ROR1 targeting. The focus is on oxadiazole linkers for ADCs without specifying any particular antigen or receptor.,False,none,"There is no mention of B7-H3, CD276, or any specific characteristics related to B7-H3 targeting in the claims. The patent is centered on linker chemistry rather than specific antigen targeting.",False,none,"The claims do not specify any payloads, including topoisomerase I inhibitors. The focus is solely on the linker technology for ADCs.",False,The claims do not describe any bispecific or multispecific antibody constructs. The patent is focused on linker compounds.,False,"The patent does not pose a competitive risk to an ADC program targeting ROR1, B7-H3, or using a topoisomerase I inhibitor payload, as it does not claim any specific antigens or payloads relevant to these targets.",111-057-970-527-172,
False,none,The claims focus exclusively on anti-PD-L1 antibodies and do not mention ROR1 or any related characteristics.,False,none,The claims are specific to PD-L1 antibodies and do not reference B7-H3 or any related B7 family members.,False,none,There is no mention of topoisomerase I inhibitors or related payloads in the claims.,False,The claims do not describe any bispecific or multispecific antibody constructs.,False,"The patent claims are specific to anti-PD-L1 antibodies and do not cover ROR1, B7-H3, or topoisomerase I inhibitor payloads, thus posing no competitive risk to the ADC program targeting these elements.",063-379-207-128-648,
False,none,"The claims focus exclusively on antibodies targeting human OX40, with no mention or implication of ROR1 or related receptor characteristics.",False,none,"The claims are specific to OX40-targeting antibodies and do not mention B7-H3, CD276, or any related characteristics.",False,none,"There is no mention of topoisomerase I inhibitors or related payloads in the claims, which are focused on OX40 antibodies.",False,The claims do not describe any bispecific or multispecific antibody constructs; they are specific to OX40-targeting antibodies.,False,"The patent claims are specific to OX40-targeting antibodies and do not overlap with ROR1, B7-H3, or topoisomerase I inhibitor payloads, posing no competitive risk to the ADC program.",037-735-008-851-142,
False,none,"The claims do not mention ROR1 or any characteristics specific to ROR1 targeting, such as involvement in Wnt5a signaling or expression in CLL.",False,none,"The claims do not mention B7-H3, CD276, or any specific characteristics of B7-H3 targeting.",True,high,"Claim 3 includes camptothecins, and claim 5 specifically mentions irinotecan, which is a known topoisomerase I inhibitor.",False,The claims do not describe any bispecific or multispecific antibody constructs.,True,"The patent poses a competitive risk due to the inclusion of irinotecan, a topoisomerase I inhibitor, in the claims, which aligns with the ADC program's payload focus.",131-210-371-716-434,
